tree
version=v4
num_class=1
num_tree_per_iteration=1
label_index=0
max_feature_idx=35
objective=regression
feature_names=Column_0 Column_1 Column_2 Column_3 Column_4 Column_5 Column_6 Column_7 Column_8 Column_9 Column_10 Column_11 Column_12 Column_13 Column_14 Column_15 Column_16 Column_17 Column_18 Column_19 Column_20 Column_21 Column_22 Column_23 Column_24 Column_25 Column_26 Column_27 Column_28 Column_29 Column_30 Column_31 Column_32 Column_33 Column_34 Column_35
feature_infos=[-6.7471523195305698:5.6209980625010143] [-6.9342697027844657:5.4875602270824642] [-6.7462785017884723:5.6193335941403086] [-6.7470520204198419:5.6211034874472245] [-6.7473818599994004:5.6210682165497659] [-6.7478121066473324:5.6206741563342524] [-6.7484154238010348:5.620102266389579] [-1.6925405206068798:9.6255724169733128] [-5.6174919822584251:6.8804051784953382] [-4.8436015087356772:3.8963709439048708] [-4.1070865713892317:3.9851246911556815] [-2.7146604173009408:4.1550502479594522] [-4.4531305814485922:3.9161743353959193] [-3.8951128502388621:3.9818442694883087] [-1.7331119357045268:6.0572412523755688] [-1.8052145118454836:5.2668755608207301] [-2.6179673935883043:3.0195761351700177] [-5.1402458139501421:3.1262249884395117] [-2.7755325282727612:12.007559077682156] [-1.7431767637062936:3.3892262486242712] [-1.8825823957403025:2.8072386529490485] [-1.2362042514045932:7.7427260760273349] [-1.4415647456812124:2.2861629675715487] [-1.0190566053429859:2.8121731110520907] [-1.7502875789021115:2.7997645182914401] [-1.9816148180289865:5.0954705947627028] [-2.0815420980239319:2.5621655768559624] [-0.16582129053879807:11.309012014746029] [-0.66222984968446841:3.7464535947664146] [-0.4901653753547342:5.117224172966365] [-3.4232788580609421:2.9375355219550365] [-2.7513364509024143:2.6650271857953758] [-9.951545841025256:6.3107090104799051] [-2.23923252394827:2.856932366330049] [-2.2550315474402445:2.9980886770780519] [-6.0887275590290457:6.6181412895064105]
tree_sizes=2144 2225 2384 2720 2390 1570 2492 2214 2598 2289 2189 2374 2028 2032 1925 1902 2103 1939 2026 2018 1936 2245 1922 2033 2208 2036 2222 2312 2038 2478 2290 2164 2394 2268 2362 1468 1495 2364 2479 2346 1402 2225 1837 1673 1753 2185 2120 2074 2143 1643 2490 2102 1962 1505 2301 1960 1341 2114 1664 1847 2117 2331 1324 1995 1708 1852 1651 1708 2459 1683 1984 1324 1657 2010 1306 1571 1722 1672 1965 1658 1552 1639 1833 1653

Tree=0
num_leaves=23
num_cat=0
split_feature=19 22 29 22 32 22 34 35 34 15 31 11 16 34 31 35 32 35 29 15 35 11
split_gain=0.405318 0.36631 0.312653 0.238322 0.199 0.193206 0.203135 0.163428 0.156963 0.12705 0.0921458 0.0636076 0.0592899 0.0532994 0.0398757 0.0359671 0.0468423 0.0418005 0.0257162 0.024063 0.0162342 0.0135661
threshold=-0.35348563205601924 0.98976000577949119 -0.46141157219251311 1.6320786762485289 -0.034949668089398651 -0.52510974144439904 -0.017539774822403563 0.13733246443250996 0.61778703394750278 -0.089982466790053076 0.071179086396122401 -1.4877581376511879 0.18854935079097879 1.2277664332403575 0.78805115497140676 0.1409662583672007 0.17140955717750053 -0.013056450791844058 -0.45002659096508368 -0.7261879819685686 0.051413981462413071 -0.18066952124803351
decision_type=2 2 2 2 2 2 2 2 2 2 2 2 2 2 2 2 2 2 2 2 2 2
left_child=4 5 -3 8 13 12 9 -5 -4 -7 -8 -6 18 14 20 17 -17 -13 -2 -14 -1 -16
right_child=1 2 3 7 11 6 10 -9 -10 -11 -12 15 19 -15 21 16 -18 -19 -20 -21 -22 -23
leaf_value=0.016719365010440523 0.019505930363531931 0.020532431890344607 0.016295919073012168 0.019016648853774101 0.019788658500173778 0.019664771117683316 0.021076885807946755 0.017197828597809797 0.01885238824939027 0.018231667360221377 0.019532865491281182 0.017586336485790006 0.017772213590848178 0.016286321396766553 0.017731563718028327 0.017465502752121439 0.018513455839758282 0.018668835557904915 0.018657663262629347 0.018483123110788743 0.017503128178151747 0.018687323279501147
leaf_weight=52 56 35 116 122 20 105 86 66 23 107 86 37 70 50 20 103 52 152 108 89 149 26
leaf_count=52 56 35 116 122 20 105 86 66 23 107 86 37 70 50 20 103 52 152 108 89 149 26
internal_value=0.0183771 0.0187379 0.0179694 0.0176688 0.0177946 0.0191356 0.0195895 0.0183771 0.0167412 0.0189356 0.0203551 0.0182761 0.0185806 0.0172215 0.0174456 0.018168 0.017832 0.0184322 0.0189804 0.0181833 0.0172643 0.0183189
internal_weight=1730 1069 362 327 661 707 384 188 139 212 172 364 323 297 247 344 155 189 164 159 201 46
internal_count=1730 1069 362 327 661 707 384 188 139 212 172 364 323 297 247 344 155 189 164 159 201 46
is_linear=0
shrinkage=1


Tree=1
num_leaves=23
num_cat=0
split_feature=19 22 29 26 32 22 33 35 15 22 11 10 22 29 29 35 32 35 22 20 35 23
split_gain=0.382717 0.345119 0.295394 0.232334 0.1881 0.181963 0.156872 0.143335 0.136133 0.0831978 0.0602886 0.0532417 0.0398558 0.0376066 0.0359039 0.0337906 0.0442626 0.039484 0.0326578 0.0275961 0.0179906 0.00488607
threshold=-0.35348563205601924 0.98976000577949119 -0.46141157219251311 0.48113402103793207 -0.034949668089398651 -0.52510974144439904 -0.096104706860214925 0.13733246443250996 -0.089982466790053076 -0.46341261553449364 -1.4877581376511879 -0.022339476130225411 -0.81732880793406226 -0.33748439596839935 -0.36195560794956777 0.1409662583672007 0.17140955717750053 -0.013056450791844058 0.39847833494326274 0.1671645660994491 0.66509479331354704 -0.072133351574884638
decision_type=2 2 2 2 2 2 2 2 2 2 2 2 2 2 2 2 2 2 2 2 2 2
left_child=4 5 -3 7 12 11 8 -4 -7 -8 -6 14 21 -5 -2 17 -17 -12 20 -13 -14 -1
right_child=1 2 3 13 10 6 9 -9 -10 -11 15 19 18 -15 -16 16 -18 -19 -20 -21 -22 -23
leaf_value=4.7110584685983861e-05 0.00093895237571744268 0.0020957914501011955 0.00046430447655560175 -0.00077339464924189923 0.0013747500369094979 0.0013363192817439204 0.0028760901824771909 -0.0011800741916424004 -0.00012435144878585231 0.0012909102402627469 -0.00076880503906868395 -0.0007280317393992588 -0.0015104041129287162 -0.0021436294159093115 0 -0.00088500856434682573 0.00013250304627105254 0.00028316762677840735 -0.0002885294345010502 7.5326014568300684e-05 -0.00036082622973033444 -0.00047276229330768375
leaf_weight=20 98 35 141 40 20 112 55 68 107 110 37 50 195 78 54 103 52 152 36 121 23 23
leaf_count=20 98 35 141 40 20 112 55 68 107 110 37 50 195 78 54 103 52 152 36 121 23 23
internal_value=0 0.00035078 -0.000395001 -0.000687319 -0.000565765 0.000736918 0.00117748 -6.5686e-05 0.000617108 0.00187908 -9.74529e-05 0.000197937 -0.00112301 -0.00173463 0.000604986 -0.000202837 -0.000528628 5.28061e-05 -0.00126729 -0.000150835 -0.00140924 -0.000178441
internal_weight=1730 1069 362 327 661 707 384 209 219 165 364 323 297 118 152 344 155 189 254 171 218 43
internal_count=1730 1069 362 327 661 707 384 209 219 165 364 323 297 118 152 344 155 189 254 171 218 43
is_linear=0
shrinkage=0.03


Tree=2
num_leaves=25
num_cat=0
split_feature=25 26 29 20 29 34 34 20 26 22 29 11 22 29 35 30 8 22 29 34 26 17 22 26
split_gain=0.633204 0.158695 0.145446 0.136073 0.177646 0.151216 0.129829 0.183122 0.0957169 0.0868711 0.086518 0.0691512 0.0809916 0.0629248 0.0536449 0.0523183 0.0554265 0.0496605 0.0547476 0.0420799 0.0415077 0.0411316 0.0354614 0.0321367
threshold=0.48368155800890517 0.6667678631214925 -0.48729486894073787 0.39673622582550128 -0.45591056603589869 -0.46108293190901128 0.047549279135842303 0.53885201517972425 0.24313619827454427 0.79816726708571872 -0.43120401529801689 -0.011526454122850823 1.7945337364515745 -0.46141157219251311 0.13298542519895371 0.017462256441595072 0.51119310438219168 -0.17066712305583637 -0.36994711064310964 0.48962898985103182 -0.069672620307503638 -0.49721763015329373 -0.34249256586294602 0.97820161620662593
decision_type=2 2 2 2 2 2 2 2 2 2 2 2 2 2 2 2 2 2 2 2 2 2 2 2
left_child=1 6 -3 5 -5 10 11 9 21 -8 -2 20 -13 -9 -12 22 -17 18 -4 -10 -1 -6 -7 -19
right_child=3 2 17 4 8 15 7 13 19 -11 14 12 -14 -15 -16 16 -18 23 -20 -21 -22 -23 -24 -25
leaf_value=0.00066707916187601867 -0.00092229885641219355 0.0010213250487502061 -0.00096397747274494505 0.0020697992310884433 0.0014377624037861822 0.0029476643835327455 -0.00018497256748348728 1.2528255073861637e-05 -0.0016447337108918211 0.0013958299646556779 0.00020864483976869712 -0.00050734931885730464 0.00099180261406805722 -0.0013752688011115729 0.001575403816948988 0.0018773836440814191 0.00015377605467801911 -0.00092878499730258371 0.0004563017165329417 0 -0.00018012721326968244 -1.2486038926558679e-07 0.0011236671919801404 -0.0018426687502171414
leaf_weight=230 25 28 71 34 22 60 194 30 41 34 60 172 36 177 54 45 33 106 31 20 59 49 25 94
leaf_count=230 25 28 71 34 22 60 194 30 41 34 60 172 36 177 54 45 33 106 31 20 59 49 25 94
internal_value=0 -0.000349335 -0.00091332 0.000939248 0.000221606 0.00131782 -0.000144142 -0.000522669 -0.000267638 5.28403e-05 0.000543086 0.000182311 -0.00022325 -0.00116255 0.000905493 0.00193865 0.00121791 -0.00111081 -0.000503048 -0.00112607 0.000483772 0.000445102 0.00250188 -0.00139397
internal_weight=1730 1262 330 468 166 302 932 435 132 228 139 497 208 207 114 163 78 302 102 61 289 71 85 200
internal_count=1730 1262 330 468 166 302 932 435 132 228 139 497 208 207 114 163 78 302 102 61 289 71 85 200
is_linear=0
shrinkage=0.03


Tree=3
num_leaves=29
num_cat=0
split_feature=25 20 29 34 32 15 19 35 16 11 32 24 31 8 24 35 24 11 20 22 29 17 15 28 22 29 23 32
split_gain=0.598238 0.12852 0.169014 0.142991 0.116126 0.111393 0.10754 0.101327 0.0979717 0.0767425 0.076456 0.0706209 0.0637944 0.0422843 0.0420141 0.0390157 0.0385328 0.0383702 0.0495976 0.0327526 0.0304018 0.0298377 0.0297337 0.024805 0.0201897 0.0167074 0.0162933 0.00982438
threshold=0.48368155800890517 0.39673622582550128 -0.42762776220666565 -0.46108293190901128 -0.072712778460433156 1.0000000180025095e-35 -0.33639121641820063 0.15633200533788033 -0.49439379633473635 -0.3971444174550029 0.17140955717750053 0.94120498678751685 0.071179086396122401 0.51119310438219168 0.29474949756876084 0.73505460673213274 -0.0906374286962668 0.7308492492894042 0.99799533463182855 -0.34249256586294602 -0.39873749621072102 -0.44170691252039279 -0.12377123365425456 -0.40032238986399277 -0.79843011492923643 -0.38376053150727202 2.2897326951800356 -0.58410555753247473
decision_type=2 2 2 2 2 2 2 2 2 2 2 2 2 2 2 2 2 2 2 2 2 2 2 2 2 2 2 2
left_child=4 3 9 5 6 20 15 8 23 -3 21 22 19 -14 -10 24 -7 18 -8 -5 -2 -9 -4 -6 -1 -12 -13 -19
right_child=1 2 11 12 7 16 17 10 14 -11 25 26 13 -15 -16 -17 -18 27 -20 -21 -22 -23 -24 -25 -26 -27 -28 -29
leaf_value=-0.00040942754753103307 3.6179111713705493e-05 0.0027232700437307359 -0.00020850201378412107 0.0028432414176995341 0.00073547057494268689 -0.0012461265440837574 0.00056777139862845989 -0.0016085686708388269 -0.00044603206088145067 0.00038918723064125516 -0.00060400687908258985 0.00099697391688823695 0.0016570446449176717 7.9092222988203336e-05 0.00019268882658922978 -0.00010658419286482967 0.00019651263553019174 0 -0.00079541887546127486 0.0010935689751058815 0.0015462523628312808 -0.00063435376809185514 -0.001604368074517697 0 -0.0014726056060428883 0.0003070076220591385 -3.4265144060001414e-05 -0.00090645658551090336
leaf_weight=30 20 24 31 66 175 26 79 58 248 33 21 21 42 30 137 33 31 20 30 25 62 98 37 45 169 65 20 54
leaf_count=30 20 24 31 66 175 26 79 58 248 33 21 21 42 30 137 33 31 20 30 25 62 98 37 45 169 65 20 54
internal_value=0 0.00091354 0.000215471 0.00128152 -0.000338957 0.00052734 -0.000749797 -0.000132195 7.14583e-05 0.00150898 -0.000648213 -0.000456469 0.00188543 0.00106903 -0.000211283 -0.00117718 -0.000440937 -0.000181608 0.00015454 0.00244472 0.00122751 -0.00103895 -0.00104597 0.000575894 -0.00133564 3.79815e-05 0.000457711 -0.000702434
internal_weight=1730 468 166 302 1262 139 415 847 605 57 242 109 163 72 385 232 57 183 109 91 82 156 68 220 199 86 41 74
internal_count=1730 468 166 302 1262 139 415 847 605 57 242 109 163 72 385 232 57 183 109 91 82 156 68 220 199 86 41 74
is_linear=0
shrinkage=0.03


Tree=4
num_leaves=25
num_cat=0
split_feature=25 26 29 20 29 34 34 20 15 26 22 11 22 29 19 22 29 22 26 34 17 24 26 29
split_gain=0.565984 0.145521 0.132857 0.121377 0.161726 0.135084 0.116514 0.167469 0.105273 0.0855739 0.0817301 0.0642031 0.0738174 0.0608022 0.0540581 0.047278 0.0509014 0.0470859 0.0388209 0.038441 0.0376609 0.0365605 0.0293616 0.0284537
threshold=0.48368155800890517 0.6667678631214925 -0.48729486894073787 0.39673622582550128 -0.45591056603589869 -0.46108293190901128 0.047549279135842303 0.53885201517972425 1.0000000180025095e-35 0.24313619827454427 0.79816726708571872 -0.15639291832682103 1.7945337364515745 -0.34931833859653866 -0.09103318776029469 -0.17066712305583637 -0.36994711064310964 -0.32791056596785806 -0.032248540431998839 0.48962898985103182 -0.49721763015329373 -0.0906374286962668 0.97820161620662593 -0.39873749621072102
decision_type=2 2 2 2 2 2 2 2 2 2 2 2 2 2 2 2 2 2 2 2 2 2 2 2
left_child=1 6 -3 5 -5 8 11 10 23 20 -8 18 -13 -9 -7 16 -4 -16 -1 -11 -6 -10 -17 -2
right_child=3 2 15 4 9 14 7 13 21 19 -12 12 -14 -15 17 22 -18 -19 -20 -21 -22 -23 -24 -25
leaf_value=0.00069058937926557535 3.5235342215341707e-05 0.00097715173473942154 -0.00091218200295760811 0.0019736234030837342 0.0013668400186300275 0.00020913985665674771 -0.00017215216864399174 -0.00060224383364571032 -0.0012126100145376704 -0.001564238855615258 0.0013606386789800347 -0.0004188735290766635 0.00098239618334337126 -0.0017189621830979982 0.0023132868874133294 -0.00088720239726014841 0.00045651220173492809 0.00062314783537696151 -0.00014675900158472359 0 -7.2555898894699107e-06 0.00019113745096632662 -0.0017648789440761752 0.0015020058176265312
leaf_weight=206 20 28 71 34 22 21 194 120 26 41 34 197 37 87 116 106 31 26 57 20 49 31 94 62
leaf_count=206 20 28 71 34 22 21 194 120 26 41 34 197 37 87 116 106 31 26 57 20 49 31 94 62
internal_value=0 -0.000329558 -0.00086963 0.000888708 0.000209679 0.00124638 -0.000132946 -0.000491673 0.000512491 -0.00025621 5.8137e-05 0.000176098 -0.000175016 -0.00110373 0.00183356 -0.00105862 -0.000466477 0.00204381 0.000498224 -0.00106847 0.000416131 -0.000427784 -0.00133447 0.00119342
internal_weight=1730 1262 330 468 166 302 932 435 139 132 228 497 234 207 163 302 102 142 263 61 71 57 200 82
internal_count=1730 1262 330 468 166 302 932 435 139 132 228 497 234 207 163 302 102 142 263 61 71 57 200 82
is_linear=0
shrinkage=0.03


Tree=5
num_leaves=16
num_cat=0
split_feature=34 20 23 22 22 34 29 26 29 34 15 11 29 32 10
split_gain=0.230703 0.146336 0.287442 0.223881 0.134606 0.163141 0.107583 0.107255 0.0934452 0.134482 0.074535 0.0725867 0.0692351 0.0685962 0.0358427
threshold=1.7627008590208046 0.41860019341845867 0.30155666811137755 -0.28621762763966235 -0.52510974144439904 -0.44718829228628931 -0.48808839716407648 0.6667678631214925 -0.46141157219251311 -0.20010195910842185 0.36514239870147863 0.7308492492894042 -0.34654548980241107 0.16022924235356731 0.20300205078625586
decision_type=2 2 2 2 2 2 2 2 2 2 2 2 2 2 2
left_child=1 3 12 4 11 -6 -5 -8 10 -10 -4 -1 14 -14 -3
right_child=-2 2 8 6 5 -7 7 -9 9 -11 -12 -13 13 -15 -16
leaf_value=0.0002737341306790124 0.0018781987904665967 -0.0010907719021231649 0 0.0012675012506460914 0.0003226579456798045 0.0017195532781416145 9.0565519424511443e-05 -0.00090723238789360049 0.00049380828770899821 -0.00066649462863120558 0.0023060600724485185 -0.00087385615661623886 -0.0023484454895887109 -0.00031621756089346794 5.0389825582148172e-05
leaf_weight=274 54 65 24 29 184 135 150 245 157 199 24 57 78 24 31
leaf_count=274 54 65 24 29 184 135 150 245 157 199 24 57 78 24 31
internal_value=0 -6.24953e-05 -0.000436993 0.000145266 0.000496215 0.00093365 -0.000385426 -0.000522958 1.68066e-05 -0.000146581 0.00122476 6.10568e-05 -0.00136428 -0.00192154 -0.000701608
internal_weight=1730 1676 602 1074 650 319 424 395 404 356 48 331 198 102 96
internal_count=1730 1676 602 1074 650 319 424 395 404 356 48 331 198 102 96
is_linear=0
shrinkage=0.03


Tree=6
num_leaves=26
num_cat=0
split_feature=25 20 26 34 26 29 15 34 20 19 22 30 29 34 29 34 29 35 29 24 17 29 24 24 29
split_gain=0.513603 0.130716 0.158536 0.131364 0.104995 0.117188 0.0981247 0.0979374 0.161132 0.0856273 0.08035 0.0749482 0.0617642 0.0569989 0.0568884 0.0476171 0.0495031 0.0465417 0.0546173 0.046308 0.0293898 0.026356 0.0239493 0.00386773 0.00224987
threshold=0.41865117277375469 0.39673622582550128 0.24313619827454427 -0.39065065730605097 0.6667678631214925 -0.48729486894073787 1.0000000180025095e-35 0.057345889303042845 0.53885201517972425 2.3182997075656711 0.79816726708571872 0.017462256441595072 -0.46141157219251311 0.56290910467534261 -0.43255032302326873 -1.0389483990510409 -0.39721830541616793 0.13881338197286855 -0.36195560794956777 0.28231766123763086 -0.5608509174566586 -0.43120401529801689 -0.0906374286962668 -0.11550110135852666 0.84535730051773006
decision_type=2 2 2 2 2 2 2 2 2 2 2 2 2 2 2 2 2 2 2 2 2 2 2 2 2
left_child=4 3 9 6 7 -6 21 17 10 20 -9 23 -10 -4 -13 24 -17 19 -19 -1 -3 -2 -8 -5 -7
right_child=1 2 13 11 5 15 22 8 12 -11 -12 14 -14 -15 -16 16 -18 18 -20 -21 -22 -23 -24 -25 -26
leaf_value=-9.6634760905920164e-05 1.6859968152383091e-05 0.0011997849360968057 -0.00141933798811598 0.0018140698942940593 0.00092474720936133368 -0.0023823577637473742 -0.0007748286308313253 -0.00020452752194601397 2.6887230284046374e-05 0.0021110687111230457 0.0013206325219188991 -0.00018624628825194159 -0.0013775310695798805 0.0003022081084731642 0.0015052683435690898 -0.0010432173159300171 -4.6584378363905656e-05 -0.00067412874646331387 0.00033223302360201192 0.00067192461149028588 4.6156431185514754e-06 0.001398445021000509 0.00023634506929486705 0.0032349217976443468 -0.0010150357450905217
leaf_weight=106 20 23 53 40 28 24 37 188 29 31 34 20 158 20 60 183 68 107 80 174 83 79 36 29 20
leaf_count=106 20 23 53 40 28 24 37 188 29 31 34 20 158 20 60 183 68 107 80 174 83 79 36 29 20
internal_value=0 0.000775638 0.000172937 0.00115542 -0.000342473 -0.000804749 0.000550198 -0.000166445 -0.000505154 0.000781198 3.02162e-05 0.00180968 -0.00114696 -0.000914897 0.0010548 -0.000986629 -0.000788763 0.000125146 -0.000229362 0.000372429 0.000317352 0.00115745 -0.000247049 0.00256281 -0.00192914
internal_weight=1730 531 210 321 1199 323 172 876 409 137 222 149 187 73 80 295 251 467 187 280 106 99 73 69 44
internal_count=1730 531 210 321 1199 323 172 876 409 137 222 149 187 73 80 295 251 467 187 280 106 99 73 69 44
is_linear=0
shrinkage=0.03


Tree=7
num_leaves=23
num_cat=0
split_feature=19 22 29 26 32 22 34 15 35 34 22 11 34 11 28 23 35 30 33 10 26 11
split_gain=0.280665 0.263075 0.238069 0.176078 0.151605 0.119418 0.160611 0.120032 0.117329 0.0628788 0.0545275 0.0489043 0.0477852 0.0433274 0.0364734 0.0328779 0.0216156 0.0366057 0.0295756 0.0206568 0.0205635 0.0112535
threshold=-0.28812377464253103 0.98976000577949119 -0.46141157219251311 0.48113402103793207 -0.034949668089398651 -0.52510974144439904 -0.46108293190901128 -0.078794583439847771 0.13733246443250996 0.4467518790396573 -0.34249256586294602 -1.4877581376511879 1.2277664332403575 0.18510139710206058 0.54597330143721956 -0.7106716376407306 0.13969454408301626 -0.043214123554368274 -1.0553813942632859 -0.79970242391571389 -0.76549292567897631 -0.19584289070818814
decision_type=2 2 2 2 2 2 2 2 2 2 2 2 2 2 2 2 2 2 2 2 2 2
left_child=4 5 -3 8 12 13 7 -7 -4 -5 -8 -6 14 15 19 -2 17 -13 -18 -1 -15 -16
right_child=1 2 3 9 11 6 10 -9 -10 -11 -12 16 -14 20 21 -17 18 -19 -20 -21 -22 -23
leaf_value=-0.00027385604369471994 -0.00035277825998591966 0.0019051897405818301 0.00042488799086762204 -0.0018256422091614116 0.0012425890472131868 0.0010604608580063531 0.0020174684515442904 -0.00047641740217139675 -0.0010628098992919418 0 0.00083686113860580668 0.00027323605870078604 -0.0018213302277856401 7.2565609903400198e-05 -0.0005280690872231903 0.00070989973897788632 0.0003338375835839936 -0.00073564812478143712 -0.00058077916735308052 -0.0010941164311731486 -0.00067007113500114747 0.00033549959769218487
leaf_weight=49 26 35 141 96 21 94 124 81 68 20 73 157 51 80 20 141 34 37 144 160 48 30
leaf_count=49 26 35 141 96 21 94 124 81 68 20 73 157 51 80 20 141 34 37 144 160 48 30
internal_value=2.02455e-07 0.000317735 -0.000328493 -0.000593415 -0.000458805 0.00067091 0.00102844 0.000336211 -5.31869e-05 -0.00151567 0.0016141 -5.78499e-05 -0.0009521 0.000204176 -0.000750594 0.0005235 -0.000148615 5.7319e-05 -0.000386865 -0.000922554 -0.00019199 0
internal_weight=1730 1027 360 325 703 667 372 175 209 116 197 393 310 295 259 167 372 194 178 209 128 50
internal_count=1730 1027 360 325 703 667 372 175 209 116 197 393 310 295 259 167 372 194 178 209 128 50
is_linear=0
shrinkage=0.03


Tree=8
num_leaves=27
num_cat=0
split_feature=25 20 24 34 23 15 32 32 19 31 21 34 10 22 34 10 29 24 14 23 34 20 33 28 22 29
split_gain=0.462432 0.11465 0.145479 0.116761 0.096515 0.0927937 0.089752 0.0822893 0.0779654 0.06331 0.0481764 0.0443306 0.0439364 0.0438101 0.0432931 0.0406484 0.0395631 0.038278 0.036742 0.0343456 0.0476769 0.0342044 0.0301721 0.0293497 0.0271479 0.0252044
threshold=0.41865117277375469 0.39673622582550128 0.94120498678751685 -0.46108293190901128 2.2897326951800356 1.0000000180025095e-35 -0.022976107513988746 0.0028549056689764459 -0.33639121641820063 0.071179086396122401 0.47229495675569794 0.56290910467534261 0.58838030948383557 -0.083543621877599325 1.2277664332403575 0.0094314274288419871 -0.4150512223729122 -0.0906374286962668 0.68601878207255884 2.1736348249862449 0.5373176347866373 -1.2211973760533426 1.2970919005712482 -0.61692489917252524 -0.34249256586294602 -0.39873749621072102
decision_type=2 2 2 2 2 2 2 2 2 2 2 2 2 2 2 2 2 2 2 2 2 2 2 2 2 2
left_child=6 3 11 5 15 25 8 12 14 24 18 23 21 -12 22 -4 -11 -7 -9 20 -10 -8 -1 -3 -5 -2
right_child=1 2 4 9 -6 17 7 10 19 16 13 -13 -14 -15 -16 -17 -18 -19 -20 -21 -22 -23 -24 -25 -26 -27
leaf_value=-0.00082144386330959519 0.00011725174320911588 -5.4873692228284189e-05 0.0019723791507338835 0.0025525830340571705 -0.00030531107572217783 -0.0011104816366410389 -0.00044782686902908612 -0.00026941262929381228 -0.00035295736715438414 -0.0001318973062114547 -0.00013696064169529232 0.00020699096733949626 -0.00049252315087630074 -0.0015686359240979961 -0.0017638226563439648 0.00018107753967785316 0.0012797549835553293 0.0002412360835229405 0.00070734490819373403 -0.00092745039369245723 0.00062452866048674685 0.00071230904920957982 0.00017711429763585327 -0.0014666998925385996 0.00095422270867441387 0.0013965341463796238
leaf_weight=256 25 25 53 67 33 30 21 299 113 20 41 34 38 46 48 20 54 36 35 39 70 169 24 45 25 64
leaf_count=256 25 25 53 67 33 30 21 299 113 20 41 34 38 46 48 20 54 36 35 39 70 169 24 45 25 64
internal_value=1.40067e-07 0.000736464 0.000170645 0.00109236 0.000950705 0.000459577 -0.000324484 -7.94434e-05 -0.000606207 0.00164681 -0.000331068 -0.000600742 0.000370458 -0.000954327 -0.000900081 0.00154761 0.000868992 -0.000351271 -0.00015277 -0.000152468 8.85773e-06 0.000563572 -0.000724282 -0.00102655 0.00219367 0.00108534
internal_weight=1730 531 210 321 106 155 1199 649 550 166 421 104 228 87 328 73 74 66 334 222 183 190 280 70 92 89
internal_count=1730 531 210 321 106 155 1199 649 550 166 421 104 228 87 328 73 74 66 334 222 183 190 280 70 92 89
is_linear=0
shrinkage=0.03


Tree=9
num_leaves=24
num_cat=0
split_feature=19 22 29 26 34 22 34 34 15 31 32 34 14 34 16 31 16 17 26 15 12 14 34
split_gain=0.250838 0.226568 0.221274 0.161957 0.132447 0.116593 0.135903 0.0922621 0.0882065 0.0750278 0.0629298 0.0573777 0.0427223 0.0642065 0.0422964 0.0339268 0.0401773 0.0304896 0.0258546 0.0227744 0.0116887 0.00658344 0.0117936
threshold=-0.35348563205601924 0.98976000577949119 -0.46141157219251311 0.48113402103793207 1.0547062819726116 -0.52510974144439904 1.0000000180025095e-35 -0.20010195910842185 -0.089982466790053076 0.060850067403027612 -0.022976107513988746 0.4467518790396573 0.46658238238825639 -0.022518014618739209 0.18854935079097879 0.29539837341177239 -0.45006609591734181 -0.29735184046859237 -0.32948567135979073 -0.7261879819685686 0.27709329622245532 -0.53156217151305507 1.2277664332403575
decision_type=2 2 2 2 2 2 2 2 2 2 2 2 2 2 2 2 2 2 2 2 2 2 2
left_child=4 5 -3 7 10 14 8 -4 -7 -8 15 -5 17 -14 18 16 -1 -12 -2 -16 -17 -6 -23
right_child=1 2 3 11 21 6 9 -9 -10 -11 12 -13 13 -15 19 20 -18 -19 -20 -21 -22 22 -24
leaf_value=-0.00023232561562102862 0.00065123059257352067 0.0018358653980677969 0.0007108796085147852 -0.0017370557692639604 -0.0007453660868535129 0.0010279735764617927 0.0022473526830286829 -0.00056029596301026717 -0.0001610551047157748 0.00086752246959636409 -0.00070656461549429769 0 0 0.0019329771499615159 -0.00056996433312162648 -0.00035518369595229158 -0.0012069335714372249 1.6712628943569143e-05 -0.00037623521762535626 0.00012277719127004 0.00049000521174942459 -0.00083455840825627091 -0.0020512163009008635
leaf_weight=75 144 35 81 98 33 105 83 128 108 88 65 20 40 21 70 29 105 197 20 89 24 29 43
leaf_count=75 144 35 81 98 33 105 83 128 108 88 65 20 40 21 70 29 105 197 20 89 24 29 43
internal_value=9.81093e-08 0.000285634 -0.000317608 -0.000571788 -0.00045637 0.00059877 0.000951837 -5.04004e-05 0.000417333 0.00158171 -0.000261421 -0.00144632 1.44633e-06 0.000705865 0.000164925 -0.000633924 -0.000827706 -0.000157373 0.000503458 -0.000168592 0 -0.00142495 -0.00165416
internal_weight=1730 1069 362 327 661 707 384 209 213 171 556 118 323 61 323 233 180 262 164 159 53 105 72
internal_count=1730 1069 362 327 661 707 384 209 213 171 556 118 323 61 323 233 180 262 164 159 53 105 72
is_linear=0
shrinkage=0.03


Tree=10
num_leaves=23
num_cat=0
split_feature=19 22 29 26 34 35 22 34 15 28 34 35 22 21 33 11 34 22 34 26 35 35
split_gain=0.237624 0.222824 0.208092 0.151288 0.130495 0.105157 0.100463 0.138105 0.102775 0.0608621 0.054387 0.0507125 0.0478669 0.0469968 0.0412746 0.0382428 0.0301936 0.0289862 0.0205517 0.0197202 0.00759446 0.00534975
threshold=-0.28812377464253103 0.98976000577949119 -0.46141157219251311 0.48113402103793207 1.0547062819726116 0.13733246443250996 -0.52510974144439904 -0.46108293190901128 -0.078794583439847771 -0.60395267923839713 0.4467518790396573 0.13881338197286855 -0.46341261553449364 -0.94260364752369596 0.71452999641535631 0.18510139710206058 -0.053521140471182012 -1.1785886428800749 -1.4485833239966603 -0.76549292567897631 0.73505460673213274 0.14491603002887871
decision_type=2 2 2 2 2 2 2 2 2 2 2 2 2 2 2 2 2 2 2 2 2 2
left_child=4 6 -3 5 9 -4 15 8 -8 11 -5 16 -9 21 -15 17 -1 -2 -13 -17 -6 -11
right_child=1 2 3 10 20 -7 7 12 -10 13 -12 18 -14 14 -16 19 -18 -19 -20 -21 -22 -23
leaf_value=0.00032738182248680714 -0.00031328978957608346 0.0017851375080890168 0.00040340444788065113 -0.0016934667118034808 -0.0015227048753704466 -0.0010049440046431312 0.00097352694977343704 0.0022607491396427638 -0.0004477422153618785 0.00044699812655612316 0 0.0003912076037532674 0.0010963499274778557 -0.0007216497172760518 0.00018573691420808281 7.546852806201541e-05 0.0017037831816984258 0.00066759030162185826 -0.00051327053922432234 -0.00065174441262805716 -0.00047157728856773643 0
leaf_weight=67 27 35 141 96 88 68 94 59 81 41 20 26 138 295 46 80 20 140 73 48 20 27
leaf_count=67 27 35 141 96 88 68 94 59 81 41 20 26 138 295 46 80 20 140 73 48 20 27
internal_value=0 0.000292256 -0.000302042 -0.000550233 -0.000422266 -4.83999e-05 0.000617411 0.000945529 0.000302369 -0.000238641 -0.00140517 0.000198096 0.00148876 -0.000444532 -0.000589972 0.000188227 0.000723375 0.000488628 -0.000241799 -0.000183016 -0.00137308 0.000236665
internal_weight=1730 1027 360 325 703 209 667 372 175 595 116 186 197 409 341 295 87 167 99 128 108 68
internal_count=1730 1027 360 325 703 209 667 372 175 595 116 186 197 409 341 295 87 167 99 128 108 68
is_linear=0
shrinkage=0.03


Tree=11
num_leaves=25
num_cat=0
split_feature=19 22 24 34 35 32 22 34 11 21 22 11 34 11 28 32 14 10 35 30 17 11 34 11
split_gain=0.223753 0.209932 0.174308 0.151577 0.144325 0.12367 0.0948184 0.130279 0.0599204 0.0511065 0.0461684 0.040948 0.0377872 0.036273 0.0321941 0.0246887 0.0219995 0.0189879 0.0188814 0.0326922 0.0294183 0.010379 0.00402515 0.000548543
threshold=-0.28812377464253103 0.98976000577949119 0.85418213246960739 0.56290910467534261 0.13733246443250996 -0.034949668089398651 -0.52510974144439904 -0.46108293190901128 -0.22950899276235162 0.09079736466397971 -0.34249256586294602 -1.4877581376511879 1.2277664332403575 0.7308492492894042 0.54597330143721956 -0.32189019971820115 1.2572791509424577 -0.79970242391571389 0.13969454408301626 -0.043214123554368274 -0.281371027997463 -0.19584289070818814 0.32542031051879822 -1.2948928613051971
decision_type=2 2 2 2 2 2 2 2 2 2 2 2 2 2 2 2 2 2 2 2 2 2 2 2
left_child=5 6 3 23 9 12 13 8 -8 -4 -9 -7 14 15 17 -2 -6 -1 19 -13 -20 -16 -15 -3
right_child=1 2 4 -5 16 11 7 10 -10 -11 -12 18 -14 22 21 -17 -18 -19 20 -21 -22 -23 -24 -25
leaf_value=-0.0002171950672435252 0.00094787060131099727 -0.00075426730207982478 0.00011853087894761793 0.00073120232662040512 -0.0010810475336191685 0.0011427027214522241 0.0012004356642719358 0.0018170668010262581 -1.8469745758920907e-05 0.0013349828575325163 0.00072952479878317952 0.0002659597085646055 -0.0016330878393103678 -0.00069574814257877208 -0.00047885935036870447 0.00016887666065385325 0 -0.00099823475283380612 -0.0010177407043824053 -0.00068644336641300466 -0.00010275550960226532 0.00035106217137283901 0 -0.001686313246117524
leaf_weight=49 48 21 62 29 54 21 45 124 130 76 73 157 51 32 20 194 22 160 43 37 135 30 21 96
leaf_count=49 48 21 62 29 54 21 45 124 130 76 73 157 51 32 20 194 22 160 43 37 135 30 21 96
internal_value=1.6303e-07 0.000283864 -0.000292823 -0.00108489 0.000241264 -0.000409487 0.000599515 0.000918335 0.000293059 0.000823888 0.00144606 -4.66557e-05 -0.000855022 0.000182211 -0.000673416 0.000345347 -0.000769796 -0.000834936 -0.000130401 6.14001e-05 -0.000353571 0 -0.0004877 -0.00156706
internal_weight=1730 1027 360 146 214 703 667 372 175 138 197 393 310 295 259 242 76 209 372 194 178 50 53 117
internal_count=1730 1027 360 146 214 703 667 372 175 138 197 393 310 295 259 242 76 209 372 194 178 50 53 117
is_linear=0
shrinkage=0.03


Tree=12
num_leaves=21
num_cat=0
split_feature=25 15 11 26 21 17 33 30 23 33 11 19 26 11 28 35 22 22 28 14
split_gain=0.38244 0.0873803 0.0848093 0.0785691 0.0744904 0.0610093 0.0538513 0.0674038 0.0521135 0.108231 0.0914396 0.0444593 0.0440876 0.0658704 0.0492187 0.0331236 0.0262625 0.00588434 0.00267062 0.00245271
threshold=0.41865117277375469 -0.58054011431894115 -1.8835663294257083 0.6667678631214925 1.2737454078472286 0.039242337345313814 -0.39584227068489081 -0.18255958244588313 -0.072133351574884638 -0.63020560483564647 0.7308492492894042 -0.082989253502562282 0.24313619827454427 0.43849175345038316 -0.33089513398057008 0.22433562170987889 -0.32791056596785806 -0.35494254050261437 -0.5986911088641329 0.71998315456242612
decision_type=2 2 2 2 2 2 2 2 2 2 2 2 2 2 2 2 2 2 2 2
left_child=2 11 -1 8 12 19 18 -8 10 -10 -4 -2 14 -14 -3 16 -13 -7 -5 -6
right_child=1 4 3 6 5 17 7 -9 9 -11 -12 15 13 -15 -16 -17 -18 -19 -20 -21
leaf_value=0.0010143703100703922 0.00027500998717732729 0.00074006662208138266 0.00023481964715237616 -0.0018487813068287712 0.0024930631853640078 0.00062219269517271847 0.00052937207869145761 -0.00074490991747006778 0.00027273002659851701 -0.00075382609417283682 -0.00093988242822135211 0.0021228697487983752 -0.00089774223121661517 0.00078689589536074423 -0.00022496378159506575 0.00023467260566742521 0.00063809194560680122 0 -0.00075466738366958448 0.0010584912837037573
leaf_weight=39 39 134 363 39 21 23 40 215 129 285 68 71 64 26 65 20 24 24 21 20
leaf_count=39 39 134 363 39 21 23 40 215 129 285 68 71 64 26 65 20 24 24 21 20
internal_value=0 0.000669762 -0.00029507 -0.000344177 0.000406274 0.00116067 -0.000749648 -0.000529563 -0.000187369 -0.000427102 3.73556e-05 0.0012756 0.000156722 -0.000369126 0.000411345 0.00157388 0.0018094 0.000308846 -0.00156763 0.00198134
internal_weight=1730 531 1199 1160 377 88 315 255 845 414 431 154 289 90 199 115 95 47 60 41
internal_count=1730 531 1199 1160 377 88 315 255 845 414 431 154 289 90 199 115 95 47 60 41
is_linear=0
shrinkage=0.03


Tree=13
num_leaves=21
num_cat=0
split_feature=25 20 26 34 11 26 34 20 19 31 29 29 11 35 34 26 29 17 22 20
split_gain=0.361779 0.0827738 0.116778 0.0916893 0.08016 0.0741538 0.0778039 0.108161 0.0679463 0.0581079 0.055831 0.0517713 0.0433279 0.042176 0.042025 0.0412411 0.0340122 0.0233321 0.0220523 0.0133634
threshold=0.41865117277375469 0.39673622582550128 0.24313619827454427 -0.46108293190901128 -1.8835663294257083 0.6667678631214925 -0.16194845189446752 0.53885201517972425 2.3182997075656711 0.071179086396122401 -0.43120401529801689 -0.479308658909878 -0.011526454122850823 0.13298542519895371 0.56290910467534261 1.8227519788390418 -0.4150512223729122 -0.5608509174566586 -0.34249256586294602 -0.71832612141532348
decision_type=2 2 2 2 2 2 2 2 2 2 2 2 2 2 2 2 2 2 2 2
left_child=4 3 8 10 -1 6 12 -8 17 18 -2 19 -6 -12 -4 -13 -11 -3 -5 -7
right_child=1 2 14 9 5 11 7 -9 -10 16 13 15 -14 -15 -16 -17 -18 -19 -20 -21
leaf_value=0.00098611283538463921 -0.00063648408739162344 0.0010599393013578193 -0.0011985872855054497 0.0022911101850065672 0.00044655527478982654 -0.00023856960933727142 -8.7101742604830369e-06 -0.00092738325350275204 0.0018769333604175375 -0.00020689968031871575 0.00012040079315026691 -0.0012127122038250995 -0.00019098852853051399 0.0012839829100974661 0.0002662632474245544 -0.00036833321802415297 0.0010967805431910643 0 0.00083463301509618753 0.00065746324270477767
leaf_weight=39 32 23 53 67 195 36 258 216 31 20 67 159 176 56 20 100 54 83 25 20
leaf_count=39 32 23 53 67 195 36 258 216 31 20 67 159 176 56 20 100 54 83 25 20
internal_value=4.87397e-07 0.000651962 0.000167775 0.000954973 -0.000286442 -0.000334239 -0.000181768 -0.000436835 0.00069095 0.00144678 0.000391811 -0.00072824 0.000136981 0.000691929 -0.000763116 -0.000906098 0.00071114 0.00027447 0.00196576 4.77532e-05
internal_weight=1730 531 210 321 1199 1160 845 474 137 166 155 315 371 123 73 259 74 106 92 56
internal_count=1730 531 210 321 1199 1160 845 474 137 166 155 315 371 123 73 259 74 106 92 56
is_linear=0
shrinkage=0.03


Tree=14
num_leaves=20
num_cat=0
split_feature=25 15 11 21 17 32 19 35 32 19 29 20 20 35 35 34 22 2 14
split_gain=0.342022 0.0814079 0.0757668 0.0664871 0.0573805 0.0534757 0.0543865 0.0431341 0.0494817 0.0400905 0.0389218 0.031667 0.0548281 0.0296166 0.0288709 0.0276993 0.0238249 0.0053353 0.00248232
threshold=0.41865117277375469 -0.58054011431894115 -1.8835663294257083 1.2737454078472286 0.039242337345313814 -0.072712778460433156 -0.33639121641820063 0.15633200533788033 0.17140955717750053 -0.082989253502562282 -0.1577464196216867 1.7085742814029425 0.28741638786071444 0.22433562170987889 0.73505460673213274 1.170774557447658 -0.32791056596785806 0.30192745531713239 0.71998315456242612
decision_type=2 2 2 2 2 2 2 2 2 2 2 2 2 2 2 2 2 2 2
left_child=2 9 -1 11 18 6 14 10 -9 -2 -7 12 -3 16 -4 -8 -11 -6 -5
right_child=1 3 5 4 17 7 15 8 -10 13 -12 -13 -14 -15 -16 -17 -18 -19 -20
leaf_value=0.00095864255503485239 0.00026342150165250394 0.0004343600993621052 -0.0010469950650957292 0.002382448182441294 0.0005681724923555381 0.00011828710679882364 -0.00033358061826016034 -0.00084821947028668014 4.3858522092025861e-05 0.0020255828278856608 -0.00046567760379591215 0.001052924039142747 -0.00042611171684749875 0.00022486429207998771 0 0.00074495000659953806 0.00060228060507991658 0 0.00099385844778431508
leaf_weight=39 39 140 196 21 23 410 143 144 80 71 133 28 121 20 33 21 24 24 20
leaf_count=39 39 140 196 21 23 410 143 144 80 71 133 28 121 20 33 21 24 24 20
internal_value=8.73581e-07 0.000634353 -0.000278062 0.00037988 0.00109273 -0.000324586 -0.000611026 -0.000172114 -0.000520035 0.00121905 -2.10249e-05 0.000143549 2.37714e-05 0.00150277 -0.000910096 -0.000166611 0.00172607 0.000268013 0.00188722
internal_weight=1730 531 1199 377 88 1160 393 767 224 154 543 289 261 115 229 164 95 47 41
internal_count=1730 531 1199 377 88 1160 393 767 224 154 543 289 261 115 229 164 95 47 41
is_linear=0
shrinkage=0.03


Tree=15
num_leaves=20
num_cat=0
split_feature=25 15 11 26 34 23 19 25 26 29 10 11 19 26 28 34 31 11 29
split_gain=0.323654 0.0768112 0.0716136 0.0680453 0.0722448 0.0815734 0.0648786 0.0716981 0.0535492 0.0507586 0.0432277 0.0407362 0.0401677 0.0383907 0.0250214 0.0240624 0.0163148 0.0104546 0.00568995
threshold=0.41865117277375469 -0.56675341681458236 -1.9285167993849968 0.6667678631214925 -0.16194845189446752 -0.072133351574884638 2.68633598028998 1.790776382371827 0.24313619827454427 -0.479308658909878 1.0142996074177291 -0.011526454122850823 -0.082989253502562282 1.8227519788390418 -0.35998176068237664 -0.12508589932983447 0.64269050613193235 -0.60451931247677015 -0.41627365620492879
decision_type=2 2 2 2 2 2 2 2 2 2 2 2 2 2 2 2 2 2 2
left_child=2 12 -1 4 11 -6 7 8 -3 17 -9 -4 18 -11 15 -14 -16 -5 -2
right_child=1 6 3 9 5 -7 -8 10 -10 13 -12 -13 14 -15 16 -17 -18 -19 -20
leaf_value=0.0010318650899765391 0.00056889856781526754 0.00029521615832468079 0.00043624917252850195 0.00040148816785658711 0 -0.00077542895571408425 0.0018613943132758139 0.0014662154601838696 -0.00060061818656836755 -0.0011593166673784516 -1.0452719891200888e-05 -0.00017922563514228426 0.0010773046327278363 -0.000344853547860606 0 0.0025643926991546964 0.0011683366553174451 -0.00037764717836904788 0
leaf_weight=33 21 190 198 37 221 254 22 55 84 160 20 176 40 100 20 31 28 20 20
leaf_count=33 21 190 198 37 221 254 22 55 84 160 20 176 40 100 20 31 28 20 20
internal_value=1.51761e-06 0.000617794 -0.000269777 -0.000311736 -0.00016585 -0.000411944 0.000363791 0.000245804 6.21999e-06 -0.000687859 0.00104872 0.000139535 0.00117082 -0.000864975 0.00145126 0.00184478 0.000736074 7.2894e-05 0.000245252
internal_weight=1730 531 1199 1166 849 475 371 349 274 317 75 374 160 260 119 71 48 57 41
internal_count=1730 531 1199 1166 849 475 371 349 274 317 75 374 160 260 119 71 48 57 41
is_linear=0
shrinkage=0.03


Tree=16
num_leaves=22
num_cat=0
split_feature=25 11 26 34 24 26 11 35 33 29 33 30 10 24 11 23 28 19 19 29 28
split_gain=0.30601 0.0678671 0.0653598 0.0668538 0.0932274 0.0633426 0.124065 0.0954758 0.0898024 0.0670549 0.0491762 0.0599114 0.0394383 0.0390448 0.038957 0.0360634 0.0294971 0.0162114 0.0147671 0.0106241 0.00221325
threshold=0.41865117277375469 -1.8835663294257083 0.6667678631214925 -0.16194845189446752 0.53095438786022942 0.24313619827454427 -0.45498126578007286 0.17208997354911684 -0.076996623875662071 -0.31278451184406536 -0.39584227068489081 -0.18255958244588313 -0.1053500305872683 0.29474949756876084 0.52995692085107471 0.6534783371363041 1.0000000180025095e-35 -0.11717808377263535 1.9432245122087091 -0.43120401529801689 -0.5986911088641329
decision_type=2 2 2 2 2 2 2 2 2 2 2 2 2 2 2 2 2 2 2 2 2
left_child=1 -1 3 13 -5 7 18 9 -8 15 20 -12 -11 -3 17 -2 -10 -9 -7 -16 -4
right_child=5 2 10 4 -6 6 8 14 16 12 11 -13 -14 -15 19 -17 -18 -19 -20 -21 -22
leaf_value=0.0009077753429966313 0.0008745464664194491 -0.00025574301333652834 -0.001719287149342043 0 -0.0008302435832136263 -0.0013985160195293862 -0.00041368060728142923 -5.4215480158429423e-05 0.0019682674318686811 -0.00052898162503082027 0.0005307002206506251 -0.00066985106090912243 0.00078699707080610089 0.00037018963498947012 -0.0009312822883616068 0.0019409906850947488 0.00043998909574903306 0.0008183096500886779 -0.00018961231801193205 0 -0.00068744356857496308
leaf_weight=39 74 136 39 245 229 34 35 20 35 23 40 215 72 235 25 90 28 50 22 23 21
leaf_count=39 74 136 39 245 229 34 35 20 35 23 40 215 72 235 25 90 28 50 22 23 21
internal_value=1.97594e-06 -0.000261772 -0.000305913 -0.000162571 -0.000399197 0.000601262 6.51501e-05 0.00081012 0.00071994 0.00113024 -0.000675837 -0.00046592 0.000431339 0.000132505 7.20829e-05 0.00150211 0.00138536 0.000535938 -0.00100823 -0.000537283 -0.00145569
internal_weight=1730 1199 1160 845 474 531 154 377 98 259 315 255 95 371 118 164 63 70 56 48 60
internal_count=1730 1199 1160 845 474 531 154 377 98 259 315 255 95 371 118 164 63 70 56 48 60
is_linear=0
shrinkage=0.03


Tree=17
num_leaves=20
num_cat=0
split_feature=25 15 19 25 11 26 34 24 34 28 26 10 30 34 11 34 24 24 15
split_gain=0.288277 0.0715286 0.0759902 0.0783835 0.06432 0.0605432 0.0639285 0.0878571 0.0475063 0.0444557 0.0414108 0.0405751 0.0381656 0.0484441 0.0381118 0.0252004 0.0167353 0.016357 0.00857174
threshold=0.41865117277375469 -0.35091116994600713 2.5204184205511591 1.790776382371827 -1.9285167993849968 0.6667678631214925 -0.16194845189446752 0.53095438786022942 -0.40034062361320044 -0.57035819095895857 0.24313619827454427 1.0142996074177291 -0.075816422038102363 0.31421302978275828 -0.011526454122850823 2.1691391317083766 1.0282278411054264 0.39420418821780029 -0.22427747248139815
decision_type=2 2 2 2 2 2 2 2 2 2 2 2 2 2 2 2 2 2 2
left_child=4 12 3 10 -1 6 14 -8 18 -10 -3 -5 13 17 -6 16 -14 -2 -7
right_child=1 2 -4 11 5 8 7 -9 9 -11 -12 -13 15 -15 -16 -17 -18 -19 -20
leaf_value=0.00097852497058920551 0.001148968342076987 0.00013762037904722796 0.0018180608600378036 0.0014173564840522076 0.00041806202997569052 -0.00037832258666015194 0 -0.00080482098319162537 0.00024398482445923782 -0.00065199268830763994 -0.000704787796408591 -2.4176514120367549e-05 -0.00014702036143338773 0.0024983361825467116 -0.00017720048588301589 0.0013462863987230734 0.00077796448163688177 3.3132010401459405e-05 -0.0014348676095414959
leaf_weight=33 72 152 24 51 198 20 245 230 63 166 74 20 47 28 176 20 22 21 68
leaf_count=33 72 152 24 51 198 20 245 230 63 166 74 20 47 28 176 20 22 21 68
internal_value=1.82579e-06 0.00058354 0.000284356 0.000133479 -0.000254115 -0.000293989 -0.000156118 -0.000387707 -0.00064894 -0.000392602 -0.000130731 0.000986232 0.00101633 0.00137432 0.0001308 0.000468073 0.000126362 0.000937165 -0.0012481
internal_weight=1730 531 321 297 1199 1166 849 475 317 229 226 71 210 121 374 89 69 93 88
internal_count=1730 531 321 297 1199 1166 849 475 317 229 226 71 210 121 374 89 69 93 88
is_linear=0
shrinkage=0.03


Tree=18
num_leaves=21
num_cat=0
split_feature=25 20 29 34 11 26 34 20 26 31 29 29 33 30 17 9 11 34 34 28
split_gain=0.272734 0.0650989 0.102793 0.0766414 0.060857 0.0582702 0.0591647 0.0848802 0.0565818 0.0519246 0.0500172 0.0458023 0.0448111 0.0552178 0.0389741 0.0382209 0.0356156 0.031158 0.020009 0.00219839
threshold=0.41865117277375469 0.39673622582550128 -0.45591056603589869 -0.46108293190901128 -1.8835663294257083 0.6667678631214925 -0.16194845189446752 0.53885201517972425 0.24313619827454427 0.060850067403027612 -0.43120401529801689 -0.42614965541079242 -0.39584227068489081 -0.18255958244588313 -0.5608509174566586 0.8863801013404532 -0.011526454122850823 -0.12508589932983447 0.48962898985103182 -0.6082622470677308
decision_type=2 2 2 2 2 2 2 2 2 2 2 2 2 2 2 2 2 2 2 2
left_child=4 3 -3 10 -1 6 16 -8 14 17 -2 -11 19 -14 -4 -12 -6 -5 -10 -7
right_child=1 2 8 9 5 12 7 -9 18 11 15 -13 13 -15 -16 -17 -18 -19 -20 -21
leaf_value=0.00085995173870053658 -0.00065070869944590544 0.0015594529356059959 0.0011263723972846158 0.00073358043676919563 0.00040537208403905174 -0.0016870981618565947 0 -0.00081004644360246566 -0.0011472220454458145 -0.00047075365975742103 0.00086036510398284564 0.0010538143276236952 0.00051840440192541404 -0.00063325657774269061 -7.4497231506393281e-05 -0.00039671314761042598 -0.00017197355609657058 0.0022219248155522491 0 -0.00071483241836540394
leaf_weight=39 32 35 30 30 195 35 258 216 47 20 101 57 40 215 77 22 176 59 21 25
leaf_count=39 32 35 30 30 195 35 258 216 47 20 101 57 40 215 77 22 176 59 21 25
internal_value=2.25027e-06 0.000568107 0.000137158 0.000836896 -0.000246647 -0.000288553 -0.000152953 -0.000375648 -0.000151935 0.00128621 0.000321426 0.000617519 -0.000637999 -0.000437049 0.000256459 0.00060762 0.000124279 0.00179312 -0.000820493 -0.00138294
internal_weight=1730 531 210 321 1199 1160 845 474 175 166 155 77 315 255 107 123 371 89 68 60
internal_count=1730 531 210 321 1199 1160 845 474 175 166 155 77 315 255 107 123 371 89 68 60
is_linear=0
shrinkage=0.03


Tree=19
num_leaves=21
num_cat=0
split_feature=19 34 22 26 34 29 34 31 11 11 22 28 20 15 31 15 14 34 21 11
split_gain=0.154331 0.139817 0.149923 0.147294 0.1003 0.0817364 0.0554855 0.0503486 0.0476958 0.0377555 0.0538862 0.0321835 0.0435416 0.0303286 0.0180381 0.0102988 0.0100924 0.0107354 0.00777733 0.00493162
threshold=-0.28812377464253103 1.0970406982598586 0.98976000577949119 -0.040498933413490944 1.0547062819726116 -0.32496918932934266 0.48962898985103182 0.27657272302419045 0.92133746652965554 1.6259130293345041 -0.52510974144439904 -0.60395267923839713 0.48419209619733078 0.62600680169074729 0.35190473909323922 -0.67403673424095134 -0.53156217151305507 1.2277664332403575 -0.10880226459427657 -0.40804092631943151
decision_type=2 2 2 2 2 2 2 2 2 2 2 2 2 2 2 2 2 2 2 2
left_child=4 2 9 7 8 14 -5 -4 11 10 -2 13 -13 -1 -3 -10 -6 -18 -11 -16
right_child=1 5 3 6 16 -7 -8 -9 15 18 -12 12 -14 -15 19 -17 17 -19 -20 -21
leaf_value=8.7789052270492997e-05 0.00013531194429401691 0.0024717130959033963 0.00064305835297126155 -0.0012559986482275295 -0.00051187522547017483 -0.00027187378490914571 0 -0.00057971153205726295 -5.2808643384512672e-05 0 0.00075545386971642117 -3.7195225638561674e-05 -0.00085688088889806883 0.0012933921436576741 0.0014163238549232482 -0.001021636656993492 -0.00066842364975970917 -0.0017655630286465933 -0.00072628171878974307 0.00050100533842175666
leaf_weight=149 253 23 106 138 34 23 45 37 20 24 283 268 75 20 47 63 30 44 23 25
leaf_count=149 253 23 106 138 34 23 45 37 20 24 283 268 75 20 47 63 30 44 23 25
internal_value=2.16664e-06 0.000238059 0.000106536 -0.000401871 -0.000337742 0.00119868 -0.000963013 0.000300718 -0.000176367 0.000396546 0.000470686 -5.98537e-05 -0.000230973 0.000267976 0.00158274 -0.000833054 -0.00117098 -0.00140311 -0.00036647 0.00117126
internal_weight=1730 1027 909 326 703 118 183 143 595 583 536 512 343 169 95 83 108 74 47 72
internal_count=1730 1027 909 326 703 118 183 143 595 583 536 512 343 169 95 83 108 74 47 72
is_linear=0
shrinkage=0.03


Tree=20
num_leaves=20
num_cat=0
split_feature=25 15 19 20 9 11 32 19 33 35 35 32 30 19 28 35 12 25 17
split_gain=0.247019 0.0640157 0.0681179 0.0709137 0.0579618 0.0566545 0.0433751 0.042907 0.0407201 0.0369516 0.0411001 0.0348298 0.0328937 0.0295656 0.0279187 0.0249843 0.0248209 0.0163268 0.0158705
threshold=0.41865117277375469 -0.33560102241474782 2.5204184205511591 -0.82764595938011032 1.3720606413876315 -1.9285167993849968 -0.072712778460433156 -0.33639121641820063 -0.39584227068489081 0.1454396010340423 0.093326616658525166 0.17140955717750053 -0.075816422038102363 -0.082989253502562282 -0.62038742646353973 0.73505460673213274 -0.17512652625935085 0.68184288501363721 0.15768551888005575
decision_type=2 2 2 2 2 2 2 2 2 2 2 2 2 2 2 2 2 2 2
left_child=5 12 3 4 -3 -1 7 15 -5 10 -8 -11 13 -2 -15 -7 -9 18 -14
right_child=1 2 -4 8 -6 6 9 16 -10 11 -12 -13 17 14 -16 -17 -18 -19 -20
leaf_value=0.00092091064015403378 0.00021916022847872225 0.0012322453595435534 0.0017030364974505369 0.00021879801933434519 -0.00040033939724788068 -0.00092325635896802621 -0.00023953975245037096 0.00029205888998911906 -0.00060661214231932318 -0.00061756092744890789 0.00030622874190108828 8.4752803701641295e-05 0.00093988649131428875 0.00038595666466022119 0.0018096535314878377 0 -0.00043652052347304169 -0.0001812912810128182 0
leaf_weight=33 27 68 24 99 22 196 255 64 104 202 235 81 48 24 74 33 100 21 20
leaf_count=33 27 68 24 99 22 196 255 64 104 202 235 81 48 24 74 33 100 21 20
internal_value=1.84548e-06 0.000540451 0.000252728 0.000107739 0.00080087 -0.000234944 -0.000272502 -0.000530696 -0.000192185 -0.000135824 1.63919e-05 -0.000407275 0.000943446 0.00126827 0.00151252 -0.000796388 -0.000134094 0.00042814 0.000658308
internal_weight=1730 531 317 293 90 1199 1166 393 203 773 490 283 214 125 98 229 164 89 68
internal_count=1730 531 317 293 90 1199 1166 393 203 773 490 283 214 125 98 229 164 89 68
is_linear=0
shrinkage=0.03


Tree=21
num_leaves=23
num_cat=0
split_feature=19 22 29 26 32 22 15 15 33 33 29 11 11 21 32 22 10 11 30 29 17 12
split_gain=0.138769 0.121527 0.160019 0.0971358 0.082215 0.0576644 0.071264 0.068052 0.0571554 0.0386992 0.0340122 0.0292831 0.0284926 0.0272079 0.0213305 0.0152751 0.0119313 0.0187934 0.0174607 0.00587425 0.0054916 0.00370512
threshold=-0.28812377464253103 0.98976000577949119 -0.46141157219251311 0.48113402103793207 -0.027902626138281188 -0.52510974144439904 0.33893328202327855 0.65176524711532668 -0.3854231413999567 -0.096104706860214925 -0.33748439596839935 -1.4877581376511879 0.7308492492894042 -0.97922745075178874 -0.32189019971820115 0.39847833494326274 -0.47168854422015905 -0.58500927863830321 -0.19764010376461946 -0.23427142361350661 -0.80999651736486433 0.12011393328235105
decision_type=2 2 2 2 2 2 2 2 2 2 2 2 2 2 2 2 2 2 2 2 2 2
left_child=4 5 -3 8 13 12 9 -8 -4 -7 -5 -6 14 -1 -2 20 17 -13 -18 -14 -15 -17
right_child=1 2 3 10 11 6 7 -9 -10 -11 -12 16 19 15 -16 21 18 -19 -20 -21 -22 -23
leaf_value=8.7932471631040033e-05 0.00084169204702415931 0.0016176549671953052 0.00060114597850714953 -0.00028057411195017224 0.00099496427585836489 0.00060641118472739089 -0.0010433226102853522 0.00052836906296211512 -0.00041153081616914064 0.0014292470275982412 -0.0014896936790304422 -1.9421580927779096e-05 -0.00081787321150302884 -0.00035461448472382141 0.00012026581075515237 0 0.00041267072461620977 -0.00092929963176803922 -0.00012873716924692225 -5.8470515150795957e-05 -0.00093211488170324758 -0.00042615352861583234
leaf_weight=31 48 35 76 40 21 142 31 86 133 113 76 67 22 41 194 24 71 32 187 31 207 22
leaf_count=31 48 35 76 40 21 142 31 86 133 113 76 67 22 41 194 24 71 32 187 31 207 22
internal_value=2.15182e-06 0.000225923 -0.000211452 -0.000430574 -0.000320073 0.000466355 0.000715398 7.12656e-05 -2.5838e-05 0.000995048 -0.00111555 -1.03105e-05 0.000138201 -0.000667815 0.000284158 -0.000757687 -8.55762e-05 -0.000361618 1.17915e-05 -0.000454193 -0.000853973 -0.000156855
internal_weight=1730 1027 360 325 703 667 372 117 209 255 116 378 295 325 242 294 357 99 258 53 248 46
internal_count=1730 1027 360 325 703 667 372 117 209 255 116 378 295 325 242 294 357 99 258 53 248 46
is_linear=0
shrinkage=0.03


Tree=22
num_leaves=20
num_cat=0
split_feature=25 15 19 25 11 26 34 24 34 29 17 24 30 34 26 34 24 24 15
split_gain=0.223461 0.0581374 0.0634549 0.0627108 0.0521025 0.0470665 0.0511921 0.0710613 0.0408482 0.0445854 0.0368865 0.035592 0.0308306 0.0420071 0.0307746 0.0213425 0.0151922 0.0147329 0.00660462
threshold=0.41865117277375469 -0.33560102241474782 2.5204184205511591 1.790776382371827 -1.9285167993849968 0.6667678631214925 -0.16194845189446752 0.53095438786022942 -0.40034062361320044 -0.36994711064310964 0.039242337345313814 0.29474949756876084 -0.075816422038102363 0.31421302978275828 0.24313619827454427 2.1691391317083766 1.0282278411054264 0.39420418821780029 -0.22427747248139815
decision_type=2 2 2 2 2 2 2 2 2 2 2 2 2 2 2 2 2 2 2
left_child=4 12 3 14 -1 6 11 -8 18 -10 -5 -6 13 17 -3 16 -14 -2 -7
right_child=1 2 -4 10 5 8 7 -9 9 -11 -12 -13 15 -15 -16 -17 -18 -19 -20
leaf_value=0.0008846559414135601 0.0010170665786785179 9.2035531464621032e-05 0.0016392859088049994 0.0015604794468575467 -0.00025218090407546978 -0.00033277207941991157 0 -0.00071976316195628866 -0.00052617069752080941 0.00054997225539482315 0.00011243838021565773 0.00034409162776879927 -0.00017482901263050733 0.0022624585659753887 -0.00063646477775642111 0.0012047606507397217 0.00071139215223491189 0 -0.0012951810373809896
leaf_weight=33 75 149 24 33 136 20 245 230 192 37 38 238 47 28 73 20 22 22 68
leaf_count=33 75 149 24 33 136 20 245 230 192 37 38 238 47 28 73 20 22 22 68
internal_value=2.00095e-06 0.00051436 0.000239581 9.93423e-05 -0.000223129 -0.000259237 -0.000137127 -0.000344571 -0.00057255 -0.000334502 0.00086199 0.000119026 0.000898627 0.00121288 -0.000139475 0.000399487 8.39355e-05 0.00082113 -0.0011276
internal_weight=1730 531 317 293 1199 1166 849 475 317 229 71 374 214 125 222 89 69 97 88
internal_count=1730 531 317 293 1199 1166 849 475 317 229 71 374 214 125 222 89 69 97 88
is_linear=0
shrinkage=0.03


Tree=23
num_leaves=21
num_cat=0
split_feature=19 34 22 29 22 34 29 11 35 16 34 35 33 20 31 32 14 34 35 31
split_gain=0.124782 0.120782 0.123384 0.117258 0.113203 0.0886729 0.0729833 0.0435138 0.0410291 0.0458285 0.0371508 0.0265859 0.0372264 0.0182171 0.013439 0.0111311 0.0100661 0.00955755 0.00389866 0.00333512
threshold=-0.28812377464253103 1.0970406982598586 0.98976000577949119 -0.47297328689139406 1.7728186644056396 1.0547062819726116 -0.32496918932934266 0.92133746652965554 0.010103931303463957 0.55018262149113484 -1.3279205469133304 0.030971441192146048 0.67904363627668129 0.56071598277268142 0.35190473909323922 0.0071044576220507362 -0.53156217151305507 1.2277664332403575 -0.094886906482534741 0.14393319745199276
decision_type=2 2 2 2 2 2 2 2 2 2 2 2 2 2 2 2 2 2 2 2
left_child=5 2 8 -4 -5 7 14 11 10 -10 -2 13 -13 -1 -3 19 -7 -18 -16 -9
right_child=1 6 3 4 -6 16 -8 15 9 -11 -12 12 -14 -15 18 -17 17 -19 -20 -21
leaf_value=-0.00015326282822882475 -0.00074574973997042259 0.0022740449730593421 0.0016281087645329533 -0.0011361647586050473 0 -0.0004458818480032622 -0.00027570580465432543 -0.0012433291442692279 0.00076304783098816574 0.0001036493272552229 0.00023653910749328686 -2.4658691474480027e-05 0.0010332191813140525 -0.001223353128450421 0.0013210828333720564 -0.00010434501673544532 -0.0006137672927950254 -0.0016556165454156219 0.00046480043335551664 -0.0003524298943483028
leaf_weight=53 46 23 21 143 162 34 23 37 255 170 112 407 29 23 47 26 30 44 25 20
leaf_count=53 46 23 21 143 162 34 23 37 255 170 112 407 29 23 47 26 30 44 25 20
internal_value=2.53132e-06 0.00021481 9.23567e-05 -0.000368476 -0.000530205 -0.000302929 0.00110765 -0.000151007 0.00035573 0.000508873 -3.93773e-05 -3.96834e-05 4.54509e-05 -0.000549239 0.00147136 -0.000777501 -0.00108618 -0.00131258 0.00109425 -0.00101398
internal_weight=1730 1027 909 326 305 703 118 595 583 425 158 512 436 76 95 83 108 74 72 57
internal_count=1730 1027 909 326 305 703 118 595 583 425 158 512 436 76 95 83 108 74 72 57
is_linear=0
shrinkage=0.03


Tree=24
num_leaves=23
num_cat=0
split_feature=25 15 19 20 9 32 11 21 28 30 23 21 19 28 14 11 15 22 25 17 23 29
split_gain=0.204974 0.0530341 0.0567522 0.0592393 0.0518895 0.0484709 0.0372071 0.0340924 0.0310236 0.0291521 0.0283343 0.0298482 0.0260359 0.0251729 0.0246236 0.0441224 0.0270785 0.0235362 0.0145698 0.0138012 0.0110984 0.0100913
threshold=0.41865117277375469 -0.33560102241474782 2.5204184205511591 -0.82764595938011032 1.3720606413876315 -0.072712778460433156 -1.9285167993849968 -0.79732937133262716 -0.33089513398057008 -0.075816422038102363 0.26890414211937413 0.12681064154376959 -0.082989253502562282 -0.62038742646353973 0.55819771258515483 0.084198479329939388 1.4218459446271645 0.55327389700646956 0.68184288501363721 0.15768551888005575 -0.072133351574884638 -0.26768085280682402
decision_type=2 2 2 2 2 2 2 2 2 2 2 2 2 2 2 2 2 2 2 2 2 2
left_child=5 9 3 4 -3 7 -7 20 -5 12 17 -12 -2 -14 15 -8 -16 -9 19 -11 21 -1
right_child=1 2 -4 8 -6 6 14 10 -10 18 11 -13 13 -15 16 -17 -18 -19 -20 -21 -22 -23
leaf_value=0.00067792250768792237 0.00017880674379412083 0.0011405326775627694 0.0015543319435997141 8.8698109579876867e-05 -0.00040054264107719067 0.00087226095800288007 0 -0.00096004057934624134 -0.00065343505417695259 0.00085776234920794032 -0.0004803199184089833 0.00073247931294143206 0.00032684924432477497 0.0016754957646276658 0.00047478922795912731 -0.00051742050529063246 -0.00050499303350525523 -0.00011893497347831725 -0.00019729744363576173 0 -0.00037050844762707128 -3.4116781749097358e-05
leaf_weight=28 27 68 24 128 22 32 399 181 75 48 59 22 24 74 104 242 28 47 21 20 32 25
leaf_count=28 27 68 24 128 22 32 399 181 75 48 59 22 24 74 104 242 28 47 21 20 32 25
internal_value=2.23254e-06 0.000493009 0.000229946 9.66749e-05 0.000730798 -0.000213309 -7.47876e-05 -0.000486069 -0.000176449 0.000860296 -0.000631609 -0.000100808 0.00116564 0.00139444 -0.000121079 -0.000200474 0.000238131 -0.000803438 0.000374803 0.000594606 1.24151e-05 0.000304649
internal_weight=1730 531 317 293 90 1199 805 394 203 214 309 81 125 98 773 641 132 228 89 68 85 53
internal_count=1730 531 317 293 90 1199 805 394 203 214 309 81 125 98 773 641 132 228 89 68 85 53
is_linear=0
shrinkage=0.03


Tree=25
num_leaves=21
num_cat=0
split_feature=25 15 19 20 9 34 11 26 34 20 34 29 24 19 28 28 29 34 19 23
split_gain=0.193659 0.0501008 0.0533651 0.0544219 0.0491434 0.0473236 0.0459349 0.0415748 0.0472585 0.0610488 0.0373613 0.0460997 0.0325422 0.0279304 0.0253965 0.0247305 0.0177207 0.0160393 0.00826061 0.0041934
threshold=0.41865117277375469 -0.35091116994600713 2.5204184205511591 -0.82764595938011032 1.3720606413876315 -0.85128589947146016 -1.7541638907343842 0.6667678631214925 -0.16194845189446752 0.53885201517972425 -0.40034062361320044 -0.36994711064310964 0.29474949756876084 -0.082989253502562282 -0.35998176068237664 -0.62038742646353973 -0.479308658909878 1.7627008590208046 0.24381926933571588 0.56640493449096152
decision_type=2 2 2 2 2 2 2 2 2 2 2 2 2 2 2 2 2 2 2 2
left_child=6 13 3 4 -3 -5 16 8 12 -10 18 -12 -8 19 15 -15 -1 -16 -9 -2
right_child=1 2 -4 5 -6 -7 7 10 9 -11 11 -13 -14 14 17 -17 -18 -19 -20 -21
leaf_value=0.0012844442360751007 0.0004135465120092373 0.0011077624466007863 0.0015128830940359169 0.00030058625080157069 -0.00038996830640360711 -0.00058587776802364832 -0.00023852460865443699 -0.00065441820668962053 -5.0077397609129547e-06 -0.00070165007606022166 -0.00051172684412085796 0.00059740450945593279 0.00033302218918217035 0.00026053980456897986 0 0.0016332673471082342 4.125522334197739e-05 0.0010797938067951926 -0.0015282195203104301 -8.1603321512894912e-06
leaf_weight=20 30 68 24 97 22 110 136 51 254 215 189 36 234 22 39 74 29 20 35 25
leaf_count=20 30 68 24 97 22 110 136 51 254 215 189 36 234 22 39 74 29 20 35 25
internal_value=2.32415e-06 0.000479409 0.000227173 9.91879e-05 0.000708623 -0.000157836 -0.000207135 -0.000247909 -0.000132394 -0.00033315 -0.000545744 -0.000315582 0.000114668 0.000842255 0.00105052 0.00136641 0.0006512 0.000446881 -0.00108327 0.00017963
internal_weight=1730 531 321 297 90 207 1199 1150 839 469 311 225 370 210 155 96 49 59 86 55
internal_count=1730 531 321 297 90 207 1199 1150 839 469 311 225 370 210 155 96 49 59 86 55
is_linear=0
shrinkage=0.03


Tree=26
num_leaves=23
num_cat=0
split_feature=25 17 32 25 26 21 20 29 29 30 17 34 10 32 32 17 20 23 35 35 11 32
split_gain=0.183172 0.0477403 0.0447437 0.0446151 0.0499606 0.0353937 0.0350105 0.0972333 0.0495287 0.0708075 0.0398938 0.0395113 0.0327328 0.0305235 0.0295338 0.020072 0.0388288 0.0277599 0.0130538 0.0127713 0.0086942 0.00716942
threshold=0.41865117277375469 1.804036238307291 -0.022976107513988746 -0.56153439211878931 0.87570349078791454 -0.79732937133262716 0.39673622582550128 -0.44548291902122833 -0.43120401529801689 -0.1329250838966137 -0.5608509174566586 -0.75894672822735221 -0.25955496709423759 -0.0032993258181397453 0.017891229826955939 0.80083325228547786 0.15623258230297044 -0.9936601962380941 0.1409662583672007 0.064725282300252401 0.87895327714807303 -0.011837237062685141
decision_type=2 2 2 2 2 2 2 2 2 2 2 2 2 2 2 2 2 2 2 2 2 2
left_child=2 6 5 12 13 19 8 -8 9 -2 -9 -10 21 -5 -6 17 -17 -7 -14 -1 -21 -4
right_child=1 -3 3 4 14 15 7 10 11 -11 -12 -13 18 -15 -16 16 -18 -19 -20 20 -22 -23
leaf_value=-0.00056368443748215213 0.0010682482450412442 -0.00059082343984011786 0.00016697552482946773 0.00065085178348817856 0 2.7154650727215291e-05 0.0014867657817833656 0.00050545173736119811 0.00041658639584404779 -0.00062261746188296981 -0.00047976627574579009 0.0013134170728284088 0.0002606683413648707 -0.00016530123402354427 -0.0011956679292056832 -0.0012736962935695909 7.7973856691918936e-05 -0.00055947796957617516 -0.00029332231203320396 0.00037001420921968438 -0.00020050924609781108 0.00090152789258076251
leaf_weight=21 36 31 30 45 27 88 39 52 89 48 103 133 80 273 61 70 20 251 68 75 25 65
leaf_count=21 36 31 30 45 27 88 39 52 89 48 103 133 80 273 61 70 20 251 68 75 25 65
internal_value=2.56073e-06 0.000466591 -0.0002011 -2.70208e-05 -0.000223084 -0.000399827 0.000541248 0.000199943 0.00074388 7.94045e-05 -0.000126933 0.000977559 0.000287088 -3.54587e-05 -0.000844604 -0.000527368 -0.000948241 -0.000399521 0 2.99873e-05 0.000196571 0.000712389
internal_weight=1730 531 1199 649 406 550 500 194 306 84 155 222 243 318 88 429 90 339 148 121 100 95
internal_count=1730 531 1199 649 406 550 500 194 306 84 155 222 243 318 88 429 90 339 148 121 100 95
is_linear=0
shrinkage=0.03


Tree=27
num_leaves=24
num_cat=0
split_feature=25 17 32 25 26 29 24 34 35 31 30 19 10 32 32 29 34 35 34 23 29 34 9
split_gain=0.172752 0.0452133 0.042217 0.042139 0.0471767 0.0343777 0.0682096 0.0554261 0.0666484 0.0533659 0.0376155 0.0319605 0.030971 0.0288173 0.0278514 0.0262477 0.0228868 0.021489 0.0191133 0.0188053 0.0127509 0.00737145 0.00217709
threshold=0.41865117277375469 1.804036238307291 -0.022976107513988746 -0.56153439211878931 0.87570349078791454 -0.30093105100044182 0.18286297058859147 0.11236981448198093 0.16260836152903316 0.071179086396122401 -0.36225162197351329 -0.33639121641820063 -0.25955496709423759 -0.0032993258181397453 0.017891229826955939 -0.46141157219251311 1.2277664332403575 0.038673450494332372 1.1237664407903571 0.3922581292002762 -0.36994711064310964 0.013991826858466032 0.059480790313458418
decision_type=2 2 2 2 2 2 2 2 2 2 2 2 2 2 2 2 2 2 2 2 2 2 2
left_child=2 5 11 12 13 7 19 8 -2 -9 -8 16 21 -5 -6 -13 17 -1 -17 -7 -14 -4 -18
right_child=1 -3 3 4 14 6 10 9 -10 -11 -12 15 20 -15 -16 18 22 -19 -20 -21 -22 -23 -24
leaf_value=-0.0009156406149995745 0.0006122573224062632 -0.00057466268410687063 0.00043987949849339197 0.0006325465761110535 0 0.00098359123801014243 0.00021488351718737531 0.0017728937688047317 -0.00088392986751028462 0.00061360275378145521 -0.00099455027689929199 0.00080244149744510647 -0.00020706551823604968 -0.00016039609052139617 -0.0011614792992877482 -0.00033055924289028196 -0.00058005701555297344 -0.00026862969305219397 0.00052347568899393084 4.8529443430015813e-05 0.00035621813082660335 0.0012274949782026499 -0.0015530198472551999
leaf_weight=69 102 31 72 45 27 67 36 64 32 116 46 22 93 273 61 178 23 211 22 37 55 23 25
leaf_count=69 102 31 72 45 27 67 36 64 32 116 46 22 93 273 61 178 23 211 22 37 55 23 25
internal_value=2.59758e-06 0.000453284 -0.000195135 -2.59046e-05 -0.000216572 0.000526028 0.000176932 0.000719723 0.000221529 0.0010645 -0.000439441 -0.000388178 0.00027922 -3.39785e-05 -0.000820559 -9.19257e-05 -0.000576976 -0.000446689 -0.000215489 0.00068965 0 0.000692917 -0.00120718
internal_weight=1730 531 1199 649 406 500 186 314 134 180 82 550 243 318 88 222 328 280 200 104 148 95 48
internal_count=1730 531 1199 649 406 500 186 314 134 180 82 550 243 318 88 222 328 280 200 104 148 95 48
is_linear=0
shrinkage=0.03


Tree=28
num_leaves=21
num_cat=0
split_feature=25 15 19 20 34 9 11 26 34 24 34 10 24 30 34 34 20 24 19 25
split_gain=0.162963 0.0446594 0.0496534 0.0495253 0.0468809 0.0440897 0.0399095 0.0359631 0.0416831 0.0559878 0.0326707 0.0335395 0.0305684 0.0249848 0.0349693 0.0194842 0.014128 0.0127987 0.00718301 0.00329067
threshold=0.41865117277375469 -0.33560102241474782 2.4982958767989607 -0.82764595938011032 -0.85128589947146016 1.3720606413876315 -1.7541638907343842 0.6667678631214925 -0.16194845189446752 -0.26468313733208565 -0.40034062361320044 0.37915926641287578 0.29474949756876084 -0.086701526772786849 0.31421302978275828 2.1691391317083766 0.26555242026775733 1.0282278411054264 0.24381926933571588 -0.97145033075710507
decision_type=2 2 2 2 2 2 2 2 2 2 2 2 2 2 2 2 2 2 2 2
left_child=6 13 3 5 -5 -3 19 8 12 -10 18 -12 -8 14 16 17 -2 -15 -9 -1
right_child=1 2 -4 4 -6 -7 7 10 9 -11 11 -13 -14 15 -16 -17 -18 -19 -20 -21
leaf_value=0.00085474718080367899 0.00090174767803158839 0.0010213718733087863 0.0013245549727580509 0.00026294180848255601 -0.00063569997859880419 -0.0003942757818102837 -0.00023006345101978908 -0.00060188179498072705 0.00024463155388662405 -0.00049726657653650561 -2.0924638651400903e-05 -0.00082575651277632756 0.0003236162334515144 -0.00018539930774176566 0.0020678599823651641 0.0010699687819182874 0 0.00062794120341539382 -0.0014264738806768467 0.00012252195919398216
leaf_weight=27 74 68 29 95 103 22 136 51 115 354 156 69 234 49 26 22 21 22 35 22
leaf_count=27 74 68 29 95 103 22 136 51 115 354 156 69 234 49 26 22 21 22 35 22
internal_value=2.54488e-06 0.000440325 0.00019822 6.2009e-05 -0.000192119 0.000641511 -0.000189453 -0.000227605 -0.000119881 -0.000308597 -0.000504742 -0.000288515 0.000111845 0.000777433 0.00107174 0.000341739 0.000713551 4.13212e-05 -0.00100795 0.00060972
internal_weight=1730 531 317 288 198 90 1199 1150 839 469 311 225 370 214 121 93 95 71 86 49
internal_count=1730 531 317 288 198 90 1199 1150 839 469 311 225 370 214 121 93 95 71 86 49
is_linear=0
shrinkage=0.03


Tree=29
num_leaves=26
num_cat=0
split_feature=25 15 19 20 34 17 32 25 26 21 22 35 32 32 17 30 34 29 34 35 20 24 28 35 11
split_gain=0.154231 0.0422956 0.04699 0.0465376 0.0442255 0.0426947 0.0387156 0.0388997 0.0420459 0.032771 0.0333039 0.0285864 0.0269493 0.0254501 0.0242118 0.0234652 0.0330204 0.0205757 0.0184502 0.0163749 0.0133032 0.01213 0.0120849 0.0118665 0.00826573
threshold=0.41865117277375469 -0.33560102241474782 2.4982958767989607 -0.82764595938011032 -0.85128589947146016 -0.23970613283018918 -0.022976107513988746 -0.56153439211878931 0.87570349078791454 -0.79732937133262716 0.39847833494326274 0.14057453185143773 -0.0032993258181397453 0.017891229826955939 0.80083325228547786 -0.086701526772786849 0.31421302978275828 -0.36994711064310964 2.1691391317083766 0.55627526158904927 0.26555242026775733 1.0282278411054264 -0.59528101000895073 0.064725282300252401 0.87895327714807303
decision_type=2 2 2 2 2 2 2 2 2 2 2 2 2 2 2 2 2 2 2 2 2 2 2 2 2
left_child=6 15 3 5 -5 -3 9 11 12 23 14 22 -9 -10 -11 16 20 -13 21 -12 -2 -17 -8 -1 -25
right_child=1 2 -4 4 -6 -7 7 8 13 10 19 17 -14 -15 -16 18 -18 -19 -20 -21 -22 -23 -24 24 -26
leaf_value=-0.00052473802151143897 0.00087574924094989501 0.0015893232953445664 0.0012885436502401717 0.0002552950349968991 -0.00061716872197575855 0.00013054860964132502 0.00067689229526355613 0.00061192945812899783 0 -0.00051593956026086893 3.382879648096405e-05 -0.00054101129617386808 -0.00015480742264417524 -0.0011013748445548117 -0.0012973366138525307 -0.00018015821511149766 0.0020122417077935973 0.00044355284329503775 0.0010417216028273106 -0.00074236525986985918 0 0.00061136356137692928 7.3339164018493567e-05 0.00037303945456201642 -0.0001791846625731393
leaf_weight=21 74 26 29 95 103 64 110 45 27 231 120 51 273 61 52 49 26 24 22 26 21 22 58 75 25
leaf_count=21 74 26 29 95 103 64 110 45 27 231 120 51 273 61 52 49 26 24 22 26 21 22 58 75 25
internal_value=2.73696e-06 0.00042867 0.000192717 5.99181e-05 -0.000186074 0.000621905 -0.000183999 -2.17817e-05 -0.000205197 -0.000368833 -0.000491785 0.000271235 -3.22562e-05 -0.000775508 -0.00068211 0.000756867 0.00104259 -0.000182547 0.000332905 -9.64272e-05 0.000693124 3.94035e-05 0.000491009 4.42435e-05 0.000204659
internal_weight=1730 531 317 288 198 90 1199 649 406 550 429 243 318 88 283 214 121 75 93 146 95 71 168 121 100
internal_count=1730 531 317 288 198 90 1199 649 406 550 429 243 318 88 283 214 121 75 93 146 95 71 168 121 100
is_linear=0
shrinkage=0.03


Tree=30
num_leaves=24
num_cat=0
split_feature=25 11 20 29 29 28 32 25 26 34 21 22 10 19 33 32 17 23 23 29 11 34 11
split_gain=0.146265 0.0415277 0.0427642 0.0639159 0.041954 0.0537514 0.0366284 0.0367229 0.0396952 0.0308439 0.0308079 0.0326954 0.0275209 0.0262925 0.0257282 0.0240115 0.0240114 0.0159739 0.0122661 0.0114114 0.00913431 0.00711238 0.0063252
threshold=0.41865117277375469 1.692608310325318 0.39673622582550128 -0.45591056603589869 -0.43120401529801689 -0.53863142855068247 -0.022976107513988746 -0.56153439211878931 0.87570349078791454 -0.88203560144182236 -0.77901741173092909 0.39847833494326274 -0.25955496709423759 -0.99403061334933263 -1.6402731041564043 0.017891229826955939 0.80083325228547786 2.1736348249862449 -0.072133351574884638 -0.36994711064310964 0.1026369739959469 0.013991826858466032 0.45100447706742591
decision_type=2 2 2 2 2 2 2 2 2 2 2 2 2 2 2 2 2 2 2 2 2 2 2
left_child=6 2 4 -4 5 -2 10 12 13 -5 18 16 21 -9 -6 -10 -12 -13 22 -14 -20 -8 -1
right_child=1 -3 3 9 14 -7 7 8 15 -11 11 17 19 -15 -16 -17 -18 -19 20 -21 -22 -23 -24
leaf_value=0.00041533643223478321 0.00095043694661357076 -0.00046015109291433221 0.0012615105191270183 0.00062208491116762168 1.6132215620018535e-05 -0.00054577054947297623 0.00040708790271542963 -0.00085260692526935604 0 -0.00031626065484349108 -0.00050715986690205814 7.489160133885558e-05 -0.00019542702032777015 4.9215591941204253e-05 0.0010923909459794351 -0.0010698824105638777 -0.0012935634181032785 -0.0005987729950242542 -0.000783464385257305 0.00033743110780226838 0 0.0011742026006193974 -3.4669540399177497e-05
leaf_weight=60 36 39 35 37 29 44 72 29 27 133 223 107 93 289 178 61 51 39 20 55 20 23 30
leaf_count=60 36 39 35 37 29 44 72 29 27 133 223 107 93 289 178 61 51 39 20 55 20 23 30
internal_value=3.03396e-06 0.000417861 0.000495887 0.000143314 0.000733292 0.000101395 -0.000178769 -2.08548e-05 -0.000199189 -8.74454e-05 -0.000358558 -0.00048317 0.000263703 -3.088e-05 0.000958281 -0.00075336 -0.000676789 -9.33583e-05 2.32956e-05 0 -0.000370321 0.000653682 0.000236797
internal_weight=1730 531 492 205 287 80 1199 649 406 170 550 420 243 318 207 88 274 146 130 148 40 95 90
internal_count=1730 531 492 205 287 80 1199 649 406 170 550 420 243 318 207 88 274 146 130 148 40 95 90
is_linear=0
shrinkage=0.03


Tree=31
num_leaves=23
num_cat=0
split_feature=25 26 11 33 35 29 11 10 15 17 26 34 29 22 34 29 23 15 14 15 29 15
split_gain=0.138082 0.0413898 0.0736577 0.0659359 0.0553996 0.0365976 0.0351621 0.03136 0.0309043 0.0285138 0.027736 0.0351758 0.0517021 0.0301409 0.0294627 0.0456063 0.0275319 0.0219938 0.0154159 0.0150665 0.0149924 0.00746602
threshold=0.39887799897373372 0.24313619827454427 -0.45498126578007286 -0.076996623875662071 0.16932659783966361 -0.32032223863872689 -1.7541638907343842 -0.1053500305872683 0.13555013266620689 0.088820969293433152 0.6667678631214925 -0.16194845189446752 -0.30093105100044182 1.7945337364515745 -0.40034062361320044 -0.36994711064310964 0.6534783371363041 -0.12377123365425456 1.2572791509424577 -0.7362669407745962 -0.479308658909878 -0.22427747248139815
decision_type=2 2 2 2 2 2 2 2 2 2 2 2 2 2 2 2 2 2 2 2 2 2
left_child=6 4 17 -4 5 16 20 -7 19 -5 11 13 -13 -8 21 -16 -2 -3 -10 -6 -1 -12
right_child=1 2 3 9 8 7 10 -9 18 -11 14 12 -14 -15 15 -17 -18 -19 -20 -21 -22 -23
leaf_value=0.001151567605121628 0.00056320497618576914 0 -0.00047916507190338487 0.0018048521265515991 -0.00012057888236876319 -0.00053492440490259061 0 0.00061769361754592791 -0.0010389021883408229 0.00036530735513661054 -0.00018534698171298138 -6.4982189814128441e-05 -0.00075659210031782907 0.00079861986631294703 -0.00044715603933445885 0.00067154849721363897 0.0014754241071232071 -0.0012352651834215333 0 0.00064998455781520141 7.9448644019066648e-06 -0.0011076787944355815
leaf_weight=20 74 20 35 26 26 24 318 75 24 37 20 319 145 45 189 35 88 38 20 58 29 65
leaf_count=20 74 20 35 26 26 24 318 75 24 37 20 319 145 45 189 35 88 38 20 58 29 65
internal_value=2.9125e-06 0.000398542 0 0.000482621 0.000563093 0.000811998 -0.000177065 0.000301345 2.56862e-05 0.00105989 -0.000213428 -0.000117077 -0.000291006 9.76125e-05 -0.000458078 -0.000252578 0.00109473 -0.000837313 -0.000569944 0.000381061 0.000571929 -0.000938467
internal_weight=1730 545 156 98 389 261 1185 99 128 63 1136 827 464 363 309 224 162 58 44 84 49 85
internal_count=1730 545 156 98 389 261 1185 99 128 63 1136 827 464 363 309 224 162 58 44 84 49 85
is_linear=0
shrinkage=0.03


Tree=32
num_leaves=25
num_cat=0
split_feature=25 26 23 17 16 15 29 32 34 29 26 19 15 21 19 32 15 34 33 15 22 23 8 29
split_gain=0.13013 0.0389844 0.0551204 0.038024 0.0368442 0.0443863 0.0405716 0.033525 0.0298389 0.06605 0.0395146 0.0440484 0.0302546 0.0270697 0.0248462 0.0220221 0.0218753 0.018266 0.0178009 0.0176299 0.0174097 0.0111453 0.0102893 0.00934846
threshold=0.39887799897373372 0.24313619827454427 -0.9936601962380941 0.16643453232787883 -0.38315057638727584 -0.55904614564405575 -0.32032223863872689 -0.072712778460433156 0.32542031051879822 -0.30093105100044182 0.92357063565350583 0.27800886785720808 0.42776808357278945 -0.77901741173092909 -1.0191697304907386 -0.60825113657869989 -0.12377123365425456 -0.64011894683270243 1.1654017087782196 0.66816703153892776 0.55327389700646956 -0.072133351574884638 -0.20129343328121302 -0.26768085280682402
decision_type=2 2 2 2 2 2 2 2 2 2 2 2 2 2 2 2 2 2 2 2 2 2 2 2
left_child=7 4 3 -3 6 17 22 13 10 14 12 -12 -9 21 -10 -15 -4 -6 -7 -18 -17 23 -2 -1
right_child=1 2 16 -5 5 18 -8 8 9 -11 11 -13 -14 15 -16 20 19 -19 -20 -21 -22 -23 -24 -25
leaf_value=0.00066151277156313885 0.0015819030241663789 0.0013285978922553891 2.8413775591041864e-05 -5.8262482149681646e-06 0.00010549554055323824 0.00011590213230053007 5.1771814991697301e-05 -0.00011946326186668478 -2.0325604844838371e-05 -0.00081907380689235948 -0.00019946551121511431 -0.0015103385310015966 0.00051500922802370037 6.0157975982647476e-05 0.00099601319166294357 -0.00081261236958234801 -0.0012308705229998418 0.0010278773569253434 -0.00075614607000723489 0 -0.00020698263766897115 -0.00033872641128702806 0.00059026128983618144 -5.5709173902869164e-06
leaf_weight=29 60 32 35 33 37 126 38 483 22 28 83 34 75 38 75 177 35 75 22 21 79 36 31 26
leaf_count=29 60 32 35 33 37 126 38 483 22 28 83 34 75 38 75 177 35 75 22 21 79 36 31 26
internal_value=2.85337e-06 0.000386971 0 0.000636635 0.000546667 0.00031727 0.000968571 -0.000171814 -5.62084e-05 0.000357731 -0.000138532 -0.000633638 -2.65391e-05 -0.00040201 0.000741809 -0.000541334 -0.000484303 0.00075995 -6.30647e-06 -0.000840749 -0.000641864 1.91119e-05 0.00130563 0.000310463
internal_weight=1730 545 156 65 389 260 129 1185 800 125 675 117 558 385 97 294 91 112 148 56 256 91 91 55
internal_count=1730 545 156 65 389 260 129 1185 800 125 675 117 558 385 97 294 91 112 148 56 256 91 91 55
is_linear=0
shrinkage=0.03


Tree=33
num_leaves=24
num_cat=0
split_feature=25 34 22 20 26 34 20 9 22 35 35 34 30 34 22 30 17 28 8 34 24 15 35
split_gain=0.123877 0.040805 0.0380264 0.0364396 0.0326872 0.0315779 0.0701441 0.0434775 0.0413748 0.0369908 0.0309077 0.0292666 0.0376906 0.0391361 0.0263831 0.0254779 0.0239533 0.0209331 0.0136849 0.0126744 0.00805779 0.00552282 0.00396588
threshold=0.51188843867670775 1.0970406982598586 1.3270937795258004 1.3696827837121035 0.6667678631214925 -0.16789148938824758 0.53885201517972425 0.82722247383411263 1.7945337364515745 0.26813195740637352 0.053060286125795636 -0.40034062361320044 -0.13535210355025917 0.047549279135842303 0.79816726708571872 -0.15590577334368363 -0.88892608003300855 0.46829248765790082 1.0007571835215694 0.41962653756192753 1.413614767370454 -0.22427747248139815 -0.51009462931542338
decision_type=2 2 2 2 2 2 2 2 2 2 2 2 2 2 2 2 2 2 2 2 2 2 2
left_child=4 2 10 19 5 8 7 -7 14 -8 18 21 13 -13 -1 -12 -14 -3 -2 -4 -10 -6 -19
right_child=1 17 3 -5 11 6 9 -9 20 -11 15 12 16 -15 -16 -17 -18 22 -20 -21 -22 -23 -24
leaf_value=9.5078584060606276e-05 0.00021518208188618616 0.0017918390532762837 -0.00090036414023083829 0.00058689349674386903 -0.00016880770651218682 0.00026524017054349358 -0.00079537357061041703 -0.0006711562426479638 0.00018570640865389417 0 0.0010225794732612141 -6.6934546797476228e-05 0.00024333995618908375 0.0013276415267027913 -0.00091294396935962137 0.0002582166392671605 -0.00064443866427309866 0.00079787204892284443 -0.0006211668475298211 0 0.001204966928033779 -0.00099474108653608705 5.5186110665090369e-05
leaf_weight=329 63 26 43 29 20 255 180 50 20 69 98 59 27 21 22 90 133 28 21 21 33 72 21
leaf_count=329 63 26 43 29 20 255 180 50 20 69 98 59 27 21 22 90 133 28 21 21 33 72 21
internal_value=2.72071e-06 0.000437354 0.000290016 -0.000206904 -0.000143877 -5.08997e-05 -0.000199833 9.69503e-05 0.000145928 -0.000572094 0.000471232 -0.000400353 -0.000204239 0.000297752 1.62217e-05 0.000682171 -0.0004745 0.0010772 0 -0.000621543 0.000904465 -0.00085777 0.000558817
internal_weight=1730 440 365 93 1290 958 554 305 404 249 272 332 240 80 351 188 160 75 84 64 53 92 49
internal_count=1730 440 365 93 1290 958 554 305 404 249 272 332 240 80 351 188 160 75 84 64 53 92 49
is_linear=0
shrinkage=0.03


Tree=34
num_leaves=25
num_cat=0
split_feature=25 34 22 20 26 34 20 11 11 11 24 14 14 34 17 31 34 35 30 14 34 11 34 33
split_gain=0.117172 0.0388442 0.0358424 0.0344953 0.0308255 0.029803 0.0659806 0.0425471 0.042245 0.04084 0.0488873 0.02959 0.0388653 0.0277225 0.0355582 0.0275117 0.0253365 0.0241135 0.0193708 0.0136516 0.011965 0.00530358 0.00434567 0.00106705
threshold=0.51188843867670775 1.0970406982598586 1.3270937795258004 1.3696827837121035 0.6667678631214925 -0.16789148938824758 0.53885201517972425 0.017719467899588764 0.54026033013988717 -0.011526454122850823 0.94120498678751685 0.41641676774504516 1.3224835619347444 -0.40034062361320044 -0.88892608003300855 -0.11500504958411863 0.047549279135842303 0.053060286125795636 0.40466294999814989 -0.036101415845595265 0.41962653756192753 0.51052466058978396 -1.0860354931296829 1.9693649380006113
decision_type=2 2 2 2 2 2 2 2 2 2 2 2 2 2 2 2 2 2 2 2 2 2 2 2
left_child=4 2 11 20 5 9 8 -8 -7 19 -11 17 -13 21 16 -16 -15 -2 -3 -1 -4 -6 -23 -20
right_child=1 18 3 -5 13 6 7 -9 -10 10 -12 12 -14 14 15 -17 -18 -19 23 -21 -22 22 -24 -25
leaf_value=0.00055241220750022453 0 0.0017623919284503373 -0.00087511479334257856 0.00057093732344219456 -0.0011284132749588022 0.00031177698123984122 -0.000883723761143424 -5.6837944755609205e-05 -0.00047285327406148474 -0.0005195110607692186 0.00048986439553222482 -0.00039397976839734215 0.00081514092252394678 -0.00021647554708295502 5.7271042013513471e-05 -0.00066263230813108382 0.00098155169087455266 0.00088915095497669875 0.00016944461253782112 0 0 -0.00072469315753103444 -8.6064661025173073e-06 0.00075852555136099974
leaf_weight=166 43 25 43 29 45 225 145 104 80 125 60 64 34 22 65 122 31 131 24 53 21 23 24 26
leaf_count=166 43 25 43 29 45 225 145 104 80 125 60 64 34 22 65 122 31 131 24 53 21 23 24 26
internal_value=2.93304e-06 0.000425682 0.000281679 -0.000200124 -0.000139593 -4.9201e-05 -0.000193958 -0.000555051 9.36309e-05 0.000141898 -0.000173596 0.000457708 7.5601e-06 -0.000388692 -0.000197423 -0.000399656 0.00044573 0.000689865 0.00105025 0.000420668 -0.000604208 -0.000834087 -0.000441488 0.000557967
internal_weight=1730 440 365 93 1290 958 554 249 305 404 185 272 98 332 240 187 53 174 75 219 64 92 47 50
internal_count=1730 440 365 93 1290 958 554 249 305 404 185 272 98 332 240 187 53 174 75 219 64 92 47 50
is_linear=0
shrinkage=0.03


Tree=35
num_leaves=15
num_cat=0
split_feature=25 17 11 19 20 29 11 19 26 21 34 29 33 18
split_gain=0.111422 0.0353725 0.0308941 0.0242503 0.043602 0.0408173 0.0383448 0.0230373 0.0213686 0.0352028 0.0343252 0.0134444 0.012602 0.00790921
threshold=0.39887799897373372 1.804036238307291 -1.7541638907343842 2.68633598028998 0.39673622582550128 -0.43120401529801689 -0.71403575873187985 -1.389217564979176 0.97820161620662593 0.045017523036989894 0.22710481009516323 -0.479308658909878 -0.045296330036560778 0.42627881977245613
decision_type=2 2 2 2 2 2 2 2 2 2 2 2 2 2
left_child=2 3 11 4 5 -2 -6 12 9 -9 -10 -1 -4 -14
right_child=1 -3 7 -5 6 -7 -8 8 10 -11 -12 -13 13 -15
leaf_value=0.0010920677021469759 0 -0.00054888598194263651 0 0.0014299649011505686 -0.00057589321521305426 0.00079309617937132224 0.00031355415566847655 -0.00017861494220912272 -0.00077729179861383852 0.00029139377281655997 4.3053578425730974e-05 3.6542207872116653e-06 -0.00097160262140338688 -0.00010725078344810753
leaf_weight=20 84 31 22 20 64 224 122 683 107 175 67 29 60 22
leaf_count=20 84 31 22 20 64 224 122 683 107 175 67 29 60 22
internal_value=2.91448e-06 0.000358472 -0.000158579 0.000421866 0.000366631 0.000583943 0 -0.000192824 -0.000145073 -7.85851e-05 -0.000449087 0.000542971 -0.000621275 -0.000786967
internal_weight=1730 545 1185 514 494 308 186 1136 1032 858 174 49 104 82
internal_count=1730 545 1185 514 494 308 186 1136 1032 858 174 49 104 82
is_linear=0
shrinkage=0.03


Tree=36
num_leaves=15
num_cat=0
split_feature=34 19 34 22 29 22 35 16 11 15 29 19 14 34
split_gain=0.0694911 0.0504526 0.0623869 0.0601702 0.104128 0.0628269 0.0397068 0.0429063 0.0341071 0.0236142 0.0179149 0.0171486 0.0141841 0.00970734
threshold=1.7627008590208046 -0.11717808377263535 1.0547062819726116 1.1248145932554827 -0.46141157219251311 1.7728186644056396 0.010103931303463957 0.49396442646141098 0.92133746652965554 -1.004579313387673 1.0621903391360681 0.17946395803901735 -0.52458386820341196 1.2277664332403575
decision_type=2 2 2 2 2 2 2 2 2 2 2 2 2 2
left_child=1 2 8 6 -5 -6 11 -8 9 -1 -10 -3 -4 -14
right_child=-2 3 12 4 5 -7 7 -9 10 -11 -12 -13 13 -15
leaf_value=-0.0004991922845445216 0.0010345871819942994 0.00015517899467815441 -0.00023318659688967666 0.0013597932680742815 -0.00082338593831592967 2.5310953640887005e-05 0.00076583896895848552 9.5330062895646167e-05 -0.00076962625504529568 7.5464752213864975e-05 0 -0.00053114146020324937 -0.00043636880391825214 -0.0013844055369123815
leaf_weight=70 54 74 39 32 138 162 219 160 85 535 34 50 31 47
leaf_count=70 54 74 39 32 138 162 219 160 85 535 34 50 31 47
internal_value=2.9034e-06 -3.03394e-05 -0.000195456 0.000132488 -0.000174114 -0.000359476 0.000340619 0.0004936 -8.54391e-05 1.90625e-06 -0.000543223 -0.000103951 -0.000832089 -0.00107478
internal_weight=1730 1676 841 835 332 300 503 379 724 605 119 124 117 78
internal_count=1730 1676 841 835 332 300 503 379 724 605 119 124 117 78
is_linear=0
shrinkage=0.03


Tree=37
num_leaves=25
num_cat=0
split_feature=25 11 32 35 29 33 33 19 22 26 22 19 14 14 31 11 29 17 35 16 11 33 19 26
split_gain=0.101543 0.0317178 0.0275363 0.0335916 0.0554283 0.0334172 0.0378722 0.0287654 0.0282451 0.0260169 0.0232906 0.0448638 0.0273097 0.0272852 0.0252686 0.0198161 0.0289458 0.0183015 0.0149305 0.0301965 0.0136379 0.00790556 0.00776031 0.00352754
threshold=0.51188843867670775 1.6259130293345041 -0.022976107513988746 0.13969454408301626 -0.1577464196216867 -0.024090542400860396 -0.84609192714064474 -0.25594573486847222 1.7945337364515745 -0.23717046340472217 -0.29119235323563936 2.68633598028998 0.41641676774504516 1.3224835619347444 0.071179086396122401 0.40971216441583502 -0.4150512223729122 0.39653007075830204 0.03504192288878661 -0.52473182385979611 -0.71403575873187985 1.3735811537941807 0.97989335229273899 -0.35590922725997282
decision_type=2 2 2 2 2 2 2 2 2 2 2 2 2 2 2 2 2 2 2 2 2 2 2 2
left_child=2 10 7 4 17 6 -5 18 -6 -7 12 20 14 -14 -2 16 -9 -4 21 -20 -12 -1 -17 -3
right_child=1 23 3 5 8 9 -8 15 -10 -11 11 -13 13 -15 -16 22 -18 -19 19 -21 -22 -23 -24 -25
leaf_value=-0.00092374496207935954 0.0010691520815458073 0 0.00057419396635733971 0.00025306692154515749 -0.00052642614046416643 -0.00013632663383927697 -0.0006325387815653324 0.00073074949475152311 0.000452072564890841 0.00099537741239182661 -0.000490451521504782 0.0013180520567111669 -0.00027200478216742768 0.00087756664685106705 0.00022413393789902329 -0.00049905744577363981 -0.00010809758561539483 0 0.00027208829248235721 -0.00048536890327027928 0.00014440784038620031 -7.5068118083436265e-05 0 -0.00057899767100752801
leaf_weight=79 133 21 198 50 110 36 176 54 29 27 46 21 48 25 57 75 91 70 55 191 68 21 28 21
leaf_count=79 133 21 198 50 110 36 176 54 29 27 46 21 48 25 57 75 91 70 55 191 68 21 28 21
internal_value=2.72899e-06 0.000396391 -0.000129831 0 0.000173535 -0.000247491 -0.000422759 -0.00027932 -0.000295914 0.000326433 0.00048231 0.000129377 0.000648693 0.000101311 0.000838615 -1.92225e-05 0.00019251 0.000428669 -0.000455384 -0.000302733 -9.21296e-05 -0.000782026 -0.000342608 -0.000329003
internal_weight=1730 440 1290 696 407 289 226 594 139 63 398 135 263 73 190 248 145 268 346 246 114 100 103 42
internal_count=1730 440 1290 696 407 289 226 594 139 63 398 135 263 73 190 248 145 268 346 246 114 100 103 42
is_linear=0
shrinkage=0.03


Tree=38
num_leaves=26
num_cat=0
split_feature=25 34 35 26 23 34 32 35 29 33 34 19 11 23 29 34 29 34 28 10 3 29 14 33 33
split_gain=0.0957707 0.0342731 0.0287958 0.0389006 0.0292545 0.0277627 0.0260295 0.0315607 0.0521428 0.0314534 0.0478395 0.0271957 0.0269149 0.0253497 0.0229303 0.0226069 0.0225958 0.0184965 0.0212975 0.0165093 0.01641 0.0163165 0.0163151 0.0110935 0.00222126
threshold=0.51188843867670775 1.0970406982598586 0.06971084140451439 -0.032248540431998839 0.12740986282069228 0.56290910467534261 -0.022976107513988746 0.13969454408301626 -0.1577464196216867 -0.024090542400860396 -1.3166276479954191 -0.24186789060873073 0.78451784196069274 -0.44219531281759078 -0.37601651237407069 1.1500403876509135 -0.43120401529801689 1.2277664332403575 0.54597330143721956 0.31549463859920146 0.26338633500174558 -0.46295773958711278 -0.41036242686131502 -1.6134589311142766 1.6550508586400887
decision_type=2 2 2 2 2 2 2 2 2 2 2 2 2 2 2 2 2 2 2 2 2 2 2 2 2
left_child=6 2 3 23 16 -6 11 8 19 10 -9 17 -10 -11 24 21 -4 18 -1 -8 -5 -13 -19 -2 -3
right_child=1 14 4 20 5 -7 7 9 12 13 -12 15 -14 -15 -16 -17 -18 22 -20 -21 -22 -23 -24 -25 -26
leaf_value=-0.00044012599823887831 -0.00010562732078782889 0.0016302960939224688 1.8222813102901062e-05 -0.00014529553539746715 -0.00033065117199657833 0.00077436728714965278 0.00051338993531103191 0.00044040773101150987 -0.00065801342548265892 0.00094157284957964286 -0.00062390395603827468 0.00059658247888412161 0.00013792532244339014 -0.00016877760122391722 0 0.00076150240938195244 0.00094943320391300526 -8.781361050205304e-05 0.00019228088730761675 -9.4179325612125581e-05 -0.0012316594230942425 -0.00022596282889146999 -0.0013529904792840414 0.00060244925748556837 0.00068022500243969267
leaf_weight=250 20 28 39 41 61 27 230 42 77 29 184 20 62 34 20 26 102 20 50 38 23 194 34 52 27
leaf_count=250 20 28 39 41 61 27 230 42 77 29 184 20 62 34 20 26 102 20 50 38 23 194 34 52 27
internal_value=2.75108e-06 0.000385107 0.000249495 -7.70566e-05 0.00045485 0 -0.000125936 0 0.000168494 -0.00023961 -0.000409833 -0.000271275 -0.00028645 0.000316448 0.00097164 -1.11511e-05 0.000718443 -0.000437651 -0.000323964 0.000416083 -0.000618151 -0.00012808 -0.000966322 0.000369404 0.00127493
internal_weight=1730 440 365 136 229 88 1290 696 407 289 226 594 139 63 75 240 141 354 300 268 64 214 54 72 55
internal_count=1730 440 365 136 229 88 1290 696 407 289 226 594 139 63 75 240 141 354 300 268 64 214 54 72 55
is_linear=0
shrinkage=0.03


Tree=39
num_leaves=25
num_cat=0
split_feature=25 26 35 23 33 8 28 35 21 22 29 34 24 33 34 15 30 28 35 15 15 14 15 34
split_gain=0.0907057 0.0280634 0.0484602 0.040889 0.0300428 0.0280113 0.0262466 0.0430184 0.0364039 0.0366169 0.0468425 0.0313305 0.047464 0.0266887 0.0301951 0.0251308 0.0209296 0.0204997 0.019593 0.0183535 0.0147644 0.0139816 0.0129967 0.0112179
threshold=0.39887799897373372 0.24313619827454427 0.16932659783966361 -0.9936601962380941 -1.6134589311142766 0.58697458642270883 -0.57732315837351733 0.13969454408301626 -0.77901741173092909 0.45130518293864702 -0.30093105100044182 -0.041912238399401669 0.29474949756876084 -0.9104879307638315 -0.31585546425449335 0.13555013266620689 0.85079552067350683 -0.34613081285488978 0.75205850345703806 -0.12377123365425456 0.66816703153892776 1.2572791509424577 -0.7362669407745962 -0.092206338176236205
decision_type=2 2 2 2 2 2 2 2 2 2 2 2 2 2 2 2 2 2 2 2 2 2 2 2
left_child=6 2 4 5 -2 -3 7 11 16 18 -11 12 -1 -9 -15 22 23 -6 -10 -5 -21 -17 -4 -8
right_child=1 3 15 19 17 -7 8 13 9 10 -12 -13 -14 14 -16 21 -18 -19 -20 20 -22 -23 -24 -25
leaf_value=-0.00023586200374722149 -0.00013751103198756612 0.0010479667038016485 -0.00018150854052510112 4.2406750210303514e-05 0.0010226990573335972 -9.944684790971222e-05 0.00024205030651064589 0.0003341429382930265 -0.00062683175916627574 0.00032996994532110942 -0.0006080721475121277 0.0010523821063248848 0.00061465202414264528 -0.0011292590890056452 -0.00013981166593783138 -0.0010229579665594632 0.00069002830413668304 0.00034577590961776239 0 -0.0011052954094729532 0 0 0.00053849798641320251 -0.00027945992303227358
leaf_weight=130 28 38 26 35 151 27 57 35 324 120 75 38 100 47 84 24 40 82 49 35 21 20 58 86
leaf_count=130 28 38 26 35 151 27 57 35 324 120 75 38 100 47 84 24 40 82 49 35 21 20 58 86
internal_value=2.84448e-06 0.000323812 0.000459361 0 0.000691757 0.000543871 -0.000142693 3.69749e-05 -0.000250235 -0.000369526 -1.94107e-05 0.000277074 0.000124204 -0.000330942 -0.000534527 0 0.000103883 0.000804604 -0.000542969 -0.00042132 -0.000749416 -0.000577421 0.000282582 -5.0335e-05
internal_weight=1730 545 389 156 261 65 1185 434 751 568 195 268 230 166 131 128 183 233 373 91 56 44 84 143
internal_count=1730 545 389 156 261 65 1185 434 751 568 195 268 230 166 131 128 183 233 373 91 56 44 84 143
is_linear=0
shrinkage=0.03


Tree=40
num_leaves=14
num_cat=0
split_feature=34 19 34 22 29 26 11 11 15 20 29 33 34
split_gain=0.0605441 0.0400457 0.0555485 0.0501444 0.0927712 0.0618538 0.0296923 0.0239916 0.0206529 0.0198809 0.0158398 0.0127115 0.0176341
threshold=1.7627008590208046 -0.11717808377263535 1.0547062819726116 1.1248145932554827 -0.46141157219251311 -0.049566932906661663 0.92133746652965554 1.6259130293345041 -1.004579313387673 -1.0353536515132049 1.0621903391360681 1.2632261672234775 1.2494469127193784
decision_type=2 2 2 2 2 2 2 2 2 2 2 2 2
left_child=1 2 6 7 -5 -6 8 9 -1 -3 -8 -4 -13
right_child=-2 3 11 4 5 -7 10 -9 -10 -11 -12 12 -14
leaf_value=-0.00045795941147921374 0.00096580756159107156 0.0008245325954362319 -0.0011830318671760751 0.0012840923254644231 0.00015053134609070183 -0.00070084113539150769 -0.00071217322967012556 -0.00041897739712689404 7.8738005492572465e-05 0.00026473428154691591 0 0.000136092280710323 -0.00075952563144164739
leaf_weight=70 54 75 48 32 125 175 85 32 535 396 34 24 45
leaf_count=70 54 75 48 32 125 175 85 32 535 396 34 24 45
internal_value=2.72744e-06 -2.81861e-05 -0.000175432 0.000116635 -0.000162801 -0.000338223 -7.14537e-05 0.000306874 9.75331e-06 0.000364858 -0.000498991 -0.000775978 -0.000413649
internal_weight=1730 1676 841 835 332 300 724 503 605 471 119 117 69
internal_count=1730 1676 841 835 332 300 724 503 605 471 119 117 69
is_linear=0
shrinkage=0.03


Tree=41
num_leaves=24
num_cat=0
split_feature=25 13 32 35 29 17 29 22 21 22 25 35 35 17 26 20 35 31 29 17 14 20 25
split_gain=0.0822659 0.0270889 0.0227593 0.0276771 0.0475072 0.0290931 0.0318355 0.0256535 0.0231383 0.0260928 0.0290557 0.0208028 0.0168558 0.0159124 0.0157334 0.0415288 0.0348176 0.0246128 0.0104841 0.0102773 0.0071646 0.00669489 0.00288401
threshold=0.51188843867670775 1.8461884331874405 -0.022976107513988746 0.13969454408301626 -0.1577464196216867 -0.281371027997463 -0.39024475503445205 1.7945337364515745 -0.79732937133262716 -0.71614973284972916 -0.7342688988527023 0.30584432742610601 0.31257191140313029 0.39653007075830204 0.24313619827454427 -1.6584767279124895 0.16932659783966361 -1.6303657461409002 -0.43120401529801689 1.0000000180025095e-35 0.14063723806480924 0.41860019341845867 -1.3091216660059863
decision_type=2 2 2 2 2 2 2 2 2 2 2 2 2 2 2 2 2 2 2 2 2 2 2
left_child=2 14 8 4 13 12 -7 -6 21 11 -11 -10 -5 -4 16 19 17 -2 -18 -16 -17 22 -1
right_child=1 -3 3 5 7 6 -8 -9 9 10 -12 -13 -14 -15 15 20 18 -19 -20 -21 -22 -23 -24
leaf_value=0 -6.6527195856906467e-05 -0.00035588035102846334 0.00053128931259670384 -0.0009339658943081303 -0.00049522639446725972 -0.00033346184651932481 0.00040958899006263573 0.0004361733321363772 -0.0009627920433626664 -0.00057342551590053726 -1.2008943739288456e-06 0 0 0 0.0011847740381157822 -0.00055649255485015758 -0.00034670023462508414 0.00088857177073557421 0.00032890600585378703 0.00021070459058194368 0 -0.00028958320576283672 0.00029667708816123197
leaf_weight=20 21 37 198 61 110 124 84 29 87 127 235 20 20 70 25 43 35 176 42 32 29 24 81
leaf_count=20 21 37 198 61 110 124 84 29 87 127 235 20 20 70 25 43 35 176 42 32 29 24 81
internal_value=2.64925e-06 0.000357143 -0.000116491 0 0.000159046 -0.000223132 -1.76086e-05 -0.000274669 -0.000252391 -0.000349992 -0.000213236 -0.000766957 -0.000695706 0.000395616 0.000432142 0.000123983 0.00056348 0.000772288 0 0.000725806 -0.000322435 8.99924e-05 0.000214786
internal_weight=1730 440 1290 696 407 289 208 139 594 469 362 107 81 268 403 129 274 197 77 57 72 125 101
internal_count=1730 440 1290 696 407 289 208 139 594 469 362 107 81 268 403 129 274 197 77 57 72 125 101
is_linear=0
shrinkage=0.03


Tree=42
num_leaves=19
num_cat=0
split_feature=25 34 30 33 33 10 11 26 34 29 22 29 29 22 34 34 29 33
split_gain=0.077536 0.0297984 0.0261624 0.0388025 0.0390662 0.0340173 0.022471 0.0232609 0.0295049 0.0440328 0.0346731 0.0211587 0.0204267 0.018727 0.0161554 0.0122244 0.0113716 0.00272619
threshold=0.51188843867670775 1.0970406982598586 -0.19063510622690119 -0.076996623875662071 0.26811477722863675 1.8075921521932423 -1.7541638907343842 0.6667678631214925 -0.16789148938824758 -0.30093105100044182 1.7945337364515745 -0.37601651237407069 -0.48592092376501522 -0.17066712305583637 -0.39065065730605097 -0.56582774745453068 -0.479308658909878 1.6550508586400887
decision_type=2 2 2 2 2 2 2 2 2 2 2 2 2 2 2 2 2 2
left_child=6 2 5 15 -5 14 16 8 10 -10 -8 17 -9 -14 -2 -4 -1 -3
right_child=1 11 3 4 -6 -7 7 12 9 -11 -12 -13 13 -15 -16 -17 -18 -19
leaf_value=0.00098928631639674954 0.00044758610532474223 0.00153182483752889 -0.00012689109465047237 0.00089143035755237944 -0.00010469417011518089 -0.00054044569505419093 8.651644181604244e-06 0.00041558358326554298 -1.3214890203051965e-05 -0.00061240598754824002 0.00082304370287913887 0 -6.03616611288354e-05 -0.00060158176319465148 0.0013453201428987086 -0.0011996875416057614 0 0.00060628345789737073
leaf_weight=20 124 28 28 50 93 20 346 22 358 164 53 20 100 198 27 23 29 27
leaf_count=20 124 28 28 50 93 20 346 22 358 164 53 20 100 198 27 23 29 27
internal_value=2.37919e-06 0.000346583 0.000219681 -4.72249e-06 0.000234213 0.0004872 -0.000113235 -0.000140416 -5.94508e-05 -0.000209605 0.000129627 0.00089351 -0.000361441 -0.000432343 0.000650669 -0.000706028 0.000485865 0.00118405
internal_weight=1730 440 365 194 143 171 1290 1241 921 522 399 75 320 298 151 51 49 55
internal_count=1730 440 365 194 143 171 1290 1241 921 522 399 75 320 298 151 51 49 55
is_linear=0
shrinkage=0.03


Tree=43
num_leaves=17
num_cat=0
split_feature=25 11 11 20 29 29 28 34 34 21 35 35 28 30 11 29
split_gain=0.0734338 0.0278324 0.0229092 0.0220439 0.0415351 0.0328092 0.0435309 0.0269904 0.0201833 0.0174735 0.0258455 0.0494851 0.0360857 0.0193356 0.0187884 0.0107171
threshold=0.39887799897373372 1.692608310325318 -1.7541638907343842 0.45139614480789475 -0.45591056603589869 -0.43120401529801689 -0.53863142855068247 -0.7757027425734998 -0.73065354910233482 -0.74117290373214073 0.17208997354911684 0.09851494177399224 0.7138261611848401 0.96423318256150303 0.1521320784038272 -0.479308658909878
decision_type=2 2 2 2 2 2 2 2 2 2 2 2 2 2 2 2
left_child=2 3 15 5 -5 6 -2 -6 -7 13 11 -11 -12 14 -4 -1
right_child=1 -3 9 4 7 8 -8 -9 -10 10 12 -13 -14 -15 -16 -17
leaf_value=0.00096347884590858995 0.00075323759234967075 -0.00042426701059697998 0.0001132711303603392 0.00096716087699510003 0.00054950807144497188 0.00027121865367853496 -0.00059600185928866266 -0.0003026755446246077 0.00095207608912588663 -0.00033549382698613476 -0.00070994807551383549 0.00023903798557304946 7.5254169310123398e-05 0.00062543524884884911 -0.0003712366583161633 0
leaf_weight=20 36 39 184 38 40 80 45 134 133 348 180 211 64 39 110 29
leaf_count=20 36 39 184 38 40 80 45 134 133 348 180 211 64 39 110 29
internal_value=2.56626e-06 0.00029153 -0.000128208 0.000354769 0.000101469 0.00052445 0 -8.38288e-05 0.000717562 -0.000158018 -0.000233849 -0.000113175 -0.000493435 1.63698e-05 -5.98251e-05 0.00047445
internal_weight=1730 545 1185 506 212 294 81 174 213 1136 803 559 244 333 294 49
internal_count=1730 545 1185 506 212 294 81 174 213 1136 803 559 244 333 294 49
is_linear=0
shrinkage=0.03


Tree=44
num_leaves=18
num_cat=0
split_feature=25 17 11 28 34 29 17 9 6 16 20 14 15 20 20 29 17
split_gain=0.0691596 0.0265392 0.0217817 0.0215193 0.0570712 0.0227262 0.0361209 0.0258135 0.0200354 0.0162924 0.0269847 0.0515574 0.0375737 0.0159314 0.0106591 0.0100978 0.00627167
threshold=0.39887799897373372 1.804036238307291 -1.7541638907343842 -0.35998176068237664 0.73459799601522702 -0.29176601814445985 0.15222577831970621 0.16822453745889313 -0.36854876330388714 0.98625214516729576 0.53885201517972425 0.57546098280493096 0.20834762577855778 0.1671645660994491 -0.87137389456602499 -0.479308658909878 0.41917340816398768
decision_type=2 2 2 2 2 2 2 2 2 2 2 2 2 2 2 2 2
left_child=2 3 15 4 8 6 -5 -7 -2 10 12 -12 -4 14 -11 -1 -15
right_child=1 -3 9 5 -6 7 -8 -9 -10 13 11 -13 -14 16 -16 -17 -18
leaf_value=0.00093834463174900286 -8.8676251931289242e-06 -0.00049934467691619983 0.00017660861888838236 0.00061683584024907424 0.0017133591523901981 -0.00077681601941889222 -0.00031332432435504773 0.00037449958219192919 0.00051964671303457986 0 -0.00049278488259152983 0.00058497949505690488 -0.00029672194869248639 -0.00041489613100420682 -0.00082326270641174123 0 0.00011164600189434936
leaf_weight=20 83 31 424 107 30 43 50 22 179 21 264 42 230 27 79 29 49
leaf_count=20 83 31 424 107 30 43 50 22 179 21 264 42 230 27 79 29 49
internal_value=2.8324e-06 0.000283305 -0.000124026 0.000338934 0.000509674 9.72209e-05 0.000301536 -0.000343692 0.000342691 -0.000153148 -9.96613e-05 -0.000330904 4.98579e-06 -0.000421575 -0.000668161 0.000463333 -4.60923e-05
internal_weight=1730 545 1185 514 292 222 157 65 262 1136 960 306 654 176 100 49 76
internal_count=1730 545 1185 514 292 222 157 65 262 1136 960 306 654 176 100 49 76
is_linear=0
shrinkage=0.03


Tree=45
num_leaves=23
num_cat=0
split_feature=25 34 30 33 11 9 29 11 29 21 17 19 21 32 10 19 30 32 34 20 33 33
split_gain=0.0652078 0.0270591 0.0234303 0.0366896 0.0349595 0.0305539 0.0199176 0.0197676 0.0375305 0.0472457 0.0385546 0.0355498 0.0343052 0.0327317 0.026441 0.0177454 0.0164676 0.0149488 0.0112738 0.00586977 0.00263333 0.00187731
threshold=0.51188843867670775 1.0970406982598586 -0.19063510622690119 -0.076996623875662071 -0.45498126578007286 1.3355769740889383 -0.37601651237407069 1.0034154750822923 -0.30093105100044182 -0.8107580485607252 0.85853558743558012 -0.35348563205601924 0.25377319008374727 0.0071044576220507362 -0.25416046344886628 0.943692963275234 -0.25519144395076693 0.44885091975248648 -0.56582774745453068 0.24368845267479991 0.34210261853923168 1.6550508586400887
decision_type=2 2 2 2 2 2 2 2 2 2 2 2 2 2 2 2 2 2 2 2 2 2
left_child=7 2 5 18 -5 16 21 8 10 19 11 -1 -12 15 -11 20 -2 -15 -4 -10 -9 -3
right_child=1 6 3 4 -6 -7 -8 13 9 14 12 -13 -14 17 -16 -17 -18 -19 -20 -21 -22 -23
leaf_value=-2.5173678007362884e-05 0.00029931898964886467 0.0014443370071389981 -0.00013187436861616949 -0.000400889190598391 0.00055355242734147006 -0.00036161885459366587 0 -0.0010410654928890012 0.00043751417158737551 -0.00090342982182222114 -3.637061733539534e-05 0.00041559371288753505 -0.0011787858693125214 0.00057754899675824809 -0.00023011674792305082 0 0.0010383580526275957 -0.00025454959186698453 -0.0011727785402550718 0 -0.00042693923546637338 0.00057496738675981765
leaf_weight=383 85 28 28 47 96 28 20 60 55 103 79 271 35 32 142 24 58 36 23 32 38 27
leaf_count=383 85 28 28 47 96 28 20 60 55 103 79 271 35 32 142 24 58 36 23 32 38 27
internal_value=2.78946e-06 0.000318573 0.000197409 -1.43305e-05 0.000217515 0.000450975 0.000839502 -0.000103089 -5.06486e-05 -0.000317149 6.14519e-05 0.000153966 -0.000433985 -0.000385638 -0.000532784 -0.00067772 0.000634794 0.000102631 -0.000695932 0.000254285 -0.000852392 0.00112109
internal_weight=1730 440 365 194 143 171 75 1290 1100 332 768 654 114 190 245 122 143 68 51 87 98 55
internal_count=1730 440 365 194 143 171 75 1290 1100 332 768 654 114 190 245 122 143 68 51 87 98 55
is_linear=0
shrinkage=0.03


Tree=46
num_leaves=22
num_cat=0
split_feature=25 17 28 15 22 21 22 34 15 28 34 30 29 12 9 35 30 25 35 35 34
split_gain=0.0617308 0.024707 0.0204685 0.0397301 0.0427272 0.0274828 0.0323228 0.0402796 0.0216625 0.0201628 0.0531378 0.0247042 0.0202449 0.0340267 0.0237619 0.0199529 0.0182266 0.0150831 0.013039 0.0108327 0.00915896
threshold=0.39887799897373372 1.804036238307291 -0.57732315837351733 0.42776808357278945 0.98976000577949119 -0.77901741173092909 -0.71614973284972916 0.29785323909664557 1.5417049764692357 -0.35998176068237664 0.56290910467534261 -0.19063510622690119 -0.29176601814445985 0.17122146749621917 0.16822453745889313 0.30584432742610601 0.85079552067350683 0.055674931978946678 0.1236086390767559 0.13969454408301626 -0.23108481258250033
decision_type=2 2 2 2 2 2 2 2 2 2 2 2 2 2 2 2 2 2 2 2 2
left_child=2 9 3 4 19 16 15 -8 18 10 11 -2 13 -11 -14 -7 20 -6 -5 -1 -4
right_child=1 -3 5 8 17 6 7 -9 -10 12 -12 -13 14 -15 -16 -17 -18 -19 -20 -21 -22
leaf_value=0.00020566659971361738 0.0004816508837693714 -0.00048685991932528416 0.0002328617414755916 0.00099011781497483739 -0.0013410304448597372 -0.00097058625752106302 -0.00047363629065664718 8.0243516917866852e-05 -0.00019296329399651804 0.00060408217269479166 0.0014967291464501092 -0.00015742146322989594 -0.00074460957457220332 -0.00028267202549633159 0.00035775610587559641 0 0.00064127978539570824 -9.9594945684657423e-05 0 -0.00015839717390115992 -0.00024433756983923191
leaf_weight=150 187 31 52 61 28 90 226 227 20 103 39 66 43 54 22 25 40 21 20 134 91
leaf_count=150 187 31 52 61 28 90 226 227 20 103 39 66 43 54 22 25 40 21 20 134 91
internal_value=2.39205e-06 0.000267469 -0.000117363 4.07837e-05 -0.000110701 -0.000212534 -0.000316401 -0.000190804 0.000557866 0.000321328 0.000486489 0.000303327 8.71656e-05 0.000280753 -0.000328061 -0.00076829 9.36274e-05 -0.00090312 0.000779241 2.35769e-05 -4.90434e-05
internal_weight=1730 545 1185 434 333 751 568 453 101 514 292 253 222 157 65 115 183 49 81 284 143
internal_count=1730 545 1185 434 333 751 568 453 101 514 292 253 222 157 65 115 183 49 81 284 143
is_linear=0
shrinkage=0.03


Tree=47
num_leaves=22
num_cat=0
split_feature=25 34 28 30 29 8 10 24 8 29 34 24 20 11 17 29 5 31 21 28 21
split_gain=0.0582909 0.0253365 0.0421685 0.0371962 0.0255734 0.0283321 0.0225643 0.0208567 0.0208482 0.0188771 0.0446375 0.0634239 0.045408 0.0338483 0.025869 0.0176326 0.0153855 0.0111941 0.00897439 0.008727 0.00555278
threshold=0.51188843867670775 0.0987072527560168 -0.49881040186112047 -0.19063510622690119 -0.37135455972133108 0.61032524132207155 1.8075921521932423 -0.028478247040617206 1.0007571835215694 -0.30093105100044182 0.057345889303042845 0.0088172619527725586 0.42953217721493736 0.92133746652965554 0.80083325228547786 -0.43120401529801689 -0.66978817503314303 -1.6303657461409002 -0.40606527187096447 -0.52505576526986486 0.32641038677732959
decision_type=2 2 2 2 2 2 2 2 2 2 2 2 2 2 2 2 2 2 2 2 2
left_child=8 3 -3 6 5 -4 17 -6 9 13 11 -11 -12 14 -1 -5 -10 -2 -18 -20 -15
right_child=1 2 4 15 7 -7 -8 -9 16 10 12 -13 -14 20 -16 -17 18 -19 19 -21 -22
leaf_value=0.00017435178685969947 0 0.0014490419134426003 0.00092089724067885136 -0.00097366384771885338 0.00043742439697252403 -0.00014728445996944274 -0.00050324022124076015 -0.00046049378709666109 7.9757894621707229e-05 -0.00069546218409109251 0 0.00034169783517123395 -0.0011006207712308828 -0.00073992407950572664 -0.00032953662636032923 0 -7.3535483854357154e-05 0.00063895696272480882 -0.00023958682202002301 -0.0010737300148903159 0
leaf_weight=603 38 36 75 33 38 24 20 49 29 74 54 167 80 51 102 31 33 96 32 45 20
leaf_count=603 38 36 75 33 38 24 20 49 29 74 54 167 80 51 102 31 33 96 32 45 20
internal_value=2.19063e-06 0.000300855 0.000526021 5.3955e-05 0.000311333 0.000635817 0.00031784 -3.34586e-05 -9.78208e-05 -5.23941e-05 -0.000227199 6.30346e-06 -0.000659995 2.87785e-05 9.61241e-05 -0.000522042 -0.0004438 0.000470623 -0.000606831 -0.000786557 -0.000576181
internal_weight=1730 440 222 218 186 99 154 87 1290 1151 375 241 134 776 705 64 139 134 110 77 71
internal_count=1730 440 222 218 186 99 154 87 1290 1151 375 241 134 776 705 64 139 134 110 77 71
is_linear=0
shrinkage=0.03


Tree=48
num_leaves=22
num_cat=0
split_feature=25 17 28 15 22 15 23 16 15 28 34 10 6 14 10 19 15 25 35 13 35
split_gain=0.0553658 0.0225606 0.0185118 0.0377493 0.0399686 0.0256371 0.0263858 0.0540369 0.0199989 0.018397 0.0489888 0.0183218 0.0176865 0.0171978 0.0245102 0.0166654 0.0320991 0.0140654 0.00997461 0.00887516 0.00562634
threshold=0.39887799897373372 1.804036238307291 -0.57732315837351733 0.42776808357278945 0.98976000577949119 0.35186462834993631 -0.072133351574884638 0.52247055467457448 0.98085073228952202 -0.35998176068237664 0.73459799601522702 0.31549463859920146 -0.36854876330388714 1.0209520245331354 -0.12249721794641502 2.4198619620411823 0.41640451632584791 0.055674931978946678 0.13969454408301626 -0.7873380226596346 0.12289736152728853
decision_type=2 2 2 2 2 2 2 2 2 2 2 2 2 2 2 2 2 2 2 2 2
left_child=2 9 3 4 18 6 7 -4 20 10 12 -8 -2 19 -15 16 -11 -6 -1 -7 -5
right_child=1 -3 5 8 17 13 11 -9 -10 15 -12 -13 -14 14 -16 -17 -18 -19 -20 -21 -22
leaf_value=0.00019579036265563715 -2.1987967956594599e-05 -0.00046659941117019007 0.00031882498745805803 0.0010108087011792052 -0.0012987011369569375 -9.0000126100874133e-05 -0.00053182161629401065 -0.00042702734705466459 0 0.00021584520115379278 0.0015782578489319844 4.8124650241555375e-06 0.00047358492070044702 -0.00063719460183056065 0.00047674393150955435 0.00076641507082552253 -0.00062737290091380196 -9.3961167702218503e-05 -0.00015363441771733315 -0.0010229189774783496 0.0001570701856955724
leaf_weight=150 83 31 238 49 28 20 162 133 32 144 30 71 179 37 27 25 53 21 134 63 20
leaf_count=150 83 31 238 49 28 20 162 133 32 144 30 71 179 37 27 25 53 21 134 63 20
internal_value=1.73817e-06 0.000252875 -0.000111585 3.85311e-05 -0.000108949 -0.000202124 -0.000108127 4.2142e-05 0.000542739 0.000304526 0.000462319 -0.000357604 0.000306798 -0.000558454 -0.000122171 8.02488e-05 -2.01819e-06 -0.000875285 2.05854e-05 -0.000843984 0.00082187
internal_weight=1730 545 1185 434 333 751 604 371 101 514 292 233 262 147 64 222 197 49 284 83 69
internal_count=1730 545 1185 434 333 751 604 371 101 514 292 233 262 147 64 222 197 49 284 83 69
is_linear=0
shrinkage=0.03


Tree=49
num_leaves=17
num_cat=0
split_feature=25 11 11 19 20 29 34 26 18 11 20 20 11 14 29 24
split_gain=0.0522756 0.02277 0.0182045 0.0171598 0.0204629 0.0352676 0.0285349 0.0143872 0.0304807 0.0247492 0.0397741 0.0376175 0.0181654 0.0181463 0.00893757 0.00441955
threshold=0.39887799897373372 1.692608310325318 -1.7541638907343842 -0.1051110320200362 0.45139614480789475 -0.45591056603589869 -0.39065065730605097 0.97820161620662593 0.28240199253532289 0.48259292352260319 0.53885201517972425 0.1671645660994491 0.4717790126085597 0.56601584396933491 -0.479308658909878 0.77959111448282781
decision_type=2 2 2 2 2 2 2 2 2 2 2 2 2 2 2 2
left_child=2 3 14 15 6 -6 -5 9 12 10 -4 -11 -9 -10 -1 -2
right_child=1 -3 7 4 5 -7 -8 8 13 11 -12 -13 -14 -15 -16 -17
leaf_value=0.00087358818097930892 -0.00033648213365813722 -0.00039998149705518568 0.00018484048660434793 0.00020639805645345055 0.00092537265753152916 -8.7077084631930472e-05 0.00087194874869305741 -0.00083867055140901352 -0.00018639373614132639 -0.00071419409856860534 -0.00030771165539360946 0 0 0.00079340028445702042 0 0.00011647306896338704
leaf_weight=20 39 39 437 138 35 148 125 97 43 119 218 164 36 22 29 21
leaf_count=20 39 39 437 138 35 148 125 97 43 119 218 164 36 22 29 21
internal_value=1.52592e-06 0.000245604 -0.000108541 0.000303321 0.000369103 0.000102234 0.000540269 -0.000135367 -0.000370282 -8.15688e-05 1.56923e-05 -0.000314971 -0.000630056 0.000121484 0.000427623 -0.000132332
internal_weight=1730 545 1185 506 446 183 263 1136 198 938 655 283 133 65 49 60
internal_count=1730 545 1185 506 446 183 263 1136 198 938 655 283 133 65 49 60
is_linear=0
shrinkage=0.03


Tree=50
num_leaves=26
num_cat=0
split_feature=19 35 35 22 24 35 9 28 21 15 31 33 23 14 15 19 18 30 15 15 7 11 21 11 11
split_gain=0.034048 0.0355803 0.0421515 0.0316194 0.0551978 0.0499029 0.032264 0.0291244 0.0286739 0.0234283 0.0202858 0.0215894 0.018933 0.0177218 0.0161015 0.0203638 0.0160679 0.0159645 0.0136078 0.0109105 0.00853498 0.00827175 0.00447627 0.000876135 0.000212946
threshold=-0.35348563205601924 0.051413981462413071 0.13969454408301626 0.98976000577949119 1.3390237493836743 0.13733246443250996 0.77862075406723108 -0.034512361621114561 0.085303671306983728 0.16914874519975026 0.22067495863551609 -0.93922441458596395 0.16731850569980763 -0.3526853563308528 -0.38208034476541991 1.9432245122087091 1.041230397734193 -0.19764010376461946 0.27084739813173048 -0.7362669407745962 -0.45384781498614979 -1.4165500602652348 0.25377319008374727 -0.34503260624792681 -0.8191783040021785
decision_type=2 2 2 2 2 2 2 2 2 2 2 2 2 2 2 2 2 2 2 2 2 2 2 2 2
left_child=1 12 17 6 14 7 8 -6 9 -2 11 -4 18 -12 -5 -16 20 -3 23 -10 -8 -19 -7 -1 -20
right_child=3 2 10 4 5 22 16 -9 19 -11 13 -13 -14 -15 15 -17 -18 21 24 -21 -22 -23 -24 -25 -26
leaf_value=0.00018512631938434563 0.00031561960615182356 0.0010581353115646736 0.00020095288571901618 0.00015272425508592276 0.00098023565805320121 -0.00069489322332665321 1.8156071694102132e-05 -6.8323588605770525e-06 6.470091176790094e-05 -0.00020887144622848489 0.00049681340869069481 -0.00056901889731419335 -0.0010913745271688214 -0.00025537445754854988 -0.00068651658860457521 7.0645197613082607e-05 0.00034264757329794136 0.00071817929134704165 -0.00017722839735822912 0.00087074764907093974 -0.00049798828861567866 7.0878836532729163e-05 0 0 -0.00074752943239873274
leaf_weight=23 343 20 32 27 75 27 27 32 28 89 46 177 46 60 150 31 35 20 20 102 83 164 20 21 32
leaf_count=23 343 20 32 27 75 27 27 32 28 89 46 177 46 60 150 31 35 20 20 102 83 164 20 21 32
internal_value=1.43994e-06 -0.000165609 -4.29938e-05 0.000107705 -0.000114249 0.000301609 0.000225579 0.00066563 0.000329951 0.000199973 -0.000264575 -0.000435802 -0.000582909 4.82135e-05 -0.000436272 -0.000541495 -0.000157174 0.000283536 -0.000283277 0.000725069 -0.000347631 0.000167673 -0.000457333 4.67096e-05 -0.00060436
internal_weight=1730 661 519 1069 362 154 707 107 562 432 315 209 142 106 208 181 145 204 96 130 110 184 47 44 52
internal_count=1730 661 519 1069 362 154 707 107 562 432 315 209 142 106 208 181 145 204 96 130 110 184 47 44 52
is_linear=0
shrinkage=0.03


Tree=51
num_leaves=22
num_cat=0
split_feature=25 33 30 29 24 32 8 10 8 14 29 11 10 5 23 29 29 30 14 16 29
split_gain=0.0478535 0.0198319 0.0473388 0.0313091 0.0232561 0.0210156 0.0307802 0.0205351 0.01885 0.0194658 0.0201601 0.0317798 0.025445 0.0139824 0.00669745 0.00638556 0.00541839 0.00480088 0.00635447 0.00277552 0.000835651
threshold=0.52666985776952358 -0.076996623875662071 -0.18631182731280885 -0.37135455972133108 -0.028478247040617206 -0.088942055940346917 0.37998850151547031 1.8075921521932423 1.0007571835215694 -1.2920780011235491 -0.30093105100044182 0.92133746652965554 -0.21789115811865195 -0.66978817503314303 0.12740986282069228 -0.29176601814445985 -0.43488514655564287 -0.038432627005396867 -0.18000277968611808 0.55018262149113484 -0.3749341508114184
decision_type=2 2 2 2 2 2 2 2 2 2 2 2 2 2 2 2 2 2 2 2 2
left_child=8 2 7 5 19 6 -3 14 9 -1 11 -11 -12 -10 -2 -6 -4 18 -15 -5 -19
right_child=1 3 16 4 15 -7 -8 -9 13 10 12 -13 -14 17 -16 -17 -18 20 -20 -21 -22
leaf_value=-0.00089342540781944997 0.00065234277284560856 0.0008214634183575124 -0.001069537989861731 0.0007534103007987141 0 0.0013017822930757091 -0.00040243528256765924 -0.00047428256307688099 7.9663208017336727e-05 0.00012595187591600142 -0.00051917804439851039 -0.0005274391274848213 0 -0.00068455544013530016 0.00014494959375059064 -0.00059179792426460032 -0.00016527517666690983 -0.001078101078481895 0 9.0434853757659969e-05 -0.00031794821384929767
leaf_weight=21 75 48 25 27 21 48 23 20 29 701 141 70 232 22 63 32 21 26 42 23 20
leaf_count=21 75 48 25 27 21 48 23 20 29 701 141 70 232 22 63 32 21 26 42 23 20
internal_value=1.50393e-06 0.000278108 4.65084e-05 0.000474138 5.52726e-05 0.000801821 0.000384207 0.000307708 -8.69947e-05 -4.42035e-05 -2.37031e-05 6.09394e-05 -0.00020573 -0.000416003 0.000449996 -0.000340977 -0.00075334 -0.000571873 -0.000299162 0.000527427 -0.000848525
internal_weight=1730 426 204 222 103 119 71 158 1304 1165 1144 771 373 139 138 53 46 110 64 50 46
internal_count=1730 426 204 222 103 119 71 158 1304 1165 1144 771 373 139 138 53 46 110 64 50 46
is_linear=0
shrinkage=0.03


Tree=52
num_leaves=20
num_cat=0
split_feature=25 17 28 34 28 35 34 24 28 20 17 14 33 34 6 19 20 30 21
split_gain=0.045428 0.0193471 0.0168296 0.0433397 0.0162721 0.02915 0.0240567 0.0372714 0.0232063 0.0227102 0.030417 0.0219036 0.0214461 0.0252468 0.0161629 0.0149636 0.0166996 0.0145449 0.0083481
threshold=0.39887799897373372 1.804036238307291 -0.35998176068237664 0.73459799601522702 -0.57732315837351733 0.13969454408301626 -0.041912238399401669 0.29474949756876084 0.7138261611848401 0.34207630684310786 0.35451362645859014 -1.1629543193759986 -0.9104879307638315 -0.32138376794802925 -0.38237503295922387 2.4982958767989607 1.0417232698177432 -0.043214123554368274 -0.47442971253924987
decision_type=2 2 2 2 2 2 2 2 2 2 2 2 2 2 2 2 2 2 2
left_child=4 2 3 14 5 6 7 -1 11 10 -10 -6 -7 -14 -2 16 -4 -13 -11
right_child=1 -3 15 -5 8 12 -8 -9 9 18 -12 17 13 -15 -16 -17 -18 -19 -20
leaf_value=-0.00021544394740258008 -3.8451021456109758e-05 -0.00043548043609788531 8.6897367299965052e-05 0.0014776368672874839 -0.0011050503771752119 0.00033084593237359323 0.00091752536363172812 0.00053778891206951527 0.00091989076911533406 -0.00057438863311871523 -2.5097497119210085e-05 -8.0799113699820158e-05 -0.0010468850909247436 -0.00011631754509289749 0.00043782695897528389 0.00072798401030660094 -0.00066617319525234526 -0.00041371725566094128 0
leaf_weight=130 81 31 170 30 27 35 38 100 48 38 62 301 41 90 181 24 28 230 45
leaf_count=130 81 31 170 30 27 35 38 100 48 38 62 301 41 90 181 24 28 230 45
internal_value=1.04047e-06 0.000228692 0.000276847 0.000427431 -0.000101448 3.90124e-05 0.000237479 0.000101881 -0.000186431 8.43973e-05 0.000374187 -0.000285402 -0.000262179 -0.000446869 0.000280492 6.23886e-05 -1.30255e-05 -0.000232133 -0.000264433
internal_weight=1730 545 514 292 1185 434 268 230 751 193 110 558 166 131 262 222 198 531 83
internal_count=1730 545 514 292 1185 434 268 230 751 193 110 558 166 131 262 222 198 531 83
is_linear=0
shrinkage=0.03


Tree=53
num_leaves=15
num_cat=0
split_feature=25 11 11 29 19 22 34 26 22 26 21 34 24 29
split_gain=0.0428853 0.0196067 0.0158376 0.0196283 0.015507 0.0256148 0.0281672 0.0225206 0.0136431 0.0164549 0.0217671 0.0184862 0.00424915 0.0023269
threshold=0.39887799897373372 1.692608310325318 -1.4165500602652348 -0.48014876234087472 -0.1051110320200362 -0.32791056596785806 -0.39065065730605097 0.24313619827454427 -1.1366851341562827 0.6667678631214925 0.097511644985178975 0.2193509316483235 0.77959111448282781 -0.45309211551534745
decision_type=2 2 2 2 2 2 2 2 2 2 2 2 2 2
left_child=2 4 3 -1 12 6 -6 -7 -4 10 -10 -11 -2 -5
right_child=1 -3 8 13 5 7 -8 -9 9 11 -12 -13 -14 -15
leaf_value=0.00089280579158014831 -0.00033644175321595476 -0.00037520860162164484 -0.00087389219313880185 9.0801546604118562e-05 0.00012101377303342281 0.0003132183429827463 0.00082465362292551592 -0.00032507110062520952 -0.00010900362445209381 -0.00047617353085121231 0.00030689703196597597 0 0.00010347767737403045 -0.00027609396912157535
leaf_weight=28 39 39 20 30 99 135 140 72 655 191 132 108 21 21
leaf_count=28 39 39 20 30 99 135 140 72 655 191 132 108 21 21
internal_value=8.52838e-07 0.000222093 -9.86775e-05 0.000293258 0.000275964 0.000338781 0.000550698 7.54467e-05 -0.000130096 -0.000111273 -3.45485e-05 -0.000300938 -0.000137255 -1.1663e-05
internal_weight=1730 545 1185 79 506 446 239 207 1106 1086 787 299 60 51
internal_count=1730 545 1185 79 506 446 239 207 1106 1086 787 299 60 51
is_linear=0
shrinkage=0.03


Tree=54
num_leaves=24
num_cat=0
split_feature=25 34 30 33 33 9 29 11 34 24 24 17 19 21 28 21 33 31 31 15 19 23 35
split_gain=0.0405134 0.0216603 0.0203525 0.0321764 0.0286444 0.024087 0.0168576 0.0472216 0.0374573 0.0614065 0.0371758 0.0334596 0.0309403 0.0306714 0.016455 0.0150531 0.0134401 0.0124683 0.00907538 0.00881619 0.00828638 0.00503492 0.00315052
threshold=0.52666985776952358 1.0970406982598586 -0.19063510622690119 -0.076996623875662071 0.26811477722863675 1.3355769740889383 -0.30093105100044182 0.92133746652965554 0.057345889303042845 0.0088172619527725586 0.50609071519796955 0.85853558743558012 -0.35348563205601924 0.25377319008374727 -0.64715157115755317 0.28185136528594218 1.6550508586400887 -1.6303657461409002 0.62044204262773384 0.16914874519975026 0.24381926933571588 0.68250280468475177 -0.58706701602399702
decision_type=2 2 2 2 2 2 2 2 2 2 2 2 2 2 2 2 2 2 2 2 2 2 2
left_child=6 2 5 19 -5 17 7 11 9 20 18 12 -1 -13 -11 -9 -3 -2 -10 -4 -8 -12 -18
right_child=1 16 3 4 -6 -7 8 15 10 14 21 13 -14 -15 -16 -17 22 -19 -20 -21 -22 -23 -24
leaf_value=-6.6186136608618404e-06 1.1677804471152543e-06 0.0012216930731453678 -0.00011248780929276511 0.00072547626275050816 -0.00013559807973893378 -0.00032939867966718251 -0.00031572119489733485 -0.00081250161793566518 -0.00035445089417434489 0.00081123651958875007 -0.0012059990878083874 -5.9860487704605052e-06 0.00040109279265629751 -0.0010869393540105144 0.00010840494005539341 0 0.00048559055918746672 0.00072044362395069393 0.00031434077726894872 -0.0010912285192337418 -0.001034186131235114 -0.00036473108621107211 0
leaf_weight=380 38 30 24 50 88 28 60 75 38 41 60 78 278 35 144 28 20 103 28 25 35 24 20
leaf_count=380 38 30 24 50 88 28 60 75 38 41 60 78 278 35 144 28 20 103 28 25 35 24 20
internal_value=7.95009e-07 0.000255449 0.00014686 -5.51619e-05 0.000163907 0.000384904 -8.04972e-05 -1.18203e-06 -0.000233656 -1.61116e-05 -0.000611854 7.6723e-05 0.000162136 -0.000386108 0.000290585 -0.000598304 0.000737874 0.000551492 -2.59119e-05 -0.000703684 -0.000634587 -0.00102098 0.000245323
internal_weight=1730 426 356 187 138 169 1304 874 430 280 150 771 658 113 185 103 70 141 66 49 95 84 40
internal_count=1730 426 356 187 138 169 1304 874 430 280 150 771 658 113 185 103 70 141 66 49 95 84 40
is_linear=0
shrinkage=0.03


Tree=55
num_leaves=20
num_cat=0
split_feature=25 8 14 26 19 11 15 9 16 10 26 29 14 30 26 25 10 29 30
split_gain=0.0383019 0.0171728 0.0178934 0.0184632 0.0213094 0.0202966 0.0165493 0.0218226 0.0183982 0.0231584 0.0212816 0.0178269 0.0130383 0.0122076 0.00963608 0.00854227 0.00516359 0.0109704 0.0033973
threshold=0.52666985776952358 1.0007571835215694 -1.2920780011235491 0.95311596187100966 -0.88241287190204409 0.48259292352260319 -0.33560102241474782 -0.85123941783265888 0.074571900338256905 1.0142996074177291 0.42044531951191538 -0.40197992900903107 0.84479354826609754 -0.075816422038102363 -0.15960933659223145 0.68184288501363721 0.47235959191462212 -0.36360226054592831 -0.19714810231206076
decision_type=2 2 2 2 2 2 2 2 2 2 2 2 2 2 2 2 2 2 2
left_child=1 2 -1 5 -5 -4 13 11 10 -10 -9 -8 16 14 18 -15 -3 -18 -2
right_child=6 12 3 4 -6 -7 7 8 9 -11 -12 -13 -14 15 -16 -17 17 -19 -20
leaf_value=-0.00085129504045471549 0.00051574588708172087 -3.5295609316240326e-05 0.00011392952869092597 3.9913304491228484e-05 -0.00056646097833696544 -0.00020550164630437322 0.0012461028243415059 0 0.00050622154171847233 -0.00022516402439214287 -0.0010355023633568518 3.8179952506946867e-05 0.00016507711831480264 0.00037324435777235325 9.6751754997636766e-05 -0.00031274631514679644 -0.0010012853053087988 -0.00021412164869238042 0.0012521484133096469
leaf_weight=21 45 28 724 83 106 231 21 40 75 69 28 31 22 38 30 21 42 47 28
leaf_count=21 45 28 724 83 106 231 21 40 75 69 28 31 22 38 30 21 42 47 28
internal_value=3.92673e-07 -7.86033e-05 -3.76741e-05 -1.79358e-05 -0.000288082 3.31309e-05 0.000248054 8.55908e-05 -3.88458e-05 0.000137915 -0.000445427 0.000621902 -0.000392473 0.000488256 0.000686464 7.73727e-05 -0.000523817 -0.000638738 0.000875953
internal_weight=1730 1304 1165 1144 189 955 426 264 212 144 68 52 139 162 103 59 117 89 73
internal_count=1730 1304 1165 1144 189 955 426 264 212 144 68 52 139 162 103 59 117 89 73
is_linear=0
shrinkage=0.03


Tree=56
num_leaves=13
num_cat=0
split_feature=34 11 20 15 24 15 29 32 20 26 33 18
split_gain=0.0358052 0.022019 0.0252073 0.0612337 0.0416901 0.0304705 0.027489 0.0582373 0.0260029 0.00979945 0.00856616 0.00174859
threshold=1.7627008590208046 1.5958765541318034 0.41860019341845867 0.78137853943572833 0.94120498678751685 1.4218459446271645 -0.42823521621780469 -0.076095879924592311 -0.83857794317658896 -0.043918015189604427 -0.88156264731043354 0.70652259495374103
decision_type=2 2 2 2 2 2 2 2 2 2 2 2
left_child=1 2 6 4 -4 -5 7 -1 -8 10 -3 -11
right_child=-2 9 3 5 -6 -7 8 -9 -10 11 -12 -13
leaf_value=-0.00083604673990281297 0.00074147301164186107 0.000210172722446582 -0.00047305526336370129 0.0011317807399900629 7.5198780128113484e-05 -0.00011967858558637089 0.00061592816505303327 7.1285094487633923e-05 0.00011423478941365245 -0.00091042947109478203 -0.00053089902910363415 -0.00021404653129866347
leaf_weight=72 54 28 324 43 187 21 129 398 400 33 20 21
leaf_count=72 54 28 324 43 187 21 129 398 400 33 20 21
internal_value=3.83924e-07 -2.29891e-05 3.17646e-06 -0.000152615 -0.000267318 0.000689397 9.60289e-05 -6.5789e-05 0.000244998 -0.000443885 -5.28495e-05 -0.000717765
internal_weight=1730 1676 1574 575 511 64 999 470 529 102 48 54
internal_count=1730 1676 1574 575 511 64 999 470 529 102 48 54
is_linear=0
shrinkage=0.03


Tree=57
num_leaves=22
num_cat=0
split_feature=25 11 32 30 24 34 12 34 21 22 15 31 34 30 34 30 11 33 30 22 11
split_gain=0.0354904 0.0166886 0.0144621 0.0190478 0.0268317 0.024936 0.0217516 0.02162 0.0145227 0.0178999 0.0206208 0.0130584 0.0424506 0.0164324 0.0140463 0.0213176 0.0136501 0.0124097 0.00710457 0.00638702 0.00326329
threshold=0.39887799897373372 1.692608310325318 -0.022976107513988746 -0.26184000479126485 0.046112770946162326 -0.20010195910842185 1.0130892712853055 0.22710481009516323 -0.77901741173092909 -0.71614973284972916 0.21693439250740279 0.071179086396122401 0.73459799601522702 -0.19063510622690119 0.94274556715766056 0.92920030642058438 -0.62257652313262402 1.3110800810444394 -0.73732090116993232 -0.74807746908211603 0.93545181936032362
decision_type=2 2 2 2 2 2 2 2 2 2 2 2 2 2 2 2 2 2 2 2 2
left_child=2 11 8 4 18 -6 7 -5 19 17 -11 12 13 -2 15 -13 -16 -10 -4 20 -1
right_child=1 -3 3 6 5 -7 -8 -9 9 10 -12 14 -14 -15 16 -17 -18 -19 -20 -21 -22
leaf_value=0.00027350059663140529 0.0004243084049822452 -0.00034720191505870649 -0.00030502500503252334 7.4490195864053166e-05 0.00019822977852410352 -0.00078616176275857566 -0.00055397836324195128 0.00066971771326581274 -0.00081893139932934114 5.8108843345965457e-05 -0.0004146811213326074 -0.0006880043213529026 0.0014892858783232751 -1.3963695976417509e-05 0.00071713486312151742 0.00017099183917833636 0 0 -0.0011667248908696429 -0.00031728187051651601 -2.9725262235712885e-05
leaf_weight=80 177 39 36 343 112 26 35 67 78 160 150 43 26 112 38 49 61 23 25 25 25
leaf_count=80 177 39 36 343 112 26 35 67 78 160 150 43 26 112 38 49 61 23 25 25 25
internal_value=3.65962e-07 0.00020179 -9.00223e-05 1.60144e-06 -0.000235478 0 0.000115185 0.000183181 -0.000204012 -0.000292191 -0.000162858 0.000251794 0.00037094 0.000245787 3.71351e-05 -0.000207964 0.000293734 -0.000644159 -0.000743192 5.25139e-05 0.000174706
internal_weight=1730 545 1185 644 199 138 445 410 541 411 310 506 315 289 191 92 99 101 61 130 105
internal_count=1730 545 1185 644 199 138 445 410 541 411 310 506 315 289 191 92 99 101 61 130 105
is_linear=0
shrinkage=0.03


Tree=58
num_leaves=17
num_cat=0
split_feature=34 35 23 15 35 28 34 15 32 34 10 23 21 30 18 34
split_gain=0.0327011 0.0257614 0.0388148 0.0371184 0.0350104 0.0342767 0.0331641 0.0525013 0.0484695 0.0321774 0.0221245 0.0201 0.0180858 0.0179369 0.0129891 8.7626e-05
threshold=1.7627008590208046 0.03504192288878661 0.6534783371363041 0.3309713084751395 0.15442678851576275 0.7560491459607076 0.33856040303250007 0.62600680169074729 -0.084484204763109735 -1.487868878064839 1.0470563191098439 0.68250280468475177 -1.0195135990217825 -1.4658259677413177 0.2717382320713016 2.1691391317083766
decision_type=2 2 2 2 2 2 2 2 2 2 2 2 2 2 2 2
left_child=1 2 12 10 6 9 7 -3 -8 -6 -4 -7 -1 -14 -5 -2
right_child=15 4 3 14 5 11 8 -9 -10 -11 -12 -13 13 -15 -16 -17
leaf_value=0.00030209851267540619 0.00029144417867064476 3.1948212640968815e-06 -0.00049029140570928573 0.00095236696746200315 0.00041993744552219769 0.00051698975088074802 -8.1513746749036579e-05 0.0011086656048265827 0.0012130791686475277 -0.00031729084011836162 0.00052959102741442614 -0.00033399270644315102 2.1418500747531646e-05 -0.0005561294225948372 0 0.00089432495823976667
leaf_weight=24 24 441 69 47 55 102 36 40 62 424 21 26 47 260 22 30
leaf_count=24 24 441 69 47 55 102 36 40 62 424 21 26 47 260 22 30
internal_value=1.26504e-07 -2.21337e-05 -0.000205671 0.000164435 5.15e-05 -0.000104145 0.000219523 0.000107626 0.000719516 -0.000224329 -0.000210654 0.000317543 -0.000392319 -0.000458681 0.000683739 0.000708451
internal_weight=1730 1676 490 159 1186 607 579 481 98 479 90 128 331 307 69 54
internal_count=1730 1676 490 159 1186 607 579 481 98 479 90 128 331 307 69 54
is_linear=0
shrinkage=0.03


Tree=59
num_leaves=19
num_cat=0
split_feature=25 15 34 17 19 11 29 35 30 34 22 19 33 15 33 15 21 29
split_gain=0.0328402 0.0156591 0.028913 0.0309682 0.0222848 0.013893 0.0174894 0.0131675 0.0130479 0.0162844 0.0127941 0.0127744 0.0154541 0.0118973 0.0111636 0.0126177 0.00915107 0.00203609
threshold=0.39887799897373372 -0.2581498447135015 -1.5311200375517668 -0.38376921058847496 2.0447867566285729 -1.4165500602652348 -0.48014876234087472 0.14903089817048151 -0.086701526772786849 0.31421302978275828 -1.1366851341562827 -1.389217564979176 -0.024090542400860396 -0.67403673424095134 1.0390595891660381 -0.65678510364461917 -0.17655629488956234 -0.45309211551534745
decision_type=2 2 2 2 2 2 2 2 2 2 2 2 2 2 2 2 2 2
left_child=5 8 -3 7 -5 6 -1 -4 9 16 -7 13 -13 -12 -10 -16 -2 -8
right_child=1 2 3 4 -6 10 17 -9 14 -11 11 12 -14 -15 15 -17 -18 -19
leaf_value=0.00084620078302349053 0.00052815290755679593 -0.00086603451632046404 0.00077436553005434292 -0.00019712113829391877 0.00078652425716712097 -0.00083474024347758482 8.8672714302612631e-05 0 -0.00031250318923290859 0.0012580507079396268 8.0863737822510297e-05 -0.00016127465456887988 7.6229163793355105e-05 -0.00059268370549646679 0.00063996255861905715 -8.0745689134346308e-05 0 -0.00025608470879706142
leaf_weight=28 77 25 71 169 20 20 30 20 33 26 22 579 406 79 42 29 33 21
leaf_count=28 77 25 71 169 20 20 30 20 33 26 22 579 406 79 42 29 33 21
internal_value=6.42601e-07 0.000194458 3.97002e-05 0.000139493 -6.67436e-05 -8.62367e-05 0.000280639 0.000588206 0.000375865 0.000571013 -0.000115836 -9.75781e-05 -6.0409e-05 -0.000419024 8.37789e-05 0.000313709 0.000352986 -4.07099e-06
internal_weight=1730 545 305 280 189 1185 79 91 240 136 1106 1086 985 101 104 71 110 51
internal_count=1730 545 305 280 189 1185 79 91 240 136 1106 1086 985 101 104 71 110 51
is_linear=0
shrinkage=0.03


Tree=60
num_leaves=22
num_cat=0
split_feature=25 34 26 28 28 8 26 19 32 21 17 34 0 11 5 34 15 15 21 11 16
split_gain=0.0311597 0.0189609 0.0328828 0.0283875 0.0220112 0.01559 0.0156712 0.0230454 0.0246021 0.021854 0.0352352 0.0252706 0.0151798 0.0133662 0.0118807 0.0105433 0.0103272 0.0102157 0.00730502 0.00750995 0.00497862
threshold=0.52666985776952358 0.07348690719547292 0.068502880166305694 -0.49881040186112047 -0.50685831688272753 0.99112978976350685 0.97820161620662593 -0.88241287190204409 -0.0174322038854689 0.09079736466397971 0.80083325228547786 -0.12508589932983447 -0.74335239578749268 0.70863157160975876 -0.66978817503314303 -0.64011894683270243 -0.063703956613811105 0.41640451632584791 -0.40606527187096447 1.3432988441692113 -0.6495305611871306
decision_type=2 2 2 2 2 2 2 2 2 2 2 2 2 2 2 2 2 2 2 2 2
left_child=5 2 4 -3 20 6 9 8 -8 11 -11 -1 -5 -9 -7 -6 -4 -14 -16 -20 -2
right_child=1 3 16 12 15 14 7 13 -10 10 -12 -13 17 -15 18 -17 -18 -19 19 -21 -22
leaf_value=0.00013076800152022757 0.00096044713933952149 0.001177663347361466 0 0.0007435531677079519 -0.00065731385400119645 8.934309883989043e-05 -0.00024406645088990937 -0.0007660571593786934 0.00083353362392841112 0.00050766237243572861 -0.00044523450851972614 -0.00020800064079953275 0.00025917621518019589 0 -3.9187459697897887e-05 0.00013357849898784481 -0.00085460338789271177 -0.00025548687771729687 -0.00088935427114160523 -0.00011558315208751609 0.00031268315097937978
leaf_weight=349 21 36 20 39 25 29 58 78 24 156 39 436 92 21 35 21 37 48 51 28 87
leaf_count=349 21 36 20 39 25 29 58 78 24 156 39 436 92 21 35 21 37 48 51 28 87
internal_value=6.39889e-07 0.000224178 6.64551e-06 0.000420872 0.000248365 -7.04386e-05 -3.07774e-05 -0.00028566 5.43218e-05 1.39741e-05 0.000298073 -5.36573e-05 0.000235281 -0.000589988 -0.000364646 -0.000248957 -0.000576186 6.00833e-05 -0.000505105 -0.000665954 0.000488218
internal_weight=1730 426 211 215 154 1304 1161 181 82 980 195 785 179 99 143 46 57 140 114 79 108
internal_count=1730 426 211 215 154 1304 1161 181 82 980 195 785 179 99 143 46 57 140 114 79 108
is_linear=0
shrinkage=0.03


Tree=61
num_leaves=25
num_cat=0
split_feature=25 34 26 28 28 29 11 34 24 20 17 22 21 29 0 21 34 15 15 29 22 16 31 20
split_gain=0.0295134 0.0179184 0.0311343 0.0267742 0.0208186 0.0149569 0.0400612 0.0337709 0.0527741 0.041901 0.0298545 0.0321164 0.0274232 0.0154456 0.014358 0.0132806 0.0100306 0.00989072 0.00974859 0.00891963 0.00532408 0.00466694 0.00454168 0.00443158
threshold=0.52666985776952358 0.07348690719547292 0.068502880166305694 -0.49881040186112047 -0.50685831688272753 -0.30093105100044182 0.92133746652965554 0.057345889303042845 0.0088172619527725586 0.42953217721493736 0.85853558743558012 0.79816726708571872 0.25377319008374727 -0.012085371047646591 -0.37591719866460471 0.28185136528594218 -0.64011894683270243 0.41640451632584791 -0.063703956613811105 -0.31278451184406536 0.79816726708571872 -0.6495305611871306 0.62044204262773384 1.118247156393094
decision_type=2 2 2 2 2 2 2 2 2 2 2 2 2 2 2 2 2 2 2 2 2 2 2 2
left_child=5 2 4 -3 21 6 10 8 20 22 11 -1 -12 -10 19 -8 -6 -16 -4 -5 -7 -2 -9 -11
right_child=1 3 18 14 16 7 15 9 13 23 12 -13 -14 -15 17 -17 -18 -19 -20 -21 -22 -23 -24 -25
leaf_value=5.6759169452250873e-05 0.00093523540836758907 0.001145051121066969 0 0.00086173327089991497 -0.00063970721698465897 -0.00023089758703921689 -0.00074523102222547781 -0.00021791144631156626 0.0007394348483509384 -0.0011485247363007681 0 0.00061960100490556977 -0.0010209189734764789 8.6795947827417963e-05 0.00022416857048639108 0 0.00013007206737529486 -0.00033218708843382641 -0.0008308881472446955 0 -0.00082999061899574687 0.00030361533633743726 0.00026302803898314864 -0.00029324250216798291
leaf_weight=547 21 36 20 38 25 47 75 35 47 65 78 111 35 138 80 28 21 40 37 21 48 87 30 20
leaf_count=547 21 36 20 38 25 47 75 35 47 65 78 111 35 138 80 28 21 40 37 21 48 87 30 20
internal_value=6.29443e-07 0.000218226 6.34765e-06 0.000409453 0.000241917 -6.84991e-05 0 -0.000212724 -5.88138e-06 -0.000571536 7.78325e-05 0.000158626 -0.000358704 0.000277713 0.000228592 -0.000543974 -0.000240614 1.07475e-05 -0.000560376 0.00060132 -0.000580351 0.000475415 0 -0.00099823
internal_weight=1730 426 211 215 154 1304 874 430 280 150 771 658 113 185 179 103 46 120 57 59 95 108 65 85
internal_count=1730 426 211 215 154 1304 874 430 280 150 771 658 113 185 179 103 46 120 57 59 95 108 65 85
is_linear=0
shrinkage=0.03


Tree=62
num_leaves=13
num_cat=0
split_feature=34 28 34 20 19 21 15 15 34 15 29 34
split_gain=0.0284358 0.0174999 0.0374076 0.0256678 0.0287664 0.0273764 0.0264495 0.0251475 0.0515672 0.0257378 0.0173 0.000516441
threshold=1.7627008590208046 -0.42149774557643166 0.64445443197900687 -1.6147487927265747 1.9432245122087091 -0.82357637401387185 0.41640451632584791 0.611683898164325 -0.39065065730605097 -0.30603732603085693 -0.4150512223729122 2.1691391317083766
decision_type=2 2 2 2 2 2 2 2 2 2 2 2
left_child=1 2 7 6 5 -5 -3 9 -9 -1 -4 -2
right_child=11 3 10 4 -6 -7 -8 8 -10 -11 -12 -13
leaf_value=0.00010340603141988868 0.0002486062250100076 0.0010419813988264649 0.0014478464569151399 0.00015528245596884774 0.00058242518891041218 -0.00034832117087711889 -6.6266933293081807e-05 -4.1894047476648896e-05 0.0010492658811377086 -0.00023864094912441484 6.8598128268090264e-05 0.00084765378169355577
leaf_weight=423 24 29 22 110 35 490 37 94 58 358 20 30
leaf_count=423 24 29 22 110 35 490 37 94 58 358 20 30
internal_value=5.48995e-07 -2.00914e-05 5.99356e-05 -0.000135441 -0.00019756 -0.000250706 0.000401344 1.5858e-05 0.000367364 -4.98704e-05 0.000906087 0.000661139
internal_weight=1730 1676 975 701 635 600 66 933 152 781 42 54
internal_count=1730 1676 975 701 635 600 66 933 152 781 42 54
is_linear=0
shrinkage=0.03


Tree=63
num_leaves=21
num_cat=0
split_feature=25 17 28 15 22 17 15 30 15 25 28 33 33 29 17 15 29 24 17 29
split_gain=0.0269202 0.0138427 0.0125156 0.0301985 0.0265418 0.0208938 0.0302889 0.0227773 0.0155543 0.0130783 0.0124484 0.0187859 0.0255047 0.0147374 0.0127581 0.0192456 0.0162052 0.00563555 0.00533909 0.00429437
threshold=0.39887799897373372 1.804036238307291 -0.57732315837351733 0.46270344900041804 0.98976000577949119 1.562360941613621 0.49031792090761361 0.79500923524273215 0.98085073228952202 0.036447503368363124 -0.2067002804534229 -0.030842157101029982 -0.24255009742268924 -0.30493376526212562 0.1264111597561702 0.8841215148158138 -0.29176601814445985 0.29474949756876084 -1.5933297473984012 -0.37760034793094627
decision_type=2 2 2 2 2 2 2 2 2 2 2 2 2 2 2 2 2 2 2 2
left_child=2 10 3 4 17 6 7 -4 19 -6 11 12 -2 -13 16 -16 -12 -1 -8 -5
right_child=1 -3 5 8 9 -7 18 -9 -10 -11 14 13 -14 -15 15 -17 -18 -19 -20 -21
leaf_value=-9.9952105370646962e-05 0.00029953577320860779 -0.00038178751349230024 -0.00020463552807305183 0.00037688189885811882 -0.0010855831111948645 0.00053344327323914809 -4.9388168491423127e-05 0.00021856642187188682 0 0 0.00042780767759673338 0.00089168300215620544 -0.00053829611808917414 0 -0.00069673392896850894 0.00029068175677210087 -0.00031272526148720371 0.00015845905841084269 -0.00075206160027047855 0.0011453298487507832
leaf_weight=139 204 31 464 37 29 33 22 143 32 22 85 72 34 24 42 22 31 149 89 26
leaf_count=139 204 31 464 37 29 33 22 143 32 22 85 72 34 24 42 22 31 149 89 26
internal_value=9.92131e-07 0.00017662 -7.74987e-05 4.53227e-05 -8.05118e-05 -0.000152353 -0.000190123 -9.94329e-05 0.000513684 -0.000693104 0.000218121 0.000325935 0.000162187 0.000684376 0 -0.000314716 0.000201802 2.36858e-05 -0.000644073 0.000777119
internal_weight=1730 545 1185 434 339 751 718 607 95 51 514 334 238 96 180 64 116 288 111 63
internal_count=1730 545 1185 434 339 751 718 607 95 51 514 334 238 96 180 64 116 288 111 63
is_linear=0
shrinkage=0.03


Tree=64
num_leaves=17
num_cat=0
split_feature=34 35 24 15 35 17 34 22 33 34 33 23 17 14 35 34
split_gain=0.0262331 0.023072 0.0396149 0.0339976 0.0330071 0.0410069 0.0337071 0.0323399 0.027148 0.0332527 0.0241718 0.0198094 0.0181998 0.0110161 0.00447517 0.000428099
threshold=1.7627008590208046 0.058097880684220664 1.2768645677280246 0.36514239870147863 0.15442678851576275 -0.65150021514107181 0.21232712072851395 -0.17066712305583637 0.30655907545440281 -1.3736727094264924 1.0000000180025095e-35 -0.9936601962380941 1.5134787832109382 1.2572791509424577 -0.47432674806784686 2.1691391317083766
decision_type=2 2 2 2 2 2 2 2 2 2 2 2 2 2 2 2
left_child=1 2 8 -4 5 6 -3 10 9 -1 -6 -10 -7 -9 -5 -2
right_child=15 4 3 14 7 12 -8 13 11 -11 -12 -13 -14 -15 -16 -17
leaf_value=-0.00054678342530479346 0.00023423889377671811 0.00034910607674524223 -0.00022060706416064373 0.00028784320873977696 -0.00018145113263211767 0.00011760233689258855 0.0014929213464880981 -0.00051184724666157057 0.00012965127379776766 0.00014277867492551273 0.00026846297692628614 -0.00069751964875911475 -0.00074137882483394247 5.4611090731261096e-05 0.0012361528804076128 0.00081494254068556157
leaf_weight=92 24 107 36 20 199 377 33 162 23 174 220 161 20 26 26 30
leaf_count=92 24 107 36 20 199 377 33 162 23 174 220 161 20 26 26 30
internal_value=8.74131e-07 -1.88819e-05 -0.000182859 0.000398414 5.50367e-05 0.000227378 0.000665362 -9.28803e-05 -0.00029734 -8.80022e-05 4.79007e-05 -0.000577659 6.15929e-05 -0.000418173 0.000927935 0.000635396
internal_weight=1730 1676 532 82 1144 537 140 607 450 266 419 184 397 188 46 54
internal_count=1730 1676 532 82 1144 537 140 607 450 266 419 184 397 188 46 54
is_linear=0
shrinkage=0.03


Tree=65
num_leaves=19
num_cat=0
split_feature=25 8 14 29 28 10 33 31 28 29 8 29 12 25 5 31 21 11
split_gain=0.024657 0.0142098 0.0158655 0.0150959 0.0264032 0.0193108 0.0131069 0.0233246 0.0225149 0.0174343 0.0235059 0.0163915 0.0140131 0.0117485 0.0109174 0.00637382 0.00610456 0.00684918
threshold=0.52666985776952358 0.99112978976350685 -1.2920780011235491 -0.30093105100044182 -0.65745389910440544 -0.21789115811865195 -0.076996623875662071 -0.2066249930966306 -0.55621063906855639 -0.38376053150727202 0.47428629015764651 -0.43120401529801689 1.5935663726109166 1.8357517210201648 -0.66978817503314303 -1.6303657461409002 -0.40606527187096447 1.3432988441692113
decision_type=2 2 2 2 2 2 2 2 2 2 2 2 2 2 2 2 2 2
left_child=1 2 -1 4 -4 -5 7 12 -8 10 -10 -9 15 -11 -3 -2 -16 -18
right_child=6 14 3 5 -6 -7 8 11 9 13 -12 -13 -14 -15 16 -17 17 -19
leaf_value=-0.0007883122290950268 0 9.0022578420757769e-05 -0.00077922079694877949 -0.00043660904538652778 0.00010673087583284436 0 0.0012614519423805176 -0.00093712101656604884 0.00081910378164218236 -0.00025451812804110248 -7.7779373832579166e-05 1.9809981934604753e-05 -0.00035844680289405268 0.00041987005845294336 -4.1065284440073329e-05 0.0004837360224008317 -0.00083874408031503359 -9.7708636726770966e-05
leaf_weight=21 40 29 28 141 742 229 21 30 68 71 32 20 25 30 35 89 51 28
leaf_count=21 40 29 28 141 742 229 21 30 68 71 32 20 25 30 35 89 51 28
internal_value=1.17139e-06 -6.18597e-05 -2.39259e-05 -5.18833e-06 6.77344e-05 -0.000164313 0.000200188 1.03883e-05 0.000358801 0.000232625 0.000509069 -0.00051829 0.000207769 -1.90253e-05 -0.000342472 0.000345881 -0.000477621 -0.000625868
internal_weight=1730 1304 1161 1140 770 370 426 204 222 201 100 50 154 101 143 129 114 79
internal_count=1730 1304 1161 1140 770 370 426 204 222 201 100 50 154 101 143 129 114 79
is_linear=0
shrinkage=0.03


Tree=66
num_leaves=17
num_cat=0
split_feature=34 35 24 15 35 34 15 28 22 29 23 34 22 34 10 34
split_gain=0.0241618 0.0213963 0.037032 0.0318757 0.0304174 0.0359323 0.0434451 0.0311008 0.0330858 0.021192 0.0180008 0.0160663 0.037822 0.0198934 0.0042908 0.00046789
threshold=1.7627008590208046 0.058097880684220664 1.2768645677280246 0.36514239870147863 0.15442678851576275 0.33856040303250007 0.62600680169074729 0.7560491459607076 -0.29119235323563936 -0.44548291902122833 0.68250280468475177 0.7573270522708242 0.79816726708571872 -1.3736727094264924 0.38741676102652051 2.1691391317083766
decision_type=2 2 2 2 2 2 2 2 2 2 2 2 2 2 2 2
left_child=1 2 11 -4 5 6 -3 8 -6 -7 -9 13 -13 -1 -5 -2
right_child=15 4 3 14 7 9 -8 10 -10 -11 -12 12 -14 -15 -16 -17
leaf_value=-0.0005260181251784639 0.00021647072433390548 3.3533854357519185e-06 -0.00021183648840031731 0.001215999618970922 -3.2967339683894697e-06 0 0.0010236641547443077 0.00050163610568270084 -0.00052864006773556914 0.0010466881192035295 -0.0002995236470637008 -0.00083562546641831944 0.00039484211272345141 0 0.00029118129675043749 0.00078546805844896214
leaf_weight=92 24 415 36 25 304 20 39 102 175 63 26 102 23 233 21 30
leaf_count=92 24 415 36 25 304 20 39 102 175 63 26 102 23 233 21 30
internal_value=9.02698e-07 -1.79874e-05 -0.000175951 0.000385585 5.31238e-05 0.000218625 0.00010371 -8.87286e-05 -0.000203548 0.000786765 0.000312867 -0.000286774 -0.000581834 -0.000159859 0.000898701 0.000609915
internal_weight=1730 1676 532 82 1144 537 454 607 479 83 128 450 125 325 46 54
internal_count=1730 1676 532 82 1144 537 454 607 479 83 128 450 125 325 46 54
is_linear=0
shrinkage=0.03


Tree=67
num_leaves=17
num_cat=0
split_feature=34 35 24 15 35 17 29 28 22 33 34 23 35 23 10 15
split_gain=0.0229609 0.0201372 0.0350574 0.0303418 0.0287825 0.0378372 0.0315398 0.029252 0.0311241 0.0247518 0.0294638 0.0181758 0.0175912 0.0170516 0.00390276 0.000428006
threshold=1.7627008590208046 0.058097880684220664 1.2768645677280246 0.36514239870147863 0.15442678851576275 -0.65150021514107181 -0.4217560672789738 0.7560491459607076 -0.29119235323563936 0.30655907545440281 -1.3736727094264924 -0.9936601962380941 0.094410280245870101 0.68250280468475177 0.38741676102652051 -0.68807251785140666
decision_type=2 2 2 2 2 2 2 2 2 2 2 2 2 2 2 2
left_child=1 2 9 -4 5 6 -3 8 -6 10 -1 -11 -7 -9 -5 -2
right_child=15 4 3 14 7 12 -8 13 -10 11 -12 -13 -14 -15 -16 -17
leaf_value=-0.00051073590969225686 0.00075805500192184223 0.00016037619079831034 -0.00020597024022796315 0.0011834281698933668 -3.1987973893014725e-06 -0.00039111722821235159 0.0011176813108248829 0.00048701699573014455 -0.00051304815685261412 0.00012764523667283355 0.00013825976960035434 -0.00066123741527269705 0.00014547746919226355 -0.00029146749734605568 0.00028353777463780718 0.0001972502077069993
leaf_weight=92 31 76 36 25 304 61 64 102 175 23 174 161 336 26 21 23
leaf_count=92 31 76 36 25 304 61 64 102 175 23 174 161 336 26 21 23
internal_value=1.07195e-06 -1.72988e-05 -0.000170587 0.000375389 5.16298e-05 0.000212666 0.000633247 -8.62629e-05 -0.000197727 -0.000278526 -7.82451e-05 -0.000546119 5.32134e-05 0.000302933 0.000876345 0.000594779
internal_weight=1730 1676 532 82 1144 537 140 607 479 450 266 184 397 128 46 54
internal_count=1730 1676 532 82 1144 537 140 607 479 450 266 184 397 128 46 54
is_linear=0
shrinkage=0.03


Tree=68
num_leaves=26
num_cat=0
split_feature=25 15 12 29 16 23 23 16 20 14 35 15 10 30 21 28 20 20 29 31 15 29 16 26 18
split_gain=0.022055 0.0125148 0.0201535 0.0176427 0.0128883 0.0295357 0.0208227 0.0117051 0.0179841 0.0322762 0.0222655 0.0189778 0.0200392 0.0112277 0.0119681 0.0125879 0.0102578 0.00811002 0.0055626 0.00943897 0.00498442 0.00262471 0.00267479 0.0017612 0.00115586
threshold=0.39887799897373372 -0.2581498447135015 -0.73067301356201753 -0.30493376526212562 0.074571900338256905 0.68250280468475177 0.34509336943404884 0.98625214516729576 0.53885201517972425 0.68601878207255884 0.32568399796927067 0.9605355235376174 0.17544201850581118 -0.086701526772786849 -0.17655629488956234 -0.62038742646353973 0.1671645660994491 -0.86044191076954635 -0.32496918932934266 0.48327126932688053 1.9717006692335277 -0.40930771930729931 1.2551315433674679 0.043900356951227577 -0.044686475662785975
decision_type=2 2 2 2 2 2 2 2 2 2 2 2 2 2 2 2 2 2 2 2 2 2 2 2 2
left_child=7 13 3 23 5 -4 -6 8 11 10 -10 12 -1 14 15 -2 17 -9 19 -15 -13 -18 -23 -3 -16
right_child=1 2 4 -5 6 -7 -8 16 9 -11 -12 20 -14 18 24 -17 21 -19 -20 -21 -22 22 -24 -25 -26
leaf_value=0.00024312031148872502 0.00011886225596222524 0.0010548120097789381 -0.00074159990357048852 -0.0001327462280978975 0.00040137990062834837 0.00046462726644645248 -0.0002691059798361307 0 -0.00044794788504150344 0.00059302427479997275 0.00024193066821190653 -0.00053746248688548803 -0.00010865924663995365 -0.00018651312796939763 -8.7550336252088118e-05 0.00094774218546670114 -0.00021682141298272957 -0.0006296121668042528 -0.00032196608862495452 0.00041823548522592377 0 -1.6712713526035449e-05 0.00034366266920159643 0.00028009880753234026 0.00019381541490008162
leaf_weight=401 36 25 61 20 78 20 80 22 237 34 43 50 212 28 20 60 33 78 20 56 32 20 23 21 20
leaf_count=401 36 25 61 20 78 20 80 22 237 34 43 50 212 28 20 60 33 78 20 56 32 20 23 21 20
internal_value=1.24866e-06 0.000160365 2.14414e-05 0.000481217 -9.75206e-05 -0.000402095 4.45713e-05 -6.96265e-05 -2.65909e-05 -0.000215889 -0.00032996 5.5196e-05 0.000116654 0.000322124 0.000502068 0.000680236 -0.000295007 -0.000490792 5.12969e-05 0.00018269 -0.000356848 0 0.00012067 0.000801165 0
internal_weight=1730 545 305 66 239 81 158 1185 1009 314 280 695 613 240 136 96 176 100 104 84 82 76 43 46 40
internal_count=1730 545 305 66 239 81 158 1185 1009 314 280 695 613 240 136 96 176 100 104 84 82 76 43 46 40
is_linear=0
shrinkage=0.03


Tree=69
num_leaves=17
num_cat=0
split_feature=34 35 24 15 16 33 20 34 33 34 34 21 21 33 35 34
split_gain=0.0209815 0.0184112 0.0324906 0.0282564 0.0273672 0.0318266 0.0317604 0.0283349 0.0225538 0.0273705 0.0147741 0.0134981 0.014348 0.00556156 0.00389919 0.000443937
threshold=1.7627008590208046 0.058097880684220664 1.2768645677280246 0.36514239870147863 0.49396442646141098 -0.030842157101029982 -1.5491568899477028 -1.3811474881841901 0.30655907545440281 -1.3736727094264924 1.4076244241754539 0.44971035710400603 -0.64961345364956036 -0.076996623875662071 -0.47432674806784686 2.1691391317083766
decision_type=2 2 2 2 2 2 2 2 2 2 2 2 2 2 2 2
left_child=1 2 8 -4 5 7 -7 -3 9 -1 -10 12 -6 -13 -5 -2
right_child=15 4 3 14 11 6 -8 -9 10 -11 -12 13 -14 -15 -16 -17
leaf_value=-0.00049226237264320886 0.00019051260014788971 0.00051564393163325479 -0.0001966445659479807 0.00024361364768170143 0 0.0013851143327541647 0.0002880802830047626 -7.5752476229615844e-05 -0.00063824747417297485 0.00013303222240371062 3.8042102241888589e-06 -0.00014043126925285571 -0.00043872601342478029 0.00031693685916968839 0.0011328630864877124 0.00073569744093004953
leaf_weight=92 24 84 36 20 134 27 214 435 155 174 29 25 163 62 26 30
leaf_count=92 24 84 36 20 134 27 214 435 155 174 29 25 163 62 26 30
internal_value=1.21838e-06 -1.62659e-05 -0.000162902 0.0003622 4.95573e-05 0.000155633 0.000438799 1.66311e-05 -0.000266975 -7.51607e-05 -0.000522574 -0.000152212 -0.000251916 0.000151876 0.000846044 0.000568804
internal_weight=1730 1676 532 82 1144 760 241 519 450 266 184 384 297 87 46 54
internal_count=1730 1676 532 82 1144 760 241 519 450 266 184 384 297 87 46 54
is_linear=0
shrinkage=0.03


Tree=70
num_leaves=21
num_cat=0
split_feature=25 34 26 29 32 8 24 30 8 14 29 34 11 14 31 15 25 10 29 34
split_gain=0.0201505 0.0130135 0.0264696 0.0176033 0.0226405 0.0204695 0.0171891 0.0159208 0.0126836 0.0139142 0.0127277 0.0263507 0.0203449 0.0102021 0.00827421 0.00798482 0.00434192 0.00392249 0.0093918 0.00375772
threshold=0.52666985776952358 0.07348690719547292 0.068502880166305694 -0.37135455972133108 -0.088942055940346917 0.37998850151547031 -0.028478247040617206 -0.18151094934302089 0.99112978976350685 -1.2920780011235491 -0.30093105100044182 0.057345889303042845 0.92133746652965554 0.84479354826609754 -1.6303657461409002 -0.063703956613811105 1.0507397885303884 0.47235959191462212 -0.36360226054592831 0.65616989319995589
decision_type=2 2 2 2 2 2 2 2 2 2 2 2 2 2 2 2 2 2 2 2
left_child=8 2 7 4 5 -3 19 14 9 -1 12 -12 -11 17 -2 -4 -8 -10 -19 -5
right_child=1 3 15 6 -6 -7 16 -9 13 10 11 -13 -14 -15 -16 -17 -18 18 -20 -21
leaf_value=-0.00073478705203160644 0 0.00056353267999913756 0 0.00062805347301235254 0.0011227856639455607 -0.00043867528368718927 -0.00054439705466343606 -0.00028103885125662932 -3.1424338343523148e-06 0.00011765665116370262 2.8607135435228603e-05 -0.0004864040431327624 -0.00040292910932346359 0.00015523823006795002 0.00053962549751740874 -0.00076771626686677325 0 -0.00086341710497736524 -0.00015370735660172403 0
leaf_weight=21 32 48 20 30 44 23 30 35 28 700 239 131 70 23 87 37 20 43 49 20
leaf_count=21 32 48 20 30 44 23 30 35 28 700 239 131 70 23 87 37 20 43 49 20
internal_value=1.44397e-06 0.000181503 0 0.000344317 0.000594115 0.000193711 1.8987e-05 0.000217593 -5.53653e-05 -1.94083e-05 -1.71165e-06 -0.000148137 6.50696e-05 -0.000320351 0.000392144 -0.000522641 -0.000332867 -0.000437458 -0.000533789 0.00042637
internal_weight=1730 426 211 215 115 71 100 154 1304 1161 1140 370 770 143 119 57 50 120 92 50
internal_count=1730 426 211 215 115 71 100 154 1304 1161 1140 370 770 143 119 57 50 120 92 50
is_linear=0
shrinkage=0.03


Tree=71
num_leaves=13
num_cat=0
split_feature=34 11 25 34 15 30 33 11 23 23 15 14
split_gain=0.019389 0.0167187 0.018628 0.023073 0.0136245 0.0130979 0.0254297 0.00971014 0.00922423 0.00884461 0.000523892 0.000113942
threshold=1.7627008590208046 1.5958765541318034 0.52666985776952358 1.2277664332403575 -0.9907859625744494 -0.19063510622690119 -0.076996623875662071 -0.12619708309463243 0.080245103054465042 0.6534783371363041 -0.68807251785140666 0.7692714424149496
decision_type=2 2 2 2 2 2 2 2 2 2 2 2
left_child=1 2 3 4 -1 8 -7 -5 -4 11 -2 -3
right_child=10 9 5 7 -6 6 -8 -9 -10 -11 -12 -13
leaf_value=-0.00032061809486888174 0.00070331164313521346 -0.00070389519931568826 0.00064820999233634207 -0.00018325009600084742 2.1081503608509882e-05 -0.00056564420819322169 0.00021958636555064002 -0.0010233759139910347 8.4761806809183316e-05 0 0.00016367455005932311 -0.00016822470691935765
leaf_weight=113 31 43 77 45 1043 44 165 26 61 39 23 20
leaf_count=113 31 43 77 45 1043 44 165 26 61 39 23 20
internal_value=1.12815e-06 -1.56123e-05 6.95779e-06 -4.60279e-05 -1.04749e-05 0.000201677 3.44586e-05 -0.000560458 0.000427529 -0.000382719 0.000546809 -0.000594672
internal_weight=1730 1676 1574 1227 1156 347 209 71 138 102 54 63
internal_count=1730 1676 1574 1227 1156 347 209 71 138 102 54 63
is_linear=0
shrinkage=0.03


Tree=72
num_leaves=17
num_cat=0
split_feature=34 35 24 15 35 17 29 34 28 33 34 22 35 11 35 34
split_gain=0.0184522 0.0170645 0.0304125 0.028117 0.0251846 0.0336459 0.0289261 0.0271163 0.0345573 0.0193173 0.0314932 0.0173646 0.0161198 0.00332587 0.00296157 0.000409965
threshold=1.7627008590208046 0.058097880684220664 1.1276825317544656 0.25921236863702252 0.15442678851576275 -0.65150021514107181 -0.4217560672789738 1.4381603220502972 0.7560491459607076 0.30655907545440281 -1.3736727094264924 -0.083543621877599325 0.094410280245870101 1.0175925371965218 -0.51009462931542338 2.1691391317083766
decision_type=2 2 2 2 2 2 2 2 2 2 2 2 2 2 2 2
left_child=1 2 9 14 5 6 -3 8 -6 10 -1 -11 -7 -5 -4 -2
right_child=15 4 3 13 7 12 -8 -9 -10 11 -12 -13 -14 -15 -16 -17
leaf_value=-0.00055546603453795194 0.00016875568787670797 0.00014158066863391571 0 0.0010778788156807421 -0.00015007890311284053 -0.00037710054390845468 0.0010589868632047922 -0.00096382279144600035 0.00042264015430493781 -0.00069086303341181108 0.00013731959991303576 0 0.00013660268291942055 0.00024471960158552972 -0.000401213294651825 0.00069226411502512001
leaf_weight=84 24 76 28 27 465 61 64 27 115 128 171 52 336 21 21 30
leaf_count=84 24 76 28 27 465 61 64 27 115 128 171 52 336 21 21 30
internal_value=9.67755e-07 -1.5321e-05 -0.000156551 0.000303171 4.7978e-05 0.000198724 0.000595364 -8.0787e-05 -2.97863e-05 -0.000267288 -8.30695e-05 -0.000506229 4.79347e-05 0.000808032 -0.000151779 0.000533353
internal_weight=1730 1676 532 97 1144 537 140 607 580 435 255 180 397 48 49 54
internal_count=1730 1676 532 97 1144 537 140 607 580 435 255 180 397 48 49 54
is_linear=0
shrinkage=0.03


Tree=73
num_leaves=21
num_cat=0
split_feature=25 8 20 34 24 23 14 14 14 11 29 22 23 35 26 34 21 19 35 29
split_gain=0.0176481 0.0111045 0.0163037 0.0228793 0.0178407 0.0249924 0.0140815 0.0125408 0.0127405 0.0109252 0.0139906 0.011931 0.0102834 0.0101817 0.00966306 0.0172306 0.0146493 0.00396187 0.00279784 0.00169059
threshold=0.39887799897373372 0.61032524132207155 0.21089250128536388 -0.41033416633525055 1.0282278411054264 2.2897326951800356 0.41641676774504516 -0.2347685545379459 1.3224835619347444 -1.4165500602652348 -0.48014876234087472 -1.1366851341562827 0.6534783371363041 -0.10616825487515004 0.6667678631214925 0.21232712072851395 0.097511644985178975 0.055779164839129682 0.146244679059196 -0.45309211551534745
decision_type=2 2 2 2 2 2 2 2 2 2 2 2 2 2 2 2 2 2 2 2
left_child=9 2 3 6 13 -6 -2 18 12 10 -1 -11 -9 -4 16 -16 -13 -5 -3 -12
right_child=1 7 4 17 5 -7 -8 8 -10 11 19 14 -14 -15 15 -17 -18 -19 -20 -21
leaf_value=0.00076786820432772076 0.00030393602913207597 0 8.0123038104744097e-05 0.00028255653147061822 0.0007365860186370187 -0.00033787768667836927 -0.0004343308390535671 -0.0007418597437184759 0.00016774588611716515 -0.00077896015077788864 9.6588969812728446e-05 -7.3644812493119742e-05 0 -0.00043351728599130482 -0.00039011242471906371 5.8763954396961275e-05 0.00026837619992438702 0.00097125579897803648 0.00054642012470867485 -0.00022487586328497853
leaf_weight=28 89 26 50 29 54 23 26 46 31 20 30 655 25 69 189 110 132 56 21 21
leaf_count=28 89 26 50 29 54 23 26 46 31 20 30 655 25 69 189 110 132 56 21 21
internal_value=1.08459e-06 0.000143595 0.000227936 0.000417303 1.62506e-05 0.000377507 0.000104801 -6.08959e-05 -0.000261909 -6.21301e-05 0.000263345 -8.8733e-05 -0.00048924 -0.000196449 -7.11559e-05 -0.000216097 -1.16804e-05 0.000788022 0.000304885 0
internal_weight=1730 545 396 200 196 77 115 149 102 1185 79 1106 71 119 1086 299 787 85 47 51
internal_count=1730 545 396 200 196 77 115 149 102 1185 79 1106 71 119 1086 299 787 85 47 51
is_linear=0
shrinkage=0.03


Tree=74
num_leaves=13
num_cat=0
split_feature=34 11 25 34 22 14 30 34 23 23 34 14
split_gain=0.0169964 0.0154031 0.0164118 0.021053 0.0182491 0.0134019 0.0123981 0.0195526 0.00816146 0.007981 0.000442045 4.4773e-05
threshold=1.7627008590208046 1.5958765541318034 0.52666985776952358 1.0547062819726116 0.55327389700646956 0.53335107409344384 -0.19063510622690119 0.07348690719547292 0.080245103054465042 0.6534783371363041 2.1691391317083766 0.7692714424149496
decision_type=2 2 2 2 2 2 2 2 2 2 2 2
left_child=1 2 3 5 -5 -1 8 -8 -4 11 -2 -3
right_child=10 9 6 4 -6 -7 7 -9 -10 -11 -12 -13
leaf_value=-4.5321436413197432e-05 0.00015419905446469783 -0.00067230508845987841 0.00061800958951644129 -0.00054663439029769005 0.00027861465972651224 0.00023293663021344243 -0.00043269239775346296 0.00021174271198216515 8.2886517146107505e-05 0 0.00066767005701496435 -0.00015538846072487775
leaf_weight=903 24 43 77 116 23 185 54 155 61 39 30 20
leaf_count=903 24 43 77 116 23 185 54 155 61 39 30 20
internal_value=1.24027e-06 -1.43223e-05 7.2687e-06 -4.23371e-05 -0.000385954 0 0.000190107 2.73202e-05 0.000409543 -0.00036676 0.000512219 -0.000568181
internal_weight=1730 1676 1574 1227 139 1088 347 209 138 102 54 63
internal_count=1730 1676 1574 1227 139 1088 347 209 138 102 54 63
is_linear=0
shrinkage=0.03


Tree=75
num_leaves=16
num_cat=0
split_feature=34 35 14 24 16 28 29 29 29 15 15 35 32 30 15
split_gain=0.0161725 0.0158566 0.0293066 0.0366986 0.0237808 0.0213583 0.021779 0.0179047 0.016734 0.0144627 0.0139055 0.0119358 0.00639856 0.00235214 0.00040961
threshold=1.7627008590208046 0.058097880684220664 -0.85766333558243268 0.94120498678751685 0.49396442646141098 -0.65848379319649475 -0.30093105100044182 0.53958674267896123 -0.39390792956446657 0.09514989505013989 0.20834762577855778 0.41212496594816966 -0.022976107513988746 0.3546443949975665 -0.68807251785140666
decision_type=2 2 2 2 2 2 2 2 2 2 2 2 2 2 2
left_child=1 2 7 10 5 -3 -7 13 11 -5 -4 -6 -10 -1 -2
right_child=14 4 3 9 8 6 -8 -9 12 -11 -12 -13 -14 -15 -16
leaf_value=-0.001306264891847968 0.00064420019117738668 -0.00064630112288120603 -2.6502532995696766e-06 0 -9.1131925869780128e-05 0.00027336202323683545 -9.4821262960277419e-05 0 -3.590777980375938e-05 0.00071418436366161577 -0.00038965678599294423 -0.00054749120990848436 0.00034573274674886442 -0.00041104875909513794 0.00013775976304896174
leaf_weight=27 31 25 186 39 148 556 179 21 79 61 177 99 58 21 23
leaf_count=27 31 25 186 39 148 556 179 21 79 61 177 99 58 21 23
internal_value=1.25796e-06 -1.388e-05 -0.000150094 -5.51002e-05 4.70756e-05 0.000146075 0.00017961 -0.000716994 -0.000140723 0.000436529 -0.0002012 -0.00029042 0.00010818 -0.00102065 0.000499729
internal_weight=1730 1676 532 463 1144 760 735 69 384 100 363 247 137 48 54
internal_count=1730 1676 532 463 1144 760 735 69 384 100 363 247 137 48 54
is_linear=0
shrinkage=0.03


Tree=76
num_leaves=18
num_cat=0
split_feature=11 25 29 34 24 20 17 22 20 18 32 34 29 33 23 29 18
split_gain=0.0157759 0.0183064 0.0113388 0.0290873 0.041676 0.0364404 0.022813 0.0243565 0.0155733 0.00849841 0.00952572 0.00854726 0.0112024 0.0103117 0.00734339 0.0059722 0.000333141
threshold=1.5958765541318034 0.52666985776952358 -0.30093105100044182 0.057345889303042845 0.0088172619527725586 0.42953217721493736 0.73267324649216825 0.79816726708571872 0.014116792948747507 0.23610343409116599 -0.13372080942271955 1.1100039078352186 -0.43544776999658236 1.6550508586400887 0.6534783371363041 -0.27625036780526757 0.70652259495374103
decision_type=2 2 2 2 2 2 2 2 2 2 2 2 2 2 2 2 2
left_child=1 2 6 4 -4 -5 7 -1 -8 11 -11 12 -3 -13 16 -12 -2
right_child=14 9 3 5 -6 -7 8 -9 -10 10 15 13 -14 -15 -16 -17 -18
leaf_value=2.2236367824737332e-05 -0.00067078063534951752 -0.00038364717530552295 -0.0005114024110806051 6.2496694969441308e-06 0.00030495885107289762 -0.00088645690526589695 -0.00052130055192427596 0.0004982838537754172 2.9637908516697662e-05 0 0.00074608781199276555 0.00083435604308864904 0.00012655877505757791 0 0 1.0315447971224777e-05 -0.0001636632871455871
leaf_weight=565 40 47 80 65 169 85 96 118 68 33 61 25 167 27 39 22 23
leaf_count=565 40 47 80 65 169 85 96 118 68 33 61 25 167 27 39 22 23
internal_value=8.81862e-07 2.55462e-05 -2.81494e-05 -0.000160639 2.78037e-05 -0.000487472 3.10802e-05 0.000110674 -0.00027847 0.000207336 0.000426831 9.67717e-05 0 0.00043089 -0.000353692 0.000593111 -0.000546952
internal_weight=1730 1628 1246 399 249 150 847 683 164 382 116 266 214 52 102 83 63
internal_count=1730 1628 1246 399 249 150 847 683 164 382 116 266 214 52 102 83 63
is_linear=0
shrinkage=0.03


Tree=77
num_leaves=17
num_cat=0
split_feature=34 35 14 24 16 33 11 34 29 29 15 15 35 32 30 31
split_gain=0.0152405 0.0146808 0.0279122 0.0339609 0.0220766 0.0285205 0.0270569 0.0257102 0.0168109 0.0156114 0.0133181 0.0129136 0.0108609 0.00594271 0.00210665 0.000481078
threshold=1.7627008590208046 0.058097880684220664 -0.85766333558243268 0.94120498678751685 0.49396442646141098 -0.030842157101029982 -0.59711753407390444 -1.3811474881841901 0.53958674267896123 -0.39390792956446657 0.09514989505013989 0.20834762577855778 0.41212496594816966 -0.022976107513988746 0.3546443949975665 2.0069301253843936
decision_type=2 2 2 2 2 2 2 2 2 2 2 2 2 2 2 2
left_child=1 2 8 11 5 7 -7 -3 14 12 -5 -4 -6 -11 -1 -2
right_child=15 4 3 10 9 6 -8 -9 -10 13 -12 -13 -14 -15 -16 -17
leaf_value=-0.001269203610345721 0.00062099120098698356 0.00048457451717895937 -9.1519096675920134e-07 0 -8.9216651017866278e-05 -0.00039437315552495419 0.00052730090993129359 -7.9216908305706089e-05 0 -3.377662099689875e-05 0.00068705091186347994 -0.00037433039686256958 -0.00052642534678007532 0.00033305112949809151 -0.00039705869444151177 0.00011614392327144742
leaf_weight=27 32 84 186 39 148 27 214 435 21 79 61 177 99 58 21 22
leaf_count=27 32 84 186 39 148 27 214 435 21 79 61 177 99 58 21 22
internal_value=9.14399e-07 -1.37306e-05 -0.000144836 -5.19893e-05 4.48417e-05 0.000140307 0.000408168 8.54593e-06 -0.000698056 -0.000135971 0.000420635 -0.000192766 -0.000280668 0.000103903 -0.000992265 0.000484882
internal_weight=1730 1676 532 463 1144 760 241 519 69 384 100 363 247 137 48 54
internal_count=1730 1676 532 463 1144 760 241 519 69 384 100 363 247 137 48 54
is_linear=0
shrinkage=0.03


Tree=78
num_leaves=20
num_cat=0
split_feature=11 20 29 23 34 29 11 14 35 22 34 32 21 14 34 30 29 21 9
split_gain=0.0146597 0.0146231 0.0359556 0.0381453 0.0272865 0.0258909 0.0324436 0.0341888 0.0255266 0.0296308 0.0209322 0.0176304 0.0154063 0.00852016 0.00711791 0.0141618 0.00708456 0.00391145 0.0031773
threshold=1.5958765541318034 0.41860019341845867 -0.44768264942648145 0.30155666811137755 0.7680356658261126 -0.42823521621780469 -0.93488070022175429 -0.13834453231477709 0.08978424408423008 -0.49776191131624514 -0.25802251303780477 0.16022924235356731 -0.68013321174570562 -0.080037197039809396 -1.3811474881841901 -0.34394202476257046 -0.48106826492037413 -0.095983997739178095 1.3720606413876315
decision_type=2 2 2 2 2 2 2 2 2 2 2 2 2 2 2 2 2 2 2
left_child=1 5 4 11 13 6 16 -8 12 -10 -5 -4 -7 -3 -2 -16 -1 -6 -17
right_child=14 2 3 10 17 8 7 -9 9 -11 -12 -13 -14 -15 15 18 -18 -19 -20
leaf_value=0.00058793043917995094 -0.00078225711453706024 -0.00027444372322845637 -0.00072105338168075561 0.00027971771055139427 0.00028431919811555413 0.00031330010613547294 1.8873490731626091e-05 -0.0005587232300781975 0 0.0006038009335310728 -0.00021196980661099165 6.7058642124456687e-06 -0.00020203685887972824 0.00042750310984885563 0.00033572290876181796 -0.00065460181163507511 5.6609880367138808e-05 0.0011701414733524284 -1.4920992252882499e-06
leaf_weight=59 25 43 134 126 21 78 217 146 118 217 192 28 142 20 27 29 59 28 21
leaf_count=59 25 43 134 126 21 78 217 146 118 217 192 28 142 20 27 29 59 28 21
internal_value=6.53501e-07 2.44924e-05 -9.16315e-05 -0.000208751 0.000376576 9.38093e-05 -6.22647e-05 -0.000207917 0.000234057 0.000397994 -7.01099e-06 -0.000579251 -4.11675e-06 0 -0.000341091 -0.000136392 0.000355054 0.000886501 -0.000452511
internal_weight=1730 1628 592 480 112 1036 481 363 555 335 318 162 220 63 102 77 118 49 50
internal_count=1730 1628 592 480 112 1036 481 363 555 335 318 162 220 63 102 77 118 49 50
is_linear=0
shrinkage=0.03


Tree=79
num_leaves=17
num_cat=0
split_feature=25 17 28 33 33 8 35 22 22 14 28 19 30 32 19 28
split_gain=0.0140634 0.00947181 0.0100623 0.0150787 0.0132118 0.00946103 0.00883324 0.00869541 0.0113031 0.0117347 0.0161346 0.0119658 0.00680955 0.00436394 0.00424225 0.00314789
threshold=0.39887799897373372 1.804036238307291 -0.35998176068237664 0.11063999735138208 -0.24255009742268924 -0.77890138773107431 0.14678594589586699 -1.2021725271869326 -1.0813840840126339 0.55819771258515483 -0.58163114981047104 0.27800886785720808 0.65677600601953079 -0.39292408588829114 0.8843642546512871 -0.49881040186112047
decision_type=2 2 2 2 2 2 2 2 2 2 2 2 2 2 2 2
left_child=7 2 3 4 -2 13 -7 -1 12 11 -11 -10 14 -4 -9 -5
right_child=1 -3 5 15 -6 6 -8 8 9 10 -12 -13 -14 -15 -16 -17
leaf_value=-0.00064261474709390953 0.0002802393110933754 -0.00033078058716594518 0 0.0010127574170248641 -0.0002327167207709039 -0.00031234752450836825 8.9245875911501577e-05 0 -6.8697038396736904e-05 0.00042554695969932555 -9.9452723339982999e-05 -0.00036970286890481232 0.00062716097933850415 0.00063951357181132255 0.00040978364509422906 0.00021435707528144119
leaf_weight=20 193 31 20 28 50 85 93 96 668 87 110 155 26 24 23 21
leaf_count=20 193 31 20 28 50 85 93 96 668 87 110 155 26 24 23 21
internal_value=8.02158e-07 0.000128201 0.000163444 0.000278417 0.000160947 0 -8.79502e-05 -5.5441e-05 -4.11676e-05 -7.8639e-05 0.000120305 -0.000130156 0.000198405 0.000389075 6.70189e-05 0.000760386
internal_weight=1730 545 514 292 243 222 178 1185 1165 1020 197 823 145 44 119 49
internal_count=1730 545 514 292 243 222 178 1185 1165 1020 197 823 145 44 119 49
is_linear=0
shrinkage=0.03


Tree=80
num_leaves=16
num_cat=0
split_feature=34 35 22 34 30 16 12 32 14 35 34 22 21 34 34
split_gain=0.0143761 0.0134228 0.0230645 0.0187264 0.0239312 0.0244287 0.0222765 0.0158516 0.0146441 0.0129539 0.0152324 0.00994215 0.00485532 0.00240046 0.000534507
threshold=1.7627008590208046 0.0052630860051418255 1.7086736576469193 -1.3811474881841901 -0.26184000479126485 0.49396442646141098 1.0000000180025095e-35 0.26010047048732771 -0.28368783925954461 -0.14350063592818302 -1.3736727094264924 -0.7800578479134026 -0.06973682048458188 -1.8602699825008016 2.1691391317083766
decision_type=2 2 2 2 2 2 2 2 2 2 2 2 2 2 2
left_child=1 2 9 7 6 -6 -5 -3 -4 10 -1 -11 -10 -9 -2
right_child=14 3 8 4 5 -7 -8 13 12 11 -12 -13 -14 -15 -16
leaf_value=-0.00053874090542861566 0.00012480360129848121 0.00096181570121220178 -0.00029229154858330728 -0.00075046631818986495 0.00015533921264202714 -0.00014354932797568809 0.00022465802807038508 0.00025220063114906417 0 0 0 -0.00070667137423666506 0.00070840357645118434 -6.8439489400659036e-05 0.0006204004954885353
leaf_weight=60 24 32 21 65 663 380 23 35 20 25 209 79 41 23 30
leaf_count=60 24 32 21 65 663 380 23 35 20 25 209 79 41 23 30
internal_value=8.38136e-07 -1.33356e-05 -0.000153153 3.65635e-05 2.52136e-07 4.34766e-05 -0.000463633 0.00044589 0.000278265 -0.000257438 -0.000129707 -0.000546882 0.000526055 7.87573e-05 0.000470928
internal_weight=1730 1676 455 1221 1131 1043 88 90 82 373 269 104 61 58 54
internal_count=1730 1676 455 1221 1131 1043 88 90 82 373 269 104 61 58 54
is_linear=0
shrinkage=0.03


Tree=81
num_leaves=17
num_cat=0
split_feature=34 35 24 15 34 28 29 32 35 34 32 25 32 15 35 31
split_gain=0.0136862 0.0126826 0.0217581 0.0179859 0.0177144 0.0225654 0.0198328 0.0149829 0.0145825 0.0122559 0.00873438 0.00438004 0.00252785 0.0023309 0.00224238 0.000527219
threshold=1.7627008590208046 0.0052630860051418255 1.1276825317544656 0.25921236863702252 -1.3811474881841901 -0.6545925912036713 -0.05966958244462562 0.26010047048732771 -0.14350063592818302 -1.3736727094264924 0.21418017693234218 0.25659770277733657 -0.24803293566001952 -0.1097469340006946 -0.47432674806784686 2.0069301253843936
decision_type=2 2 2 2 2 2 2 2 2 2 2 2 2 2 2 2
left_child=1 2 8 12 7 11 -7 -3 9 -1 -10 -6 -4 -9 -5 -2
right_child=15 4 3 14 5 6 -8 13 10 -11 -12 -13 -14 -15 -16 -17
leaf_value=-0.00048853918744604129 0.00059203542574042727 0.00093543446803731568 0 0.00015556266260049911 -0.00078865175612382525 7.4563925327184746e-05 -0.00038784012442144252 0.00023485017169221512 -0.0006918646843967212 0 0 -3.5442050121238686e-05 -0.00035409462849609556 -8.8793357307820201e-05 0.00088229697656914084 9.8938197568058952e-05
leaf_weight=59 32 32 20 20 34 990 87 38 83 205 20 20 22 20 26 22
leaf_count=59 32 32 20 20 34 990 87 38 83 205 20 20 22 20 26 22
internal_value=8.51618e-07 -1.29356e-05 -0.000148879 0.000252147 3.5513e-05 1.24413e-07 3.34596e-05 0.000433622 -0.000254411 -0.000118784 -0.000560536 -0.000578865 -0.000138203 7.51903e-05 0.000656419 0.000459556
internal_weight=1730 1676 455 88 1221 1131 1077 90 367 264 103 54 42 58 46 54
internal_count=1730 1676 455 88 1221 1131 1077 90 367 264 103 54 42 58 46 54
is_linear=0
shrinkage=0.03


Tree=82
num_leaves=19
num_cat=0
split_feature=11 25 29 34 24 20 17 22 20 30 33 29 34 34 34 30 29 9
split_gain=0.0133847 0.0149235 0.0100892 0.0255663 0.0353998 0.0319255 0.0209373 0.0226041 0.014586 0.00810406 0.0236173 0.0161582 0.0101366 0.00747831 0.00636437 0.0131121 0.00375123 0.00299821
threshold=1.5958765541318034 0.52666985776952358 -0.30093105100044182 0.057345889303042845 0.0088172619527725586 0.42953217721493736 0.73267324649216825 0.79816726708571872 0.014116792948747507 -0.19063510622690119 -0.076996623875662071 -0.38376053150727202 -0.55006735841104337 -0.39065065730605097 -1.3811474881841901 -0.34394202476257046 1.1258011014361864 1.3720606413876315
decision_type=2 2 2 2 2 2 2 2 2 2 2 2 2 2 2 2 2 2
left_child=1 2 6 4 -4 -5 7 -1 -8 13 12 -12 -11 16 -2 -16 -3 -17
right_child=14 9 3 5 -6 -7 8 -9 -10 10 11 -13 -14 -15 15 17 -18 -19
leaf_value=2.2071127067391269e-05 -0.00074463089089840651 0.00032592657947534459 -0.00046963193746850287 3.0615485319525307e-06 0.00028250664375809714 -0.00082971866307938883 -0.00050046977158710814 0.00048098106590539313 3.1907515501124702e-05 0 0.00045938803526043343 -5.226252283178074e-05 -0.00093647678228560836 0.00083055170367081314 0.00032296814022120089 -0.00063015910019748847 0 0
leaf_weight=565 25 77 80 65 169 85 96 118 68 22 110 90 22 28 27 29 33 21
leaf_count=565 25 77 80 65 169 85 96 118 68 22 110 90 22 28 27 29 33 21
internal_value=8.03672e-07 2.36574e-05 -2.46128e-05 -0.00014974 2.62369e-05 -0.000456255 3.11224e-05 0.000107486 -0.000265156 0.000187861 6.68875e-05 0.000216997 -0.000521899 0.000374506 -0.000325643 -0.000129286 0.000212905 -0.000434564
internal_weight=1730 1628 1246 399 249 150 847 683 164 382 244 200 44 138 102 77 110 50
internal_count=1730 1628 1246 399 249 150 847 683 164 382 244 200 44 138 102 77 110 50
is_linear=0
shrinkage=0.03


Tree=83
num_leaves=17
num_cat=0
split_feature=11 25 29 28 22 21 14 18 32 17 22 26 29 32 20 18
split_gain=0.012724 0.0140139 0.00950925 0.0199395 0.021755 0.0182815 0.0244098 0.00785552 0.00891635 0.00654996 0.0076975 0.00551114 0.00538079 0.00530312 0.00359297 0.00156828
threshold=1.5958765541318034 0.52666985776952358 -0.30093105100044182 -0.65745389910440544 0.79816726708571872 -0.79732937133262716 0.49178696507071668 0.23610343409116599 -0.13372080942271955 -1.2552017992008548 -0.32791056596785806 -0.043918015189604427 -0.27625036780526757 0.089734713789032916 0.18902853369240649 0.70652259495374103
decision_type=2 2 2 2 2 2 2 2 2 2 2 2 2 2 2 2
left_child=1 2 3 -1 -5 14 -7 9 -9 -3 -11 13 -10 -2 -4 -13
right_child=11 7 5 4 -6 6 -8 8 12 10 -12 15 -14 -15 -16 -17
leaf_value=-0.00067441201934536146 -0.00039056710852310064 -0.0003677683173445985 0.00033025998966463037 -3.2679333322132288e-07 0.00041597737886530175 -0.0004218066625999674 0.0001873381919796062 0 0.00069764552887863825 0.00027470130475176747 -4.2724873125992432e-05 -0.00068216609727824102 0 0.00019308084858348591 0 -9.2009996704291549e-05
leaf_weight=31 21 21 58 687 129 227 70 33 61 142 103 33 22 27 44 21
leaf_count=31 21 21 58 687 129 227 70 33 61 142 103 33 22 27 44 21
internal_value=6.54716e-07 2.2981e-05 -2.37288e-05 3.02983e-05 6.31056e-05 -0.000145251 -0.000267799 0.000182128 0.000391957 7.61205e-05 0.000130253 -0.000317594 0.000553075 -1.13958e-05 0.000180468 -0.000522214
internal_weight=1730 1628 1246 847 816 399 297 382 116 266 245 102 83 48 102 54
internal_count=1730 1628 1246 847 816 399 297 382 116 266 245 102 83 48 102 54
is_linear=0
shrinkage=0.03


end of trees

feature_importances:
Column_34=210
Column_29=154
Column_11=107
Column_35=99
Column_15=97
Column_22=93
Column_25=77
Column_26=70
Column_20=67
Column_19=65
Column_33=59
Column_28=58
Column_32=58
Column_17=55
Column_24=53
Column_30=52
Column_14=46
Column_21=45
Column_23=42
Column_10=31
Column_31=29
Column_16=21
Column_8=17
Column_9=15
Column_18=10
Column_12=8
Column_5=4
Column_6=3
Column_0=2
Column_13=2
Column_2=1
Column_3=1
Column_7=1

parameters:
[boosting: gbdt]
[objective: regression]
[metric: l2]
[tree_learner: serial]
[device_type: cpu]
[data_sample_strategy: bagging]
[data: ]
[valid: ]
[num_iterations: 200]
[learning_rate: 0.03]
[num_leaves: 31]
[num_threads: 40]
[seed: 42]
[deterministic: 0]
[force_col_wise: 0]
[force_row_wise: 0]
[histogram_pool_size: -1]
[max_depth: 5]
[min_data_in_leaf: 20]
[min_sum_hessian_in_leaf: 0.001]
[bagging_fraction: 0.8]
[pos_bagging_fraction: 1]
[neg_bagging_fraction: 1]
[bagging_freq: 0]
[bagging_seed: 400]
[bagging_by_query: 0]
[feature_fraction: 0.8]
[feature_fraction_bynode: 1]
[feature_fraction_seed: 30056]
[extra_trees: 0]
[extra_seed: 12879]
[early_stopping_round: 0]
[early_stopping_min_delta: 0]
[first_metric_only: 0]
[max_delta_step: 0]
[lambda_l1: 0.1]
[lambda_l2: 3]
[linear_lambda: 0]
[min_gain_to_split: 0]
[drop_rate: 0.1]
[max_drop: 50]
[skip_drop: 0.5]
[xgboost_dart_mode: 0]
[uniform_drop: 0]
[drop_seed: 17869]
[top_rate: 0.2]
[other_rate: 0.1]
[min_data_per_group: 100]
[max_cat_threshold: 32]
[cat_l2: 10]
[cat_smooth: 10]
[max_cat_to_onehot: 4]
[top_k: 20]
[monotone_constraints: ]
[monotone_constraints_method: basic]
[monotone_penalty: 0]
[feature_contri: ]
[forcedsplits_filename: ]
[refit_decay_rate: 0.9]
[cegb_tradeoff: 1]
[cegb_penalty_split: 0]
[cegb_penalty_feature_lazy: ]
[cegb_penalty_feature_coupled: ]
[path_smooth: 0]
[interaction_constraints: ]
[verbosity: -1]
[saved_feature_importance_type: 0]
[use_quantized_grad: 0]
[num_grad_quant_bins: 4]
[quant_train_renew_leaf: 0]
[stochastic_rounding: 1]
[linear_tree: 0]
[max_bin: 255]
[max_bin_by_feature: ]
[min_data_in_bin: 3]
[bin_construct_sample_cnt: 200000]
[data_random_seed: 175]
[is_enable_sparse: 1]
[enable_bundle: 1]
[use_missing: 1]
[zero_as_missing: 0]
[feature_pre_filter: 1]
[pre_partition: 0]
[two_round: 0]
[header: 0]
[label_column: ]
[weight_column: ]
[group_column: ]
[ignore_column: ]
[categorical_feature: ]
[forcedbins_filename: ]
[precise_float_parser: 0]
[parser_config_file: ]
[objective_seed: 16083]
[num_class: 1]
[is_unbalance: 0]
[scale_pos_weight: 1]
[sigmoid: 1]
[boost_from_average: 1]
[reg_sqrt: 0]
[alpha: 0.9]
[fair_c: 1]
[poisson_max_delta_step: 0.7]
[tweedie_variance_power: 1.5]
[lambdarank_truncation_level: 30]
[lambdarank_norm: 1]
[label_gain: ]
[lambdarank_position_bias_regularization: 0]
[eval_at: ]
[multi_error_top_k: 1]
[auc_mu_weights: ]
[num_machines: 1]
[local_listen_port: 12400]
[time_out: 120]
[machine_list_filename: ]
[machines: ]
[gpu_platform_id: -1]
[gpu_device_id: -1]
[gpu_device_id_list: ]
[gpu_use_dp: 0]
[num_gpu: 1]

end of parameters

pandas_categorical:null
