tree
version=v4
num_class=1
num_tree_per_iteration=1
label_index=0
max_feature_idx=34
objective=regression
feature_names=Column_0 Column_1 Column_2 Column_3 Column_4 Column_5 Column_6 Column_7 Column_8 Column_9 Column_10 Column_11 Column_12 Column_13 Column_14 Column_15 Column_16 Column_17 Column_18 Column_19 Column_20 Column_21 Column_22 Column_23 Column_24 Column_25 Column_26 Column_27 Column_28 Column_29 Column_30 Column_31 Column_32 Column_33 Column_34
feature_infos=[-8.1047225810249142:5.1873408060620472] [-8.6781662626955409:4.9617173923497804] [-8.1040194105815253:5.1872927182329853] [-8.1036888877305007:5.1868217131108523] [-8.1045053664424493:5.1867583834486366] [-8.1137345939940158:5.1954717028065289] [-8.1186436708016299:5.1997174994814186] [-1.1395467735355538:14.772708647651498] [-8.4330641120510652:6.1978107992941984] [-7.4783268537568128:5.5077118853827267] [-6.4115275837958263:6.4262136608188092] [-4.5666724804334047:6.7154599604661689] [-7.5578616198585582:5.9766782513025341] [-6.7518194337875155:6.6018879502601369] [-1.3571495366391839:6.3335413795080369] [-1.2049814871711393:5.2929358832574618] [-3.1250262773910378:3.1326119940558077] [-7.8933820430400434:3.4626343358109013] none [-1.7668560199233918:3.3867667543140669] [-1.2333245494601277:7.7256605447797071] [-1.900392225585426:2.2488574600512616] [-1.2271159074402966:2.0588029981385696] [-1.0182855181040955:2.6339141601107143] [-1.766721508018362:2.1804926893556922] [-1.9888648652892935:5.137048832556312] none [-0.24442504772837814:11.441393131847542] [-0.10522004686385067:23.208483678804534] [-11.564555083227559:10.252860302337707] [-6.3968475283325175:8.3449715932920032] [-15.104403883614962:23.203624468215388] [-2.981557492886092:5.9376782099996177] [-2.2059758744499205:5.0902011803445868] [-7.6209502818486783:10.955957617532444]
tree_sizes=1026 1228 1379 1457 1299 1449 847 1114 846 869 1481 764 860 864 1049 865 1491 840 1513 850 1590 847 1574 1372 852 855 1478 1419 1326 1323 800 1498 1397 800 855 1666 1343 1387 918 1494 1043 799 1634 1579 1568 1034 1054 1566 1024 1114 958 958 1042 1927 858 1661 1732 1038 1550 1806 2081 1844 1044 1641 864 1369 1477 1044 809 1813 865 974 1484 1757 1910 1127 1516 1932 1623 874 1443 1585 1482 1891 1327 947 1805 1499 857 949 1330 1149 945 1355 1201 1369 1314 1845 1644

Tree=0
num_leaves=10
num_cat=0
split_feature=34 25 33 15 19 34 27 14 17
split_gain=0.208326 0.088823 0.0546202 0.0544773 0.0523422 0.060382 0.0331686 0.0331559 0.0277824
threshold=2.9998032961856782 3.1217033580159548 0.44561327146928204 -0.35692132845846197 1.0038226139629001 -0.13013029035922172 0.32632854628392416 1.0797268198076331 0.7390994943930711
decision_type=2 2 2 2 2 2 2 2 2
left_child=1 2 4 -4 7 -6 -5 -1 -3
right_child=-2 8 3 6 5 -7 -8 -9 -10
leaf_value=0.0021609034387617522 0.0045824947499231196 0.0042205038893020977 0.00051841943095367183 0.0015759842812873811 0.0029590343322820748 0.001957971176743436 0.0024673027326657469 0.0014473924000568397 0.0024550070285984014
leaf_weight=1185 30 21 30 92 152 76 54 60 20
leaf_count=1185 30 21 30 92 152 76 54 60 20
internal_value=0.00222178 0.00217576 0.0021387 0.0016432 0.002201 0.00261327 0.00192409 0.00212233 0.00350209
internal_weight=1720 1690 1649 176 1473 228 146 1245 41
internal_count=1720 1690 1649 176 1473 228 146 1245 41
is_linear=0
shrinkage=1


Tree=1
num_leaves=12
num_cat=0
split_feature=34 31 11 20 25 24 11 21 10 15 16
split_gain=0.197099 0.0873258 0.085776 0.0882635 0.0659419 0.0344012 0.0340231 0.026814 0.0294739 0.0066773 0.00439213
threshold=2.9998032961856782 -0.0275184048370096 -1.6617087678395019 2.451369982640998 0.73940250814601494 -1.0799804799485815 -1.0740309175588414 -0.754460702458016 -0.35454243614636088 0.18777435041404672 -0.049527112156832538
decision_type=2 2 2 2 2 2 2 2 2 2 2
left_child=1 5 -3 4 -4 7 9 8 -1 -7 -8
right_child=-2 2 3 -5 -6 6 10 -9 -10 -11 -12
leaf_value=0.00013263750531768891 0.0022963336951004085 0.0017144682316316499 -4.7179405676038244e-05 -0.0018358390668670281 0.00051974256495271342 -0.00055499123482276563 -0.00083668780185120254 0.00043183813329669647 -0.0010051362089036652 8.3310009992251588e-05 -0.0017401593959269423
leaf_weight=29 30 24 1205 20 214 20 43 37 42 23 33
leaf_count=29 30 24 1205 20 214 20 43 37 42 23 33
internal_value=0 -4.46471e-05 3.87843e-05 5.24765e-06 3.71248e-05 -0.000588893 -0.000940427 -0.000159578 -0.000513334 -0.00016519 -0.00131814
internal_weight=1720 1690 1463 1439 1419 227 119 108 71 43 76
internal_count=1720 1690 1463 1439 1419 227 119 108 71 43 76
is_linear=0
shrinkage=0.03


Tree=2
num_leaves=14
num_cat=0
split_feature=34 31 11 20 20 14 23 16 11 11 17 11 19
split_gain=0.186502 0.0825318 0.0826614 0.0895528 0.0517333 0.0307289 0.0537561 0.0305598 0.0221367 0.0162225 0.0102754 0.00723851 0.00161738
threshold=2.9998032961856782 -0.0275184048370096 -1.1573128479616768 2.1925277960024872 0.12666262761420768 0.52211566119026764 -0.99407586114623203 -0.049527112156832538 -0.076736998328161179 -1.6617087678395019 -0.62489657179115266 -1.226358990285634 -0.82276518268661225
decision_type=2 2 2 2 2 2 2 2 2 2 2 2 2
left_child=1 5 9 4 -4 6 8 -8 -1 -3 -11 -7 -13
right_child=-2 2 3 -5 -6 11 7 -9 -10 10 -12 12 -14
leaf_value=0.00054025549742248678 0.0022337064619853413 0.0016687490774008134 -0.000101808001590321 -0.0018712291871045674 0.00030093958907399852 0.00040430361653678122 -0.00072500368336720082 -0.0020068105176623378 -0.00053205541137424188 3.526041889563202e-05 0.00099653139274567381 0 -0.00041092481020757037
leaf_weight=26 30 24 964 20 404 22 69 32 38 29 22 20 20
leaf_count=26 30 24 964 20 404 22 69 32 38 29 22 20 20
internal_value=0 -4.34745e-05 3.75809e-05 -1.36623e-05 1.53421e-05 -0.000572591 -0.000783247 -0.00120614 -4.69681e-05 0.000988434 0.000537808 0 -0.00023763
internal_weight=1720 1690 1463 1388 1368 227 165 101 64 75 51 62 40
internal_count=1720 1690 1463 1388 1368 227 165 101 64 75 51 62 40
is_linear=0
shrinkage=0.03


Tree=3
num_leaves=15
num_cat=0
split_feature=34 31 11 20 20 24 34 28 11 27 19 28 16 13
split_gain=0.176457 0.0781043 0.0786697 0.0849341 0.0486978 0.0309104 0.0311927 0.0288323 0.0379461 0.0229231 0.0363064 0.0144985 0.00800261 0.000799854
threshold=2.9998032961856782 -0.0275184048370096 -1.1573128479616768 2.1925277960024872 0.12666262761420768 -1.0799804799485815 -0.23048316483928041 -0.052208167012003322 -0.50404859168101013 -0.20865468529808459 0.13647087104702144 0.048977856489102599 0.7185847432934912 -0.2400502057510962
decision_type=2 2 2 2 2 2 2 2 2 2 2 2 2 2
left_child=1 5 9 4 -4 7 11 8 -1 10 -3 -7 -9 -8
right_child=-2 2 3 -5 -6 6 13 12 -10 -11 -12 -13 -14 -15
leaf_value=8.5779761845889658e-05 0.002172787121412429 5.9905520397359899e-05 -9.8763255323260489e-05 -0.0018224145175140024 0.00029197793461559045 2.5123954822963753e-05 -0.00067924598811194305 0.00070416037419012616 -0.0012789488512378951 0 0.0018190498258673438 -0.00082136866929275658 0 -0.0016238984396999201
leaf_weight=31 30 20 964 20 404 34 22 25 31 20 35 25 21 38
leaf_count=31 30 20 964 20 404 34 22 25 31 20 35 25 21 38
internal_value=0 -4.22212e-05 3.6578e-05 -1.33606e-05 1.48293e-05 -0.000556973 -0.000890408 -0.000148415 -0.000577965 0.000964205 0.00126727 -0.00030756 0.000369258 -0.00137398
internal_weight=1720 1690 1463 1388 1368 227 119 108 62 75 55 59 46 60
internal_count=1720 1690 1463 1388 1368 227 119 108 62 75 55 59 46 60
is_linear=0
shrinkage=0.03


Tree=4
num_leaves=13
num_cat=0
split_feature=34 31 15 20 20 24 34 28 10 28 16 10
split_gain=0.166964 0.073922 0.0498881 0.0791226 0.0528044 0.0293182 0.0295097 0.0271895 0.0361968 0.013785 0.00761431 0.000980411
threshold=2.9998032961856782 -0.0275184048370096 2.7826055675480355 2.1925277960024872 0.23385387437790772 -1.0799804799485815 -0.23048316483928041 -0.052208167012003322 -0.35454243614636088 0.048977856489102599 0.7185847432934912 -0.20348215861895461
decision_type=2 2 2 2 2 2 2 2 2 2 2 2
left_child=1 5 3 4 -3 7 9 8 -1 -7 -9 -8
right_child=-2 2 -4 -5 -6 6 11 10 -10 -11 -12 -13
leaf_value=0.00012576118962761028 0.0021135293104770506 -6.4518180661002998e-05 0.0014228699976051953 -0.0016588745439145712 0.00034792003247321914 2.4431347733715893e-05 -0.00071983561362942738 0.0006852989307205592 -0.0012078460960571343 -0.00079936770815402266 0 -0.0016320596234621228
leaf_weight=29 30 1046 20 22 375 34 26 25 33 25 21 34
leaf_count=29 30 1046 20 22 375 34 26 25 33 25 21 34
internal_value=0 -4.10774e-05 3.55309e-05 1.13156e-05 4.27206e-05 -0.00054188 -0.000866719 -0.000143176 -0.000560894 -0.000298038 0.00035848 -0.00133748
internal_weight=1720 1690 1463 1443 1421 227 119 108 62 59 46 60
internal_count=1720 1690 1463 1443 1421 227 119 108 62 59 46 60
is_linear=0
shrinkage=0.03


Tree=5
num_leaves=15
num_cat=0
split_feature=34 31 11 20 24 24 11 28 11 27 19 16 15 34
split_gain=0.157997 0.0699425 0.0732857 0.0773094 0.0433119 0.0278233 0.0283951 0.025631 0.03461 0.0212803 0.0327805 0.00724552 0.00567798 0.00293632
threshold=2.9998032961856782 -0.0275184048370096 -1.1573128479616768 2.1925277960024872 -1.612050105299943 -1.0799804799485815 -1.0740309175588414 -0.052208167012003322 -0.50404859168101013 -0.20865468529808459 0.13647087104702144 0.7185847432934912 0.18777435041404672 -0.24683505701585415
decision_type=2 2 2 2 2 2 2 2 2 2 2 2 2 2
left_child=1 5 9 4 -4 7 12 8 -1 10 -3 -9 -7 -8
right_child=-2 2 3 -5 -6 6 13 11 -10 -11 -12 -13 -14 -15
leaf_value=8.5877053098503138e-05 0.0020558875584128227 6.4112797485785944e-05 -0.0010922039397522777 -0.0017396375537247638 4.079437480004378e-05 -0.00049699709352875212 -0.00049619583042338495 0.0006669427102065778 -0.0012144578284693551 0 0.0017471097804434401 0 9.2152839929510188e-05 -0.0013771779340642845
leaf_weight=31 30 20 28 20 1340 20 22 25 31 20 35 21 23 54
leaf_count=31 30 20 28 20 1340 20 22 25 31 20 35 21 23 54
internal_value=0 -4.00586e-05 3.44065e-05 -1.3719e-05 1.3077e-05 -0.000527214 -0.000843762 -0.00013802 -0.000544181 0.000929783 0.00122181 0.000347991 -0.000131195 -0.00118866
internal_weight=1720 1690 1463 1388 1368 227 119 108 62 75 55 46 43 76
internal_count=1720 1690 1463 1388 1368 227 119 108 62 75 55 46 43 76
is_linear=0
shrinkage=0.03


Tree=6
num_leaves=8
num_cat=0
split_feature=34 25 20 31 25 14 17
split_gain=0.149501 0.0770681 0.0645238 0.0636814 0.0541554 0.0276072 0.0208735
threshold=2.9998032961856782 3.1217033580159548 2.0481852774310263 -0.0275184048370096 0.73940250814601494 0.52211566119026764 0.7390994943930711
decision_type=2 2 2 2 2 2 2
left_child=1 2 3 5 -5 -1 -3
right_child=-2 6 -4 4 -6 -7 -8
leaf_value=-0.00071255807829376336 0.0019998179309239439 0.0018295510793250285 -0.0016557257670261288 -5.0390961967238584e-05 0.00047524420399353294 0 0.00024914881418985516
leaf_weight=165 30 21 20 1199 203 62 20
leaf_count=165 30 21 20 1199 203 62 20
internal_value=0 -3.90008e-05 -7.36489e-05 -4.93789e-05 2.44344e-05 -0.000512681 0.00119636
internal_weight=1720 1690 1649 1629 1402 227 41
internal_count=1720 1690 1649 1629 1402 227 41
is_linear=0
shrinkage=0.03


Tree=7
num_leaves=11
num_cat=0
split_feature=34 25 31 21 30 25 24 11 28 17
split_gain=0.14143 0.0732765 0.0538115 0.0411601 0.0338386 0.0298262 0.0262577 0.0264573 0.0244376 0.0195861
threshold=2.9998032961856782 3.1217033580159548 -0.0275184048370096 1.84153582860787 -0.18936358074354323 0.32162607045740993 -1.0799804799485815 -1.0740309175588414 -0.052208167012003322 0.7390994943930711
decision_type=2 2 2 2 2 2 2 2 2 2
left_child=1 2 6 4 -4 -5 8 -8 -1 -3
right_child=-2 9 3 5 -6 -7 7 -9 -10 -11
leaf_value=-0.00051750939385786362 0.0019452774998604909 0.0017815253695589489 -7.8527306963129871e-05 0 0.00049254995660623531 0.0013527080173713756 -0.00011540612094256136 -0.0011370603912539449 0.00035479656830239966 0.00024264924898338708
leaf_weight=62 30 21 1273 21 97 31 43 76 46 20
leaf_count=62 30 21 1273 21 97 31 43 76 46 20
internal_value=0 -3.77387e-05 -7.15672e-05 -5.89169e-07 -3.49205e-05 0.000801932 -0.000497346 -0.000804397 -0.000119397 0.00116676
internal_weight=1720 1690 1649 1422 1370 52 227 119 108 41
internal_count=1720 1690 1649 1422 1370 52 227 119 108 41
is_linear=0
shrinkage=0.03


Tree=8
num_leaves=8
num_cat=0
split_feature=34 25 20 31 25 14 17
split_gain=0.133779 0.0696635 0.0614072 0.0568101 0.0504353 0.0256395 0.0183705
threshold=2.9998032961856782 3.1217033580159548 2.0481852774310263 -0.0275184048370096 0.73940250814601494 0.52211566119026764 0.7390994943930711
decision_type=2 2 2 2 2 2 2
left_child=1 2 3 5 -5 -1 -3
right_child=-2 6 -4 4 -6 -7 -8
leaf_value=-0.00067618648830414577 0.0018922244191000406 0.0017347603414673356 -0.0016127190108451504 -4.8243431560295955e-05 0.00045897673845821454 0 0.00023631930206497403
leaf_weight=165 30 21 20 1199 203 62 20
leaf_count=165 30 21 20 1199 203 62 20
internal_value=0 -3.64073e-05 -6.94353e-05 -4.57197e-05 2.38866e-05 -0.00048337 0.00113795
internal_weight=1720 1690 1649 1629 1402 227 41
internal_count=1720 1690 1649 1629 1402 227 41
is_linear=0
shrinkage=0.03


Tree=9
num_leaves=8
num_cat=0
split_feature=34 25 20 31 25 16 17
split_gain=0.126555 0.0662454 0.0582509 0.0534424 0.0476998 0.0257153 0.0172229
threshold=2.9998032961856782 3.1217033580159548 2.0481852774310263 -0.0275184048370096 0.83885933079444508 -0.45587913701039345 0.7390994943930711
decision_type=2 2 2 2 2 2 2
left_child=1 2 3 5 -5 -1 -3
right_child=-2 6 -4 4 -6 -7 -8
leaf_value=-7.7322766252992944e-05 0.0018406182947483928 0.0016892228744545717 -0.0015706480546732958 -3.873404443464984e-05 0.00050041737584334458 -0.00075554061525986071 0.00023015442541699207
leaf_weight=102 30 21 20 1238 164 125 20
leaf_count=102 30 21 20 1238 164 125 20
internal_value=0 -3.5214e-05 -6.7465e-05 -4.43182e-05 2.31322e-05 -0.000468818 0.00110988
internal_weight=1720 1690 1649 1629 1402 227 41
internal_count=1720 1690 1649 1629 1402 227 41
is_linear=0
shrinkage=0.03


Tree=10
num_leaves=15
num_cat=0
split_feature=21 28 31 11 24 20 16 19 21 25 25 21 25 25
split_gain=0.112542 0.105881 0.0564261 0.0567267 0.0386011 0.0370564 0.0281106 0.0302955 0.0238312 0.0194853 0.0133633 0.00870906 0.00832222 0.00724349
threshold=-1.7537564382658046 0.048977856489102599 -0.0275184048370096 -1.0088005717411177 -1.612050105299943 1.9318585635718402 -0.45587913701039345 -0.89546453110609781 0.52724469781719108 0.82561094649658473 -0.34233327757342241 -0.754460702458016 0.10694998491219877 -0.29017789223412455
decision_type=2 2 2 2 2 2 2 2 2 2 2 2 2 2
left_child=1 -1 6 9 -5 -6 8 11 13 12 -9 -8 -4 -2
right_child=2 -3 3 4 5 -7 7 10 -10 -11 -12 -13 -14 -15
leaf_value=0.0001256949353943734 0 0.0028955164955847936 0.00050510760162545082 -0.0010934927486581727 1.6665719144164876e-05 -0.0011978496958035976 -0.00055536144808866089 -0.0014718538800947358 -0.00065278591158234381 0.0011898945494851266 -0.00035893926982784514 0.0001531164619140327 -8.9403803944587698e-05 0.00068084097712341207
leaf_weight=33 43 20 49 27 1282 20 23 49 39 41 25 27 22 20
leaf_count=33 43 20 49 27 1282 20 23 49 39 41 25 27 22 20
internal_value=0 0.00132361 -4.36341e-05 2.38546e-05 -2.92341e-05 -2.40237e-06 -0.000481724 -0.000782934 -7.50694e-05 0.000664225 -0.00116346 -0.000129168 0.000284196 0.000250526
internal_weight=1720 53 1667 1441 1329 1302 226 124 102 112 74 50 71 63
internal_count=1720 53 1667 1441 1329 1302 226 124 102 112 74 50 71 63
is_linear=0
shrinkage=0.03


Tree=11
num_leaves=7
num_cat=0
split_feature=34 11 20 31 20 23
split_gain=0.113893 0.0558979 0.0629358 0.0556402 0.0440152 0.0238703
threshold=2.9998032961856782 -1.6617087678395019 2.451369982640998 -0.0275184048370096 0.23385387437790772 -0.99407586114623203
decision_type=2 2 2 2 2 2
left_child=1 -1 3 5 -5 -3
right_child=-2 2 -4 4 -6 -7
leaf_value=0.0011003588122364722 0.0017462223650548943 0 -0.0016226075960363705 -6.8427330928528247e-05 0.00030838117896120012 -0.00068877529860337204
leaf_weight=35 30 66 20 1044 375 150
leaf_count=35 30 66 20 1044 375 150
internal_value=0 -3.32962e-05 -6.10278e-05 -3.71576e-05 2.94829e-05 -0.000483054
internal_weight=1720 1690 1655 1635 1419 216
internal_count=1720 1690 1655 1635 1419 216
is_linear=0
shrinkage=0.03


Tree=12
num_leaves=8
num_cat=0
split_feature=34 25 29 33 21 27 17
split_gain=0.107761 0.0612311 0.0455808 0.0519455 0.0356827 0.0159197 0.0149447
threshold=2.9998032961856782 3.1217033580159548 -0.23708078504379104 -0.4187707469451008 1.84153582860787 -0.21044717137541272 0.7390994943930711
decision_type=2 2 2 2 2 2 2
left_child=1 2 -1 5 -5 -4 -3
right_child=-2 6 3 4 -6 -7 -8
leaf_value=-0.0010797179104187168 0.0016985982149331405 0.0016132857258780856 0.0015186637238315912 -9.752494662784051e-05 0.00071970945953602926 0.00027241444569218028 0.00023019626950617351
leaf_weight=36 30 21 20 1516 46 31 20
leaf_count=36 30 21 20 1516 46 31 20
internal_value=0 -3.23561e-05 -6.34336e-05 -3.69327e-05 -7.02074e-05 0.000873914 0.00106849
internal_weight=1720 1690 1649 1613 1562 51 41
internal_count=1720 1690 1649 1613 1562 51 41
is_linear=0
shrinkage=0.03


Tree=13
num_leaves=8
num_cat=0
split_feature=34 25 20 25 29 21 17
split_gain=0.101908 0.0582073 0.0530156 0.0471198 0.0395876 0.0349645 0.0139866
threshold=2.9998032961856782 3.1217033580159548 2.0481852774310263 0.78710964795896976 -0.23708078504379104 0.95085919451831902 0.7390994943930711
decision_type=2 2 2 2 2 2 2
left_child=1 2 3 4 -1 -5 -3
right_child=-2 6 -4 5 -6 -7 -8
leaf_value=-0.0010498179857834026 0.0016522728216580367 0.0015709369787946341 -0.0014952853276677751 0.00018459864437634889 -7.2250611310711518e-05 0.0012826638229958274 0.00022419114655159594
leaf_weight=36 30 21 20 167 1395 31 20
leaf_count=36 30 21 20 167 1395 31 20
internal_value=0 -3.10039e-05 -6.1349e-05 -3.91893e-05 -0.00010108 0.000388022 0.00104225
internal_weight=1720 1690 1649 1629 1431 198 41
internal_count=1720 1690 1649 1629 1431 198 41
is_linear=0
shrinkage=0.03


Tree=14
num_leaves=10
num_cat=0
split_feature=34 11 20 33 29 30 27 24 21
split_gain=0.0964001 0.0509087 0.05807 0.0660491 0.0480272 0.0367101 0.0339161 0.0185408 0.0161179
threshold=2.9998032961856782 -1.125894873445215 2.1925277960024872 -0.063165156199540246 -0.21723825254708715 0.63983574616940209 -0.20865468529808459 -0.090083502550699648 0.65758761987907677
decision_type=2 2 2 2 2 2 2 2 2
left_child=1 6 3 4 -3 -5 7 -1 -8
right_child=-2 2 -4 5 -6 -7 8 -9 -10
leaf_value=0.00038911193086594144 0.0016072107527447354 -0.0010395432579003877 -0.0015813351217505479 -0.00077885829786032018 5.4939295942454743e-05 4.557830008811184e-05 0.0004768447088106768 0.0016200917358422883 -0.00038406724835167059
leaf_weight=35 30 34 20 156 1287 60 37 27 34
leaf_count=35 30 34 20 156 1287 60 37 27 34
internal_value=0 -2.99332e-05 -8.00828e-05 -5.55574e-05 2.22119e-05 -0.000538662 0.000523914 0.00102137 2.51797e-05
internal_weight=1720 1690 1557 1537 1321 216 133 62 71
internal_count=1720 1690 1557 1537 1321 216 133 62 71
is_linear=0
shrinkage=0.03


Tree=15
num_leaves=8
num_cat=0
split_feature=34 25 20 25 23 29 17
split_gain=0.0912 0.0555103 0.0490087 0.0437836 0.0436263 0.0352686 0.0121119
threshold=2.9998032961856782 3.1217033580159548 2.0481852774310263 0.78710964795896976 0.60376149807274715 -0.23708078504379104 0.7390994943930711
decision_type=2 2 2 2 2 2 2
left_child=1 2 3 5 -5 -1 -3
right_child=-2 6 -4 4 -6 -7 -8
leaf_value=-0.00099296720204158462 0.0015633777368983083 0.0015183433839119969 -0.0014374602066919856 0.00010639705683088381 0.0011819966724538739 -6.9667394630943397e-05 0.00023476518272503235
leaf_weight=36 30 21 20 154 44 1395 20
leaf_count=36 30 21 20 154 44 1395 20
internal_value=0 -2.89925e-05 -5.86708e-05 -3.72932e-05 0.000374419 -9.70159e-05 0.00101909
internal_weight=1720 1690 1649 1629 198 1431 41
internal_count=1720 1690 1649 1629 198 1431 41
is_linear=0
shrinkage=0.03


Tree=16
num_leaves=15
num_cat=0
split_feature=21 28 31 11 24 20 11 32 23 25 34 25 4 32
split_gain=0.0876658 0.0911022 0.0471881 0.0483788 0.0359758 0.0299742 0.0237571 0.0439641 0.0300116 0.0142467 0.0105058 0.00741399 0.00615627 0.0011312
threshold=-1.7537564382658046 0.048977856489102599 -0.0275184048370096 -1.0088005717411177 -1.612050105299943 1.9318585635718402 -0.17674824039147177 0.97711287968263172 -0.98715881630112834 0.83885933079444508 -0.23048316483928041 0.10694998491219877 0.30349480149228075 0.53225132504007389
decision_type=2 2 2 2 2 2 2 2 2 2 2 2 2 2
left_child=1 -1 6 9 -5 -6 8 13 -2 11 -10 -4 -9 -8
right_child=2 -3 3 4 5 -7 7 12 10 -11 -12 -13 -14 -15
leaf_value=5.8628353173844507e-05 0.0004941044633326653 0.0026244303060938483 0.00049249505808648584 -0.0010519761816598474 1.8052030252076454e-05 -0.0010745678874157854 -0.00077304259943775837 6.1142838084539517e-05 -0.0001051276893001692 0.0010822290157855941 -0.00082366992047380847 -5.2849684788200708e-05 -0.00052393110774700408 -0.0019125588303431865
leaf_weight=33 39 20 49 27 1282 20 21 31 55 40 39 23 20 21
leaf_count=33 39 20 49 27 1282 20 21 31 55 40 39 23 20 21
internal_value=0 0.00116915 -3.75276e-05 2.40263e-05 -2.48329e-05 0 -0.000438276 -0.000806521 -0.000146611 0.000615404 -0.000450428 0.000283142 -0.000129103 -0.00149899
internal_weight=1720 53 1667 1441 1329 1302 226 93 133 112 94 72 51 42
internal_count=1720 53 1667 1441 1329 1302 226 93 133 112 94 72 51 42
is_linear=0
shrinkage=0.03


Tree=17
num_leaves=8
num_cat=0
split_feature=21 28 25 21 29 33 25
split_gain=0.0833674 0.0862201 0.0448018 0.0399195 0.0334048 0.0414043 0.0262714
threshold=-1.7537564382658046 0.048977856489102599 3.1217033580159548 1.84153582860787 -0.23708078504379104 -0.4187707469451008 0.32162607045740993
decision_type=2 2 2 2 2 2 2
left_child=1 -1 3 4 -2 -6 -5
right_child=2 -3 -4 6 5 -7 -8
leaf_value=5.7016096087560669e-05 -0.00095978989953605009 0.0025559667995118576 0.0011937509060908967 0 0.00079835489907418363 -9.2133503717619109e-05 0.0012491381542229858
leaf_weight=33 36 20 23 21 45 1511 31
leaf_count=33 36 20 23 21 45 1511 31
internal_value=0 0.00114 -3.67343e-05 -5.79137e-05 -8.68971e-05 -6.29693e-05 0.00073122
internal_weight=1720 53 1667 1644 1592 1556 52
internal_count=1720 53 1667 1644 1592 1556 52
is_linear=0
shrinkage=0.03


Tree=18
num_leaves=15
num_cat=0
split_feature=21 28 31 11 24 15 11 23 23 25 21 34 34 3
split_gain=0.0792171 0.0815939 0.0441474 0.0449571 0.0337861 0.0310518 0.0223728 0.0324159 0.0284921 0.0147965 0.0115183 0.00987691 0.00522293 0.00344293
threshold=-1.7537564382658046 0.048977856489102599 -0.0275184048370096 -0.93402405849659165 -1.5873026808649959 1.8887454256182692 -0.17674824039147177 -1.0009929059913358 -0.98715881630112834 0.83885933079444508 0.59241615884813392 -0.23048316483928041 0.42816717986607805 -0.3994380010492638
decision_type=2 2 2 2 2 2 2 2 2 2 2 2 2 2
left_child=1 -1 6 9 -5 -6 8 -8 -2 10 -4 -10 -9 -11
right_child=2 -3 3 4 5 -7 7 12 11 13 -12 -13 -14 -15
leaf_value=5.5448156568066524e-05 0.00048414621001575139 0.0024892894096834499 0.00051286925094345026 -0.00093570182819530589 2.0298538679688811e-05 -0.00092595338408136738 7.6677048005736781e-05 -0.0013163900307306047 -9.9515953703365967e-05 0.0013971543086530719 -9.5344932339350242e-05 -0.00079815824356462266 -0.00039163598857820035 0.00041765352107584478
leaf_weight=33 39 20 63 33 1239 29 23 48 55 20 35 39 22 22
leaf_count=33 39 20 63 33 1239 29 23 48 55 20 35 39 22 22
internal_value=3.09533e-08 0.0011116 -3.5447e-05 2.40285e-05 -2.92216e-05 -1.11701e-06 -0.000423116 -0.000780554 -0.000139415 0.000530085 0.000269567 -0.000436027 -0.00109489 0.0010128
internal_weight=1720 53 1667 1441 1301 1268 226 93 133 140 98 94 70 42
internal_count=1720 53 1667 1441 1301 1268 226 93 133 140 98 94 70 42
is_linear=0
shrinkage=0.03


Tree=19
num_leaves=8
num_cat=0
split_feature=21 29 25 21 29 33 25
split_gain=0.0753132 0.0738395 0.0416341 0.0373781 0.0309724 0.0386473 0.0248888
threshold=-1.7537564382658046 1.5967186788179113 3.1217033580159548 1.84153582860787 -0.23708078504379104 -0.4187707469451008 0.32162607045740993
decision_type=2 2 2 2 2 2 2
left_child=1 -1 3 4 -2 -6 -5
right_child=2 -3 -4 6 5 -7 -8
leaf_value=7.1873653777098899e-05 -0.0009237142384338836 0.002396255320909878 0.0011516074223014024 0 0.00077204764651833094 -8.8186018186236682e-05 0.0012128053752924587
leaf_weight=33 36 20 23 21 45 1511 31
leaf_count=33 36 20 23 21 45 1511 31
internal_value=7.65632e-08 0.00108395 -3.44727e-05 -5.49552e-05 -8.30597e-05 -5.99457e-05 0.000708527
internal_weight=1720 53 1667 1644 1592 1556 52
internal_count=1720 53 1667 1644 1592 1556 52
is_linear=0
shrinkage=0.03


Tree=20
num_leaves=16
num_cat=0
split_feature=21 28 31 11 24 33 16 19 21 25 25 21 21 25 3
split_gain=0.0715707 0.0735039 0.0411493 0.041798 0.0318762 0.0255427 0.0236282 0.0268694 0.0217167 0.0135221 0.0131335 0.010882 0.00679872 0.00553656 0.00334658
threshold=-1.7537564382658046 0.048977856489102599 -0.0275184048370096 -0.93402405849659165 -1.5873026808649959 -0.33519658813555836 -0.45587913701039345 -0.89546453110609781 0.52724469781719108 0.83885933079444508 -0.34233327757342241 0.59241615884813392 -0.754460702458016 -0.29017789223412455 -0.3994380010492638
decision_type=2 2 2 2 2 2 2 2 2 2 2 2 2 2 2
left_child=1 -1 6 9 -5 -6 8 12 13 11 -9 -4 -8 -2 -11
right_child=2 -3 3 4 5 -7 7 10 -10 14 -12 -13 -14 -15 -16
leaf_value=5.0009820241636279e-05 4.2163791975168068e-07 0.0023648722916436585 0.00049757974381149813 -0.0009075449064451579 -7.9463077177477701e-05 0.00023120563434503384 -0.00045859363621387345 -0.001336813460878777 -0.00059091189483712829 0.001350485560322261 -0.00026715940464886698 -9.21137436372718e-05 0.00017409129962325093 0.00065901175679881929 0.00039289889216423033
leaf_weight=33 43 20 63 33 954 314 23 49 39 20 25 35 27 20 22
leaf_count=33 43 20 63 33 954 314 23 49 39 20 25 35 27 20 22
internal_value=3.7917e-07 0.00105701 -3.3257e-05 2.40983e-05 -2.71669e-05 0 -0.000407586 -0.000682641 -3.46822e-05 0.000512053 -0.00103889 0.000260791 -6.98244e-05 0.000275404 0.000975192
internal_weight=1720 53 1667 1441 1301 1268 226 124 102 140 74 98 50 63 42
internal_count=1720 53 1667 1441 1301 1268 226 124 102 140 74 98 50 63 42
is_linear=0
shrinkage=0.03


Tree=21
num_leaves=8
num_cat=0
split_feature=21 29 25 21 29 24 25
split_gain=0.068039 0.0663394 0.0385451 0.0348997 0.0287731 0.027044 0.0234627
threshold=-1.7537564382658046 1.5967186788179113 3.1217033580159548 1.84153582860787 -0.23708078504379104 -1.612050105299943 0.32162607045740993
decision_type=2 2 2 2 2 2 2
left_child=1 -1 3 4 -2 -6 -5
right_child=2 -3 -4 6 5 -7 -8
leaf_value=6.659283412348788e-05 -0.0008895933055677092 0.0022750713613653635 0.0011088945031739199 0 -0.00085094640861375643 -3.4994132620383646e-05 0.0011753573952900135
leaf_weight=33 36 20 23 21 35 1521 31
leaf_count=33 36 20 23 21 35 1521 31
internal_value=5.23872e-07 0.00103079 -3.22284e-05 -5.20052e-05 -7.92233e-05 -5.68743e-05 0.00068561
internal_weight=1720 53 1667 1644 1592 1556 52
internal_count=1720 53 1667 1644 1592 1556 52
is_linear=0
shrinkage=0.03


Tree=22
num_leaves=16
num_cat=0
split_feature=21 29 31 11 25 21 29 16 23 21 27 19 14 25 25
split_gain=0.0646892 0.0627557 0.0384694 0.0392421 0.0251731 0.0567003 0.0417749 0.0222247 0.0332949 0.0205986 0.0131517 0.0260215 0.0105339 0.0102128 0.00519512
threshold=-1.7537564382658046 1.5967186788179113 -0.0275184048370096 -0.93402405849659165 0.21278048264005309 1.3636117810476232 -0.1780150700256676 -0.45587913701039345 -1.0009929059913358 0.52724469781719108 -0.20865468529808459 0.33437632187025884 1.2557364448724615 -0.24122377863412889 -0.29017789223412455
decision_type=2 2 2 2 2 2 2 2 2 2 2 2 2 2 2
left_child=1 -1 7 10 6 -6 -5 9 -9 14 11 -4 -10 -12 -2
right_child=2 -3 3 4 5 -7 -8 8 12 -11 13 -13 -14 -15 -16
leaf_value=6.4761514397105192e-05 1.3911743678719416e-06 0.0022157215911644489 0.00024072674155125722 -0.00029451955028731477 0 0.00083231986019808538 0.00016118701151960217 0.00015116451617570653 -0.0010896567593069299 -0.00057347593436549811 0.00047586208687204381 0.0013241318182676636 -0.00010525502853662423 -0.00041615681512200314 0.00064273306039040507
leaf_weight=33 43 20 65 514 436 84 267 28 76 39 20 35 20 20 20
leaf_count=33 43 20 65 514 436 84 267 28 76 39 20 35 20 20 20
internal_value=6.17798e-07 0.00100523 -3.12746e-05 2.41193e-05 -2.54842e-05 0.000132915 -0.00013488 -0.000393261 -0.000659981 -3.08489e-05 0.000496921 0.000676567 -0.00092428 0 0.000270407
internal_weight=1720 53 1667 1441 1301 520 781 226 124 102 140 100 96 40 63
internal_count=1720 53 1667 1441 1301 520 781 226 124 102 140 100 96 40 63
is_linear=0
shrinkage=0.03


Tree=23
num_leaves=14
num_cat=0
split_feature=21 29 31 11 24 15 16 23 21 31 19 14 19
split_gain=0.0614801 0.0593605 0.0362361 0.037152 0.0290232 0.0299671 0.0210349 0.0315919 0.0195437 0.0101912 0.0180858 0.00974995 0.00240694
threshold=-1.7537564382658046 1.5967186788179113 -0.0275184048370096 -0.93402405849659165 -1.5873026808649959 1.8887454256182692 -0.45587913701039345 -1.0009929059913358 0.52724469781719108 1.0000000180025095e-35 0.13647087104702144 1.2557364448724615 -0.75208416890612095
decision_type=2 2 2 2 2 2 2 2 2 2 2 2 2
left_child=1 -1 6 9 -5 -6 8 -8 12 10 -4 -9 -2
right_child=2 -3 3 4 5 -7 7 11 -10 -11 -12 -13 -14
leaf_value=6.2980570102808993e-05 0 0.0021579202385214359 0.00019601630520774054 -0.00086458119222273427 2.2605845584775198e-05 -0.00090718764016492059 0.00014706844480467899 -0.0010582084477277873 -0.00055750052384766083 0 0.0010202759255189449 -0.00010250924217879123 0.00038405446832716144
leaf_weight=33 20 20 67 33 1239 29 28 76 39 22 51 20 43
leaf_count=33 20 20 67 33 1239 29 28 76 39 22 51 20 43
internal_value=9.47422e-07 0.000980348 -3.01e-05 2.3605e-05 -2.46001e-05 0 -0.000381453 -0.000640922 -2.81486e-05 0.000483665 0.000593521 -0.000898547 0.000264537
internal_weight=1720 53 1667 1441 1301 1268 226 124 102 140 118 96 63
internal_count=1720 53 1667 1441 1301 1268 226 124 102 140 118 96 63
is_linear=0
shrinkage=0.03


Tree=24
num_leaves=8
num_cat=0
split_feature=21 29 25 21 29 33 25
split_gain=0.0584705 0.0561441 0.0343061 0.0313881 0.0263659 0.0352511 0.0214802
threshold=-1.7537564382658046 1.5967186788179113 3.1217033580159548 1.84153582860787 -0.23708078504379104 -0.4187707469451008 0.32162607045740993
decision_type=2 2 2 2 2 2 2
left_child=1 -1 3 4 -2 -6 -5
right_child=2 -3 -4 6 5 -7 -8
leaf_value=6.1248610659580052e-05 -0.00084971568984194433 0.0021016266206279398 0.0010470788581296801 0 0.00074216247105505313 -7.9549871993394477e-05 0.0011201453365022589
leaf_weight=33 36 20 23 21 45 1511 31
leaf_count=33 36 20 23 21 45 1511 31
internal_value=9.47617e-07 0.000956114 -2.92872e-05 -4.80472e-05 -7.39521e-05 -5.2479e-05 0.000651272
internal_weight=1720 53 1667 1644 1592 1556 52
internal_count=1720 53 1667 1644 1592 1556 52
is_linear=0
shrinkage=0.03


Tree=25
num_leaves=8
num_cat=0
split_feature=21 28 25 21 29 24 25
split_gain=0.0555838 0.0571417 0.0324989 0.0295929 0.0249283 0.0246781 0.0204083
threshold=-1.7537564382658046 0.048977856489102599 3.1217033580159548 1.84153582860787 -0.23708078504379104 -1.612050105299943 0.32162607045740993
decision_type=2 2 2 2 2 2 2
left_child=1 -1 3 4 -2 -6 -5
right_child=2 -3 -4 6 5 -7 -8
leaf_value=3.4527041697098556e-05 -0.00082618509766717362 0.0020859903639951802 0.0010192910018735207 0 -0.00080913603950389897 -2.9831668272762058e-05 0.0010895060586729359
leaf_weight=33 36 20 23 21 35 1521 31
leaf_count=33 36 20 23 21 35 1521 31
internal_value=1.20063e-06 0.000932513 -2.82348e-05 -4.65414e-05 -7.17441e-05 -5.08086e-05 0.000632331
internal_weight=1720 53 1667 1644 1592 1556 52
internal_count=1720 53 1667 1644 1592 1556 52
is_linear=0
shrinkage=0.03


Tree=26
num_leaves=15
num_cat=0
split_feature=21 28 31 11 24 15 16 23 21 27 19 25 14 25
split_gain=0.0528661 0.0540446 0.0332973 0.0340529 0.0262512 0.0286496 0.0194692 0.0298987 0.0184531 0.012117 0.0220753 0.00946735 0.00900311 0.00485377
threshold=-1.7537564382658046 0.048977856489102599 -0.0275184048370096 -0.93402405849659165 -1.5873026808649959 1.8887454256182692 -0.45587913701039345 -1.0009929059913358 0.52724469781719108 -0.20865468529808459 0.33437632187025884 -0.24122377863412889 1.2557364448724615 -0.29017789223412455
decision_type=2 2 2 2 2 2 2 2 2 2 2 2 2 2
left_child=1 -1 6 9 -5 -6 8 -8 13 10 -4 -11 -9 -2
right_child=2 -3 3 4 5 -7 7 12 -10 11 -12 -13 -14 -15
leaf_value=3.3577545720618218e-05 0 0.0020315731577423357 0.00022966403505415655 -0.00082091229742703345 2.3459599340798298e-05 -0.00088566893922325108 0.00015059521528441579 -0.0010185620994671819 -0.00053892311214336324 0.00044820852043188136 0.0012357777404709178 -0.00041178951315257861 -9.3932199038808108e-05 0.00061980258812115575
leaf_weight=33 43 20 65 33 1239 29 28 76 39 20 35 20 20 20
leaf_count=33 43 20 65 33 1239 29 28 76 39 20 35 20 20 20
internal_value=1.25911e-06 0.000909553 -2.74045e-05 2.40006e-05 -2.20532e-05 0 -0.00036429 -0.000613846 -2.34671e-05 0.000464436 0.000636667 0 -0.000864918 0.000260162
internal_weight=1720 53 1667 1441 1301 1268 226 124 102 140 100 40 96 63
internal_count=1720 53 1667 1441 1301 1268 226 124 102 140 100 40 96 63
is_linear=0
shrinkage=0.03


Tree=27
num_leaves=14
num_cat=0
split_feature=21 29 31 25 33 17 23 23 14 13 25 21 13
split_gain=0.0502785 0.0477866 0.031327 0.026756 0.0256046 0.0630657 0.054312 0.0177847 0.0273653 0.0107202 0.00666343 0.00411016 0.00929429
threshold=-1.7537564382658046 1.5967186788179113 -0.0275184048370096 3.1217033580159548 -0.33519658813555836 0.82179964921696658 -0.42687818384772008 -0.99407586114623203 0.52211566119026764 0.020780734676436093 -0.22304379979583935 -0.754460702458016 0.47099191663633994
decision_type=2 2 2 2 2 2 2 2 2 2 2 2 2
left_child=1 -1 7 4 6 -6 -4 11 9 -9 -10 -2 -13
right_child=2 -3 3 -5 5 -7 -8 8 10 -11 -12 12 -14
leaf_value=5.4316828007965028e-05 -0.00024076457686722277 0.0019446688549005949 -0.00067617682860414592 0.00097750315632527847 0.00045050104526897527 -0.00037513089218593542 2.3318480668597024e-06 -0.00049298984293515483 -0.00023851533939709841 -0.0013239254364544259 0.00039075847843196245 0.00061413998467226818 -0.0001408994832764501
leaf_weight=33 22 20 116 23 284 111 907 69 38 32 21 24 20
leaf_count=33 22 20 116 23 284 111 907 69 38 32 21 24 20
internal_value=1.37672e-06 0.000887193 -2.65334e-05 2.32693e-05 3.64941e-06 0.000209872 -7.34338e-05 -0.000353326 -0.000522905 -0.000815699 0 1.91591e-05 0.000220023
internal_weight=1720 53 1667 1441 1418 395 1023 226 160 101 59 66 44
internal_count=1720 53 1667 1441 1418 395 1023 226 160 101 59 66 44
is_linear=0
shrinkage=0.03


Tree=28
num_leaves=13
num_cat=0
split_feature=21 29 33 11 15 24 15 32 14 25 24 8
split_gain=0.0478353 0.0451805 0.0292431 0.0397199 0.02773 0.0237177 0.0261938 0.020071 0.0171375 0.0154621 0.0108296 0.00409824
threshold=-1.7537564382658046 1.5967186788179113 0.44561327146928204 -0.93402405849659165 -0.35692132845846197 -1.5873026808649959 1.8887454256182692 0.97711287968263172 1.2557364448724615 0.83885933079444508 0.52860210832297672 0.31411040929169309
decision_type=2 2 2 2 2 2 2 2 2 2 2 2
left_child=1 -1 3 9 -4 -5 -7 8 -6 10 -2 -9
right_child=2 -3 4 5 7 6 -8 11 -10 -11 -12 -13
leaf_value=5.2823139102353401e-05 0.00048210850794400486 0.0018939383081160487 -0.0011941661038859322 -0.00079395499398621423 -0.00081961046003482547 8.8371228261744719e-06 -0.00085884739829089087 0.00031727614032748462 6.4215020945994174e-05 0.0010215203865780492 -8.319919282803311e-05 -7.358016571961343e-05
leaf_weight=33 67 20 30 33 52 1286 29 46 21 37 39 27
leaf_count=33 67 20 30 33 52 1286 29 46 21 37 39 27
internal_value=1.33258e-06 0.000865397 -2.5848e-05 1.56892e-05 -0.000388859 -3.30677e-05 -9.93328e-06 -0.000182539 -0.000533387 0.000487082 0.00025003 0.000136041
internal_weight=1720 53 1667 1491 176 1348 1315 146 73 143 106 73
internal_count=1720 53 1667 1491 176 1348 1315 146 73 143 106 73
is_linear=0
shrinkage=0.03


Tree=29
num_leaves=13
num_cat=0
split_feature=25 17 17 27 24 29 11 22 31 16 11 16
split_gain=0.0422073 0.0797056 0.0623376 0.0436551 0.024452 0.0249641 0.0249105 0.0322943 0.020093 0.00982738 0.00648487 0.00103227
threshold=0.83885933079444508 -0.62489657179115266 -1.3209947894687961 -0.22505725634630822 -1.612050105299943 -0.23708078504379104 -0.53018303203495121 1.9059749052437642 -0.010592557171694999 0.80456371432974561 0.11483909196586943 1.3124867330788585
decision_type=2 2 2 2 2 2 2 2 2 2 2 2
left_child=4 2 -2 9 -1 -6 8 -8 -7 10 -3 -11
right_child=1 3 -4 -5 5 6 7 -9 -10 11 -12 -13
leaf_value=-0.00080117411909696567 0.0005585934887281978 0.00038156759179216885 -0.0012972182951813849 0.0016874699155334384 -0.00078408671080027338 5.814753295354921e-05 -4.641541635285111e-05 -0.00081346463169660937 0.00058579222392512271 -8.9266717957798379e-05 0.0011343314545431539 0.00016845382420489422
leaf_weight=36 23 80 36 32 36 281 993 50 89 21 20 23
leaf_count=36 23 80 36 32 36 281 993 50 89 21 20 23
internal_value=1.29352e-06 0.00037391 -0.000533356 0.000698651 -5.62915e-05 -3.41019e-05 -1.12547e-05 -8.82824e-05 0.000196801 0.000428552 0.0005899 0
internal_weight=1720 235 59 176 1485 1449 1413 1043 370 144 100 44
internal_count=1720 235 59 176 1485 1449 1413 1043 370 144 100 44
is_linear=0
shrinkage=0.03


Tree=30
num_leaves=7
num_cat=0
split_feature=34 11 20 33 33 15
split_gain=0.0384465 0.0326244 0.0604626 0.0318005 0.0314615 0.0223289
threshold=2.9998032961856782 -1.6617087678395019 2.451369982640998 -0.081131556981097794 -0.33519658813555836 -0.37993469188532991
decision_type=2 2 2 2 2 2
left_child=1 -1 3 4 -3 -5
right_child=-2 2 -4 5 -6 -7
leaf_value=0.00084909541439418174 0.0010169860764343121 -3.4640798872902902e-05 -0.0015671596619118327 -0.00092204997262501328 0.00030334811520634359 -0.00016891375614633451
leaf_weight=35 30 1043 20 44 318 230
leaf_count=35 30 1043 20 44 318 230
internal_value=1.29351e-06 -1.67347e-05 -3.83579e-05 -1.49895e-05 4.2625e-05 -0.000309362
internal_weight=1720 1690 1655 1635 1361 274
internal_count=1720 1690 1655 1635 1361 274
is_linear=0
shrinkage=0.03


Tree=31
num_leaves=15
num_cat=0
split_feature=25 17 17 28 29 10 33 22 10 15 33 31 15 20
split_gain=0.0399739 0.0758373 0.0582518 0.0420679 0.0219784 0.0249417 0.033849 0.0275393 0.017547 0.0164081 0.0158477 0.0119453 0.00885855 0.00272393
threshold=0.83885933079444508 -0.62489657179115266 -1.3209947894687961 -0.10285735823189983 -0.23708078504379104 -0.03292968729467053 -0.4187707469451008 1.9059749052437642 0.63873804477827989 -0.14802413886103907 0.40323775517881716 -0.01092100751051653 -0.86777594220832677 1.0158618055413748
decision_type=2 2 2 2 2 2 2 2 2 2 2 2 2 2
left_child=4 2 -2 8 -1 9 -7 -8 12 11 -11 -6 -3 -10
right_child=1 3 -4 -5 5 6 7 -9 13 10 -12 -13 -14 -15
leaf_value=-0.00076141424302925143 0.0005324301903780836 0 -0.0012593685547964502 0.0016882499136263503 -0.00039872920862219944 0.00090684417609125374 -0.00014938322068192928 -0.0010009627185400428 -0.00025233677972573784 0.00038959827444308572 -0.00012877939236485513 3.825950013862536e-05 0.00078494777503173511 0.00016692546225658588
leaf_weight=36 23 21 36 30 62 22 671 35 25 218 58 383 79 21
leaf_count=36 23 21 36 30 62 22 671 35 25 218 58 383 79 21
internal_value=1.12289e-06 0.000363795 -0.000520519 0.000680757 -5.48713e-05 -3.37144e-05 -0.000158755 -0.000199888 0.00042378 8.8531e-05 0.000269698 -1.81902e-05 0.000642742 -1.20855e-06
internal_weight=1720 235 59 176 1485 1449 728 706 146 721 276 445 100 46
internal_count=1720 235 59 176 1485 1449 728 706 146 721 276 445 100 46
is_linear=0
shrinkage=0.03


Tree=32
num_leaves=14
num_cat=0
split_feature=21 28 31 11 24 15 16 23 21 25 28 19 32
split_gain=0.0417698 0.043335 0.0265911 0.0276451 0.0218667 0.0254377 0.0173914 0.0261866 0.0168886 0.008997 0.00873257 0.0127085 0.00406042
threshold=-1.7537564382658046 0.048977856489102599 -0.0275184048370096 -0.93402405849659165 -1.5873026808649959 1.8887454256182692 -0.45587913701039345 -1.0009929059913358 0.62500188936360523 -0.34233327757342241 0.048977856489102599 0.13647087104702144 0.41003722729872755
decision_type=2 2 2 2 2 2 2 2 2 2 2 2 2
left_child=1 -1 6 10 -5 -6 8 -8 12 -9 11 -4 -2
right_child=2 -3 3 4 5 -7 7 9 -10 -11 -12 -13 -14
leaf_value=1.6164840222093815e-05 0.00038998433847065863 0.00181311706315888 0.00017046760328064139 -0.00074884743747922285 2.2479673897156529e-05 -0.00083416011164990777 0.00014995555237175956 -0.00097523686653418012 -0.00057078467132856269 -0.00013060963735084182 -3.2590118196347476e-05 0.00086892184364634358 0
leaf_weight=33 46 20 67 33 1239 29 28 71 32 25 20 53 24
leaf_count=33 46 20 67 33 1239 29 28 71 32 25 20 53 24
internal_value=1.09801e-06 0.000808636 -2.41867e-05 2.15449e-05 -1.9733e-05 0 -0.000325339 -0.000560441 -3.11132e-06 -0.000796208 0.000418481 0.000517011 0.000228093
internal_weight=1720 53 1667 1441 1301 1268 226 124 102 96 140 120 70
internal_count=1720 53 1667 1441 1301 1268 226 124 102 96 140 120 70
is_linear=0
shrinkage=0.03


Tree=33
num_leaves=7
num_cat=0
split_feature=34 11 20 33 20 15
split_gain=0.0333972 0.0293829 0.0574601 0.0289571 0.0307519 0.0198259
threshold=2.9998032961856782 -1.6617087678395019 2.451369982640998 -0.081131556981097794 0.068194801016113124 -0.37993469188532991
decision_type=2 2 2 2 2 2
left_child=1 -1 3 4 -3 -5
right_child=-2 2 -4 5 -6 -7
leaf_value=0.00080588338118181308 0.00094779463272425348 -5.1910814604711278e-05 -0.0015265575102125495 -0.00087288883674216074 0.00025371939932275343 -0.00016108306024352909
leaf_weight=35 30 937 20 44 424 230
leaf_count=35 30 937 20 44 424 230
internal_value=1.02952e-06 -1.56547e-05 -3.62647e-05 -1.34408e-05 4.14531e-05 -0.000294434
internal_weight=1720 1690 1655 1635 1361 274
internal_count=1720 1690 1655 1635 1361 274
is_linear=0
shrinkage=0.03


Tree=34
num_leaves=8
num_cat=0
split_feature=21 28 25 21 33 29 25
split_gain=0.0388091 0.0398973 0.024802 0.0258976 0.0214197 0.0209262 0.0173588
threshold=-1.7537564382658046 0.048977856489102599 3.1217033580159548 1.84153582860787 4.0980045547851853 -0.23708078504379104 0.32162607045740993
decision_type=2 2 2 2 2 2 2
left_child=1 -1 3 4 5 -2 -5
right_child=2 -3 -4 6 -6 -7 -8
leaf_value=1.5081496087077533e-05 -0.00073682903113345111 0.0017434449414115234 0.00089116945358602186 0 -0.00094128016859292983 -2.7847979808579496e-05 0.0010162978699595174
leaf_weight=33 36 20 23 21 22 1534 31
leaf_count=33 36 20 23 21 22 1534 31
internal_value=8.62558e-07 0.000779324 -2.34467e-05 -3.96639e-05 -6.33672e-05 -4.73863e-05 0.000595351
internal_weight=1720 53 1667 1644 1592 1570 52
internal_count=1720 53 1667 1644 1592 1570 52
is_linear=0
shrinkage=0.03


Tree=35
num_leaves=17
num_cat=0
split_feature=25 24 22 34 22 19 22 22 16 22 15 31 25 22 32 8
split_gain=0.0355652 0.0563597 0.0405884 0.05431 0.0473891 0.0429181 0.0356161 0.0328692 0.0311461 0.0253116 0.0237186 0.0232625 0.0205901 0.0107756 0.00899261 0.00720948
threshold=0.21278048264005309 -1.1047279043835285 1.5297649983733888 -0.13014084113414695 -0.48700405372883876 -0.061434579776216004 1.9059749052437642 -0.52193618924765228 1.224116142271741 1.8317185820795034 -0.30035947322857709 -0.050889088645315821 -1.6160738928325518 1.687368171196572 -0.27484060086663403 -0.4637979065484284
decision_type=2 2 2 2 2 2 2 2 2 2 2 2 2 2 2 2
left_child=6 -2 4 15 7 -6 8 -3 10 -5 11 -1 -12 14 -10 -4
right_child=1 2 3 9 5 -7 -8 -9 13 -11 12 -13 -14 -15 -16 -17
leaf_value=-0.00085804132448974988 0.0016430130851930816 2.6577705104136838e-05 0.00040940463773082365 -0.00071385929835960271 -0.0015582694025386284 -0.00016248920058705059 -0.00094731166930763378 0.00074527963754619775 -0.00094860668286370726 0.0004513804399144106 -0.00064510367727444438 -8.3356297893015369e-05 0.00020480956206629341 0 -0.00020020762298788344 0.0014014755712016675
leaf_weight=37 20 192 23 27 20 224 41 85 51 34 23 420 417 21 39 46
leaf_count=37 20 192 23 27 20 224 41 85 51 34 23 420 417 21 39 46
internal_value=9.07552e-07 0.00017275 0.000115664 0.000583475 0 -0.00030658 -0.00010634 0.000263455 -6.6457e-05 -2.67922e-05 -3.7045e-06 -0.000157786 0.000149542 -0.000533807 -0.000673478 0.00114329
internal_weight=1720 671 651 130 521 244 1049 277 1008 61 897 457 440 111 90 69
internal_count=1720 671 651 130 521 244 1049 277 1008 61 897 457 440 111 90 69
is_linear=0
shrinkage=0.03


Tree=36
num_leaves=13
num_cat=0
split_feature=21 28 33 11 30 33 15 28 15 25 24 15
split_gain=0.0351134 0.0370444 0.0237053 0.0325386 0.0222521 0.0316229 0.0214882 0.0210518 0.0271261 0.0114034 0.00999202 0.0031269
threshold=-1.7537564382658046 0.048977856489102599 0.44561327146928204 -0.93402405849659165 -0.044187457645262038 -0.063165156199540246 -0.35692132845846197 -0.085315993886722521 1.4924242460082497 0.83885933079444508 0.52860210832297672 0.37791517812753656
decision_type=2 2 2 2 2 2 2 2 2 2 2 2
left_child=1 -1 3 9 5 -5 -4 8 -8 10 -2 -9
right_child=2 -3 6 4 -6 -7 7 11 -10 -11 -12 -13
leaf_value=3.0705633786662124e-06 0.00045505296354364998 0.0016695277758762644 -0.0010609592849558048 -1.6170020963556635e-05 0.00063731448975023488 -0.00068425637688522003 -0.0011903491062535479 0.00020487747288722819 6.1434157367330032e-05 0.00090711578294285563 -8.7213677129121999e-05 -0.00012003327124693895
leaf_weight=33 67 20 30 1243 40 65 30 66 21 37 39 29
leaf_count=33 67 20 30 1243 40 65 30 66 21 37 39 29
internal_value=6.90082e-07 0.000741244 -2.23477e-05 1.48612e-05 -2.90694e-05 -5.31482e-05 -0.000349292 -0.000164508 -0.000644576 0.000441612 0.000231108 7.44437e-05
internal_weight=1720 53 1667 1491 1348 1308 176 146 51 143 106 95
internal_count=1720 53 1667 1491 1348 1308 176 146 51 143 106 95
is_linear=0
shrinkage=0.03


Tree=37
num_leaves=14
num_cat=0
split_feature=21 28 31 24 29 13 24 23 14 34 28 25 27
split_gain=0.0334274 0.0350114 0.0223674 0.0208609 0.026206 0.0269121 0.0200254 0.0148544 0.0217028 0.0152614 0.0126063 0.00589188 0.00269134
threshold=-1.7537564382658046 0.048977856489102599 -0.0275184048370096 -1.612050105299943 -0.16409835656954033 -1.3297825406644328 -1.3645758609504726 -0.99407586114623203 0.52211566119026764 -0.23048316483928041 0.12865484071265823 -0.22304379979583935 0.14232832499501999
decision_type=2 2 2 2 2 2 2 2 2 2 2 2 2
left_child=1 -1 7 -4 5 -5 -6 10 9 -9 12 -10 -2
right_child=2 -3 3 4 6 -7 -8 8 11 -11 -12 -13 -14
leaf_value=2.9861281703536663e-06 -0.00039065956116350468 0.0016259748267171822 -0.00069899265493565644 0.00060575197987435816 -0.00014921782052842899 -2.9873424232382141e-05 0.00068896595399396926 -0.00012769172097011128 -0.00021339213936525774 -0.0010014835883101279 0.00063261260755825789 0.00037835759795416379 0
leaf_weight=33 25 20 32 60 27 1234 88 38 38 63 21 21 20
leaf_count=33 25 20 32 60 27 1234 88 38 38 63 21 21 20
internal_value=7.10088e-07 0.000723302 -2.17254e-05 2.00579e-05 3.99634e-05 0 0.000467961 -0.000298013 -0.000453999 -0.000714743 3.9953e-05 0 -0.000196374
internal_weight=1720 53 1667 1441 1409 1294 115 226 160 101 66 59 45
internal_count=1720 53 1667 1441 1409 1294 115 226 160 101 66 59 45
is_linear=0
shrinkage=0.03


Tree=38
num_leaves=9
num_cat=0
split_feature=21 28 21 33 27 32 27 8
split_gain=0.0318295 0.0330862 0.0218636 0.0195294 0.021734 0.028802 0.0164607 0.00471851
threshold=-1.7537564382658046 0.048977856489102599 1.84153582860787 4.0980045547851853 0.6213608733499848 0.41003722729872755 -0.24437491345452456 0.61243022258723767
decision_type=2 2 2 2 2 2 2 2
left_child=1 -1 3 4 5 -2 -4 -6
right_child=2 -3 6 -5 7 -7 -8 -9
leaf_value=2.9040137984945084e-06 -2.0070772473283211e-05 0.0015835581054992 0 -0.00087897141158580774 0.00068875196078707537 -0.00061897538830212452 0.00098886111569167516 0
leaf_weight=33 1458 20 22 22 41 74 30 20
leaf_count=33 1458 20 22 22 41 74 30 20
internal_value=6.79776e-07 0.000705828 -2.11707e-05 -4.28546e-05 -2.77973e-05 -5.21072e-05 0.000563339 0.000509688
internal_weight=1720 53 1667 1615 1593 1532 52 61
internal_count=1720 53 1667 1615 1593 1532 52 61
is_linear=0
shrinkage=0.03


Tree=39
num_leaves=15
num_cat=0
split_feature=25 24 24 19 22 22 16 15 33 28 22 27 22 33
split_gain=0.0324142 0.0464479 0.0384925 0.0640441 0.0341893 0.0336651 0.0304487 0.021334 0.0218817 0.0212157 0.0254326 0.0196416 0.0105147 0.0104222
threshold=0.21278048264005309 -1.0799804799485815 0.701834079367606 -0.16442667244343825 1.489521544003763 1.9059749052437642 1.224116142271741 -0.30035947322857709 -0.15992625629023738 0.034998839982424569 1.666301642100797 -0.24431910314300478 1.687368171196572 -0.27445933811807183
decision_type=2 2 2 2 2 2 2 2 2 2 2 2 2 2
left_child=5 -2 3 -3 -5 6 7 8 -1 10 -4 -9 13 -8
right_child=1 2 9 4 -6 -7 12 11 -10 -11 -12 -13 -14 -15
leaf_value=-5.1271592059806764e-05 0.0014446202713251112 -0.0013913020515814423 0.00024324330730817489 0.00014976026045320046 -0.00069947511212285459 -0.00091914604108156201 -0.0009312410834490468 -0.00020898947971187174 -0.00064379858051973353 -0.00038228353745627992 0.00099302227979474887 0.00025552466258067514 0 -0.00014226773496753034
leaf_weight=391 22 27 134 353 45 41 54 98 66 20 70 342 21 36
leaf_count=391 22 27 134 353 45 41 54 98 66 20 70 342 21 36
internal_value=7.62188e-07 0.000164894 0.000110465 -5.14e-05 4.17453e-05 -0.000101545 -6.26934e-05 -6.38931e-07 -0.000147007 0.000427412 0.000525676 0.000144578 -0.000524632 -0.000662679
internal_weight=1720 671 649 425 398 1049 1008 897 457 224 204 440 111 90
internal_count=1720 671 649 425 398 1049 1008 897 457 224 204 440 111 90
is_linear=0
shrinkage=0.03


Tree=40
num_leaves=10
num_cat=0
split_feature=21 27 29 31 16 21 9 28 22
split_gain=0.0294319 0.0227247 0.0208411 0.0250432 0.0243706 0.025163 0.0172136 0.00512533 0.000453202
threshold=-1.7646183484376283 1.6039736112929306 -0.23708078504379104 -0.007090876860777434 0.68048858364855236 1.5265404336249802 0.27667462118758557 0.37440156912492356 -0.38583364369555173
decision_type=2 2 2 2 2 2 2 2 2
left_child=1 -1 -2 4 5 -4 -6 8 -5
right_child=2 -3 3 7 6 -7 -8 -9 -10
leaf_value=1.0826740798074745e-05 -0.00070487587415398313 0.0014190565163735298 -1.5332159842466627e-06 0.00026011353321373464 0.00011815485178200572 0.00051276298248054131 -0.00034176744093770354 0 0.00081852088845334951
leaf_weight=27 36 20 1078 27 83 89 306 21 33
leaf_count=27 36 20 1078 27 83 89 306 21 33
internal_value=3.90575e-07 0.000719262 -1.92662e-05 -1.09755e-06 -3.01014e-05 3.63391e-05 -0.000235829 0.000501524 0.000639209
internal_weight=1720 47 1673 1637 1556 1167 389 81 60
internal_count=1720 47 1673 1637 1556 1167 389 81 60
is_linear=0
shrinkage=0.03


Tree=41
num_leaves=7
num_cat=0
split_feature=27 11 20 29 31 34
split_gain=0.0255919 0.0253817 0.0552688 0.0203413 0.0198418 0.000413679
threshold=3.9376266004482363 -1.6617087678395019 2.451369982640998 -0.22376310562626561 -0.007090876860777434 -0.085006545423672628
decision_type=2 2 2 2 2 2
left_child=1 -1 3 5 -5 -3
right_child=-2 2 -4 4 -6 -7
leaf_value=0.00075138483694019295 0.00091854578256607053 -0.00085687234601937239 -0.0014927124925433533 -1.3384727403816745e-05 0.00051332941665244635 -0.00021611141227185726
leaf_weight=35 24 21 20 1535 64 21
leaf_count=35 24 21 20 1535 64 21
internal_value=6.24912e-07 -1.21978e-05 -3.14162e-05 -9.09018e-06 6.74617e-06 -0.000638925
internal_weight=1720 1696 1661 1641 1599 42
internal_count=1720 1696 1661 1641 1599 42
is_linear=0
shrinkage=0.03


Tree=42
num_leaves=17
num_cat=0
split_feature=21 27 11 33 30 33 17 23 11 33 27 24 21 11 14 32
split_gain=0.028084 0.0207656 0.0199834 0.0346605 0.0337446 0.0296517 0.061839 0.0364467 0.0186388 0.0164387 0.0152219 0.0151874 0.0143881 0.00688055 0.00573012 0.00142852
threshold=-1.7646183484376283 1.6039736112929306 -1.0088005717411177 -0.063165156199540246 0.63983574616940209 -0.33519658813555836 0.82179964921696658 -0.29545433179074782 -0.19981804687376417 3.2781441339033202 -0.20865468529808459 -0.090083502550699648 0.62500188936360523 -1.1784393496953076 -0.23472564733021525 0.22376563702441674
decision_type=2 2 2 2 2 2 2 2 2 2 2 2 2 2 2 2
left_child=1 -1 10 5 8 7 -7 -4 -5 -6 11 -2 15 -13 -14 -12
right_child=2 -3 3 4 9 6 -8 -9 -10 -11 12 13 14 -15 -16 -17
leaf_value=1.8430062662810082e-05 6.0269632027484468e-05 0.0013731909308116882 -0.00047871328582931651 -0.00036956836569434202 0.00047412458904411484 0.00056459202160206968 -0.00033101897244572191 1.042651771060623e-06 -0.0011964079688041238 -0.00048253592034882821 0.00049398375492933154 0.0014039583388999427 -0.00068068803643807764 0.00029412296893702736 0 0
leaf_weight=27 39 20 166 95 43 202 98 832 45 20 29 20 22 20 20 22
leaf_count=27 39 20 166 95 43 202 98 832 45 20 29 20 22 20 20 22
internal_value=4.81021e-07 0.000702726 -1.86799e-05 -5.56232e-05 -0.000417155 0 0.000261744 -7.6955e-05 -0.000675841 0.000116839 0.000281999 0.000580332 0 0.000978043 -0.000377898 0.000347557
internal_weight=1720 47 1673 1501 203 1298 300 998 140 63 172 79 93 40 42 51
internal_count=1720 47 1673 1501 203 1298 300 998 140 63 172 79 93 40 42 51
is_linear=0
shrinkage=0.03


Tree=43
num_leaves=16
num_cat=0
split_feature=25 23 24 15 29 25 22 16 22 28 31 24 28 21 13
split_gain=0.0294522 0.0398564 0.119421 0.0336565 0.0334526 0.0332384 0.0312785 0.0285466 0.0225046 0.0211357 0.0238176 0.0102258 0.00923463 0.00302645 0.00167733
threshold=0.23716396760798872 -0.86956905393436368 -0.38705259577006418 0.080292627146764231 -0.17438950225377184 0.78710964795896976 1.9059749052437642 1.224116142271741 1.489521544003763 -0.10522004632150699 -0.06414084274948488 -1.4759392709077341 -0.10348325361043172 -1.7646183484376283 -0.64335847851076133
decision_type=2 2 2 2 2 2 2 2 2 2 2 2 2 2 2
left_child=6 3 -3 -2 5 -4 7 9 -6 14 -11 -9 -13 -5 -1
right_child=1 2 4 13 8 -7 -8 11 -10 10 -12 12 -14 -15 -16
leaf_value=-5.4266257181196748e-05 0.0017631153431721031 -0.0017702434855513271 0.00010862972641516125 0.00059317557836766359 7.9884347564075132e-05 0.00069241983227939698 -0.00086598852660466465 -0.0011001351986266673 -0.00083530290966543044 -0.00036057832689194972 0.00010660351319918365 -0.00055532668901493178 0 3.8528562957071694e-05 -0.00061749112271703777
leaf_weight=20 21 27 353 21 40 123 43 22 42 109 725 50 40 37 47
leaf_count=20 21 27 353 21 40 123 43 22 42 109 725 50 40 37 47
internal_value=6.82611e-07 0.000158543 6.57418e-05 0.000781611 0.000168919 0.000269138 -9.59133e-05 -5.78117e-05 -0.000366513 0 4.08872e-05 -0.000502927 -0.000293906 0.000307826 -0.000501753
internal_weight=1720 664 585 79 558 476 1056 1013 82 901 834 112 90 58 67
internal_count=1720 664 585 79 558 476 1056 1013 82 901 834 112 90 58 67
is_linear=0
shrinkage=0.03


Tree=44
num_leaves=16
num_cat=0
split_feature=25 23 24 27 22 15 22 11 21 33 33 29 27 24 21
split_gain=0.0279763 0.0381358 0.112909 0.0325405 0.04329 0.0317009 0.0304397 0.0216478 0.0244791 0.0179435 0.0369496 0.0358426 0.0118992 0.0105113 0.00281843
threshold=0.21278048264005309 -0.86956905393436368 -0.38705259577006418 -0.20073975830482471 1.666301642100797 0.080292627146764231 1.9059749052437642 -0.64335483283527595 0.538106607989015 -0.040816495283088762 -0.26231137146970723 0.29582384426370933 -0.049213820275794136 -1.5006866953426812 -1.7646183484376283
decision_type=2 2 2 2 2 2 2 2 2 2 2 2 2 2 2
left_child=6 5 -3 4 -4 -2 7 8 13 10 -9 -11 -5 -1 -7
right_child=1 2 3 12 -6 14 -8 9 -10 11 -12 -13 -14 -15 -16
leaf_value=0 0.0017168335518799721 -0.0017224469190463422 0.00012442769644012427 -0.00076681232051923861 0.00092230976779479525 0.00057760470554785572 -0.00087198240426898167 -0.00016091964277082873 -0.00045587201775541824 -0.00089941950603639946 0.00044459075633671442 6.9204048570149798e-06 0 0.00048822189739779534 3.7459400392253879e-05
leaf_weight=41 21 27 425 37 72 21 41 553 35 71 104 70 31 134 37
leaf_count=41 21 27 425 37 72 21 41 553 35 71 104 70 31 134 37
internal_value=4.49157e-07 0.000153058 6.31864e-05 0.000162446 0.000250857 0.000762987 -9.44742e-05 -5.73884e-05 0.000206255 -0.000131026 -5.89396e-05 -0.00043786 -0.000424774 0.000360985 0.000300998
internal_weight=1720 671 592 565 497 79 1049 1008 210 798 657 141 68 175 58
internal_count=1720 671 592 565 497 79 1049 1008 210 798 657 141 68 175 58
is_linear=0
shrinkage=0.03


Tree=45
num_leaves=10
num_cat=0
split_feature=25 20 25 28 23 24 15 17 17
split_gain=0.0269059 0.0421005 0.0395063 0.0225144 0.0237779 0.0202596 0.0184073 0.00889632 0.00791312
threshold=3.1217033580159548 2.0481852774310263 0.83885933079444508 -0.027916159799750481 0.60376149807274715 -1.5749289686475223 -0.81072464427843594 -0.060948353075465526 0.7390994943930711
decision_type=2 2 2 2 2 2 2 2 2
left_child=1 2 5 4 -4 7 -7 -1 -2
right_child=8 -3 3 -5 -6 6 -8 -9 -10
leaf_value=0 0.0011299383103214496 -0.00129171730334992 2.2523234149177123e-05 0.0011978987414389848 0.00095787861043671984 -0.00027884715724790673 1.8767771330212749e-05 -0.00083354101348855428 9.5398530394405761e-05
leaf_weight=22 21 20 124 27 30 216 1201 39 20
leaf_count=22 21 20 124 27 30 216 1201 39 20
internal_value=4.21845e-07 -1.69952e-05 0 0.000415258 0.000238665 -5.08331e-05 -2.49797e-05 -0.000575197 0.000734379
internal_weight=1720 1679 1659 181 154 1478 1417 61 41
internal_count=1720 1679 1659 181 154 1478 1417 61 41
is_linear=0
shrinkage=0.03


Tree=46
num_leaves=10
num_cat=0
split_feature=25 20 25 28 23 24 11 24 11
split_gain=0.0256296 0.0399406 0.0375257 0.0212171 0.022459 0.0192024 0.0176131 0.00673566 0.00427705
threshold=3.1217033580159548 2.0481852774310263 0.83885933079444508 -0.027916159799750481 0.60376149807274715 -1.5749289686475223 -0.50404859168101013 -0.80775881116416393 -0.64335483283527595
decision_type=2 2 2 2 2 2 2 2 2
left_child=1 2 5 4 -4 8 -7 -2 -1
right_child=7 -3 3 -5 -6 6 -8 -9 -10
leaf_value=-1.7494278620807041e-05 0.00012643507780740038 -0.0012580202972597404 2.186349956923729e-05 0.0011655554721131918 0.00093175464528559863 0.00014563162948711965 -9.0443864872989497e-05 0.0011090931649340072 -0.00073715941694469864
leaf_weight=20 21 20 124 27 30 384 1033 20 41
leaf_count=20 21 20 124 27 30 384 1033 20 41
internal_value=5.3544e-07 -1.64215e-05 0 0.000404844 0.000232641 -4.94111e-05 -2.41834e-05 0.0007169 -0.000559959
internal_weight=1720 1679 1659 181 154 1478 1417 41 61
internal_count=1720 1679 1659 181 154 1478 1417 41 61
is_linear=0
shrinkage=0.03


Tree=47
num_leaves=16
num_cat=0
split_feature=25 21 24 27 22 22 16 9 28 25 27 25 28 20 13
split_gain=0.0245373 0.0335809 0.0679293 0.0310767 0.0386179 0.0281207 0.0264197 0.0225659 0.0197197 0.0225855 0.0112283 0.00974535 0.00724221 0.0043396 0.00153682
threshold=0.23716396760798872 -1.6777230670630383 -0.38705259577006418 -0.20073975830482471 1.666301642100797 1.9059749052437642 1.224116142271741 0.40508132161219856 -0.10522004632150699 -0.37420616931472112 -0.049213820275794136 -0.51626120270226072 -0.087222658576828802 0.34469921516203955 -0.62476356263917843
decision_type=2 2 2 2 2 2 2 2 2 2 2 2 2 2 2
left_child=5 7 -3 4 -4 6 8 -2 14 -10 -5 13 -13 -8 -1
right_child=1 2 3 10 -6 -7 11 -9 9 -11 -12 12 -14 -15 -16
leaf_value=-5.7231550061260343e-05 0 -0.001104813558799101 0.00012462315890009466 -0.00074919526585726993 0.00089332018512262336 -0.00081745970982592545 -0.00036139174954344833 0.0011605853135495082 -6.3930165119231852e-05 0.00026190008444205342 0 -0.00039463761488046396 0.00022201260432358019 -0.001202336004246836 -0.00059647425297381621
leaf_weight=21 25 38 421 37 69 43 33 43 550 284 31 39 20 20 46
leaf_count=21 25 38 421 37 69 43 33 43 550 284 31 39 20 20 46
internal_value=6.44593e-07 0.00014488 6.55338e-05 0.000156064 0.000243731 -8.73695e-05 -5.11035e-05 0.000765919 2.3357e-07 4.39808e-05 -0.000417002 -0.000479411 -0.000136589 -0.000779711 -0.000480011
internal_weight=1720 664 596 558 490 1056 1013 68 901 834 68 112 59 53 67
internal_count=1720 664 596 558 490 1056 1013 68 901 834 68 112 59 53 67
is_linear=0
shrinkage=0.03


Tree=48
num_leaves=10
num_cat=0
split_feature=21 27 33 11 33 29 33 28 24
split_gain=0.0226434 0.01888 0.018542 0.0228651 0.0222801 0.0490978 0.0276695 0.00801593 0.00593803
threshold=-1.7646183484376283 1.6039736112929306 4.0980045547851853 -1.0088005717411177 -0.081131556981097794 0.41587303637363421 -0.33519658813555836 0.034998839982424569 -1.4759392709077341
decision_type=2 2 2 2 2 2 2 2 2
left_child=1 -1 3 7 6 -6 -5 8 -2
right_child=2 -3 -4 4 5 -7 -8 -9 -10
leaf_value=0 0 0.0012666171048742558 -0.0008282005387544631 -7.2013918182591187e-05 -0.00061851288429805198 0.0004388524814344504 0.00025677138695144478 -6.5042955908990857e-05 0.00050580711720500063
leaf_weight=27 22 20 22 998 146 48 296 25 116
leaf_count=27 22 20 22 998 146 48 296 25 116
internal_value=2.47408e-07 0.000630988 -1.67799e-05 -2.67117e-06 -4.1642e-05 -0.000338969 1.30201e-06 0.000329338 0.000421924
internal_weight=1720 47 1673 1651 1488 194 1294 163 138
internal_count=1720 47 1673 1651 1488 194 1294 163 138
is_linear=0
shrinkage=0.03


Tree=49
num_leaves=11
num_cat=0
split_feature=25 20 25 15 27 24 15 33 17 17
split_gain=0.0238133 0.037391 0.0343818 0.0190441 0.0201682 0.0179369 0.0168329 0.0161626 0.00813995 0.00764714
threshold=3.1217033580159548 2.0481852774310263 0.83885933079444508 1.0000000180025095e-35 -0.24183982935966122 -1.5749289686475223 -0.81072464427843594 -0.15992625629023738 -0.060948353075465526 0.7390994943930711
decision_type=2 2 2 2 2 2 2 2 2 2
left_child=1 2 5 4 -4 8 -7 -5 -1 -2
right_child=9 -3 3 7 -6 6 -8 -9 -10 -11
leaf_value=0 0.0010757648541475646 -0.0012173290825246469 0.00031014088648807954 0.00035112906164489686 0.0013135086328256874 -0.00026581433058153411 1.8775266216254864e-05 -0.0005199796188352329 -0.00078755601507145897 6.8668639358214064e-05
leaf_weight=22 21 20 77 47 29 216 1201 28 39 20
leaf_count=22 21 20 77 47 29 216 1201 28 39 20
internal_value=2.63843e-07 -1.60185e-05 0 0.000387395 0.000640766 -4.74174e-05 -2.29633e-05 0 -0.000540895 0.000690858
internal_weight=1720 1679 1659 181 106 1478 1417 75 61 41
internal_count=1720 1679 1659 181 106 1478 1417 75 61 41
is_linear=0
shrinkage=0.03


Tree=50
num_leaves=9
num_cat=0
split_feature=25 20 25 28 24 24 27 17
split_gain=0.0226952 0.0354683 0.0325489 0.0173794 0.017209 0.0158742 0.0107517 0.00713271
threshold=3.1217033580159548 2.0481852774310263 0.83885933079444508 -0.027916159799750481 1.8402156033751704 -1.5749289686475223 -0.24010726106900623 0.7390994943930711
decision_type=2 2 2 2 2 2 2 2
left_child=1 2 4 6 5 -1 -4 -2
right_child=7 -3 3 -5 -6 -7 -8 -9
leaf_value=-0.00052649747165378353 0.0010475260275125038 -0.0011855726242875277 0.00035703085911565366 0.0010693161991424858 0.00075892638346261305 -3.7155157719742939e-05 -0.0001941157539646762 6.687727647469095e-05
leaf_weight=61 21 20 121 27 20 1397 33 20
leaf_count=61 21 20 121 27 20 1397 33 20
internal_value=2.99492e-07 -1.55546e-05 0 0.000376974 -4.6089e-05 -6.07208e-05 0.000218367 0.000674518
internal_weight=1720 1679 1659 181 1478 1458 154 41
internal_count=1720 1679 1659 181 1478 1458 154 41
is_linear=0
shrinkage=0.03


Tree=51
num_leaves=9
num_cat=0
split_feature=25 20 25 23 9 24 24 17
split_gain=0.0216307 0.0336461 0.0307137 0.018641 0.0265183 0.0163241 0.0149717 0.00664772
threshold=3.1217033580159548 2.0481852774310263 0.83885933079444508 0.60376149807274715 -0.57560631421601516 1.8402156033751704 -1.5749289686475223 0.7390994943930711
decision_type=2 2 2 2 2 2 2 2
left_child=1 2 5 4 -4 6 -1 -2
right_child=7 -3 3 -5 -6 -7 -8 -9
leaf_value=-0.00051144293844845369 0.0010200284665011167 -0.0011546446855949318 -0.00051432626339873041 0.00096000977889052581 0.00040864504183004812 0.00073912828686930568 -3.6042891938497112e-05 6.5132648091884723e-05
leaf_weight=61 21 20 32 37 112 20 1397 20
leaf_count=61 21 20 32 37 112 20 1397 20
internal_value=3.61353e-07 -1.5075e-05 0 0.000366267 0.000176822 -4.46944e-05 -5.89955e-05 0.000658608
internal_weight=1720 1679 1659 181 144 1478 1458 41
internal_count=1720 1679 1659 181 144 1478 1458 41
is_linear=0
shrinkage=0.03


Tree=52
num_leaves=10
num_cat=0
split_feature=25 20 25 15 27 29 24 33 24
split_gain=0.0206199 0.0319164 0.0289576 0.0174073 0.018811 0.0155404 0.0165397 0.0139758 0.00638126
threshold=3.1217033580159548 2.0481852774310263 0.83885933079444508 1.0000000180025095e-35 -0.24183982935966122 -0.23708078504379104 -1.5749289686475223 -0.15992625629023738 -0.80775881116416393
decision_type=2 2 2 2 2 2 2 2 2
left_child=1 2 5 4 -4 -1 -7 -5 -2
right_child=8 -3 3 7 -6 6 -8 -9 -10
leaf_value=-0.00063761244194868671 7.9388181591639288e-05 -0.001124523526341047 0.00027860481240204533 0.00031389641180634497 0.0012458246589048939 -0.00049681886118196406 -1.1026960242826642e-06 -0.00049681765502018315 0.0010170313234785168
leaf_weight=36 21 20 77 47 29 61 1381 28 20
leaf_count=36 21 20 77 47 29 61 1381 28 20
internal_value=4.0152e-07 -1.46285e-05 0 0.000355697 0.00059775 -4.33419e-05 -2.51367e-05 0 0.000643114
internal_weight=1720 1679 1659 181 106 1478 1442 75 41
internal_count=1720 1679 1659 181 106 1478 1442 75 41
is_linear=0
shrinkage=0.03


Tree=53
num_leaves=20
num_cat=0
split_feature=23 25 24 22 25 12 20 27 24 28 28 33 14 22 31 7 14 3 4
split_gain=0.0204513 0.0653208 0.0516461 0.0555936 0.0391175 0.0230375 0.0228734 0.0265406 0.0226165 0.0224034 0.0201516 0.0280257 0.0140423 0.0138937 0.00595375 0.00497677 0.00316915 0.00141777 0.000101255
threshold=-0.98715881630112834 -0.37420616931472112 -0.3375577469001701 -0.35189738046126612 1.3556217807502919 0.036823959237010657 0.67114492753853805 -0.24431910314300478 -1.5006866953426812 -0.10496792713582608 0.058120670680220393 -0.4187707469451008 -0.064735735385177226 -1.1026574070611341 -0.013579299337160372 0.40714280870569547 1.958928890345341 -0.18927898730905976 0.30349480149228075
decision_type=2 2 2 2 2 2 2 2 2 2 2 2 2 2 2 2 2 2 2
left_child=1 6 3 -2 10 17 7 -1 -3 -9 11 -4 14 -12 -10 -8 -14 -5 -7
right_child=2 8 4 5 -6 18 15 9 12 -11 13 -13 16 -15 -16 -17 -18 -19 -20
leaf_value=-0.00068165833473762089 -0.0019264590506628152 -0.00022111759988753042 0.00091349387725349514 0.00023447151048558535 0.0010921733311923412 -0.00032563452154397965 -0.0011068346870901143 0.00060807372050740839 0.0015369403962902121 -7.3207756403732949e-05 0 -1.5650970572221433e-05 0.00030553776902602389 -0.00085173336368427749 0.00051796172715016999 -0.00020404236312382496 0.000852445978913098 0 -0.0010195953537896277
leaf_weight=38 22 20 27 26 26 22 20 63 28 108 33 1030 91 40 26 23 23 32 22
leaf_count=38 22 20 27 26 26 22 20 63 28 108 33 1030 91 40 26 23 23 32 22
internal_value=3.46531e-07 0.00017779 -5.85845e-05 -0.000632957 1.91689e-06 -0.000278325 -0.000128249 0 0.00059929 0.000166706 -2.33463e-05 7.7711e-06 0.000716668 -0.000495904 0.00115204 -0.000733963 0.000460548 7.22398e-05 -0.000779378
internal_weight=1720 440 1280 124 1156 102 252 209 188 171 1130 1057 168 73 54 43 114 58 44
internal_count=1720 440 1280 124 1156 102 252 209 188 171 1130 1057 168 73 54 43 114 58 44
is_linear=0
shrinkage=0.03


Tree=54
num_leaves=8
num_cat=0
split_feature=25 20 21 33 33 13 24
split_gain=0.0195498 0.0295103 0.0266558 0.0181708 0.0232468 0.0179806 0.00632136
threshold=3.1217033580159548 2.0481852774310263 -1.7646183484376283 -0.081131556981097794 -0.26231137146970723 -0.24886882652370737 -0.80775881116416393
decision_type=2 2 2 2 2 2 2
left_child=1 2 -1 4 -4 -5 -2
right_child=6 -3 3 5 -6 -7 -8
leaf_value=0.00085779080190695825 6.8069171509705474e-05 -0.001081713354943887 -1.3818905746310263e-05 0 0.0003784721584463688 -0.00046428007321004325 0.00099607460832972406
leaf_weight=29 21 20 1190 146 149 145 20
leaf_count=29 21 20 1190 146 149 145 20
internal_value=1.0018e-07 -1.44892e-05 0 -1.64977e-05 2.83471e-05 -0.000231233 0.000625986
internal_weight=1720 1679 1659 1630 1339 291 41
internal_count=1720 1679 1659 1630 1339 291 41
is_linear=0
shrinkage=0.03


Tree=55
num_leaves=17
num_cat=0
split_feature=25 22 11 24 19 16 25 15 25 15 33 31 14 22 33 21
split_gain=0.0193118 0.0281491 0.0275302 0.0366663 0.0498148 0.0258059 0.0234443 0.0187955 0.0181613 0.0169631 0.0168776 0.0149762 0.0154333 0.00949052 0.00795375 0.00296174
threshold=0.21278048264005309 1.9059749052437642 0.84557807303969235 0.701834079367606 -0.16442667244343825 1.224116142271741 3.1217033580159548 -0.30035947322857709 -1.6160738928325518 -0.30035947322857709 -0.15992625629023738 1.0000000180025095e-35 1.0371103036599756 1.687368171196572 -0.27445933811807183 -1.6885849772348618
decision_type=2 2 2 2 2 2 2 2 2 2 2 2 2 2 2 2
left_child=1 5 3 4 -2 7 -6 10 -9 -4 -1 12 -5 14 -7 -11
right_child=2 -3 9 11 6 13 -8 8 -10 15 -12 -13 -14 -15 -16 -17
leaf_value=-3.7843076003565295e-05 -0.0013525827588413708 -0.00082515319455838331 0.0012022917846625204 0.00054067353822887356 -0.00012731907753130563 -0.0008382348471970639 0.00061142835690407087 -0.00059290571713175341 0.00020262523465774262 0.00042602664251428318 -0.00055899030259688905 -0.00030028645681159103 -0.00016940056925846469 0 -0.0001303209768106731 0
leaf_weight=391 25 41 29 175 296 54 41 23 417 31 66 21 24 21 36 29
leaf_count=391 25 41 29 175 296 54 41 23 417 31 66 21 24 21 36 29
internal_value=1.48585e-07 -7.84214e-05 0.000127233 4.51647e-05 -0.00013435 -4.27226e-05 -2.40163e-05 8.00727e-06 0.000150535 0.000612326 -0.000122784 0.000351835 0.000438941 -0.000468413 -0.000600666 0.000235884
internal_weight=1720 1049 671 582 362 1008 337 897 440 89 457 220 199 111 90 60
internal_count=1720 1049 671 582 362 1008 337 897 440 89 457 220 199 111 90 60
is_linear=0
shrinkage=0.03


Tree=56
num_leaves=18
num_cat=0
split_feature=23 25 24 22 25 11 29 28 8 28 33 33 22 11 22 16 21
split_gain=0.0182908 0.0601995 0.0480716 0.0529018 0.0363399 0.0334152 0.0222228 0.0453036 0.0201979 0.0186291 0.0262971 0.0152361 0.0131823 0.0127411 0.0117966 0.00299908 0.00259689
threshold=-0.98715881630112834 -0.24752947857809432 -0.3375577469001701 -0.35189738046126612 1.3556217807502919 1.024140695969483 -0.17803690957081922 -0.10501312779067314 0.57399942335203769 0.058120670680220393 -0.4187707469451008 -0.25194709469498272 -1.1026574070611341 -0.15365232655486399 -0.50314229177554259 -0.067801567325887477 -1.0477322770972581
decision_type=2 2 2 2 2 2 2 2 2 2 2 2 2 2 2 2 2
left_child=1 5 3 -2 9 6 13 -8 16 10 -4 14 -11 -1 -3 -16 -5
right_child=2 11 4 8 -6 -7 7 -9 -10 12 -12 -13 -14 -15 15 -17 -18
leaf_value=0 -0.0018716223141364752 0.00087873466740078898 0.0008853238578652963 0.00027524574438575651 0.0010532770011381341 -0.001087919061900013 0.00075581997159402813 -0.00014060733060124427 -0.00087864952085709032 0 -1.4623388540429267e-05 0.00097474351219367227 -0.00082268900990345353 -0.0010512006569188088 0.00029928948533617793 -8.7618063550397014e-05 -9.8031812088770996e-05
leaf_weight=25 22 20 27 21 26 24 72 144 30 33 1030 72 40 21 24 38 51
leaf_count=25 22 20 27 21 26 24 72 144 30 33 1030 72 40 21 24 38 51
internal_value=0 0.000167696 -5.58623e-05 -0.00061003 2.41804e-06 -8.13697e-05 1.07848e-05 0.000150764 -0.00026365 -2.18381e-05 7.97524e-06 0.000642071 -0.000476267 -0.00055427 0.000290581 2.28996e-05 0
internal_weight=1720 440 1280 124 1156 286 262 216 102 1130 1057 154 73 46 82 62 72
internal_count=1720 440 1280 124 1156 286 262 216 102 1130 1057 154 73 46 82 62 72
is_linear=0
shrinkage=0.03


Tree=57
num_leaves=10
num_cat=0
split_feature=11 20 21 33 20 21 14 6 17
split_gain=0.0173185 0.0360151 0.0257646 0.0274517 0.0198383 0.0193179 0.0170742 0.00215766 0.00864083
threshold=-1.213618791881528 2.1925277960024872 -1.7646183484376283 -0.063165156199540246 0.068194801016113124 0.538106607989015 -0.019374059873174448 -0.28223799371914998 -0.65096261334659189
decision_type=2 2 2 2 2 2 2 2 2
left_child=6 2 -2 4 -4 -5 -1 8 -8
right_child=1 -3 3 5 -6 -7 7 -9 -10
leaf_value=-0.00013927149060456191 0.00074583546440117065 -0.0011535876229126006 -4.7354559423664816e-05 -0.00017129986357998782 0.00020415909496658059 -0.00091023474647028532 0 0.00088901952430879788 0.00071483387157786642
leaf_weight=31 37 22 927 191 397 41 22 31 21
leaf_count=31 37 22 927 191 397 41 22 31 21
internal_value=0 -2.32787e-05 -3.64987e-06 -2.47971e-05 2.60919e-05 -0.000324606 0.000369056 0.000618095 0.000312318
internal_weight=1720 1615 1593 1556 1324 232 105 74 43
internal_count=1720 1615 1593 1556 1324 232 105 74 43
is_linear=0
shrinkage=0.03


Tree=58
num_leaves=16
num_cat=0
split_feature=25 22 21 11 16 25 21 33 33 25 25 21 22 33 24
split_gain=0.0181789 0.0264284 0.0251296 0.0315372 0.0242689 0.019583 0.0944003 0.0173106 0.0417814 0.0275943 0.0110873 0.0133246 0.00898969 0.00718257 0.00618687
threshold=0.21278048264005309 1.9059749052437642 1.84153582860787 0.84557807303969235 1.224116142271741 3.1217033580159548 -0.79790834314531123 -0.33745329601662555 -0.063165156199540246 -0.65328182726427364 1.4439825866953566 -0.70015115159889707 1.687368171196572 -0.27445933811807183 -0.80775881116416393
decision_type=2 2 2 2 2 2 2 2 2 2 2 2 2 2 2
left_child=1 4 3 5 7 6 -2 9 -9 -1 11 -5 13 -6 -7
right_child=2 -3 -4 10 12 14 -8 8 -10 -11 -12 -13 -14 -15 -16
leaf_value=-0.00057099179251235909 -0.001866174140218645 -0.00080052533116593784 0.0008694513785124469 0.0013614315247972885 -0.00081099579657893629 4.5406793622532849e-05 1.9615403051358481e-05 0.00041821367250967714 -0.00015676110616743641 0 8.1466738582821566e-05 0.00021881560361944138 0 -0.00012955046024245136 0.00095323344482660648
leaf_weight=93 22 41 36 25 54 21 483 235 206 363 37 27 21 36 20
leaf_count=93 22 41 36 25 54 21 483 235 206 363 37 27 21 36 20
internal_value=0 -7.67862e-05 0.000122767 7.18434e-05 -4.2093e-05 -9.30261e-06 -6.71678e-05 7.00136e-06 0.00014363 -0.000118672 0.000586339 0.000866992 -0.000454888 -0.000583648 0.00059123
internal_weight=1720 1049 671 635 1008 546 505 897 441 456 89 52 111 90 41
internal_count=1720 1049 671 635 1008 546 505 897 441 456 89 52 111 90 41
is_linear=0
shrinkage=0.03


Tree=59
num_leaves=19
num_cat=0
split_feature=25 23 11 24 25 15 16 34 23 28 11 15 23 23 33 24 15 10
split_gain=0.0173259 0.0249484 0.0239116 0.0326638 0.0288554 0.0685482 0.0229127 0.0210629 0.0206972 0.0169601 0.0174396 0.0158486 0.0145118 0.00857839 0.00666896 0.0057682 0.00219347 0.00215494
threshold=0.21278048264005309 2.3676079335742179 0.84557807303969235 0.701834079367606 3.1217033580159548 0.56951569346215725 1.224116142271741 -0.13012511506845145 0.49308878055108624 -0.10522004632150699 -0.64335483283527595 -0.30035947322857709 2.1358869312632409 1.6724449266412853 -0.27445933811807183 -0.80775881116416393 0.21404330445188788 -0.57792023461735054
decision_type=2 2 2 2 2 2 2 2 2 2 2 2 2 2 2 2 2 2
left_child=1 6 3 4 5 -2 9 8 -5 17 -11 -4 -9 14 -8 -6 -13 -1
right_child=2 -3 11 7 15 -7 13 12 -10 10 -12 16 -14 -15 -16 -17 -18 -19
leaf_value=-1.7838805368228342e-05 -6.1345019160248274e-05 -0.00077814701977397562 0.0011409617732861079 0 4.4214871057192786e-05 -0.0014490293966404892 -0.00078794644376887981 -0.0006215702992398292 0.00075110074954423537 0.00030575154899744792 -2.1808145955055667e-05 0 0.00025727713571840845 0 -0.0001259629084334637 0.00092836647536909296 0.00037244420060853698 -0.00057893801962389895
leaf_weight=21 287 41 29 56 21 34 54 27 106 181 652 29 31 21 36 20 31 43
leaf_count=21 287 41 29 56 21 34 54 27 106 181 652 29 31 21 36 20 31 43
internal_value=0 -7.48358e-05 0.000119976 4.30929e-05 -0.000126002 -0.000229642 -4.10374e-05 0.000332735 0.000509695 6.57185e-06 4.66196e-05 0.000572331 -0.00011311 -0.000442136 -0.000568016 0.000577581 0.00020863 -0.000448646
internal_weight=1720 1049 671 582 362 321 1008 220 162 897 833 89 58 111 90 41 60 64
internal_count=1720 1049 671 582 362 321 1008 220 162 897 833 89 58 111 90 41 60 64
is_linear=0
shrinkage=0.03


Tree=60
num_leaves=22
num_cat=0
split_feature=23 24 22 30 17 19 27 24 20 17 8 20 13 34 33 33 19 30 14 8 12
split_gain=0.0156359 0.0441318 0.0498533 0.0323849 0.0278311 0.0229899 0.0202625 0.0197903 0.0193224 0.0268524 0.0191632 0.0217145 0.0151419 0.0144527 0.0128353 0.0118495 0.0108431 0.00449485 0.00347925 0.0011914 0.00103838
threshold=-0.98715881630112834 -0.3375577469001701 -0.35189738046126612 2.1768871634340283 -0.088084107362809111 -0.79651219039862309 -0.15484635024674195 -1.4883129831252075 0.2435985122457637 0.80121481882454693 -0.37322520436467732 0.36784281757163012 0.70942973381487262 -0.23048316483928041 -0.35196990872344613 -0.42958822587521217 -1.0307677016503294 -0.21966391416988482 -0.12811509797138168 0.57399942335203769 -0.61622699815878368
decision_type=2 2 2 2 2 2 2 2 2 2 2 2 2 2 2 2 2 2 2 2 2
left_child=3 2 -2 5 18 10 8 17 14 -10 16 -12 -9 20 -3 -15 -1 -7 -4 -6 -8
right_child=1 6 4 -5 19 7 13 12 9 -11 11 -13 -14 15 -16 -17 -18 -19 -20 -21 -22
leaf_value=0.0005583228533762659 -0.0018073333206307142 -9.0426914237487382e-05 0.00042807973030721774 0.0010240416400289782 -0.00032778057674519144 -0.00046309391952430206 -0.00011967698384810667 0.0006411472914564833 0.00055319831773651665 -0.0002319349842472002 -6.0316418613552686e-05 -0.00089847184630731727 0 0 0.00015569891942146289 -0.0009159964025416906 -9.4781056172340284e-05 1.856211706510056e-05 0 -0.0010882795434445144 0.00013466213914991034
leaf_weight=40 22 582 21 33 23 24 23 115 132 47 98 42 34 22 278 44 34 20 37 21 28
leaf_count=40 22 582 21 33 23 24 23 115 132 47 98 42 34 22 278 44 34 20 37 21 28
internal_value=0 -5.19016e-05 -0.000582945 0.000154804 -0.000246197 7.00314e-05 3.83453e-06 0.000309873 4.88836e-05 0.000330137 -0.000133743 -0.000346316 0.000479024 -0.000362437 -7.12439e-06 -0.00064573 0.000227286 -0.000193119 0.000144104 -0.000800872 0
internal_weight=1720 1280 124 440 102 407 1156 193 1039 179 214 140 149 117 860 66 74 44 58 44 51
internal_count=1720 1280 124 440 102 407 1156 193 1039 179 214 140 149 117 860 66 74 44 58 44 51
is_linear=0
shrinkage=0.03


Tree=61
num_leaves=19
num_cat=0
split_feature=25 22 11 22 13 16 14 11 25 28 25 14 25 28 8 20 27 10
split_gain=0.015987 0.0234187 0.0221507 0.023607 0.039537 0.021246 0.0202119 0.0653632 0.0195623 0.0159379 0.0163976 0.0128074 0.00819977 0.00525648 0.00495087 0.00370448 0.00248299 0.00197818
threshold=0.21278048264005309 1.9059749052437642 0.84557807303969235 1.666301642100797 -0.69270687522733143 1.224116142271741 0.99551467021167539 -0.90373658915467348 1.3556217807502919 -0.10522004632150699 -0.37420616931472112 -0.27594147403527297 -0.51626120270226072 -0.087222658576828802 0.084164008368116675 0.34469921516203955 -0.21044717137541272 -0.57792023461735054
decision_type=2 2 2 2 2 2 2 2 2 2 2 2 2 2 2 2 2 2
left_child=1 5 3 6 16 9 8 -8 -2 17 -11 -4 15 -14 -13 -7 -5 -1
right_child=2 -3 11 4 -6 12 7 -9 -10 10 -12 14 13 -15 -16 -17 -18 -19
leaf_value=-1.499682738358387e-05 -3.8393441393881491e-05 -0.00075386643428646482 0.001110801255639546 0.0001015656266878496 0.0012109416556061029 -0.00030842463173515476 0.00046775165155688432 -0.0014937434661769656 0.00057740014770444334 -4.5938213778976312e-05 0.00023124693670391794 0.0005362748901835793 -0.00033437611752121552 0.00018816586221446807 0 -0.0010892102281441509 -0.00028622568220041853 -0.00056048773071645135
leaf_weight=21 393 41 26 31 36 33 24 29 49 550 283 25 38 20 38 20 20 43
leaf_count=21 393 41 26 31 36 33 24 29 49 550 283 25 38 20 38 20 20 43
internal_value=0 -7.2354e-05 0.000114789 4.05936e-05 0.000489964 -3.95117e-05 -3.48383e-05 -0.000574473 2.65641e-05 6.21159e-06 4.51349e-05 0.000550224 -0.000425761 -0.000104616 0.000233444 -0.000699199 -2.40666e-06 -0.000434961
internal_weight=1720 1049 671 582 87 1008 495 53 442 897 833 89 111 58 63 53 51 64
internal_count=1720 1049 671 582 87 1008 495 53 442 897 833 89 111 58 63 53 51 64
is_linear=0
shrinkage=0.03


Tree=62
num_leaves=10
num_cat=0
split_feature=11 20 25 15 21 33 33 21 21
split_gain=0.0153643 0.0401114 0.026238 0.014269 0.0187516 0.0131697 0.0234235 0.0195979 0.00877857
threshold=-1.6617087678395019 2.451369982640998 0.83885933079444508 0.067571601912320256 -1.0585941872690821 -0.040816495283088762 -0.26231137146970723 0.538106607989015 0.88568773348737639
decision_type=2 2 2 2 2 2 2 2 2
left_child=-1 2 5 4 -4 6 -2 -7 -5
right_child=1 -3 3 8 -6 7 -8 -9 -10
leaf_value=0.00059712351766709048 -4.4728291396458283e-05 -0.0012574689074257468 0.0013403022261336444 -0.00016839673496748427 0.00029400917627443106 -8.6910540674479668e-05 0.0003625665187379733 -0.00076749311734730478 0.00051797735354984584
leaf_weight=35 1073 20 21 58 90 214 141 48 20
leaf_count=35 1073 20 21 58 90 214 141 48 20
internal_value=0 -1.28496e-05 2.53692e-06 0.000334122 0.000548334 -3.84853e-05 8.8902e-07 -0.000230195 0
internal_weight=1720 1685 1665 189 111 1476 1214 262 78
internal_count=1720 1685 1665 189 111 1476 1214 262 78
is_linear=0
shrinkage=0.03


Tree=63
num_leaves=17
num_cat=0
split_feature=25 21 11 23 16 17 24 23 27 25 15 25 27 20 21 10
split_gain=0.01513 0.0221339 0.0259123 0.0215491 0.0200075 0.0174546 0.0644171 0.0236297 0.0154988 0.0163293 0.0151298 0.00807956 0.00446813 0.00342204 0.00247758 0.00147092
threshold=0.23716396760798872 1.84153582860787 0.84557807303969235 2.3676079335742179 1.224116142271741 -0.72245642516923647 -0.1766994880730143 1.3196756395409912 -0.24442504748168206 -0.38404318192879822 -0.30035947322857709 -0.51626120270226072 -0.23931022872184116 0.34469921516203955 -1.6885849772348618 -0.6010109415587741
decision_type=2 2 2 2 2 2 2 2 2 2 2 2 2 2 2 2
left_child=3 2 5 4 8 6 -2 -7 15 -10 -4 13 -13 -6 -12 -1
right_child=1 -3 10 -5 11 7 -8 -9 9 -11 14 12 -14 -15 -16 -17
leaf_value=-2.99291196595573e-06 -0.0017252174064633435 0.00081313656922205914 0.001100500050215839 -0.00070887268470814092 -0.00030026938786128691 5.7349033499298009e-07 0 0.00083238774569540774 -4.5744871488968319e-05 0.00023004191664533272 0.00034991580109207837 -0.00030690024929000566 0.00016815820194618857 -0.0010620103923441922 0 -0.00050498689753527832
leaf_weight=20 21 36 28 43 33 400 90 31 544 287 31 39 20 20 27 50
leaf_count=20 21 36 28 43 33 400 90 31 544 287 31 39 20 20 27 50
internal_value=0 0.00011252 6.39282e-05 -6.98864e-05 -3.77968e-05 -8.50662e-06 -0.000343583 7.26551e-05 6.47851e-06 4.63905e-05 0.000539042 -0.00041094 -9.71318e-05 -0.000682785 0.000178021 -0.000408673
internal_weight=1720 664 628 1056 1013 542 111 431 901 831 86 112 59 53 58 70
internal_count=1720 664 628 1056 1013 542 111 431 901 831 86 112 59 53 58 70
is_linear=0
shrinkage=0.03


Tree=64
num_leaves=8
num_cat=0
split_feature=25 20 21 16 33 25 17
split_gain=0.0150618 0.0219691 0.0203534 0.0148752 0.0178257 0.0137764 0.00540469
threshold=3.1217033580159548 2.0481852774310263 -1.7646183484376283 0.80456371432974561 -0.081131556981097794 0.37744963521291813 0.7390994943930711
decision_type=2 2 2 2 2 2 2
left_child=1 2 -1 4 -4 -5 -2
right_child=6 -3 3 5 -6 -7 -8
leaf_value=0.00074818306065571963 0.00086828376105404462 -0.00093470301248295147 8.7077540696100191e-05 -0.00030728542583699433 -0.00018930447980539889 9.8910888623535405e-05 1.267484760762232e-05
leaf_weight=29 21 20 1029 253 257 91 20
leaf_count=29 21 20 1029 253 257 91 20
internal_value=0 -1.384e-05 0 -1.57517e-05 2.92047e-05 -0.000191261 0.000548417
internal_weight=1720 1679 1659 1630 1286 344 41
internal_count=1720 1679 1659 1630 1286 344 41
is_linear=0
shrinkage=0.03


Tree=65
num_leaves=14
num_cat=0
split_feature=11 20 25 15 15 25 33 28 33 28 15 20 24
split_gain=0.0149142 0.0345424 0.0209563 0.0236243 0.0303319 0.0210284 0.0160553 0.0298136 0.0251944 0.0116551 0.00356059 0.0054508 0.00373359
threshold=-1.125894873445215 2.1925277960024872 0.78710964795896976 -0.32393889552254646 -0.81438739995705756 1.8474961612540024 -0.040816495283088762 -0.085315993886722521 -0.26231137146970723 0.027405216119332523 1.3169775308109162 0.82949534755257515 0.23163301510361198
decision_type=2 2 2 2 2 2 2 2 2 2 2 2 2
left_child=9 2 6 4 -4 -5 8 -8 -2 10 11 12 -1
right_child=1 -3 3 5 -6 -7 7 -9 -10 -11 -12 -13 -14
leaf_value=0 -5.4681638405807575e-05 -0.0011801701252368965 0 -0.00028431748936565804 0.0011805869517164586 0.00055989975951961245 -0.00075175600931567097 -1.4842613879106152e-06 0.00038531407649861646 -0.00016565591775579379 0.00077171053192218739 -2.1157909108576574e-05 0.00061623009523443346
leaf_weight=20 1028 20 37 76 43 37 76 141 129 27 31 23 32
leaf_count=20 1028 20 37 76 43 37 76 141 129 27 31 23 32
internal_value=0 -2.51878e-05 -6.3087e-06 0.0002817 0.000666003 0 -4.94682e-05 -0.000284557 -2.16837e-06 0.000302125 0.00045008 0.000254109 0.00042492
internal_weight=1720 1587 1567 193 80 113 1374 217 1157 133 106 75 52
internal_count=1720 1587 1567 193 80 113 1374 217 1157 133 106 75 52
is_linear=0
shrinkage=0.03


Tree=66
num_leaves=15
num_cat=0
split_feature=11 20 25 22 12 22 22 28 28 33 20 34 19 3
split_gain=0.0141116 0.0294712 0.0276049 0.0257009 0.032139 0.0239236 0.0175994 0.0156161 0.0131337 0.00726274 0.00894828 0.00439824 0.00209006 0.000938453
threshold=-0.92602542967683366 2.0481852774310263 0.21278048264005309 1.666301642100797 -0.41415093938051339 -0.35189738046126612 1.9059749052437642 0.048977856489102599 -0.10522004632150699 0.40323775517881716 -0.059094543275498089 -0.23048316483928041 -0.33607913097868641 -0.54047686112961613
decision_type=2 2 2 2 2 2 2 2 2 2 2 2 2 2
left_child=7 2 6 5 -5 -4 8 9 -2 10 12 -11 -1 -12
right_child=1 -3 3 4 -6 -7 -8 -9 -10 11 13 -13 -14 -15
leaf_value=0 -0.00046994293176597747 -0.0010350184515409637 0.00019186634589521515 -3.5754158442583006e-06 0.0012375573461943462 -0.00030192528706995882 -0.00070779156206778927 -0.00028560314048081632 -4.1691494059042048e-05 0.000297199953303287 0.001040992381857135 -0.00021947475119718702 0.00030245006710257649 0.0004203381263495733
leaf_weight=32 70 23 367 26 38 110 41 36 828 26 23 26 32 42
leaf_count=32 70 23 367 26 38 110 41 36 828 26 23 26 32 42
internal_value=0 -3.22016e-05 -1.25321e-05 0.000155348 0.000710988 7.05687e-05 -0.000112627 0.000225013 -7.98573e-05 0.000345878 0.000465056 0 0.000140395 0.000720309
internal_weight=1720 1503 1480 541 64 477 939 217 898 181 129 52 64 65
internal_count=1720 1503 1480 541 64 477 939 217 898 181 129 52 64 65
is_linear=0
shrinkage=0.03


Tree=67
num_leaves=10
num_cat=0
split_feature=25 20 25 23 9 11 22 20 17
split_gain=0.0138986 0.0197332 0.0183275 0.0148202 0.020364 0.0120631 0.0161209 0.00754901 0.00430945
threshold=3.1217033580159548 2.0481852774310263 0.83885933079444508 0.60376149807274715 -0.55857955245234125 -0.53018303203495121 1.9059749052437642 0.91476098568933495 0.7390994943930711
decision_type=2 2 2 2 2 2 2 2 2
left_child=1 2 5 4 -4 7 -7 -1 -2
right_child=8 -3 3 -5 -6 6 -8 -9 -10
leaf_value=0.00015894059850086944 0.0008184587846044451 -0.00088606755868734231 -0.00048062491160817439 0.0008068538787018042 0.00032246946826834525 -6.0121496775029169e-05 -0.00060673643670891586 -0.00018941789908712964 2.3320682478420752e-05
leaf_weight=342 21 20 33 37 111 1029 50 57 20
leaf_count=342 21 20 33 37 111 1029 50 57 20
internal_value=0 -1.33052e-05 0 0.000281159 0.000111966 -3.62816e-05 -8.98359e-05 0.00010067 0.000526804
internal_weight=1720 1679 1659 181 144 1478 1079 399 41
internal_count=1720 1679 1659 181 144 1478 1079 399 41
is_linear=0
shrinkage=0.03


Tree=68
num_leaves=8
num_cat=0
split_feature=24 14 20 25 15 15 8
split_gain=0.0142483 0.01539 0.0210525 0.0205517 0.0168344 0.0152421 0.0134701
threshold=-1.612050105299943 2.7413022100964 2.451369982640998 0.83885933079444508 1.8228556609450492 0.067571601912320256 0.26170911687002202
decision_type=2 2 2 2 2 2 2
left_child=-1 2 3 4 -2 -5 -3
right_child=1 6 -4 5 -6 -7 -8
leaf_value=-0.00056644904828415457 -5.1896716156081465e-06 0.001069006781498699 -0.00083203443116508416 0.00051038893852151991 -0.00060422101847573434 0 0
leaf_weight=36 1378 20 24 118 41 82 21
leaf_count=36 1378 20 24 118 41 82 21
internal_value=0 1.35502e-05 0 1.2554e-05 -2.58458e-05 0.000296135 0.000567306
internal_weight=1720 1684 1643 1619 1419 200 41
internal_count=1720 1684 1643 1619 1419 200 41
is_linear=0
shrinkage=0.03


Tree=69
num_leaves=19
num_cat=0
split_feature=23 25 24 22 25 11 17 31 27 28 28 21 22 17 22 25 11 14
split_gain=0.0136679 0.0461707 0.0386705 0.044499 0.0276319 0.0271324 0.0253611 0.0240623 0.0206449 0.0401804 0.0157314 0.0127488 0.0120857 0.0118215 0.00936739 0.00558831 0.00331414 0.00320033
threshold=-0.98715881630112834 -0.24752947857809432 -0.3375577469001701 -0.35189738046126612 1.3556217807502919 1.024140695969483 -0.088084107362809111 -0.013579299337160372 -0.24431910314300478 -0.10501312779067314 0.058120670680220393 1.8523977387796939 -1.1026574070611341 -0.50898326302495278 -0.50314229177554259 -0.11979783894509659 -0.78861437668205492 -0.12811509797138168
decision_type=2 2 2 2 2 2 2 2 2 2 2 2 2 2 2 2 2 2
left_child=1 5 3 -2 10 8 17 15 13 -10 11 -4 -12 -1 -9 -3 -16 -5
right_child=2 7 4 6 -6 -7 -8 14 9 -11 12 -13 -14 -15 16 -17 -18 -19
leaf_value=0 -0.0017037782599171622 0.00048710689648578411 -1.0936777039888947e-05 0.00041571534803370015 0.00091922834212088893 -0.00098017912316653456 -0.0007572566349891589 0.00075797162858425114 0.00071818085119751201 -0.00012638052326044999 0 0.00048317234373736971 -0.00076737761208895848 -0.00099678074933588507 0.00034912709897869955 0.0014309100779073853 -5.8801337395561856e-05 0
leaf_weight=22 22 29 1011 21 26 24 44 20 71 147 33 46 40 22 20 28 57 37
leaf_count=22 22 29 1011 21 26 24 44 20 71 147 33 46 40 22 20 28 57 37
internal_value=0 0.000143951 -4.93236e-05 -0.000546401 2.684e-06 -7.3047e-05 -0.000226652 0.00055975 8.88397e-06 0.000141124 -1.81349e-05 9.04297e-06 -0.000435953 -0.000549661 0.000219352 0.00104909 1.8773e-05 0.00014414
internal_weight=1720 440 1280 124 1156 286 102 154 262 218 1130 1057 73 44 97 57 77 58
internal_count=1720 440 1280 124 1156 286 102 154 262 218 1130 1057 73 44 97 57 77 58
is_linear=0
shrinkage=0.03


Tree=70
num_leaves=8
num_cat=0
split_feature=25 20 21 16 33 25 24
split_gain=0.0133016 0.0177711 0.0176694 0.01365 0.0154738 0.011249 0.00517347
threshold=3.1217033580159548 2.0481852774310263 -1.7646183484376283 0.80456371432974561 -0.081131556981097794 0.37744963521291813 -0.80775881116416393
decision_type=2 2 2 2 2 2 2
left_child=1 2 -1 4 -4 -5 -2
right_child=6 -3 3 5 -6 -7 -8
leaf_value=0.00069629399696714248 1.1958398798014961e-05 -0.00084153532057636127 8.161360072098918e-05 -0.00028831581959320828 -0.00017575887384188644 7.5622501012750278e-05 0.00084261200450988396
leaf_weight=29 21 20 1029 253 257 91 20
leaf_count=29 21 20 1029 253 257 91 20
internal_value=0 -1.32261e-05 0 -1.54148e-05 2.75624e-05 -0.000183574 0.000515161
internal_weight=1720 1679 1659 1630 1286 344 41
internal_count=1720 1679 1659 1630 1286 344 41
is_linear=0
shrinkage=0.03


Tree=71
num_leaves=10
num_cat=0
split_feature=24 14 20 25 15 17 15 14 27
split_gain=0.0132543 0.02098 0.0197745 0.0172864 0.0143912 0.0142931 0.0141326 0.012069 0.00253938
threshold=-1.5378078319951018 2.6020419127459018 2.451369982640998 0.83885933079444508 1.8228556609450492 0.24336441659542715 0.067571601912320256 0.71474634392267988 -0.23446128443458894
decision_type=2 2 2 2 2 2 2 2 2
left_child=5 2 3 4 -2 8 -5 -7 -1
right_child=1 -3 -4 6 -6 7 -8 -9 -10
leaf_value=0.00025055633177648159 0 0.00078392089782573749 -0.00079687143531110552 0.00048660680252503286 -0.0006158604236186615 -0.00089995900251317845 0 0 -0.00013046380029728394
leaf_weight=25 1322 29 24 118 32 40 82 20 28
leaf_count=25 1322 29 24 118 32 40 82 20 28
internal_value=0 2.26764e-05 5.32799e-06 2.11555e-05 -1.54241e-05 -0.00030935 0.000280146 -0.00061676 0
internal_weight=1720 1607 1578 1554 1354 113 200 60 53
internal_count=1720 1607 1578 1554 1354 113 200 60 53
is_linear=0
shrinkage=0.03


Tree=72
num_leaves=15
num_cat=0
split_feature=11 20 25 24 19 27 28 33 33 25 33 24 20 24
split_gain=0.0130277 0.0247078 0.0229581 0.0220369 0.028507 0.0223081 0.0142994 0.0136891 0.0305071 0.0198378 0.00638549 0.00866301 0.00756927 0.00509986
threshold=-0.92602542967683366 2.0481852774310263 0.21278048264005309 1.1720351436315999 1.2623112349595291 -0.24420780347778012 0.048977856489102599 -0.33745329601662555 -0.040816495283088762 -0.65328182726427364 0.40323775517881716 -1.4511918464727871 -0.021943156359094832 0.05840104405898263
decision_type=2 2 2 2 2 2 2 2 2 2 2 2 2 2
left_child=6 2 7 4 -4 -5 10 9 -9 -2 11 -1 -13 -12
right_child=1 -3 3 5 -6 -7 -8 8 -10 -11 13 12 -14 -15
leaf_value=0 -0.00059497562210191965 -0.00094982343464597267 0.00013033668522731875 0.001209244886286218 -0.00066019771471619601 0.00014559808666731963 -0.00027088314120639833 0.00022870868406573794 -0.00028911676202381402 -0.00010791914823321242 0.00027613045265624189 0.00019252065240563649 0.00082345957149702453 -0.00028849022445501759
leaf_weight=25 97 23 411 30 42 58 36 254 166 422 31 50 54 21
leaf_count=25 97 23 411 30 42 58 36 254 166 422 31 50 54 21
internal_value=0 -3.12777e-05 -1.30875e-05 0.000139774 4.6602e-05 0.000569083 0.000215866 -0.000104507 1.63532e-05 -0.000207592 0.00033182 0.000443866 0.000562063 0
internal_weight=1720 1503 1480 541 453 88 217 939 420 519 181 129 104 52
internal_count=1720 1503 1480 541 453 88 217 939 420 519 181 129 104 52
is_linear=0
shrinkage=0.03


Tree=73
num_leaves=18
num_cat=0
split_feature=23 24 22 30 17 11 20 15 9 22 24 27 30 21 14 8 10
split_gain=0.0133863 0.0362308 0.042498 0.0247642 0.0239061 0.0189219 0.0230382 0.0168318 0.0156028 0.0236721 0.0146779 0.0170541 0.0136513 0.01113 0.00312617 0.00152735 5.59915e-05
threshold=-0.98715881630112834 -0.3375577469001701 -0.35189738046126612 2.1768871634340283 -0.088084107362809111 0.90203625905045148 1.0158618055413748 0.75151983292709024 -0.34762757022762408 1.666301642100797 -0.90674850890395231 -0.24432483230600741 -0.28377205352926832 1.939293020154284 -0.12811509797138168 0.57399942335203769 -1.1575894172090353
decision_type=2 2 2 2 2 2 2 2 2 2 2 2 2 2 2 2 2
left_child=3 2 -2 5 14 10 -7 12 -9 -10 11 -1 16 -14 -4 -6 -3
right_child=1 7 4 -5 15 6 -8 8 9 -11 -12 -13 13 -15 -16 -17 -18
leaf_value=-0.00031096328844145777 -0.0016610752737801519 -0.0001647610463525938 0.0004103373537946027 0.0009039796431704112 -0.00027335729989079899 -0.00087077987593455375 0.00018262202648329547 0.00090914728838662774 -0.00068648869710286021 0.00049054217262627466 0.00074677510699257255 0.00020812921299919962 -2.3579920481040347e-05 0.00061597159199416635 0 -0.0010137303902301939 -0.00074172056292224188
leaf_weight=68 22 20 21 33 23 36 27 31 20 41 33 243 1002 22 37 21 20
leaf_count=68 22 20 21 33 23 36 27 31 20 41 33 243 1002 22 37 21 20
internal_value=0 -4.89108e-05 -0.000530004 0.000142363 -0.000216987 6.71306e-05 -0.000386087 1.34428e-06 0.000386375 4.36659e-05 0.000161399 8.31891e-05 -3.0129e-05 -5.15923e-06 0.000141855 -0.000732698 -0.00055463
internal_weight=1720 1280 124 440 102 407 63 1156 92 61 344 311 1064 1024 58 44 40
internal_count=1720 1280 124 440 102 407 63 1156 92 61 344 311 1064 1024 58 44 40
is_linear=0
shrinkage=0.03


Tree=74
num_leaves=20
num_cat=0
split_feature=23 25 24 22 25 11 17 31 27 31 33 29 17 33 22 10 25 14 8
split_gain=0.0126898 0.0412061 0.0344518 0.0401706 0.0244893 0.0238848 0.0227659 0.0217425 0.0182299 0.0267718 0.0146035 0.0148592 0.0120436 0.0105825 0.00836831 0.00527222 0.00485989 0.00297381 0.00132526
threshold=-0.98715881630112834 -0.24752947857809432 -0.3375577469001701 -0.35189738046126612 1.3556217807502919 1.024140695969483 -0.088084107362809111 -0.013579299337160372 -0.24432483230600741 -0.011508606963565581 0.44561327146928204 -0.23708078504379104 -0.50898326302495278 1.4002578359439684 -0.50314229177554259 0.19969274372944568 -0.11979783894509659 -0.12811509797138168 0.57399942335203769
decision_type=2 2 2 2 2 2 2 2 2 2 2 2 2 2 2 2 2 2 2
left_child=1 5 3 -2 10 8 17 16 12 -10 11 -4 -1 -12 -9 -16 -3 -5 -8
right_child=2 7 4 6 -6 -7 18 14 9 -11 13 -13 -14 -15 15 -17 -18 -19 -20
leaf_value=0 -0.0016172229520697145 0.00045885404351429316 -0.00060688874603468269 0.00039956600184086716 0.0008643088908725547 -0.00091748066515558288 -0.00026610281091864007 0.00071492085549170554 -0.00013496447588197971 0.00051408619616185453 -0.00083488793134694616 2.9374529420222956e-05 -0.0010082876077124282 0 0.00029879720173462722 -0.00017053440798984164 0.0013593710552780858 0 -0.00098711996292695395
leaf_weight=22 22 29 31 21 26 24 23 20 126 94 30 1033 20 36 36 41 28 37 21
leaf_count=22 22 29 31 21 26 24 23 20 126 94 30 1033 20 36 36 41 28 37 21
internal_value=0 0.00013847 -4.77617e-05 -0.000516894 1.17963e-06 -6.60014e-05 -0.000211571 0.000531316 1.01795e-05 0.000132089 -1.82681e-05 6.37094e-06 -0.000527964 -0.000441965 0.000205928 1.43697e-05 0.000997064 0.000137617 -0.000715097
internal_weight=1720 440 1280 124 1156 286 102 154 262 220 1130 1064 42 66 97 77 57 58 44
internal_count=1720 440 1280 124 1156 286 102 154 262 220 1130 1064 42 66 97 77 57 58 44
is_linear=0
shrinkage=0.03


Tree=75
num_leaves=11
num_cat=0
split_feature=11 20 25 22 22 33 24 28 24 32
split_gain=0.0123951 0.0225882 0.0152316 0.0154279 0.0205304 0.0131437 0.0114043 0.0108741 0.00940905 0.0023474
threshold=-1.213618791881528 2.1925277960024872 0.69296933942987426 -0.35189738046126612 1.5297649983733888 -0.35196990872021533 1.8216550350489602 0.027405216119332523 -1.5873026808649959 -0.071238450808644757
decision_type=2 2 2 2 2 2 2 2 2 2
left_child=7 2 6 5 -5 -4 8 9 -2 -1
right_child=1 -3 3 4 -6 -7 -8 -9 -10 -11
leaf_value=0.00062966500466386344 -0.00047260749088220142 -0.00091652696376666421 0 -0.0004559528378450263 0.00047326866174063814 0.00057566495361970733 0.00060631471455259163 -0.00017366564161609859 -4.0377032110149226e-05 0.00012652023489742229
leaf_weight=50 46 22 42 53 30 106 20 22 1296 33
leaf_count=50 46 22 42 53 30 106 20 22 1296 33
internal_value=0 -2.09678e-05 -5.02053e-06 0.000216451 -8.04127e-05 0.000401093 -4.51738e-05 0.000310975 -5.84443e-05 0.000475895
internal_weight=1720 1615 1593 231 83 148 1362 105 1342 83
internal_count=1720 1615 1593 231 83 148 1362 105 1342 83
is_linear=0
shrinkage=0.03


Tree=76
num_leaves=16
num_cat=0
split_feature=15 15 16 25 25 9 24 21 17 15 15 14 14 14 15
split_gain=0.0120017 0.042763 0.0470433 0.0291463 0.0243231 0.0228971 0.0208422 0.0227024 0.0140017 0.0116759 0.0172192 0.0104011 0.0106227 0.00728539 0.000931272
threshold=0.73610471898302321 0.56951569346215725 0.11144023479603904 0.98738970880638066 -0.99230136473475583 1.6474956571262751 -1.5378078319951018 0.59241615884813392 -0.060948353075465526 0.067571601912320256 -0.81438739995705756 0.44432027567941512 2.6020419127459018 1.5228439215030394 0.21404330445188788
decision_type=2 2 2 2 2 2 2 2 2 2 2 2 2 2 2
left_child=1 3 -3 6 13 11 8 -8 -1 10 -5 -6 -13 -2 -11
right_child=4 2 -4 9 5 -7 7 -9 -10 14 -12 12 -14 -15 -16
leaf_value=0 -0.00079454838836808558 -0.0018937628290251543 0 0 0.00097176581263743519 -0.00028964957473799586 7.6074402102306113e-05 -0.00019871103700457344 -0.00082405969426967195 -5.6929849126997085e-05 0.0009152422295725446 0.00016871475460116409 0.00092840618167247156 0 0.00015341004792935564
leaf_weight=28 20 20 29 24 34 37 802 402 47 24 56 124 21 23 29
leaf_count=28 20 20 29 24 34 37 802 402 47 24 56 124 21 23 29
internal_value=0 -3.36768e-05 -0.000878665 -4.32694e-07 0.000186789 0.000324557 -4.68395e-05 -1.34533e-05 -0.000523208 0.000414971 0.000639325 0.000470681 0.000315598 -0.000416069 6.64314e-06
internal_weight=1720 1461 49 1412 259 216 1279 1204 75 133 80 179 145 43 53
internal_count=1720 1461 49 1412 259 216 1279 1204 75 133 80 179 145 43 53
is_linear=0
shrinkage=0.03


Tree=77
num_leaves=20
num_cat=0
split_feature=23 25 24 22 25 17 31 33 30 21 27 28 17 34 22 25 16 0 8
split_gain=0.0119323 0.0374904 0.032233 0.0375788 0.0216841 0.0215036 0.020773 0.0137863 0.0142392 0.0134922 0.0190886 0.0155344 0.0121213 0.0109868 0.00747981 0.00421384 0.00232833 0.00132964 0.000938261
threshold=-0.98715881630112834 -0.24752947857809432 -0.3375577469001701 -0.35189738046126612 1.3556217807502919 -0.088084107362809111 -0.013579299337160372 0.44561327146928204 -0.28377205352926832 -1.5147944144856813 -0.24432483230600741 -0.10501312779067314 -0.50898326302495278 -0.23048316483928041 -0.50314229177554259 -0.11979783894509659 -0.067801567325887477 0.3156643955326367 0.57399942335203769
decision_type=2 2 2 2 2 2 2 2 2 2 2 2 2 2 2 2 2 2 2
left_child=1 9 3 -2 7 17 15 8 -4 -1 12 -12 -11 -9 -8 -3 -16 -5 -7
right_child=2 6 4 5 -6 18 14 13 -10 10 11 -13 -14 -15 16 -17 -18 -19 -20
leaf_value=-0.00058922301072284182 -0.0015652958278264848 0.00044380945162265559 -0.00052478404061565573 0.00023957514449721203 0.00081297532090383331 -0.00026116207982592571 0.00067111859599928091 -1.3902957750750436e-05 3.1447309884253334e-05 0 0.00045704818668515029 -4.9974504293776435e-05 -0.0010001105472911148 -0.00086783900074660777 0.00025804065310928439 0.0013097216729074715 -6.549945186654275e-05 0 -0.00095076505979523062
leaf_weight=35 22 29 40 37 26 23 20 39 1024 22 82 126 21 27 25 28 52 21 21
leaf_count=35 22 29 40 37 26 23 20 39 1024 22 82 126 21 27 25 28 52 21 21
internal_value=0 0.000133926 -4.666e-05 -0.000500414 5.93497e-07 -0.000204002 0.000508673 -1.75538e-05 6.30804e-06 -6.06657e-05 7.31529e-06 0.000139348 -0.000533572 -0.000429262 0.000190584 0.000963388 7.78336e-06 0.000134236 -0.000693799
internal_weight=1720 440 1280 124 1156 102 154 1130 1064 286 251 208 43 66 97 57 77 58 44
internal_count=1720 440 1280 124 1156 102 154 1130 1064 286 251 208 43 66 97 57 77 58 44
is_linear=0
shrinkage=0.03


Tree=78
num_leaves=17
num_cat=0
split_feature=15 15 16 8 24 24 22 17 33 4 17 15 14 19 14 19
split_gain=0.0113857 0.0401122 0.0437587 0.0325802 0.023461 0.0266757 0.0201281 0.0163375 0.0159286 0.0143114 0.0131177 0.0126207 0.0157898 0.0096178 0.00462805 0.000820579
threshold=0.73610471898302321 0.56951569346215725 0.11144023479603904 -0.0032105634536465106 -1.5378078319951018 -0.58503199124964056 1.666301642100797 0.049096871245371584 0.44561327146928204 -1.0051174281688715 -0.060948353075465526 1.0540478230867776 2.5058760547199745 -1.2882471608809325 0.82640464540978786 -0.9449414713729839
decision_type=2 2 2 2 2 2 2 2 2 2 2 2 2 2 2 2
left_child=1 4 -3 11 10 7 9 -6 -7 -5 -1 -2 14 -11 -13 -12
right_child=3 2 -4 6 5 8 -8 -9 -10 13 15 12 -14 -15 -16 -17
leaf_value=0 0.0012042269052651064 -0.0018307602708430393 0 0.00029384453824731399 2.6351020278202158e-05 -1.7080221413709023e-06 0.00046241828981930248 0.00051693570903495439 -0.00043309995494235083 0 -0.001039010189473629 0.00034577260874211791 0.00094953976452557577 -0.000653442074729052 -0.00012404823395003665 -0.00031589260289445519
leaf_weight=28 23 20 29 20 132 984 36 139 82 21 25 27 24 69 39 22
leaf_count=28 23 20 29 20 132 984 36 139 82 21 25 27 24 69 39 22
internal_value=0 -3.31206e-05 -0.000851536 0.000181608 -8.54201e-07 2.64649e-05 -9.75124e-05 0.000291833 -3.88207e-05 -0.000314723 -0.000508611 0.000561298 0.000331191 -0.000487334 3.135e-05 -0.000799792
internal_weight=1720 1461 49 259 1412 1337 146 271 1066 110 75 113 90 90 66 47
internal_count=1720 1461 49 259 1412 1337 146 271 1066 110 75 113 90 90 66 47
is_linear=0
shrinkage=0.03


Tree=79
num_leaves=8
num_cat=0
split_feature=25 27 29 33 17 31 17
split_gain=0.0117535 0.0108441 0.00940727 0.0193645 0.0135928 0.00251839 0.0014196
threshold=3.1217033580159548 3.9376266004482363 -0.23708078504379104 -0.4187707469451008 0.82179964921696658 -0.0010857533349887033 0.7390994943930711
decision_type=2 2 2 2 2 2 2
left_child=1 2 -1 5 -5 -4 -2
right_child=6 -3 3 4 -6 -7 -8
leaf_value=-0.00048710574331478428 0.00069028783688554539 0.00057885677324763193 0.0007877306926931286 5.3832240154844571e-06 -0.00022829676029351449 0.00010996036368131171 7.4169509988480605e-05
leaf_weight=36 21 24 26 1309 262 22 20
leaf_count=36 21 24 26 1309 262 22 20
internal_value=0 -1.32049e-05 -2.4632e-05 -1.16169e-05 -3.20431e-05 0.000560651 0.000483473
internal_weight=1720 1679 1655 1619 1571 48 41
internal_count=1720 1679 1655 1619 1571 48 41
is_linear=0
shrinkage=0.03


Tree=80
num_leaves=15
num_cat=0
split_feature=11 20 25 23 12 21 23 16 21 27 14 32 0 15
split_gain=0.0119144 0.0199395 0.019635 0.0229464 0.0280099 0.0224121 0.0162881 0.0128924 0.0120114 0.00842998 0.00376707 0.00316172 0.00213212 0.000723226
threshold=-0.92602542967683366 2.0481852774310263 0.21278048264005309 1.3196756395409912 -0.41415093938051339 -1.7646183484376283 2.3676079335742179 1.224116142271741 0.59241615884813392 -0.20865468529808459 0.013465582471961356 0.22376563702441674 0.51032035440008761 1.0926770389189382
decision_type=2 2 2 2 2 2 2 2 2 2 2 2 2 2
left_child=8 2 6 5 -5 -4 7 -2 11 -10 -11 12 13 -1
right_child=1 -3 3 4 -6 -7 -8 -9 9 10 -12 -13 -14 -15
leaf_value=0.00033309332042793561 -1.9783967999504779e-05 -0.00085600753103902286 0.00094074162338802115 -8.9212180630119188e-06 0.0011435032201861314 0 -0.00067015446739440612 -0.00036825400472626874 0.00026686717373086141 -0.00047755726174606632 0 0 2.0166746178874738e-05 0.00081480470762055896
leaf_weight=59 788 23 21 26 38 456 41 110 37 33 20 21 22 25
leaf_count=59 788 23 21 26 38 456 41 110 37 33 20 21 22 25
internal_value=0 -3.03641e-05 -1.38045e-05 0.000127347 0.000651118 4.71908e-05 -9.84593e-05 -6.68833e-05 0.000205984 -2.96157e-05 -0.000293374 0.000392851 0.000458445 0.000534096
internal_weight=1720 1503 1480 541 64 477 939 898 217 90 53 127 106 84
internal_count=1720 1503 1480 541 64 477 939 898 217 90 53 127 106 84
is_linear=0
shrinkage=0.03


Tree=81
num_leaves=16
num_cat=0
split_feature=11 27 19 21 23 27 28 15 28 11 28 24 21 11 8
split_gain=0.0113645 0.0136985 0.0214489 0.0130817 0.0330665 0.0409696 0.0353242 0.0126127 0.0340181 0.0144418 0.0115378 0.00485688 0.00677271 0.00303581 0.00186171
threshold=-0.92602542967683366 1.6039736112929306 -0.13211482313869796 -0.86307980417625396 -0.98715881630112834 -0.18767579087412836 -0.10495232820139427 -0.81072464427843594 -0.10478334093767321 -0.35190037462926244 0.048977856489102599 -1.4759392709077341 0.59241615884813392 -1.125894873445215 -0.15039897364035881
decision_type=2 2 2 2 2 2 2 2 2 2 2 2 2 2 2
left_child=10 3 -3 4 6 -6 -2 8 -5 -9 11 -1 14 -14 -13
right_child=1 2 -4 7 5 -7 -8 9 -10 -11 -12 12 13 -15 -16
leaf_value=0 0.00023679305332024666 0.00086794151674563934 -0.00014098437047505285 -2.027668488132834e-05 -0.0018810036980101595 -1.5140335485018012e-05 -0.00058307634594617402 0.00022218910335606258 -0.00094812126743296771 -3.14729327706031e-05 -0.00023089629784226416 0.00071598973116213625 0.00025615083813950742 -9.3949066146576245e-05 0.00020874218731937858
leaf_weight=28 121 35 28 206 20 26 72 277 42 676 36 50 43 25 35
leaf_count=28 121 35 28 206 20 26 72 277 42 676 36 50 43 25 35
internal_value=0 -2.95616e-05 0.000388049 -5.06798e-05 -0.000252358 -0.000953105 -5.8002e-05 -7.5253e-06 -0.000198818 3.95845e-05 0.000201268 0.000305891 0.000372 8.6653e-05 0.000555451
internal_weight=1720 1503 63 1440 239 46 193 1201 248 953 217 181 153 68 85
internal_count=1720 1503 63 1440 239 46 193 1201 248 953 217 181 153 68 85
is_linear=0
shrinkage=0.03


Tree=82
num_leaves=15
num_cat=0
split_feature=11 20 24 27 33 19 15 33 24 24 15 19 2 17
split_gain=0.010734 0.0183409 0.0125 0.0170337 0.0314331 0.0164524 0.0138069 0.00987948 0.00794698 0.0109019 0.00525213 0.00342472 0.000881633 1.95312e-05
threshold=-0.92602542967683366 2.0481852774310263 -1.5378078319951018 0.56365324528795402 -0.063165156199540246 -0.13211482313869796 0.75151983292709024 0.40323775517881716 0.61521809384529125 -1.4511918464727871 0.18777435041404672 -0.9449414713729839 0.46152718708396695 -0.58525553083182824
decision_type=2 2 2 2 2 2 2 2 2 2 2 2 2 2
left_child=7 2 6 4 -4 -5 11 8 9 -1 -9 -2 -11 -10
right_child=1 -3 3 5 -6 -7 -8 10 13 12 -12 -13 -14 -15
leaf_value=0 -0.00092981640098552254 -0.00082090414342551063 2.5924360313243584e-05 0.00071644804489413459 -0.00048652121935194401 -2.0709489181899694e-05 3.7531925376970313e-05 -0.00039760565813630819 -2.3643349459313819e-05 0.00072993149603280464 9.2028978021906877e-05 -0.00022977401801686296 0.00015785368735922255 1.2984724490836789e-05
leaf_weight=25 26 23 1179 55 115 37 37 27 20 61 39 31 20 25
leaf_count=25 26 23 1179 55 115 37 37 27 20 61 39 31 20 25
internal_value=0 -2.89911e-05 -1.30256e-05 7.88963e-06 -1.83245e-05 0.000397112 -0.000343049 0.000195342 0.000331417 0.000469893 -7.33761e-05 -0.000629617 0.000635074 0
internal_weight=1720 1503 1480 1386 1294 92 94 217 151 106 66 57 81 45
internal_count=1720 1503 1480 1386 1294 92 94 217 151 106 66 57 81 45
is_linear=0
shrinkage=0.03


Tree=83
num_leaves=20
num_cat=0
split_feature=23 25 24 22 17 25 11 19 24 24 20 30 32 14 6 14 8 17 10
split_gain=0.0105145 0.0335244 0.0290064 0.0343512 0.0194897 0.01905 0.0190073 0.0157794 0.018385 0.0153768 0.0144917 0.0112249 0.0151588 0.00968255 0.00477729 0.00296542 0.000878697 0.000575374 7.39441e-05
threshold=-0.98715881630112834 -0.37420616931472112 -0.3375577469001701 -0.35189738046126612 -0.088084107362809111 1.3556217807502919 1.024140695969483 -1.1196229742173243 -1.4635655586902605 -1.5006866953426812 -0.166894845093885 -0.28377205352926832 -0.32524590715890778 -0.064735735385177226 0.67311140860035223 -0.12811509797138168 0.57399942335203769 0.57022686209804518 -1.1575894172090353
decision_type=2 2 2 2 2 2 2 2 2 2 2 2 2 2 2 2 2 2 2
left_child=1 6 3 -2 15 11 7 8 -1 -3 -9 18 -13 17 -15 -5 -6 -11 -4
right_child=2 9 5 4 16 -7 -8 10 -10 13 -12 12 -14 14 -16 -17 -18 -19 -20
leaf_value=0.00078691620019694347 -0.0014929212885629384 -0.00023543315982122137 -0.00012632373783170528 0.0003928774877276737 -0.00023797258387248099 0.00076226445679263824 -0.00084366075239247751 8.9785160180201333e-05 0 0.00051063839179098702 -0.00051603081413168178 0.00054800054625692683 -2.0206253630948606e-05 0.00042614417398701706 0 0 -0.00090386287611909206 0.0012456914059939268 -0.00066257508301540563
leaf_weight=36 22 20 20 21 23 26 24 55 68 34 69 41 1049 84 30 37 21 20 20
leaf_count=36 22 20 20 21 23 26 24 55 68 34 69 41 1049 84 30 37 21 20 20
internal_value=0 0.000125526 -4.39898e-05 -0.000474449 -0.000189828 7.04091e-07 -9.09874e-05 0 0.000266577 0.000428324 -0.000227927 -1.61427e-05 0 0.000527631 0.000313507 0.000130295 -0.000657021 0.000886746 -0.000491737
internal_weight=1720 440 1280 124 102 1156 252 228 104 188 124 1130 1090 168 114 58 44 54 40
internal_count=1720 440 1280 124 102 1156 252 228 104 188 124 1130 1090 168 114 58 44 54 40
is_linear=0
shrinkage=0.03


Tree=84
num_leaves=13
num_cat=0
split_feature=24 23 25 24 25 25 11 17 19 24 33 31
split_gain=0.0104112 0.0118268 0.0317418 0.025699 0.0269185 0.0188655 0.0180186 0.0180059 0.0148249 0.01466 0.0106396 0.00936836
threshold=1.8402156033751704 -0.98715881630112834 -0.37420616931472112 -0.3375577469001701 1.1106434575022861 1.3556217807502919 1.024140695969483 -0.088084107362809111 -1.1196229742173243 -1.5006866953426812 0.44561327146928204 -0.010592957159700307
decision_type=2 2 2 2 2 2 2 2 2 2 2 2
left_child=1 2 6 4 7 10 8 -3 -1 -4 -5 -11
right_child=-2 3 9 5 -6 -7 -8 -9 -10 11 -12 -13
leaf_value=0.00025863421503653008 0.00063338422117268918 9.9838856552378276e-05 -0.00022929141684637768 -5.0436185498923371e-06 -0.0014211010163771391 0.00074176215568300466 -0.00082116310960716674 -0.00064177149684168386 -0.00022068221709282157 0.00071551140972180287 -0.00039335661550285293 0.00018015617312433992
leaf_weight=104 20 57 20 1044 20 26 24 47 124 97 66 71
leaf_count=104 20 57 20 1044 20 26 24 47 124 97 66 71
internal_value=0 -9.16614e-06 0.000122088 -5.75572e-05 -0.000462863 -9.57961e-06 -8.83301e-05 -0.000215871 0 0.000416801 -3.18259e-05 0.000513934
internal_weight=1720 1700 440 1260 124 1136 252 104 228 188 1110 168
internal_count=1720 1700 440 1260 124 1136 252 104 228 188 1110 168
is_linear=0
shrinkage=0.03


Tree=85
num_leaves=9
num_cat=0
split_feature=11 20 25 24 15 21 21 24
split_gain=0.0106196 0.0238928 0.0138511 0.0110547 0.0108932 0.01044 0.0102228 0.0068493
threshold=-1.798888630077663 2.451369982640998 0.83885933079444508 1.8402156033751704 0.067571601912320256 0.59241615884813392 -1.0585941872690821 0.50385468388802968
decision_type=2 2 2 2 2 2 2 2
left_child=-1 2 3 5 6 -2 -4 -6
right_child=1 -3 4 -5 7 -7 -8 -9
leaf_value=0.00062593221865245134 1.1060217893324468e-05 -0.00097026334664374384 0.0010205409077461809 0.00061686115736222786 -0.0001901192125187663 -0.00015943169539390684 0.00023040026840928478 0.00040919152584620349
leaf_weight=21 1005 20 21 20 61 455 97 20
leaf_count=21 1005 20 21 20 61 455 97 20
internal_value=0 -9.53142e-06 1.83922e-06 -2.81074e-05 0.000236519 -4.02399e-05 0.000417628 0
internal_weight=1720 1699 1679 1480 199 1460 118 81
internal_count=1720 1699 1679 1480 199 1460 118 81
is_linear=0
shrinkage=0.03


Tree=86
num_leaves=18
num_cat=0
split_feature=15 28 22 28 28 34 19 27 19 24 25 9 8 22 10 25 29
split_gain=0.0103961 0.0250782 0.0159825 0.0137385 0.0291313 0.0301359 0.0240501 0.0140614 0.0196752 0.0114158 0.0114095 0.0102379 0.00860734 0.00366969 0.00340344 0.000825798 0.000319021
threshold=-0.81072464427843594 -0.10478334093767321 -1.0193616277757782 -0.085315993886722521 -0.10482764354054722 -0.13183485837591039 -0.096774701962317758 -0.20394204270286351 0.5120876384319798 0.83794491375981484 -1.2724988372688446 0.038909807621205827 -0.86017658059384983 -0.74833115526358451 0.49366285898869283 0.65744772714678701 -0.18243500255276859
decision_type=2 2 2 2 2 2 2 2 2 2 2 2 2 2 2 2 2
left_child=1 9 10 4 6 -6 -4 -5 -9 11 -2 13 -12 -1 -14 -13 -3
right_child=2 16 3 7 5 -7 -8 8 -10 -11 12 15 14 -15 -16 -17 -18
leaf_value=0.00029716272937865661 -0.00014570291564715179 -0.00033006432803347709 -0.00012400307066759149 0.00072159506113212053 -6.4326574562458355e-05 -0.00079760912862573226 0.00020317656739575075 0.000268325806251726 -0.00031057242272465764 0.00041393789122731706 -8.245567994890728e-06 -0.00050823385166329585 0.00065828162352382018 -6.3395445191417827e-05 0.00015537642880638196 -3.5775382646850466e-05 -0.0010391082313055029
leaf_weight=32 30 22 422 36 146 84 377 165 71 38 21 48 78 69 38 20 23
leaf_count=32 30 22 422 36 146 84 377 165 71 38 21 48 78 69 38 20 23
internal_value=0 -0.000177269 3.02195e-05 -3.24561e-06 -5.56888e-05 -0.000351831 2.68152e-05 0.000182686 7.99012e-05 -1.87385e-05 0.00030403 -0.000138991 0.000424953 2.72714e-05 0.000526817 -0.000418912 -0.000797259
internal_weight=1720 252 1468 1301 1029 230 799 272 236 207 167 169 137 101 116 68 45
internal_count=1720 252 1468 1301 1029 230 799 272 236 207 167 169 137 101 116 68 45
is_linear=0
shrinkage=0.03


Tree=87
num_leaves=15
num_cat=0
split_feature=11 20 25 22 12 22 22 28 28 33 19 34 2 25
split_gain=0.0101783 0.0161307 0.0168424 0.0212844 0.0256536 0.0173502 0.0153353 0.0121702 0.0102892 0.00451786 0.00655811 0.00403761 0.00169202 0.00168359
threshold=-0.92602542967683366 2.0481852774310263 0.21278048264005309 1.666301642100797 -0.41415093938051339 -0.35189738046126612 1.9059749052437642 -0.10522004632150699 0.034998839982424569 0.44561327146928204 0.13647087104702144 -0.23048316483928041 0.21630149378429628 -0.031892435213280473
decision_type=2 2 2 2 2 2 2 2 2 2 2 2 2 2
left_child=8 2 6 5 -5 -4 7 -2 9 10 13 -11 -12 -1
right_child=1 -3 3 4 -6 -7 -8 -9 -10 11 12 -13 -14 -15
leaf_value=0.00021927450230117647 -0.00043525474235951283 -0.00077149589957508193 0.0001443096480493959 -5.965424187738314e-06 0.0010926265766242201 -0.00027698565902102389 -0.0006464303191327913 -2.4526309618194309e-05 -0.0002032456176026111 0.00029672150638985584 0.00075678642969578499 -0.00020074228749706826 0.00012853708413793988 -5.4274804323263714e-06
leaf_weight=46 70 23 367 26 38 110 41 828 38 25 42 26 20 20
leaf_count=46 70 23 367 26 38 110 41 828 38 25 42 26 20 20
internal_value=0 -2.85106e-05 -1.34039e-05 0.000117132 0.000621264 3.97816e-05 -9.19298e-05 -6.12153e-05 0.000189932 0.000291857 0.000386499 0 0.000615565 0.000110429
internal_weight=1720 1503 1480 541 64 477 939 898 217 179 128 51 62 66
internal_count=1720 1503 1480 541 64 477 939 898 217 179 128 51 62 66
is_linear=0
shrinkage=0.03


Tree=88
num_leaves=8
num_cat=0
split_feature=25 20 21 16 15 29 24
split_gain=0.0099854 0.0113278 0.0114155 0.0115571 0.0109553 0.0105827 0.00366603
threshold=3.1217033580159548 2.0481852774310263 -1.7646183484376283 0.77950785835399594 -0.71534144006463163 -0.22376310562626561 -0.80775881116416393
decision_type=2 2 2 2 2 2 2
left_child=1 2 -1 5 -5 -4 -2
right_child=6 -3 3 4 -6 -7 -8
leaf_value=0.00055747420404804872 0 -0.00067414851304467604 -0.00043026034082394358 -0.0004667974464617484 -5.9427736071608422e-05 4.4419419538179739e-05 0.00072305899424194968
leaf_weight=29 21 20 40 83 275 1232 20
leaf_count=29 21 20 40 83 275 1232 20
internal_value=0 -1.24702e-05 -1.48588e-06 -1.42735e-05 -0.000165278 2.61622e-05 0.000445311
internal_weight=1720 1679 1659 1630 358 1272 41
internal_count=1720 1679 1659 1630 358 1272 41
is_linear=0
shrinkage=0.03


Tree=89
num_leaves=9
num_cat=0
split_feature=25 25 15 27 11 22 21 3
split_gain=0.0095486 0.00994882 0.037426 0.0146529 0.0124513 0.0150067 0.0102746 0.000843713
threshold=3.1217033580159548 1.5900126000991746 0.37791517812753656 3.9376266004482363 -0.53018303203495121 1.9059749052437642 0.59241615884813392 -0.040985472938988451
decision_type=2 2 2 2 2 2 2 2
left_child=1 3 -3 4 6 -6 -1 -2
right_child=7 2 -4 -5 5 -7 -8 -9
leaf_value=0.0002415375624494246 0.00062442384962797294 0.00014135446876792452 -0.0013537163682403445 0.00073715737403108508 -3.6683851473684794e-05 -0.0005607074162052979 -3.7231752600599709e-05 7.492167627606249e-05
leaf_weight=266 20 34 20 21 1105 50 183 21
leaf_count=266 20 34 20 21 1105 50 183 21
internal_value=0 -1.22047e-05 -0.000401848 0 -9.53e-06 -6.33534e-05 0.000121789 0.000435452
internal_weight=1720 1679 54 1625 1604 1155 449 41
internal_count=1720 1679 54 1625 1604 1155 449 41
is_linear=0
shrinkage=0.03


Tree=90
num_leaves=13
num_cat=0
split_feature=15 28 25 21 15 14 30 12 21 21 20 9
split_gain=0.00938949 0.023594 0.00999223 0.0119514 0.0174561 0.0275951 0.016739 0.0176638 0.0158108 0.00717014 0.00401672 0.0036053
threshold=-0.81072464427843594 -0.10478334093767321 -1.6160738928325518 0.38603986558348191 0.75151983292709024 0.99551467021167539 2.4205288684713806 0.91435622060174715 1.939293020154284 -0.23308901421047423 0.25882440686195007 0.038909807621205827
decision_type=2 2 2 2 2 2 2 2 2 2 2 2
left_child=1 9 -2 6 8 -6 7 -4 -5 -1 11 -11
right_child=2 -3 3 4 5 -7 -8 -9 -10 10 -12 -13
leaf_value=-0.00051211748618516144 -0.00049735528268220446 -0.00076991634027217507 0.00013113039235031465 -0.00018859432931660211 0.00094280260666651094 -0.00014639110035098317 0.00071841101131285535 -0.00026331565302404523 0.0005648701640032232 8.639523162865872e-05 0.00040747851107532726 -0.00019520823875427594
leaf_weight=21 28 45 765 433 34 38 37 111 22 105 20 61
leaf_count=21 28 45 765 433 34 38 37 111 22 105 20 61
internal_value=0 -0.000168774 2.84058e-05 4.17206e-05 -6.83466e-05 0.000345089 0.000108544 7.70081e-05 -0.000142151 -1.46736e-05 3.28538e-05 -9.6238e-07
internal_weight=1720 252 1468 1440 527 72 913 876 455 207 186 166
internal_count=1720 252 1468 1440 527 72 913 876 455 207 186 166
is_linear=0
shrinkage=0.03


Tree=91
num_leaves=11
num_cat=0
split_feature=1 20 24 24 17 21 31 30 28 14
split_gain=0.00923599 0.0107576 0.00950092 0.00868409 0.0130319 0.0125034 0.0207663 0.0153549 0.00233729 0.00208839
threshold=-1.628336401841513 0.027998141262437031 1.8402156033751704 -1.5378078319951018 0.24336441659542715 0.59241615884813392 -0.010731981662510224 0.72608614149716955 -0.1039028381461482 0.56750637584674901
decision_type=2 2 2 2 2 2 2 2 2 2
left_child=1 -1 3 4 8 7 -7 -5 -2 -6
right_child=2 -3 -4 5 9 6 -8 -9 -10 -11
leaf_value=-5.9615443523328447e-05 0.00026178807004665337 0.00063884054947926027 0.00058587727798832295 1.8253675786442603e-05 -0.00073519889644074537 -0.00050851251762259585 -2.1712588887700995e-05 0.00048042573094446677 -0.00010058867218737889 -9.6300217576081971e-05
leaf_weight=23 24 40 20 970 38 101 391 68 25 20
leaf_count=23 24 40 20 970 38 101 391 68 25 20
internal_value=0 0.000347275 -1.45784e-05 -2.4802e-05 -0.000282784 -4.28507e-06 -0.000130182 5.27099e-05 2.4073e-05 -0.00057964
internal_weight=1720 63 1657 1637 107 1530 492 1038 49 58
internal_count=1720 63 1657 1637 107 1530 492 1038 49 58
is_linear=0
shrinkage=0.03


Tree=92
num_leaves=9
num_cat=0
split_feature=25 20 25 28 33 33 16 24
split_gain=0.00900245 0.0102893 0.0111782 0.0171754 0.0134683 0.0193603 0.0102926 0.00339294
threshold=3.1217033580159548 2.0481852774310263 0.35628767779365361 -0.10522004686384935 2.7453044641276745 -0.15992625629023738 0.93369425014200302 -0.80775881116416393
decision_type=2 2 2 2 2 2 2 2
left_child=1 2 3 -1 5 -4 -5 -2
right_child=7 -3 4 6 -6 -7 -8 -9
leaf_value=-0.00079449735379811116 0 -0.00064244872799431695 0.00015037233773612167 7.4808071379287178e-06 0.00078995662752109072 -0.0003778636571704238 -0.00021917059313193317 0.00068906157785939926
leaf_weight=25 21 20 427 900 23 68 216 20
leaf_count=25 21 20 427 900 23 68 216 20
internal_value=0 -1.1828e-05 -1.27464e-06 -5.54975e-05 0.000112036 6.99433e-05 -3.41762e-05 0.000422839
internal_weight=1720 1679 1659 1141 518 495 1116 41
internal_count=1720 1679 1659 1141 518 495 1116 41
is_linear=0
shrinkage=0.03


Tree=93
num_leaves=14
num_cat=0
split_feature=11 20 25 22 12 21 22 15 21 24 27 33 14
split_gain=0.00923198 0.0142894 0.0152143 0.0198448 0.0238318 0.0165362 0.0135931 0.0103499 0.008583 0.00675149 0.00651494 0.00381653 0.00324801
threshold=-0.92602542967683366 2.0481852774310263 0.21278048264005309 1.666301642100797 -0.41415093938051339 -1.7646183484376283 1.9059749052437642 -0.77780893874038548 0.59241615884813392 -1.4759392709077341 -0.20865468529808459 0.36678871524651702 0.013465582471961356
decision_type=2 2 2 2 2 2 2 2 2 2 2 2 2
left_child=8 2 6 5 -5 -4 7 -2 9 -1 -10 -11 -12
right_child=1 -3 3 4 -6 -7 -8 -9 10 11 12 -13 -14
leaf_value=0 -0.00029247803650954055 -0.00072669127473133036 0.00080392572873097382 -3.0244268027358987e-06 0.0010521891216929184 0 -0.00061019926097519183 -9.9310308165226348e-06 0.00024405001148697922 0.00057414805481046727 -0.00042231442104093733 2.4859030638547279e-05 0
leaf_weight=28 141 23 21 26 38 456 41 757 37 71 33 28 20
leaf_count=28 141 23 21 26 38 456 41 757 37 71 33 28 20
internal_value=0 -2.72147e-05 -1.28735e-05 0.000111069 0.000597792 3.61869e-05 -8.75936e-05 -5.84511e-05 0.000180824 0.000338569 -1.32553e-05 0.000453506 -0.000249906
internal_weight=1720 1503 1480 541 64 477 939 898 217 127 90 99 53
internal_count=1720 1503 1480 541 64 477 939 898 217 127 90 99 53
is_linear=0
shrinkage=0.03


Tree=94
num_leaves=12
num_cat=0
split_feature=11 20 25 22 24 11 34 25 33 14 25
split_gain=0.00885595 0.0150189 0.0104255 0.014545 0.0270993 0.0164267 0.013741 0.0182218 0.0160514 0.00897926 0.00344409
threshold=-1.213618791881528 2.1925277960024872 0.4926439722615456 -0.35189738046126612 1.1349140069791794 -0.15365232655486399 -0.13019501386875068 -0.50933700154672057 -0.3519699087192078 -0.019374059873174448 -0.13078871829799699
decision_type=2 2 2 2 2 2 2 2 2 2 2
left_child=9 2 6 5 -5 -4 8 -8 -2 -1 -11
right_child=1 -3 3 4 -6 -7 7 -9 -10 10 -12
leaf_value=-8.6698195403989622e-05 -0.00027953282598667037 -0.00074886589438654479 0 -0.00044653445145967824 0.00047060583353179808 0.0004884600173823213 -0.00010304851358354054 0.0002257939997051667 1.7004597156177139e-05 0 0.00057767218851738345
leaf_weight=31 358 22 123 82 39 133 306 284 268 22 52
leaf_count=31 358 22 123 82 39 133 306 284 268 22 52
internal_value=0 -1.83028e-05 -4.94506e-06 0.000130131 -0.0001225 0.000261158 -4.95014e-05 5.05243e-05 -0.000148336 0.000262261 0.00044509
internal_weight=1720 1615 1593 377 121 256 1216 590 626 105 74
internal_count=1720 1615 1593 377 121 256 1216 590 626 105 74
is_linear=0
shrinkage=0.03


Tree=95
num_leaves=14
num_cat=0
split_feature=11 20 25 23 12 21 23 16 28 24 33 20 24
split_gain=0.00841842 0.0130076 0.0139826 0.0183117 0.0225508 0.0153347 0.0127321 0.0106093 0.00890553 0.00419168 0.00625891 0.00551806 0.00278116
threshold=-0.92602542967683366 2.0481852774310263 0.21278048264005309 1.3196756395409912 -0.41415093938051339 -1.7646183484376283 2.3676079335742179 1.224116142271741 0.048977856489102599 -1.4759392709077341 0.40323775517881716 -0.021943156359094832 0.05840104405898263
decision_type=2 2 2 2 2 2 2 2 2 2 2 2 2
left_child=8 2 6 5 -5 -4 7 -2 9 -1 11 -11 -12
right_child=1 -3 3 4 -6 -7 -8 -9 -10 10 12 -13 -14
leaf_value=0 -1.2575344514108294e-05 -0.00069344156888053897 0.00077371013336960458 -7.4479046663076662e-06 0.0010167124098537364 0 -0.00058980624256020587 -0.00032868461377828057 -0.00020213683156404072 0.00013513214496087351 0.0002240862806981069 0.00068037424259819075 -0.00019857674179365857
leaf_weight=28 788 23 21 26 38 456 41 110 36 50 28 54 21
leaf_count=28 788 23 21 26 38 456 41 110 36 50 28 54 21
internal_value=0 -2.59761e-05 -1.21986e-05 0.000106525 0.000574167 3.43336e-05 -8.39065e-05 -5.55921e-05 0.000172685 0.000265619 0.000327719 0.000457414 0
internal_weight=1720 1503 1480 541 64 477 939 898 217 181 153 104 49
internal_count=1720 1503 1480 541 64 477 939 898 217 181 153 104 49
is_linear=0
shrinkage=0.03


Tree=96
num_leaves=13
num_cat=0
split_feature=0 15 14 24 19 19 19 25 15 33 15 9
split_gain=0.00825563 0.0127315 0.00961916 0.0212619 0.03934 0.0162962 0.0152143 0.0116244 0.0164271 0.0128597 0.00622827 0.00787478
threshold=-1.6202243365448117 0.44584820874959924 1.012179108521029 -1.4016969976028932 0.18190883078189088 1.7813083655541873 2.470948783830567 0.98738970880638066 0.067571601912320256 0.44561327146928204 1.9740740230651903 0.3609477905446456
decision_type=2 2 2 2 2 2 2 2 2 2 2 2
left_child=1 -1 6 10 -5 -6 7 9 -9 -2 -4 -12
right_child=2 -3 3 4 5 -7 -8 8 -10 -11 11 -13
leaf_value=-4.6816560476145232e-05 -6.441912990551285e-07 0.00070710063066862117 0.00047092079147696491 -0.0015967064502619905 0.00018804851413559568 -0.000686423850688152 0.00075788105849642305 0.00055148651203489854 -4.9815945639533255e-05 -0.00033382434314036544 0.00025881747744977476 -0.00047877246016287252
leaf_weight=29 1219 34 27 21 43 27 21 75 68 113 22 21
leaf_count=29 1219 34 27 21 43 27 21 75 68 113 22 21
internal_value=0 0.000328251 -1.38546e-05 -0.000232658 -0.000534717 -0.0001225 8.1103e-06 -2.05129e-06 0.000249856 -3.18433e-05 0.000124761 -4.39153e-05
internal_weight=1720 63 1657 161 91 70 1496 1475 143 1332 70 43
internal_count=1720 63 1657 161 91 70 1496 1475 143 1332 70 43
is_linear=0
shrinkage=0.03


Tree=97
num_leaves=19
num_cat=0
split_feature=15 28 22 25 15 15 9 5 33 24 25 9 8 21 22 17 29 25
split_gain=0.00827794 0.021532 0.0148208 0.0121702 0.0145314 0.039666 0.0150638 0.0107449 0.0148165 0.0105222 0.0103257 0.0088136 0.0082148 0.00818731 0.00369402 0.0021864 0.000450341 0.000139727
threshold=-0.81072464427843594 -0.10478334093767321 -1.0193616277757782 -0.33113930105725625 0.73610471898302321 0.56951569346215725 1.6474956571262751 1.0031149717915435 1.4002578359439684 0.83794491375981484 -1.2724988372688446 0.038909807621205827 -0.86017658059384983 -1.2106609296746151 -0.74833115526358451 1.0138794019201247 -0.18243500255276859 0.65744772714678701
decision_type=2 2 2 2 2 2 2 2 2 2 2 2 2 2 2 2 2 2
left_child=1 9 10 7 5 -5 -6 8 -4 11 -2 14 -12 -9 -1 -14 -3 -13
right_child=2 16 3 4 6 -7 -8 13 -10 -11 12 17 15 -15 -16 -17 -18 -19
leaf_value=0.00029652124022665834 -0.00013405054562132466 -0.00028443289484828709 -0.00013393068090516018 5.582660571237673e-05 0.00049244097035964303 -0.00088288398067396521 -0.00019569184231249892 0.00062590526260435585 -0.0008330228448295119 0.00040469310510188067 -1.5861061263422008e-05 -0.00045841946066631114 0.00057736109371402675 0 -6.5995226240678055e-05 4.6525292303413142e-05 -0.00096379018381524554 -4.8401426682096854e-05
leaf_weight=32 30 22 329 697 113 40 29 22 30 38 21 48 94 41 69 22 23 20
leaf_count=32 30 22 329 697 113 40 29 22 30 38 21 48 94 41 69 22 23 20
internal_value=0 -0.0001586 2.65369e-05 -5.61893e-06 5.55279e-05 0 0.000330076 -0.000139536 -0.000207057 -1.08268e-05 0.00029037 -0.000127128 0.000405618 0.000191697 2.52556e-05 0.000505606 -0.000732695 -0.00038722
internal_weight=1720 252 1468 1301 879 737 142 422 359 207 167 169 137 63 101 116 45 68
internal_count=1720 252 1468 1301 879 737 142 422 359 207 167 169 137 63 101 116 45 68
is_linear=0
shrinkage=0.03


Tree=98
num_leaves=17
num_cat=0
split_feature=23 21 15 31 11 20 31 11 22 20 21 31 21 34 17 28
split_gain=0.00795534 0.0247841 0.0296612 0.0164057 0.0153991 0.0157455 0.0113888 0.0128674 0.0164218 0.0133961 0.010713 0.0182921 0.011648 0.00634585 0.00580914 0.00519861
threshold=-0.98715881630112834 -1.2866943008773817 4.0314428215766567 -0.36694966093389597 0.90203625905045148 1.0158618055413748 -0.022522825442194142 -0.37168857264078486 1.9059749052437642 0.3209465595248831 -1.2106609296746151 -0.012557314885689281 -0.90652744486354908 -0.23048316483928041 -0.38150119114905301 0.048977856489102599
decision_type=2 2 2 2 2 2 2 2 2 2 2 2 2 2 2 2
left_child=3 2 -2 -1 10 -6 13 9 -9 -8 11 -5 -12 15 -15 -3
right_child=1 6 -4 4 5 -7 7 8 -10 -11 12 -13 -14 14 -16 -17
leaf_value=0.00081958141641059361 -0.0014857661420600891 0.00020142812911689287 0 -3.4153595428360849e-05 -0.00075200178622841253 5.2941512377736593e-05 8.1061743434234437e-05 -8.7912018448263511e-06 -0.00060494573032483453 0.00063084897351012932 -0.00034377165053679087 0.00066408775344840246 0.00014302082630794841 0 -0.00062396088115767461 -0.00033687294733785426
leaf_weight=25 20 34 20 47 36 35 292 723 42 48 56 72 169 25 51 25
leaf_count=25 20 34 20 47 36 35 292 723 42 48 56 72 169 25 51 25
internal_value=0 -3.89707e-05 -0.000748292 0.00010846 5.287e-05 -0.000328599 -1.1925e-05 1.75826e-05 -4.76627e-05 0.000172264 0.000142409 0.000369663 5.77656e-06 -0.000270322 -0.000447149 0
internal_weight=1720 1280 40 440 415 71 1240 1105 765 340 344 119 225 135 76 59
internal_count=1720 1280 40 440 415 71 1240 1105 765 340 344 119 225 135 76 59
is_linear=0
shrinkage=0.03


end of trees

feature_importances:
Column_25=145
Column_24=93
Column_21=90
Column_11=74
Column_33=71
Column_20=68
Column_15=66
Column_28=62
Column_22=60
Column_17=47
Column_27=43
Column_23=41
Column_31=39
Column_14=37
Column_34=35
Column_16=34
Column_29=33
Column_19=31
Column_8=16
Column_10=12
Column_30=12
Column_9=11
Column_32=10
Column_13=9
Column_12=8
Column_3=5
Column_0=3
Column_4=3
Column_2=2
Column_6=2
Column_1=1
Column_5=1
Column_7=1

parameters:
[boosting: gbdt]
[objective: regression]
[metric: l2]
[tree_learner: serial]
[device_type: cpu]
[data_sample_strategy: bagging]
[data: ]
[valid: ]
[num_iterations: 200]
[learning_rate: 0.03]
[num_leaves: 31]
[num_threads: 40]
[seed: 42]
[deterministic: 0]
[force_col_wise: 0]
[force_row_wise: 0]
[histogram_pool_size: -1]
[max_depth: 5]
[min_data_in_leaf: 20]
[min_sum_hessian_in_leaf: 0.001]
[bagging_fraction: 0.8]
[pos_bagging_fraction: 1]
[neg_bagging_fraction: 1]
[bagging_freq: 0]
[bagging_seed: 400]
[bagging_by_query: 0]
[feature_fraction: 0.8]
[feature_fraction_bynode: 1]
[feature_fraction_seed: 30056]
[extra_trees: 0]
[extra_seed: 12879]
[early_stopping_round: 0]
[early_stopping_min_delta: 0]
[first_metric_only: 0]
[max_delta_step: 0]
[lambda_l1: 0.1]
[lambda_l2: 3]
[linear_lambda: 0]
[min_gain_to_split: 0]
[drop_rate: 0.1]
[max_drop: 50]
[skip_drop: 0.5]
[xgboost_dart_mode: 0]
[uniform_drop: 0]
[drop_seed: 17869]
[top_rate: 0.2]
[other_rate: 0.1]
[min_data_per_group: 100]
[max_cat_threshold: 32]
[cat_l2: 10]
[cat_smooth: 10]
[max_cat_to_onehot: 4]
[top_k: 20]
[monotone_constraints: ]
[monotone_constraints_method: basic]
[monotone_penalty: 0]
[feature_contri: ]
[forcedsplits_filename: ]
[refit_decay_rate: 0.9]
[cegb_tradeoff: 1]
[cegb_penalty_split: 0]
[cegb_penalty_feature_lazy: ]
[cegb_penalty_feature_coupled: ]
[path_smooth: 0]
[interaction_constraints: ]
[verbosity: -1]
[saved_feature_importance_type: 0]
[use_quantized_grad: 0]
[num_grad_quant_bins: 4]
[quant_train_renew_leaf: 0]
[stochastic_rounding: 1]
[linear_tree: 0]
[max_bin: 255]
[max_bin_by_feature: ]
[min_data_in_bin: 3]
[bin_construct_sample_cnt: 200000]
[data_random_seed: 175]
[is_enable_sparse: 1]
[enable_bundle: 1]
[use_missing: 1]
[zero_as_missing: 0]
[feature_pre_filter: 1]
[pre_partition: 0]
[two_round: 0]
[header: 0]
[label_column: ]
[weight_column: ]
[group_column: ]
[ignore_column: ]
[categorical_feature: ]
[forcedbins_filename: ]
[precise_float_parser: 0]
[parser_config_file: ]
[objective_seed: 16083]
[num_class: 1]
[is_unbalance: 0]
[scale_pos_weight: 1]
[sigmoid: 1]
[boost_from_average: 1]
[reg_sqrt: 0]
[alpha: 0.9]
[fair_c: 1]
[poisson_max_delta_step: 0.7]
[tweedie_variance_power: 1.5]
[lambdarank_truncation_level: 30]
[lambdarank_norm: 1]
[label_gain: ]
[lambdarank_position_bias_regularization: 0]
[eval_at: ]
[multi_error_top_k: 1]
[auc_mu_weights: ]
[num_machines: 1]
[local_listen_port: 12400]
[time_out: 120]
[machine_list_filename: ]
[machines: ]
[gpu_platform_id: -1]
[gpu_device_id: -1]
[gpu_device_id_list: ]
[gpu_use_dp: 0]
[num_gpu: 1]

end of parameters

pandas_categorical:null
