tree
version=v4
num_class=1
num_tree_per_iteration=1
label_index=0
max_feature_idx=34
objective=regression
feature_names=Column_0 Column_1 Column_2 Column_3 Column_4 Column_5 Column_6 Column_7 Column_8 Column_9 Column_10 Column_11 Column_12 Column_13 Column_14 Column_15 Column_16 Column_17 Column_18 Column_19 Column_20 Column_21 Column_22 Column_23 Column_24 Column_25 Column_26 Column_27 Column_28 Column_29 Column_30 Column_31 Column_32 Column_33 Column_34
feature_infos=[-8.0943192792239813:5.1792883317291842] [-8.6665321876954007:4.9537725117107856] [-8.0947880849532474:5.1808289622103043] [-8.0956530059936913:5.1803079387981352] [-8.0962850212798312:5.1801909249117202] [-8.0978829892455693:5.1808888597733338] [-8.1170275503612181:5.1971595850840657] [-1.1366407173279693:14.701358385466831] [-8.4251091036841341:6.1899202015825088] [-7.4888474662569147:5.5091533322729571] [-6.413568407130664:6.4169397275287459] [-4.5448438242886811:6.6781875299187599] [-7.5602767692113897:5.9715159850243449] [-6.7417027111396912:6.5835579942283236] [-1.3513884925705437:6.2938050407791106] [-1.1968244110854993:5.2582000744974753] [-3.1233993812438339:3.1227596529244961] [-7.9096886867413678:3.4599238185338845] none [-1.7544681984862274:3.4085633921536567] [-1.2325975046786786:7.6769723145835886] [-1.9155293870536343:2.230920387913347] [-1.2266745302772943:2.0604295489632389] [-1.0251586252718903:2.6383157219552347] [-1.7746480457064879:1.9870851014854889] [-1.9742360278331734:5.1053307964241563] none [-0.24625233877035449:11.362658295535784] [-0.10596958133124068:23.046321162854838] [-11.488671704553255:10.180860401525546] [-6.3573252585889621:8.2862912738139585] [-14.998814825311971:23.041039508508248] [-2.96640762415901:5.895496894145368] [-2.19743654374067:5.0540640589447827] [-7.5703315645214246:10.878727516866848]
tree_sizes=1167 1204 1395 1306 1947 1389 1306 1306 1754 1289 1394 2017 1574 1306 1373 1669 1488 1568 1566 1639 1666 1529 1584 2030 1481 1558 1558 1389 1618 1646 1770 1552 1673 1931 1797 1403 1561 1465 1453 1467 1900 2215 2000 1578 1582 1600 1661 1850 1568 1578 1944 1679 1734 1949 1682 1567 1591 2037 1663 1917 2198 1680 2011 2050 1836 1763 1924 1895 1738 1759 1850 1867 1957 2030 1841 1875 1675 1810 2035 2016 2066 2061 1651 1804 1700 1867 2186 1868 1522 1585 1489 2016 2185 2289 1592 2219 1690 1646 1693 1712 1590 1676 2198 1845 1700 1916 2120 2081 1710 2142 1918 1730 1709 2042 2211 1964 1559 1771 1565 1396 2140 2139 2152 1587 1942 1601 1399 1368 1048

Tree=0
num_leaves=12
num_cat=0
split_feature=25 11 21 32 11 25 24 19 14 21 23
split_gain=6.74751 2.05474 1.43276 0.787 0.707606 0.39576 0.383736 0.373432 0.258658 0.257222 0.0036812
threshold=1.2734224792921536 0.77731750276298073 1.8251686002825298 0.46845010568035111 0.24292582967965567 3.1030931093066898 0.93304242433605922 1.7020527515625632 0.033322171455443146 -1.7765732953992446 -1.0070941561041034
decision_type=2 2 2 2 2 2 2 2 2 2 2
left_child=2 5 3 4 6 8 -1 -6 -2 -5 -11
right_child=1 -3 -4 9 7 -7 -8 -9 -10 10 -12
leaf_value=0.013933416410764938 0.017638902583614478 0.025953477323591222 0.018978027022009694 0.014364370993473353 0.012491359058295249 0.019779158060470571 0.01566852678992562 0.016408147163901154 0.013260806097783866 0.012321268698727194 0.010728584553033237
leaf_weight=830 21 43 41 21 400 41 130 20 21 23 105
leaf_count=830 21 43 41 21 400 41 130 20 21 23 105
internal_value=0.0141873 0.0207833 0.0136464 0.0134923 0.0137217 0.0177529 0.0141754 0.0126994 0.0154674 0.0114386 0.0109426
internal_weight=1696 126 1570 1529 1380 83 960 420 42 149 128
internal_count=1696 126 1570 1529 1380 83 960 420 42 149 128
is_linear=0
shrinkage=1


Tree=1
num_leaves=12
num_cat=0
split_feature=25 11 21 33 11 20 25 20 33 21 27
split_gain=6.37523 1.93906 1.35325 0.741875 0.711577 0.462181 0.373201 0.24093 0.231481 0.201605 0.0743969
threshold=1.2734224792921536 0.77731750276298073 1.8251686002825298 0.4666197635140949 0.24292582967965567 -0.08059206451811067 3.1030931093066898 0.64925377788873129 -0.26146150433761867 -1.7765732953992446 -0.077152132440506477
decision_type=2 2 2 2 2 2 2 2 2 2 2
left_child=2 6 3 4 5 -1 7 -2 -6 -5 -11
right_child=1 -3 -4 9 8 -7 -8 -9 -10 10 -12
leaf_value=-0.00041414179068819101 0.0034308015740598025 0.0114362096067356 0.0046568012946200639 0.00017241980499238706 -0.00167876747893362 0.0010211890164898028 0.0054355371635068555 -0.00079587186357937757 0.00058318116783775628 -0.0014278856090512936 -0.0032083808305342831
leaf_weight=631 20 43 41 21 378 293 41 22 42 43 121
leaf_count=631 20 43 41 21 378 293 41 22 42 43 121
internal_value=0 0.00641272 -0.000524568 -0.000674311 -0.000423653 3.95966e-05 0.00346715 0.0012447 -0.00144295 -0.00244353 -0.00279354
internal_weight=1696 126 1570 1529 1344 924 83 42 420 185 164
internal_count=1696 126 1570 1529 1344 924 83 42 420 185 164
is_linear=0
shrinkage=0.03


Tree=2
num_leaves=14
num_cat=0
split_feature=21 19 21 11 33 11 23 21 19 19 14 17 33
split_gain=3.19426 3.7281 1.25557 1.07786 0.828011 0.557493 0.502098 0.392647 0.28514 0.0516296 0.0312244 0.00207101 0.000945161
threshold=-1.465311650093412 -0.43639759818296792 1.8251686002825298 0.77731750276298073 0.4666197635140949 -0.21841523659712295 0.44528916498594001 -1.665408422075733 -0.34333297796233025 -0.76515641222204545 1.0728354982186274 0.64893667215888906 0.8722631380474456
decision_type=2 2 2 2 2 2 2 2 2 2 2 2 2
left_child=1 7 4 -3 5 8 -7 9 -2 -1 -9 -5 -6
right_child=2 3 -4 11 12 6 -8 10 -10 -11 -12 -13 -14
leaf_value=-0.0027531767326432303 -0.00046745490674122693 0.0040164614541733515 0.0045266227425838062 0.012801815384626389 -0.0018641421346692368 -0.0015276713415218123 4.7892958179757334e-05 0.0024461507025361059 0.00086309206284778674 -0.00059251527881249788 0.00050093218615359584 0.0071916058290263886 -0.0032226551679616915
leaf_weight=34 246 44 41 27 29 472 289 22 339 22 20 20 91
leaf_count=34 246 44 41 27 29 472 289 22 339 22 20 20 91
internal_value=5.53977e-07 0.00364703 -0.000461118 0.00791739 -0.000611613 -0.000392793 -0.000927564 -0.000405992 0.000298948 -0.00202848 0.00168167 0.0110492 -0.00297221
internal_weight=1696 189 1507 91 1466 1346 761 98 585 56 42 47 120
internal_count=1696 189 1507 91 1466 1346 761 98 585 56 42 47 120
is_linear=0
shrinkage=0.03


Tree=3
num_leaves=13
num_cat=0
split_feature=21 19 21 11 33 11 23 21 19 24 8 33
split_gain=3.02377 3.52959 1.18605 1.02235 0.781743 0.52459 0.472791 0.372493 0.26851 0.0517604 0.00134933 6.78072e-05
threshold=-1.465311650093412 -0.43639759818296792 1.8251686002825298 0.77731750276298073 0.4666197635140949 -0.21841523659712295 0.44528916498594001 -1.665408422075733 -0.34333297796233025 -1.4906245698278988 0.0049240278930862301 0.8722631380474456
decision_type=2 2 2 2 2 2 2 2 2 2 2 2
left_child=1 7 4 -3 5 8 -7 9 -2 -1 -9 -6
right_child=2 3 -4 -5 11 6 -8 10 -10 -11 -12 -13
leaf_value=-0.0026677438759943471 -0.00045360023834032889 0.0039036587738293287 0.0044000829385424205 0.010755539449453353 -0.001813460757199209 -0.0014821306609999582 4.6470894038115872e-05 0.002109114409788795 0.00083742643529630936 -0.0005044522696407512 0.00089002231668680902 -0.0031290610965658372
leaf_weight=35 246 44 41 47 29 472 289 20 339 21 22 91
leaf_count=35 246 44 41 47 29 472 289 20 339 21 22 91
internal_value=1.75396e-06 0.00354963 -0.000447383 0.00770478 -0.000593704 -0.000381015 -0.000899794 -0.000393277 0.000289887 -0.00197426 0.00163912 -0.0028875
internal_weight=1696 189 1507 91 1466 1346 761 98 585 56 42 120
internal_count=1696 189 1507 91 1466 1346 761 98 585 56 42 120
is_linear=0
shrinkage=0.03


Tree=4
num_leaves=20
num_cat=0
split_feature=20 22 23 19 19 23 31 22 23 24 24 19 22 23 13 22 31 34 15
split_gain=1.91067 2.65089 0.872285 0.818345 0.740457 0.552584 0.471368 0.541788 0.454143 1.05434 0.591983 0.384871 0.284335 0.19959 0.192872 0.171133 0.0674922 0.0504434 0.0149097
threshold=0.95633409694922233 -0.31441792242354977 -0.63135319741414198 2.4910734399361822 0.2939528751856148 0.44528916498594001 -0.0043947636228503228 1.7571718716139511 -0.99264258076987422 -0.15255841679988044 -1.2002894611520081 0.024876060231397427 -0.54674990333761364 0.16348344596846884 -0.29601362631389089 -0.14827977246193449 -0.010672752302223729 -0.1311559064784136 0.45644281604765929
decision_type=2 2 2 2 2 2 2 2 2 2 2 2 2 2 2 2 2 2 2
left_child=5 2 4 11 -2 8 7 12 10 18 15 17 -7 -11 -9 -1 -12 -3 -10
right_child=1 3 -4 -5 -6 6 -8 14 9 13 16 -13 -14 -15 -16 -17 -18 -19 -20
leaf_value=0.00080537376298646748 0.011474654831669547 0.0012130223449427059 0.0017216202933729315 0.003973879629325482 0.0045212567767926627 -0.00015685867386885355 0.0039892560979351401 0.00067010893800761547 -0.0041692053556777117 -0.00035631258398210065 0.0016640219676907042 -0.0033422150176225436 0.0017348298521792458 -0.0016663836504563912 -0.0019672831934744949 -0.0008900361856756891 0.0043445026660338037 -0.00053108677170662715 -0.0023485723718986262
leaf_weight=69 30 23 33 28 39 119 29 29 86 445 32 51 165 139 103 196 21 30 29
leaf_count=69 30 23 33 28 39 119 29 29 86 445 32 51 165 139 103 196 21 30 29
internal_value=2.38426e-06 0.0025032 0.00606224 -0.000298345 0.00793828 -0.000400141 0.000475184 0.000196244 -0.000786362 -0.00121292 0.000144481 -0.00155577 0.000938379 -0.000680161 -0.00136362 -0.000433322 0.00295551 0.000196656 -0.00380689
internal_weight=1696 234 102 132 69 1462 445 416 1017 699 318 104 284 584 132 265 53 53 115
internal_count=1696 234 102 132 69 1462 445 416 1017 699 318 104 284 584 132 265 53 53 115
is_linear=0
shrinkage=0.03


Tree=5
num_leaves=14
num_cat=0
split_feature=21 19 21 11 31 11 21 24 19 24 22 17 10
split_gain=2.70517 3.18584 1.0772 0.922896 0.584505 0.430317 0.345666 0.339767 0.300819 0.045591 0.0351947 0.0164548 0.0133907
threshold=-1.465311650093412 -0.43639759818296792 1.8251686002825298 0.77731750276298073 -0.078386805385544614 0.24292582967965567 -1.665408422075733 0.93304242433605922 1.7020527515625632 -1.4906245698278988 0.22569445809682107 0.64893667215888906 -0.040080504326374597
decision_type=2 2 2 2 2 2 2 2 2 2 2 2 2
left_child=1 6 4 -3 10 7 9 -6 -7 -1 -2 -5 -8
right_child=2 3 -4 11 5 8 12 -9 -10 -11 -12 -13 -14
leaf_value=-0.0025636988717842061 -0.0016576422280834419 0.0036920622674391627 0.0041980726530468516 0.011877341860532761 -0.0002597816229846741 -0.0013663907579786897 0.0021389394584298135 0.0013756966064158911 0.0021414020595991092 -0.000507650139159523 -0.0032515710493119863 0.0065660574857307518 0.00061961920794767695
leaf_weight=35 43 44 41 27 808 403 22 130 20 21 62 20 20
leaf_count=35 43 44 41 27 808 403 22 130 20 21 62 20 20
internal_value=3.46142e-06 0.00335931 -0.000421262 0.00730709 -0.000560804 -0.000388723 -0.000384945 -2.62649e-05 -0.00117958 -0.00190855 -0.00269077 0.0102068 0.00157166
internal_weight=1696 189 1507 91 1466 1361 98 938 423 56 105 47 42
internal_count=1696 189 1507 91 1466 1361 98 938 423 56 105 47 42
is_linear=0
shrinkage=0.03


Tree=6
num_leaves=13
num_cat=0
split_feature=25 11 21 33 11 20 25 14 33 22 28 25
split_gain=4.96151 1.4291 1.03862 0.58496 0.593004 0.419714 0.296729 0.249849 0.216626 0.207482 0.109324 0.00629617
threshold=1.2734224792921536 0.77731750276298073 1.8251686002825298 0.44135996096515023 0.24292582967965567 -0.15145676271046873 3.1030931093066898 0.033322171455443146 -0.26146150433761867 -0.3094769137150149 -0.095760084960740913 0.58813065512213913
decision_type=2 2 2 2 2 2 2 2 2 2 2 2
left_child=2 6 3 4 5 -1 7 -2 -6 -5 -11 -4
right_child=1 -3 11 9 8 -7 -8 -9 -10 10 -12 -13
leaf_value=-0.00039660520531787448 0.003266501496080309 0.0099851471341174582 0.0024646040853112936 0.0003383996933698654 -0.0015197548821759151 0.00094891149766195698 0.0048762976100498985 -0.0010337678419164149 0.00066564394679541393 -0.00060594347143342025 -0.0028494927264015439 0.0049944029860198493
leaf_weight=602 21 43 20 24 378 315 41 21 42 29 139 21
leaf_count=602 21 43 20 24 378 315 41 21 42 29 139 21
internal_value=4.62904e-06 0.00566248 -0.000457466 -0.000588868 -0.000361392 6.39214e-05 0.00311794 0.00112412 -0.00129095 -0.0021276 -0.00249718 0.00408072
internal_weight=1696 126 1570 1529 1337 917 83 42 420 192 168 41
internal_count=1696 126 1570 1529 1337 917 83 42 420 192 168 41
is_linear=0
shrinkage=0.03


Tree=7
num_leaves=13
num_cat=0
split_feature=25 11 21 33 11 19 22 25 14 22 28 25
split_gain=4.68763 1.34841 0.984871 0.551237 0.557964 0.309901 0.284597 0.279774 0.237096 0.196115 0.102351 0.00524207
threshold=1.2734224792921536 0.77731750276298073 1.8251686002825298 0.44135996096515023 0.24292582967965567 1.7020527515625632 -0.66007938879529993 3.1030931093066898 0.033322171455443146 -0.3094769137150149 -0.095760084960740913 0.58813065512213913
decision_type=2 2 2 2 2 2 2 2 2 2 2 2
left_child=2 7 3 4 6 -6 -1 8 -2 -5 -11 -4
right_child=1 -3 11 9 5 -7 -8 -9 -10 10 -12 -13
leaf_value=-0.00056004917907346815 0.0031807558338623493 0.0097051288861295451 0.0024003100501697348 0.00032937568364044034 -0.0014427430872200517 0.0021194841505392738 0.00050833707808277623 0.0047399829321286896 -0.0010066314306532149 -0.00058946938088047323 -0.0027658139557964422 0.0048632998410612343
leaf_weight=380 21 43 20 24 400 20 537 41 21 29 139 21
leaf_count=380 21 43 20 24 400 20 537 41 21 29 139 21
internal_value=5.71565e-06 0.00550523 -0.000443397 -0.000571403 -0.000350503 -0.00125219 6.196e-05 0.00303184 0.00109287 -0.00206521 -0.00242461 0.0039756
internal_weight=1696 126 1570 1529 1337 420 917 83 42 192 168 41
internal_count=1696 126 1570 1529 1337 420 917 83 42 192 168 41
is_linear=0
shrinkage=0.03


Tree=8
num_leaves=18
num_cat=0
split_feature=25 11 23 25 22 11 24 32 27 23 25 20 25 23 22 25 17
split_gain=4.42881 1.27224 0.670055 0.768113 0.503713 0.504099 0.453533 0.353437 0.329784 0.301532 0.26378 0.230157 0.12504 0.102519 0.0541708 0.0125948 0.00299913
threshold=1.2734224792921536 0.77731750276298073 0.44528916498594001 0.35912246420847427 1.091991842090217 -0.11548113485054924 1.4127265169310095 -0.28746123403357532 -0.24625233812090391 0.069548206295978507 3.1030931093066898 0.64925377788873129 0.046984185398968321 0.67651437033360884 1.4589597745860774 0.51689007838467249 0.39584478730232003
decision_type=2 2 2 2 2 2 2 2 2 2 2 2 2 2 2 2 2
left_child=2 10 4 7 5 9 13 12 -7 -1 11 -2 -4 -5 -6 -8 -3
right_child=1 16 3 6 14 8 15 -9 -10 -11 -12 -13 -14 -15 -16 -17 -18
leaf_value=0.00033614143294756179 0.0032086439923909695 0.011145549340890005 -0.0023597931424528362 0.0012999798794542305 -0.0034248583203376226 -0.0029702963514343624 0.0024084968023002145 0.0022519498252206375 -0.00092695430448066455 -0.0013967034292730052 0.0046074787588282059 -0.00091958093994297082 -0.0006194639222279779 -8.5468234625928416e-05 -0.0015285665852447542 0.0045235790686832898 0.0061361752502296285
leaf_weight=448 20 23 72 140 64 90 27 24 367 110 41 22 92 66 36 34 20
leaf_count=448 20 23 72 140 64 90 27 24 367 110 41 22 92 66 36 34 20
internal_value=6.78808e-06 0.00535236 -0.000429702 0.000534053 -0.000826045 -0.000617326 0.00156529 -0.000916392 -0.00135263 -5.75348e-06 0.00294812 0.00106243 -0.00143014 0.000846889 -0.00283572 0.00379105 0.00943296
internal_weight=1696 126 1570 455 1115 1015 267 188 457 558 83 42 164 206 100 61 43
internal_count=1696 126 1570 455 1115 1015 267 188 457 558 83 42 164 206 100 61 43
is_linear=0
shrinkage=0.03


Tree=9
num_leaves=13
num_cat=0
split_feature=25 16 19 22 32 13 25 33 33 22 17 23
split_gain=4.19464 0.837902 0.813655 0.515838 0.507512 0.435497 0.378391 0.289447 0.28492 0.202936 0.0174931 0.00917255
threshold=1.2734224792921536 0.25344487929921855 2.4910734399361822 -0.44264886271650422 0.22231685262615383 -0.72873219374244491 3.2408786979537649 -0.4486618022432009 -0.26146150433761867 -0.3094769137150149 0.42914072023363831 -1.0070941561041034
decision_type=2 2 2 2 2 2 2 2 2 2 2 2
left_child=2 6 4 -3 5 7 -2 -1 -7 -6 -4 -11
right_child=1 3 10 -5 9 8 -8 -9 -10 11 -12 -13
leaf_value=0.0037743894192907544 0.00013184318559554715 0.0040794463205863453 0.0044347000139951711 0.010334845771959849 0 -0.00079661687847904861 0.004785755521871827 0.00043355987156072341 0.00046912014976824041 -0.0013258231668021633 0.0019996253890187843 -0.0026993242625498255
leaf_weight=24 33 31 22 32 34 929 30 210 188 24 20 119
leaf_count=24 33 31 22 32 34 929 30 210 188 24 20 119
internal_value=7.68023e-06 0.00521005 -0.000417068 0.00762759 -0.000534884 -0.000332044 0.00251025 0.000832307 -0.000580219 -0.00203511 0.00355242 -0.00252133
internal_weight=1696 126 1570 63 1528 1351 63 234 1117 177 42 143
internal_count=1696 126 1570 63 1528 1351 63 234 1117 177 42 143
is_linear=0
shrinkage=0.03


Tree=10
num_leaves=14
num_cat=0
split_feature=25 11 21 33 11 20 19 25 14 22 28 17 25
split_gain=3.9685 1.14443 0.847007 0.479459 0.49011 0.367341 0.275215 0.234515 0.215265 0.174296 0.0855835 0.00383107 0.00301282
threshold=1.2734224792921536 0.77731750276298073 1.8251686002825298 0.44135996096515023 0.24292582967965567 -0.08059206451811067 1.7020527515625632 3.1030931093066898 0.033322171455443146 -0.3094769137150149 -0.095760084960740913 0.39584478730232003 0.58813065512213913
decision_type=2 2 2 2 2 2 2 2 2 2 2 2 2
left_child=2 7 3 4 5 -1 -6 8 -2 -5 -11 -3 -4
right_child=1 11 12 9 6 -7 -8 -9 -10 10 -12 -13 -14
leaf_value=-0.00033416330059932403 0.0029963500536978245 0.010575492306397512 0.0022246449654516965 0.00033408358444770176 -0.0013418085212878784 0.00095195127265716327 0.0020122341328988901 0.0043528841090473263 -0.00099049094202928261 -0.00056068760657217349 -0.0025684094639508541 0.0057962478570964034 0.0045144512057304379
leaf_weight=628 21 23 20 24 400 289 20 41 21 29 139 20 21
leaf_count=628 21 23 20 24 400 289 20 41 21 29 139 20 21
internal_value=9.10363e-06 0.00506933 -0.00040399 -0.00052284 -0.000316683 6.96877e-05 -0.00116186 0.00278683 0.00100312 -0.00191608 -0.0022553 0.00894079 0.00369349
internal_weight=1696 126 1570 1529 1337 917 420 83 42 192 168 43 41
internal_count=1696 126 1570 1529 1337 917 420 83 42 192 168 43 41
is_linear=0
shrinkage=0.03


Tree=11
num_leaves=21
num_cat=0
split_feature=20 22 11 19 19 23 23 22 19 28 31 19 19 33 23 22 20 33 33 11
split_gain=1.28997 1.78802 0.926362 0.586942 0.475931 0.431145 0.380034 0.806124 0.363617 0.359484 0.473529 0.301584 0.270272 0.256158 0.20681 0.152893 0.114826 0.110276 0.145693 0.0490556
threshold=0.95633409694922233 -0.31441792242354977 0.77731750276298073 2.4910734399361822 0.15233353999542792 0.44528916498594001 -0.99264258076987422 -0.330626522419805 -0.48090595776184908 -0.10596958133124064 -0.0043947636228503228 0.024876060231397427 1.9033540898838728 -0.052196196105995608 0.16348344596846884 1.4589597745860774 0.43363120917110204 -0.35478315459247772 -0.35478315458797932 0.421943428567019
decision_type=2 2 2 2 2 2 2 2 2 2 2 2 2 2 2 2 2 2 2 2
left_child=5 2 4 11 -2 6 8 14 13 17 12 19 -11 -1 -8 -9 -10 -7 -19 -3
right_child=1 3 -4 -5 -6 9 7 15 16 10 -12 -13 -14 -15 -16 -17 -18 18 -20 -21
leaf_value=0.00034786129128253882 -0.0011262504914573029 0.00096186913984517251 0.0085114253855177336 0.0033821539366918224 0.0041790722117799779 0.00010439473146753799 -0.00017994018470001477 -0.0036061614214683816 0.0010767258304527939 -0.00068711232106191482 0.0034744044709950684 -0.002883579562883824 0.0019096829606583569 -0.0016351895690459059 -0.0014865567356433817 -0.00081715550399385389 0.0039675499773381842 0.0035337939297451692 0.00054429815501649056 -0.00078413989528527733
leaf_weight=169 20 33 39 28 43 24 414 109 44 280 29 51 38 85 149 27 20 48 26 20
leaf_count=169 20 33 39 28 43 24 414 109 44 280 29 51 38 85 149 27 20 48 26 20
internal_value=1.04707e-05 0.00206557 0.0049887 -0.000231663 0.00247475 -0.000319965 -0.000661374 -0.00105185 0.000189393 0.000452795 0 -0.0013002 -0.00035251 -0.000315426 -0.000537088 -0.00310363 0.00216209 0.00202799 0.00258452 0.000242716
internal_weight=1696 234 102 132 63 1462 1017 699 318 445 347 104 318 254 563 136 64 98 74 53
internal_count=1696 234 102 132 63 1462 1017 699 318 445 347 104 318 254 563 136 64 98 74 53
is_linear=0
shrinkage=0.03


Tree=12
num_leaves=16
num_cat=0
split_feature=25 11 21 11 33 17 15 25 15 17 23 14 17 14 25
split_gain=3.55634 1.03424 0.769788 0.427758 0.429746 0.268484 0.229487 0.167534 0.137951 0.264864 0.110658 0.0920992 0.0137211 0.0114195 0.00164504
threshold=1.2734224792921536 0.77731750276298073 1.8251686002825298 0.24292582967965567 0.402133904171533 0.20906096385244946 -0.22767010126174506 0.089774015200715832 2.7644405003068973 -0.52702883366072595 0.38025707598190822 1.1237437456844093 0.39584478730232003 0.025388087575556908 0.58813065512213913
decision_type=2 2 2 2 2 2 2 2 2 2 2 2 2 2 2
left_child=2 8 3 4 6 10 -1 -7 9 -2 -5 -6 -3 -11 -4
right_child=1 12 14 5 11 7 -8 -9 -10 13 -12 -13 -14 -15 -16
leaf_value=-0.00026661244924309509 -0.00085025263554416592 0.01007944051348246 0.0021220845218099973 -0.0026483598235885011 -0.0022434624002489727 -0.0010422013305759527 0.00072539263633748135 0.0005307821182665742 0.0047746212897093396 0.0037968875634670257 -0.0011854447866727069 -2.9730349623908588e-05 0.0054407846234414891 0.0016899539847331849 0.0043060122355818749
leaf_weight=589 21 23 20 116 93 195 321 83 20 22 108 24 20 20 21
leaf_count=589 21 23 20 116 93 195 321 83 20 22 108 24 20 20 21
internal_value=1.12577e-05 0.00480159 -0.000379706 -0.000493101 -0.000137847 -0.00120881 8.12625e-05 -0.000561241 0.00263025 0.00171796 -0.00198123 -0.00182646 0.00848268 0.0030398 0.00352619
internal_weight=1696 126 1570 1529 1027 502 910 278 83 63 224 117 43 42 41
internal_count=1696 126 1570 1529 1027 502 910 278 83 63 224 117 43 42 41
is_linear=0
shrinkage=0.03


Tree=13
num_leaves=13
num_cat=0
split_feature=25 11 21 33 11 33 30 15 11 22 22 34
split_gain=3.37434 1.39002 0.581144 0.493371 0.43609 0.31468 0.258792 0.211426 0.085016 0.205237 0.0444037 0.0392378
threshold=1.070409487012377 0.77731750276298073 1.8251686002825298 0.44135996096515023 -0.21841523659712295 -0.26146150433761867 -0.21640104485722059 -0.026104633077031873 -1.2220284585597001 -0.48547093819048154 0.22569445809682107 -0.16078603813026257
decision_type=2 2 2 2 2 2 2 2 2 2 2 2
left_child=2 6 3 4 7 -6 8 -1 -2 -10 11 -5
right_child=1 -3 -4 10 5 -7 -8 -9 9 -11 -12 -13
leaf_value=-5.5242910031852606e-05 0.0047232752698659897 0.0083754951299301206 0.0031371897982433437 -0.00019211895578441076 -0.0010296947512774589 0.0007682925575841818 -0.00020456703133400408 0.0012062843927436 0.0038991376364772971 0.00046636304717797503 -0.0025567223538227124 -0.001743991336086765
leaf_weight=406 22 46 37 25 650 97 28 164 30 36 84 71
leaf_count=406 22 46 37 25 650 97 28 164 30 36 84 71
internal_value=1.23079e-05 0.0040909 -0.00042361 -0.000519717 -0.000313414 -0.000790082 0.00219832 0.000306903 0.00297738 0.00217188 -0.00198289 -0.00138823
internal_weight=1696 162 1534 1497 1317 747 116 570 88 66 180 96
internal_count=1696 162 1534 1497 1317 747 116 570 88 66 180 96
is_linear=0
shrinkage=0.03


Tree=14
num_leaves=14
num_cat=0
split_feature=21 19 21 11 33 11 21 28 33 24 19 14 9
split_gain=1.71915 1.9027 0.681212 0.61663 0.464043 0.346385 0.243944 0.22489 0.214345 0.0308806 0.0296848 0.0262198 0.0168968
threshold=-1.465311650093412 -0.43639759818296792 1.8251686002825298 0.77731750276298073 0.402133904171533 -0.33360844315170363 -1.665408422075733 -0.095222743046501454 -0.26146150433761867 0.2135162854436341 -0.76515641222204545 1.0728354982186274 0.84872817580046744
decision_type=2 2 2 2 2 2 2 2 2 2 2 2 2
left_child=1 6 4 -3 5 7 10 -2 -7 -6 -1 -8 -5
right_child=2 3 -4 12 9 8 11 -9 -10 -11 -12 -13 -14
leaf_value=-0.0020409934310292874 0 0.0027916458971956942 0.0033464734274893998 0.0094793407410383237 -0.002397130780547325 -0.00080229390762513644 0.0021283661178499455 0.0015119834390755456 0.00071386688946401379 -0.00094020439362661398 -0.00037494522605091335 0.00036431129990935167 0.0051250246842594249
leaf_weight=34 379 44 41 27 102 751 22 114 90 30 22 20 20
leaf_count=34 379 44 41 27 102 751 22 114 90 30 22 20 20
internal_value=1.28282e-05 0.00268834 -0.000325408 0.00573897 -0.000436767 -0.000263938 -0.000201011 0.000362207 -0.000634526 -0.00211649 -0.00148967 0.0014353 0.00810512
internal_weight=1696 189 1507 91 1466 1334 98 493 841 132 56 42 47
internal_count=1696 189 1507 91 1466 1334 98 493 841 132 56 42 47
is_linear=0
shrinkage=0.03


Tree=15
num_leaves=17
num_cat=0
split_feature=25 11 32 11 20 24 30 17 22 24 25 23 24 17 34 23
split_gain=3.05532 1.22708 0.509128 0.408731 0.476593 0.36406 0.238314 0.192277 0.15209 0.15072 0.287171 0.124384 0.0668691 0.0137321 0.00985026 0.00987397
threshold=1.070409487012377 0.77731750276298073 0.46845010568035111 0.1861167471820678 -0.15145676271046873 1.1097681426605146 -0.21640104485722059 -0.19430054377066733 -1.1213709161080765 -0.064195557637652792 3.2408786979537649 0.44528916498594001 -0.13993515120527647 0.60426831681769377 2.3572238364836835 -1.0070941561041034
decision_type=2 2 2 2 2 2 2 2 2 2 2 2 2 2 2 2
left_child=2 6 3 4 8 -6 9 12 -1 10 -2 -9 -5 -3 15 -4
right_child=1 13 14 7 5 -7 -8 11 -10 -11 -12 -13 -14 -15 -16 -17
leaf_value=0.0012927623469382525 -0.00094800580013543363 0.0092994905227217171 -0.0010839416518485031 -0.0032772305380419958 0.00051612032025650319 0.0029734830157565218 -0.00018992517148745395 -0.0010511331403329266 -0.00050844456202630292 0.0043614947549425638 0.003321239910143263 8.3294530394942097e-05 -0.0014011403589793661 0.0050241877980044354 -0.00092409013723954549 -0.0024010372967060122
leaf_weight=42 21 26 23 32 272 67 28 209 553 36 31 139 74 20 21 102
leaf_count=42 21 26 23 32 272 67 28 209 553 36 31 139 74 20 21 102
internal_value=1.35994e-05 0.00389468 -0.000401117 -0.000219301 0.0001372 0.00103239 0.00211244 -0.000955368 -0.000370436 0.00286009 0.00158491 -0.000592628 -0.00206964 0.0079233 -0.00207027 -0.00221321
internal_weight=1696 162 1534 1388 934 339 116 454 595 88 52 348 106 46 146 125
internal_count=1696 162 1534 1388 934 339 116 454 595 88 52 348 106 46 146 125
is_linear=0
shrinkage=0.03


Tree=16
num_leaves=15
num_cat=0
split_feature=25 11 19 11 32 20 22 25 32 25 24 25 15 10
split_gain=2.89187 1.16388 0.678909 0.469279 0.341046 0.328783 0.295777 0.225765 0.225703 0.168935 0.142189 0.272094 0.0516446 0.0133836
threshold=1.070409487012377 0.77731750276298073 1.9033540898838728 0.24292582967965567 0.22231685262615383 -0.15145676271046873 -0.330626522419805 0.63074570913180172 -0.26644694373841932 0.55893785927540385 -0.064195557637652792 3.2408786979537649 0.38064611512802643 0.39067036888187506
decision_type=2 2 2 2 2 2 2 2 2 2 2 2 2 2
left_child=2 8 3 4 5 -1 9 -8 10 -5 11 -2 -6 -4
right_child=1 -3 13 6 12 -7 7 -9 -10 -11 -12 -13 -14 -15
leaf_value=-0.00036368258836697883 -0.00092312067002058029 0.0077137435041938198 0.0036273109807122136 -0.00075475155885317642 -0.0022209093552712049 0.00083492651964224703 -0.0015952678023037803 -0.0047909076972864565 -0.00018477880968261631 0.001520584645395034 0.0042407149073596185 0.0032303941942313135 -0.00038696804818593795 0.0016324830353260037
leaf_weight=594 21 46 28 167 71 311 265 21 28 32 36 31 24 21
leaf_count=594 21 46 28 167 71 311 265 21 28 32 36 31 24 21
internal_value=1.38847e-05 0.00378977 -0.000389539 -0.000508298 -0.00013235 4.63088e-05 -0.00127172 -0.00188759 0.00205326 -0.000356868 0.00278095 0.00153961 -0.00181424 0.00297358
internal_weight=1696 162 1534 1485 1000 905 485 286 116 199 88 52 95 49
internal_count=1696 162 1534 1485 1000 905 485 286 116 199 88 52 95 49
is_linear=0
shrinkage=0.03


Tree=17
num_leaves=16
num_cat=0
split_feature=25 11 19 11 33 20 22 22 25 25 21 15 19 17 17
split_gain=2.73481 1.14864 0.649682 0.441201 0.319352 0.329046 0.264336 0.253201 0.214671 0.13994 0.108413 0.0776146 0.0595256 0.0220384 0.014766
threshold=1.0226082581098062 0.77731750276298073 1.9033540898838728 0.24292582967965567 0.402133904171533 -0.15145676271046873 -0.330626522419805 -0.330626522419805 0.63074570913180172 0.55893785927540385 0.86359244603415453 0.43710004353568249 0.043085043884325457 0.60426831681769377 0.79303202134963968
decision_type=2 2 2 2 2 2 2 2 2 2 2 2 2 2 2
left_child=2 7 3 4 5 -1 9 12 -8 -5 -9 -6 -2 -3 -4
right_child=1 13 14 6 11 -7 8 10 -10 -11 -12 -13 -14 -15 -16
leaf_value=-0.0003613091547593138 0.001589324198075031 0.0088418929628257103 0.0035175205373670902 -0.00073250858261530722 -0.0021503436532975344 0.00086318013821044196 -0.0015479454801825341 -0.0011790028197380402 -0.0046651463555172088 0.0013864777900797144 0.0015844732372788711 -0.00021815035193735224 0.0036790729081806017 0.0046918939337660757 0.0015213117784132126
leaf_weight=589 35 26 29 167 78 293 265 24 21 30 21 30 48 20 20
leaf_count=589 35 26 29 167 78 293 265 24 21 30 21 30 48 20 20
internal_value=1.39756e-05 0.00354548 -0.000393971 -0.000511081 -0.000143777 4.36229e-05 -0.00125223 0.00196352 -0.00183326 -0.000378863 6.65475e-05 -0.00166105 0.00291892 0.0074965 0.00289521
internal_weight=1696 174 1522 1473 990 882 483 128 286 197 45 108 83 46 49
internal_count=1696 174 1522 1473 990 882 483 128 286 197 45 108 83 46 49
is_linear=0
shrinkage=0.03


Tree=18
num_leaves=16
num_cat=0
split_feature=25 11 19 11 33 20 22 22 25 25 24 15 24 17 17
split_gain=2.5887 1.08917 0.615459 0.415766 0.30148 0.309774 0.249565 0.239237 0.204113 0.132268 0.117698 0.072848 0.0680997 0.0190307 0.0133489
threshold=1.0226082581098062 0.77731750276298073 1.9033540898838728 0.24292582967965567 0.402133904171533 -0.15145676271046873 -0.330626522419805 -0.330626522419805 0.63074570913180172 0.55893785927540385 0.42811180055190129 0.43710004353568249 -0.80896822771928567 0.60426831681769377 0.79303202134963968
decision_type=2 2 2 2 2 2 2 2 2 2 2 2 2 2 2
left_child=2 7 3 4 5 -1 9 12 -8 -5 -9 -6 -2 -3 -4
right_child=1 13 14 6 11 -7 8 10 -10 -11 -12 -13 -14 -15 -16
leaf_value=-0.00035052480020720004 0.0010503876412717196 0.0086040768428095448 0.0034218878941610453 -0.00071092112987877483 -0.0020882226351165664 0.00083754718685333891 -0.0015020269577546957 -0.0014676821905228751 -0.0045426863334141667 0.0013486647806765341 0.0014214870466468187 -0.00021220079880334772 0.003392861956286998 0.0045694966700494935 0.0014816253716531005
leaf_weight=589 23 26 29 167 78 293 265 20 21 30 25 30 60 20 20
leaf_count=589 23 26 29 167 78 293 265 20 21 30 25 30 60 20 20
internal_value=1.45003e-05 0.00345041 -0.000382351 -0.000496385 -0.000139723 4.22636e-05 -0.00121588 0.0019092 -0.00178051 -0.000366753 6.34364e-05 -0.00161395 0.00283791 0.0072983 0.0028188
internal_weight=1696 174 1522 1473 990 882 483 128 286 197 45 108 83 46 49
internal_count=1696 174 1522 1473 990 882 483 128 286 197 45 108 83 46 49
is_linear=0
shrinkage=0.03


Tree=19
num_leaves=17
num_cat=0
split_feature=25 11 19 11 22 27 33 25 20 25 23 22 11 10 13 9
split_gain=2.45042 0.98659 0.577346 0.395739 0.27727 0.309136 0.275104 0.243013 0.204404 0.203546 0.447056 0.0676804 0.0628428 0.01073 0.00401052 0.00131286
threshold=1.070409487012377 0.77731750276298073 1.9033540898838728 -0.11548113485054924 -0.330626522419805 -0.24623954326053402 0.33626550276369566 0.48133052783290531 -0.15145676271046873 3.1030931093066898 0.64038543199803544 0.22569445809682107 -1.0056097127696348 0.39067036888187506 0.034791805239495592 0.77600748852277412
decision_type=2 2 2 2 2 2 2 2 2 2 2 2 2 2 2 2
left_child=2 9 3 6 7 -6 8 -5 -1 10 12 -8 -2 -4 -11 -3
right_child=1 15 13 4 5 -7 11 -9 -10 14 -12 -13 -14 -15 -16 -17
leaf_value=-0.00010937794601375264 0 0.0083125426430126718 0.0033486059010028836 -0.00071934355122214811 -0.0035378388212841064 -0.0011338404302618601 -0.00031905905319515364 0.0013243167734679963 0.0010230464393381641 0.0043452712725847954 0.0033969813395823747 -0.0019957951078636211 -0.0021947291634328982 0.0014960414911620319 0.0021123011413475739 0.0045260885342874608
leaf_weight=459 23 26 28 293 58 307 41 60 203 21 32 64 20 21 20 20
leaf_count=459 23 26 28 293 58 307 41 60 203 21 32 64 20 21 20 20
internal_value=1.49263e-05 0.0034908 -0.000356293 -0.000465951 -0.000970586 -0.00154972 4.49102e-06 -0.000355319 0.000236413 0.00188923 0.000845502 -0.0013959 -0.00108576 0.00274446 0.00354249 0.00710538
internal_weight=1696 162 1534 1485 718 365 767 353 662 116 75 105 43 49 41 46
internal_count=1696 162 1534 1485 718 365 767 353 662 116 75 105 43 49 41 46
is_linear=0
shrinkage=0.03


Tree=20
num_leaves=17
num_cat=0
split_feature=25 11 19 11 33 28 17 25 33 25 19 25 14 17 17 16
split_gain=2.32454 0.977251 0.552516 0.379044 0.259187 0.24864 0.199989 0.189069 0.416858 0.128792 0.11811 0.109491 0.0514256 0.0179282 0.0113877 0.00317436
threshold=1.0226082581098062 0.77731750276298073 1.9033540898838728 -0.19348807879447383 0.4666197635140949 -0.095222743046501454 -0.19430054377066733 3.1030931093066898 -0.35478315458749771 0.65433074210512499 1.9033540898838728 -0.17608515357542301 1.1237437456844093 0.60426831681769377 0.79303202134963968 -0.051094099551326037
decision_type=2 2 2 2 2 2 2 2 2 2 2 2 2 2 2 2
left_child=2 7 3 4 5 -1 9 8 -2 -5 -10 -8 -6 -3 -4 -9
right_child=1 13 14 6 12 -7 11 15 10 -11 -12 -13 -14 -15 -16 -17
leaf_value=-6.9535968948628856e-05 0.0033232792459036175 0.0081647459432996564 0.0032430254670325663 -0.0013860224764834454 -0.0019269162708660588 0.001346267428190913 -0.0009282487233769766 0.0042312079034745684 -0.0023492907006293531 -0.0038880828437395389 0.00036278386026456514 -5.4471285056233101e-05 -8.0511185405775899e-05 0.0043124651145797378 0.0013991143201356347 0.0020571976547007972
leaf_weight=459 35 26 29 199 61 143 353 21 21 21 31 215 22 20 20 20
leaf_count=459 35 26 29 199 61 143 353 21 21 21 31 215 22 20 20 20
internal_value=1.55938e-05 0.00327155 -0.000360375 -0.000468515 4.37413e-05 0.000266825 -0.000916083 0.00180993 0.000913737 -0.0016874 -0.000746333 -0.000604783 -0.00149227 0.00691764 0.00267224 0.00345147
internal_weight=1696 174 1522 1473 685 602 788 128 87 220 52 568 83 46 49 41
internal_count=1696 174 1522 1473 685 602 788 128 87 220 52 568 83 46 49 41
is_linear=0
shrinkage=0.03


Tree=21
num_leaves=16
num_cat=0
split_feature=25 11 19 11 30 24 25 23 10 25 11 24 10 13 9
split_gain=2.20323 0.883934 0.518366 0.35811 0.272908 0.2072 0.183016 0.404774 0.113599 0.106305 0.0585678 0.0574622 0.00902882 0.00239828 0.0011348
threshold=1.070409487012377 0.77731750276298073 1.9033540898838728 0.24292582967965567 0.29975514612949122 0.93304242433605922 3.1030931093066898 0.64038543199803544 0.25107589846607398 -0.056544457844281373 -1.0056097127696348 -0.12731188561067255 0.39067036888187506 0.034791805239495592 0.77600748852277412
decision_type=2 2 2 2 2 2 2 2 2 2 2 2 2 2 2
left_child=2 6 3 4 5 -1 7 10 11 -10 -2 -5 -4 -8 -3
right_child=1 14 12 8 -6 -7 13 -9 9 -11 -12 -13 -14 -15 -16
leaf_value=-0.00016442351619711727 0 0.0078853008911527449 0.0031735628208806434 -0.0026004338823702364 -0.002073147984268144 0.0011163344861495055 0.0041201386526226996 0.0032304171639893735 -0.0011386975533283887 0 -0.0021044894104580514 -0.0011462020041102443 0.0014131289785727856 0.0020035316693070137 0.0042754187227591221
leaf_weight=814 23 26 28 60 57 129 21 32 245 107 20 73 21 20 20
leaf_count=814 23 26 28 60 57 129 21 32 245 107 20 73 21 20 20
internal_value=1.60666e-05 0.00331204 -0.000335843 -0.000439842 -0.000111034 1.05942e-05 0.00179394 0.000801464 -0.0011068 -0.00079769 -0.00103371 -0.0018672 0.00260184 0.00336283 0.00673486
internal_weight=1696 162 1534 1485 1000 943 116 75 485 352 43 133 49 41 46
internal_count=1696 162 1534 1485 1000 943 116 75 485 352 43 133 49 41 46
is_linear=0
shrinkage=0.03


Tree=22
num_leaves=16
num_cat=0
split_feature=25 11 19 11 32 22 17 20 25 25 21 22 19 17 17
split_gain=2.09115 0.875308 0.496162 0.344007 0.217206 0.194231 0.183043 0.154412 0.123071 0.096162 0.0906694 0.0685422 0.0514536 0.0167949 0.00964439
threshold=1.0226082581098062 0.77731750276298073 1.9033540898838728 -0.19348807879447383 0.089890259669171815 -0.330626522419805 -0.19430054377066733 -0.15145676271046873 0.65433074210512499 -0.17608515357542301 0.86359244603415453 0.22569445809682107 0.043085043884325457 0.60426831681769377 0.79303202134963968
decision_type=2 2 2 2 2 2 2 2 2 2 2 2 2 2 2
left_child=2 5 3 4 7 12 8 -1 -5 -8 -7 -6 -2 -3 -4
right_child=1 13 14 6 11 10 9 -9 -10 -11 -12 -13 -14 -15 -16
leaf_value=-7.2093458854964471e-05 0.0013384050887666249 0.0077479926152475946 0.0030735256886109709 -0.0013130874127647517 -3.7893934820645614e-05 -0.0010831777934864576 -0.00087403231105483343 0.00094587710042175221 -0.0037547105289995669 -5.4044654459367863e-05 0.0014440274478401988 -0.0018430267875082791 0.0032548396659686286 0.0040695992147792934 0.0013211590054890382
leaf_weight=396 35 26 29 199 32 24 353 196 21 215 21 61 48 20 20
leaf_count=396 35 26 29 199 32 24 353 196 21 215 21 61 48 20 20
internal_value=1.65918e-05 0.00310486 -0.000339915 -0.000442486 4.53259e-05 0.0017196 -0.000868892 0.000262965 -0.00160698 -0.000570818 5.02262e-05 -0.00127375 0.00255647 0.00655699 0.00253345
internal_weight=1696 174 1522 1473 685 128 788 592 220 568 45 93 83 46 49
internal_count=1696 174 1522 1473 685 128 788 592 220 568 45 93 83 46 49
is_linear=0
shrinkage=0.03


Tree=23
num_leaves=21
num_cat=0
split_feature=21 19 23 11 11 21 21 21 32 10 24 19 22 15 22 19 19 17 17 15
split_gain=1.10045 1.11375 0.545491 0.402149 0.277227 0.315028 0.26668 0.315444 0.212664 0.188913 0.145725 0.132175 0.410959 0.0969753 0.0890151 0.0465038 0.0324504 0.0322154 0.0121121 0.00716634
threshold=-1.4208457007640076 -0.43639759818296792 0.44528916498594001 0.77731750276298073 -0.11548113485054924 0.40225822174158177 1.8585180622795834 0.15769550042985633 -0.045672069641374068 -0.52052041157630402 0.45335833174110912 -0.081337862545729903 -0.330626522419805 -0.45509510320194252 0.8623002944013517 -0.81876926463895561 -0.76515641222204545 0.64893667215888906 0.69221134265314488 1.6154974828764666
decision_type=2 2 2 2 2 2 2 2 2 2 2 2 2 2 2 2 2 2 2 2
left_child=1 8 4 19 5 10 7 13 18 -9 -2 14 -13 -4 -6 -7 -10 -5 -1 -3
right_child=2 3 6 17 11 15 -8 9 16 -11 -12 12 -14 -15 -16 -17 -18 -19 -20 -21
leaf_value=0.0018522489145821467 0.00010867450603073825 0.001225722043908068 0.0028191027285636599 0.0075749660968780514 -0.00094682650509526249 -0.0002832073418867367 0.0029188527960330246 0.0013642979768725733 -0.0016782143637537957 -0.00034375933617445043 0.0025863207782740177 -0.0006163590487732474 -0.0036077521535995845 0.00020970088965259492 0.00093846364947967236 -0.0014500732326134663 -0.00012828271650609427 0.0038557793551489057 0.00055801504499350602 0.0027879775197285671
leaf_weight=30 366 25 50 27 228 49 37 69 36 302 20 104 71 21 21 152 25 20 23 20
leaf_count=30 366 25 50 27 228 49 37 69 36 302 20 104 71 21 21 152 25 20 23 20
internal_value=1.67913e-05 0.00205725 -0.00026687 0.00445659 -0.000662741 -0.000232037 0.000561374 0.00033894 3.06866e-05 -9.67151e-06 0.000263718 -0.00124618 -0.00188721 0.00212764 -0.000766642 -0.00118867 -0.00112566 0.00637864 0.00140415 0.00211341
internal_weight=1696 206 1490 92 1011 587 479 442 114 371 386 424 175 71 249 201 61 47 53 45
internal_count=1696 206 1490 92 1011 587 479 442 114 371 386 424 175 71 249 201 61 47 53 45
is_linear=0
shrinkage=0.03


Tree=24
num_leaves=15
num_cat=0
split_feature=25 11 19 11 30 20 22 25 22 25 21 19 17 17
split_gain=1.88008 0.783661 0.456355 0.312085 0.235766 0.209893 0.205324 0.177493 0.173032 0.105455 0.0808624 0.0500838 0.0122667 0.00739044
threshold=1.0226082581098062 0.77731750276298073 1.9033540898838728 0.24292582967965567 0.29975514612949122 -0.15145676271046873 -0.330626522419805 0.63074570913180172 -0.330626522419805 0.55893785927540385 0.86359244603415453 0.043085043884325457 0.60426831681769377 0.79303202134963968
decision_type=2 2 2 2 2 2 2 2 2 2 2 2 2 2
left_child=2 8 3 4 5 -1 9 -8 11 -5 -10 -2 -3 -4
right_child=1 12 13 6 -6 -7 7 -9 10 -11 -12 -13 -14 -15
leaf_value=-0.00032628400433712173 0.0012369989728260981 0.0073358578661392474 0.0029441096659284082 -0.00058185290745801888 -0.0019324820768553764 0.0006099180684029647 -0.0012953563591986562 -0.0041229149845894422 -0.0010138549438108587 0.0012572875830387188 0.0013717071148566899 0.0031057776727658865 0.0038579990750421643 0.0012786393308121225
leaf_weight=601 35 26 29 167 57 332 265 21 24 30 21 48 20 20
leaf_count=601 35 26 29 167 57 332 265 21 24 30 21 48 20 20
internal_value=1.75454e-05 0.00294588 -0.000320401 -0.000418856 -0.000109468 4.53741e-06 -0.00104224 -0.001554 0.00163319 -0.000272123 5.30602e-05 0.00242326 0.00621375 0.002435
internal_weight=1696 174 1522 1473 990 933 483 286 128 197 45 83 46 49
internal_count=1696 174 1522 1473 990 933 483 286 128 197 45 83 46 49
is_linear=0
shrinkage=0.03


Tree=25
num_leaves=16
num_cat=0
split_feature=25 11 19 11 17 29 25 23 28 25 25 11 17 13 17
split_gain=1.77987 0.743065 0.432404 0.296255 0.165588 0.157165 0.148495 0.432925 0.145611 0.109361 0.0849693 0.0762881 0.0101652 0.00719585 0.00648357
threshold=1.0226082581098062 0.77731750276298073 1.9033540898838728 -0.19348807879447383 -0.19430054377066733 0.29131494453321105 3.1030931093066898 0.64038543199803544 -0.076436874396467999 0.65433074210512499 -0.17608515357542301 -1.0056097127696348 0.60426831681769377 0.034791805239495592 0.79303202134963968
decision_type=2 2 2 2 2 2 2 2 2 2 2 2 2 2 2
left_child=2 6 3 5 9 8 7 11 -1 -5 -6 -2 -3 -8 -4
right_child=1 12 14 4 10 -7 13 -9 -10 -11 -12 -13 -14 -15 -16
leaf_value=-6.4992024007986778e-05 0 0.0071385484050060137 0.00286406672000885 -0.001226372650555853 -0.00080381053330290408 -0.0020014170350041239 0.0037905016466975214 0.0029026345750937863 0.0010546887344030967 -0.0035315786600112913 -3.2877121698228776e-05 -0.0023261715722456573 0.0037573556200317711 0.0017390970386888668 0.0012452835131274618
leaf_weight=530 23 26 29 199 353 29 21 42 126 21 215 22 20 20 20
leaf_count=530 23 26 29 199 353 29 21 42 126 21 215 22 20 20 20
internal_value=1.78521e-05 0.00286711 -0.000310917 -0.000406802 -0.00080254 4.55941e-05 0.00158811 0.000789676 0.000149339 -0.00150442 -0.000518956 -0.00117808 0.00604974 0.0030448 0.00237099
internal_weight=1696 174 1522 1473 788 685 128 87 656 220 568 45 46 41 49
internal_count=1696 174 1522 1473 788 685 128 87 656 220 568 45 46 41 49
is_linear=0
shrinkage=0.03


Tree=26
num_leaves=16
num_cat=0
split_feature=25 11 19 11 33 20 22 25 25 23 25 15 11 13 10
split_gain=1.68712 0.671907 0.40579 0.283093 0.229548 0.253327 0.201623 0.167063 0.143936 0.33789 0.111225 0.0647849 0.0564065 0.00628557 0.00541264
threshold=1.070409487012377 0.77731750276298073 1.9033540898838728 0.24292582967965567 0.33626550276369566 -0.15145676271046873 -0.330626522419805 0.63074570913180172 3.1030931093066898 0.64038543199803544 0.55893785927540385 0.38064611512802643 -1.0056097127696348 0.034791805239495592 0.39067036888187506
decision_type=2 2 2 2 2 2 2 2 2 2 2 2 2 2 2
left_child=2 8 3 4 5 -1 10 -8 9 12 -5 -6 -2 -10 -4
right_child=1 -3 14 6 11 -7 7 -9 13 -11 -12 -13 -14 -15 -16
leaf_value=-0.00027546571954275764 0 0.0058900939005674148 0.0028089859615410525 -0.00054516061177230712 -0.0018099853993928129 0.00080235449236690877 -0.0012320694890704681 -0.0039744650090578941 0.0036910009961575265 0.0029120841419590371 0.0013008503345240438 -0.0002326936369195623 -0.0020335218977669011 0.0016937292832071365 0.0012489242311567066
leaf_weight=592 23 46 28 167 78 289 265 21 21 32 32 41 20 20 21
leaf_count=592 23 46 28 167 78 289 265 21 21 32 32 41 20 20 21
internal_value=1.81133e-05 0.0029025 -0.000289615 -0.000381849 -8.91943e-05 7.62278e-05 -0.000974855 -0.00148298 0.00157394 0.000689212 -0.000218552 -0.00131022 -0.000981835 0.00296681 0.00230871
internal_weight=1696 162 1534 1485 1000 881 485 286 116 75 199 119 43 41 49
internal_count=1696 162 1534 1485 1000 881 485 286 116 75 199 119 43 41 49
is_linear=0
shrinkage=0.03


Tree=27
num_leaves=14
num_cat=0
split_feature=25 23 19 19 32 13 33 23 15 15 22 8 17
split_gain=1.59742 0.478166 0.38842 0.358041 0.257601 0.275172 0.21652 0.210613 0.168967 0.148509 0.0228792 0.0110963 0.00525661
threshold=1.0226082581098062 -0.63135319741414198 1.9033540898838728 0.2939528751856148 0.22231685262615383 -0.50648262860542903 -0.27410956362039218 0.64038543199803544 0.63740381322446915 -0.24312390976966156 -0.3094769137150149 -1.2097625196412891 0.79303202134963968
decision_type=2 2 2 2 2 2 2 2 2 2 2 2 2
left_child=2 3 4 -2 5 9 -7 8 -3 -1 -6 -12 -4
right_child=1 7 12 -5 10 6 -8 -9 -10 -11 11 -13 -14
leaf_value=-4.4968465337540934e-05 0.0065586028240621095 -0.0012015707379636855 0.0027142182507086544 0.0021070142247314964 -0.00050067807590205445 -0.00068353527307257148 0.00045619701496154186 0.0027575339647630849 0.0020404903478515538 0.0012653319587747744 -0.00060313601524103434 -0.0017695371200821828 0.0011761475082324897
leaf_weight=164 37 36 29 39 31 819 178 42 20 138 21 122 20
leaf_count=164 37 36 29 39 31 819 178 42 20 138 21 122 20
internal_value=1.81409e-05 0.0027175 -0.00029323 0.00447897 -0.000384202 -0.000234556 -0.000476294 0.0012293 0 0.000550499 -0.00146153 -0.00163471 0.0022482
internal_weight=1696 174 1522 76 1473 1299 997 98 56 302 174 143 49
internal_count=1696 174 1522 76 1473 1299 997 98 56 302 174 143 49
is_linear=0
shrinkage=0.03


Tree=28
num_leaves=17
num_cat=0
split_feature=25 11 19 11 24 21 22 25 25 25 23 25 11 17 13 17
split_gain=1.51119 0.596027 0.364435 0.257651 0.2152 0.352478 0.187856 0.160197 0.150462 0.132851 0.304823 0.104682 0.0544044 0.0162171 0.00687635 0.00450904
threshold=1.070409487012377 0.77731750276298073 1.9033540898838728 0.24292582967965567 0.93304242433605922 0.40225822174158177 -0.330626522419805 0.63074570913180172 0.41709713112007885 3.1030931093066898 0.64038543199803544 0.55893785927540385 -1.0056097127696348 0.60426831681769377 0.034791805239495592 0.79303202134963968
decision_type=2 2 2 2 2 2 2 2 2 2 2 2 2 2 2 2
left_child=2 9 3 4 5 -1 11 -8 -6 10 12 -5 -2 -3 -11 -4
right_child=1 13 15 6 8 -7 7 -9 -10 14 -12 -13 -14 -15 -16 -17
leaf_value=0.00012350226639388018 0 0.0066117190071221061 0.0026404254490043967 -0.00051337374702561641 0 -0.0012043410076210609 -0.0011710446641975693 -0.0038536172669846563 0.0020118744272900665 0.0035398009205237029 0.002756574687228671 0.0012778625379981738 -0.0019745008614238187 0.0033868468410294989 0.0015945794213887139 0.0011454653937531553
leaf_weight=623 23 26 29 167 63 248 265 21 66 21 32 32 20 20 20 20
leaf_count=623 23 26 29 167 63 248 265 21 66 21 32 32 20 20 20 20
internal_value=1.84057e-05 0.00274834 -0.000272742 -0.000360245 -8.09265e-05 -0.000253978 -0.000925974 -0.00141636 0.001044 0.00149445 0.000643699 -0.000195784 -0.000940687 0.00556403 0.00283251 0.00218922
internal_weight=1696 162 1534 1485 1000 871 485 286 129 116 75 199 43 46 41 49
internal_count=1696 162 1534 1485 1000 871 485 286 129 116 75 199 43 46 41 49
is_linear=0
shrinkage=0.03


Tree=29
num_leaves=17
num_cat=0
split_feature=25 11 19 11 32 17 34 22 25 24 25 24 19 22 9 17
split_gain=1.43301 0.591089 0.348735 0.250265 0.170067 0.150703 0.138458 0.132424 0.100743 0.0754284 0.0752401 0.0576412 0.0752524 0.0515579 0.0145258 0.00381554
threshold=1.0226082581098062 0.77731750276298073 1.9033540898838728 -0.19348807879447383 0.089890259669171815 -0.19430054377066733 -0.16523769197985658 -0.330626522419805 0.65433074210512499 0.42811180055190129 -0.17608515357542301 -0.064195557637652792 0.45580321449303807 0.22569445809682107 0.77600748852277412 0.79303202134963968
decision_type=2 2 2 2 2 2 2 2 2 2 2 2 2 2 2 2
left_child=2 7 3 4 6 8 -1 11 -5 -9 -7 12 -2 -6 -3 -4
right_child=1 14 15 5 13 10 -8 9 -10 -11 -12 -13 -14 -15 -16 -17
leaf_value=0.0022050745643434986 -2.3742306046187867e-05 0.0064360499782808904 0.0025686388732865449 -0.0011286966911339003 -2.8427831949998751e-05 -0.00072328233265036266 0.00013259013241114433 -0.0011723576957035973 -0.0033374132094904779 0.001139426911432695 0 0.0030955099061523612 0.002181754497438669 -0.0016071214643743586 0.0032957668848659677 0.0011155836587042913
leaf_weight=28 21 26 29 199 32 353 564 20 21 25 215 35 27 61 20 20
leaf_count=28 21 26 29 199 32 353 564 20 21 25 215 35 27 61 20 20
internal_value=1.89526e-05 0.00257571 -0.000275869 -0.000362164 5.33215e-05 -0.000725967 0.000246279 0.00143093 -0.00139504 4.0411e-05 -0.000455595 0.00212223 0.00121339 -0.00111303 0.00541731 0.00213182
internal_weight=1696 174 1522 1473 685 788 592 128 220 45 568 83 48 93 46 49
internal_count=1696 174 1522 1473 685 788 592 128 220 45 568 83 48 93 46 49
is_linear=0
shrinkage=0.03


Tree=30
num_leaves=18
num_cat=0
split_feature=23 22 24 15 17 33 27 22 11 19 24 22 33 19 17 27 19
split_gain=0.496423 1.01537 0.782654 0.337685 0.293267 0.269123 0.263527 0.238897 0.183224 0.151764 0.101001 0.0683738 0.046735 0.0342727 0.0288826 0.0201281 0.00161893
threshold=-0.99264258076987422 -0.28994816500984905 -0.12731188561067255 1.3084871040772703 1.7740338499663417 -0.4486618022432009 -0.24625233877035443 -0.330626522419805 0.46952258039417183 0.11187076195954616 -1.2002894611520081 -0.048727597001064653 0.33626550276369566 0.099732469635210694 0.53850174955250152 -0.24492594424653466 -1.0008513778650241
decision_type=2 2 2 2 2 2 2 2 2 2 2 2 2 2 2 2 2
left_child=1 4 7 5 9 -4 -7 13 10 -1 11 -3 -9 -2 -10 -16 -12
right_child=2 8 3 -5 -6 6 -8 12 14 -11 16 -13 -14 -15 15 -17 -18
leaf_value=0.0062212903809390572 -0.0012597583223832769 0.00095836543443594824 0.0025255053098712644 0.0032807882066283904 0.00077028150480639714 0.00095308025236882032 -0.00036059823454833432 -0.0033129544433251751 -0.0013682141178777733 0.002423618209282202 0.0008585593326260214 -0.00015432173603615009 -0.0017181109483532895 0.00013732577623047222 -0.00092131585370668252 0.00022131982546074892 0.0020312627497557048
leaf_weight=35 21 75 32 25 25 160 854 79 54 25 20 126 49 36 20 26 34
leaf_count=35 21 75 32 25 25 160 854 79 54 25 20 126 49 36 20 26 34
internal_value=1.91396e-05 0.000884484 -0.000283009 2.75365e-05 0.00377089 -5.65185e-05 -0.000148162 -0.00206852 0.000159185 0.00487731 0.000592049 0.000254142 -0.00277866 -0.000364642 -0.000900584 -0.000240245 0.00171761
internal_weight=1696 440 1256 1071 85 1046 1014 185 355 60 255 201 128 57 100 46 54
internal_count=1696 440 1256 1071 85 1046 1014 185 355 60 255 201 128 57 100 46 54
is_linear=0
shrinkage=0.03


Tree=31
num_leaves=16
num_cat=0
split_feature=25 11 19 33 11 33 19 25 23 11 15 28 17 13 10
split_gain=1.30297 0.498247 0.316834 0.232677 0.26777 0.172551 0.15519 0.118562 0.270048 0.0488254 0.0236455 0.0480327 0.0136894 0.00872294 0.00342197
threshold=1.070409487012377 0.77731750276298073 1.9033540898838728 0.44135996096515023 -0.65614506857541322 -0.26146150433761867 1.0212687812896151 3.1030931093066898 0.64038543199803544 -1.0056097127696348 -0.14525998924458552 0.056240242875311479 0.60426831681769377 0.034791805239495592 0.39067036888187506
decision_type=2 2 2 2 2 2 2 2 2 2 2 2 2 2 2
left_child=2 7 3 4 6 -6 -1 8 9 -2 -5 -12 -3 -9 -4
right_child=1 12 14 10 5 -7 -8 13 -10 -11 11 -13 -14 -15 -16
leaf_value=0.0003047987005529215 0 0.0061064422531374573 0.002487295001625053 -0.0019467183043690101 -0.00055037758104865635 0.00050789712432494259 0.0022383843291626901 0.0033661867883056401 0.0025877315085348004 -0.001870201384851142 -0.0012934278031478503 7.5199712274803045e-05 0.0031040635999778042 0.0014608805135864276 0.0010912460538093
leaf_weight=186 23 26 28 54 915 158 46 21 32 20 102 24 20 20 21
leaf_count=186 23 26 28 54 915 158 46 21 32 20 102 24 20 20 21
internal_value=1.93222e-05 0.00255432 -0.0002509 -0.000332614 -0.000188981 -0.000390776 0.000724629 0.00140321 0.000597349 -0.000890812 -0.00133739 -0.00101379 0.00513225 0.00266793 0.00204415
internal_weight=1696 162 1534 1485 1305 1073 232 116 75 43 180 126 46 41 49
internal_count=1696 162 1534 1485 1305 1073 232 116 75 43 180 126 46 41 49
is_linear=0
shrinkage=0.03


Tree=32
num_leaves=17
num_cat=0
split_feature=25 11 19 11 33 28 17 22 19 24 22 24 22 17 24 17
split_gain=1.23683 0.494146 0.3032 0.220036 0.173578 0.245068 0.133768 0.114468 0.101717 0.0653546 0.0558264 0.0547245 0.0478069 0.0118136 0.00331048 0.00305127
threshold=1.0226082581098062 0.77731750276298073 1.9033540898838728 -0.21841523659712295 0.29727491001165363 -0.097526604167562897 -0.045420636648185485 -0.330626522419805 -0.007493235198609568 0.42811180055190129 1.091991842090217 -0.80896822771928567 0.22569445809682107 0.60426831681769377 -0.064195557637652792 0.79303202134963968
decision_type=2 2 2 2 2 2 2 2 2 2 2 2 2 2 2 2
left_child=2 7 3 4 5 -1 8 11 -5 -9 -8 -2 -6 -3 -13 -4
right_child=1 13 15 6 12 -7 10 9 -10 -11 -12 14 -14 -15 -16 -17
leaf_value=-5.378845484341986e-05 0.00048557170767050522 0.0059421999202720049 0.0024005314250243825 -0.00057432311590794899 -0.00013679753830268357 0.0014268965822089321 -0.00023234575701930882 -0.0010785536440899191 -0.0017694841439163914 0.0010717966682942848 -0.0011137625310570002 0.0014670806789903767 -0.0015261676118417239 0.0030230880414500185 0.0029271034699815666 0.0010305318057375109
leaf_weight=429 23 26 29 141 42 127 452 20 141 25 77 25 64 20 35 20
leaf_count=429 23 26 29 141 42 127 452 20 141 25 77 25 64 20 35 20
internal_value=2.00323e-05 0.00239543 -0.000253742 -0.000334333 6.74448e-05 0.000284902 -0.00066502 0.00134455 -0.00119477 4.59078e-05 -0.000371839 0.00198759 -0.0010221 0.00499704 0.00246521 0.00199075
internal_weight=1696 174 1522 1473 662 556 811 128 282 45 529 83 106 46 60 49
internal_count=1696 174 1522 1473 662 556 811 128 282 45 529 83 106 46 60 49
is_linear=0
shrinkage=0.03


Tree=33
num_leaves=20
num_cat=0
split_feature=23 31 24 28 24 11 23 28 23 20 33 14 11 24 33 23 33 15 27
split_gain=0.439966 0.750694 0.713436 0.302368 0.267809 0.300738 0.222596 0.205232 0.176235 0.153971 0.135453 0.204976 0.121701 0.112585 0.113181 0.0415471 0.0305154 0.0183766 0.0145528
threshold=-0.99264258076987422 -0.010671464158475879 -0.12731188561067255 -0.10596958133124064 0.93304242433605922 0.48939592347392397 -1.0070941561041034 0.15807238748431732 -0.54464374540876626 -0.098762452677859089 -0.35478315458749821 2.722817210469918 0.66992740146854568 0.024167301524574823 -0.35478315459247772 0.25741868564095932 0.24776416149824765 -0.22257013872732043 -0.2341504991051101
decision_type=2 2 2 2 2 2 2 2 2 2 2 2 2 2 2 2 2 2 2
left_child=1 7 10 13 8 -6 -3 9 -5 18 17 16 -11 15 -15 -4 -12 -2 -1
right_child=2 6 3 4 5 -7 -8 -9 -10 12 11 -13 -14 14 -16 -17 -18 -19 -20
leaf_value=-0.00061660813422252734 0 0.0018174221620283787 0.00097749853572743207 0.00076155199953887871 0.0013201645432500695 -0.00067077258947113882 0.005037407069417992 0.0025356351243157405 -0.00070946227057213697 0.00071970628567512057 -0.0034072725939062929 2.8508824153015241e-05 -0.00079104597031619045 0.00014507462656021945 0.0027548844725824892 -0.00037149816817448784 -0.0018321169775868341 -0.0010632425796382292 -0.0016884931285077562
leaf_weight=42 26 61 40 80 181 104 35 27 554 178 75 23 61 24 55 33 41 20 36
leaf_count=42 26 61 40 80 181 104 35 27 554 178 75 23 61 24 55 33 41 20 36
internal_value=2.01354e-05 0.000834869 -0.000264207 3.21553e-05 -0.000171176 0.000583811 0.00313875 0.000161701 -0.000516423 -5.29959e-05 -0.001969 -0.00243408 0.000316694 0.00126038 0.00203293 0.000337612 -0.00293597 -0.000439438 -0.00119258
internal_weight=1696 440 1256 1071 919 285 96 344 634 317 185 139 239 152 79 73 116 46 78
internal_count=1696 440 1256 1071 919 285 96 344 634 317 185 139 239 152 79 73 116 46 78
is_linear=0
shrinkage=0.03


Tree=34
num_leaves=19
num_cat=0
split_feature=25 11 33 20 11 21 11 25 33 21 25 23 11 14 28 28 9 10
split_gain=1.13131 0.42079 0.241246 0.21369 0.257695 0.151863 0.136879 0.12077 0.11952 0.119512 0.107539 0.233148 0.0434662 0.0272562 0.0365993 0.0253 0.0141034 0.0071962
threshold=1.070409487012377 0.77731750276298073 0.402133904171533 -0.11632714576722418 0.4997566734771195 1.6584212902972626 -0.33360844315170363 -0.18643117139668033 -0.28990655240724217 -0.87613782147880104 3.1030931093066898 0.64038543199803544 -1.0056097127696348 0.011118200207747059 0.047160729175402309 -0.095222743046501454 0.77600748852277412 0.15486999741973548
decision_type=2 2 2 2 2 2 2 2 2 2 2 2 2 2 2 2 2 2
left_child=2 10 3 6 5 -5 9 -6 -8 -1 11 12 -2 -4 15 -15 -3 -12
right_child=1 16 13 4 7 -7 8 -9 -10 -11 17 -13 -14 14 -16 -17 -18 -19
leaf_value=-0.001507381791028341 0 0.005677665160133921 -0.0017198783746107094 0.00060315808195750091 -0.001348351141613834 0.0025939262269473657 -0.00084387539354386569 0.00024887108886349193 0.00080683202302316199 0.00027198735915929151 0.0032223954216941543 0.0024023631976917387 -0.0017527050433032538 -0.00010470542957307771 0 -0.0014667886287594834 0.0028397848958392506 0.0014150604502065104
leaf_weight=35 23 26 76 313 85 38 455 76 39 306 20 32 20 22 29 60 20 21
leaf_count=35 23 26 76 313 85 38 455 76 39 306 20 32 20 22 29 60 20 21
internal_value=1.9845e-05 0.00238206 -0.00023183 -8.80663e-05 0.000390204 0.000847313 -0.000385256 -0.00058533 -0.000703437 6.90802e-05 0.00131993 0.000551222 -0.000827987 -0.00123386 -0.000838269 -0.00115324 0.00475444 0.00252447
internal_weight=1696 162 1534 1347 512 351 835 161 494 341 116 75 43 187 111 82 46 41
internal_count=1696 162 1534 1347 512 351 835 161 494 341 116 75 43 187 111 82 46 41
is_linear=0
shrinkage=0.03


Tree=35
num_leaves=14
num_cat=0
split_feature=25 16 19 22 32 13 15 17 28 17 8 29 27
split_gain=1.07271 0.31621 0.269414 0.224422 0.189627 0.209228 0.168903 0.167196 0.124088 0.113652 0.0193 0.0107545 0.00263593
threshold=1.0226082581098062 0.24143293077241587 1.9033540898838728 -0.44264886271650422 0.22231685262615383 -0.50648262860542903 1.6154974828764666 -0.19430054377066733 -0.094446260997002443 -0.5415071952287972 -0.78859496511275295 1.5833920254258973 -0.24568287732696401
decision_type=2 2 2 2 2 2 2 2 2 2 2 2 2
left_child=2 6 4 -3 5 8 9 -7 -1 -2 -6 -12 -4
right_child=1 3 12 -5 10 7 -8 -9 -10 -11 11 -13 -14
leaf_value=0.00012780332922789075 -0.00084389333786136212 0.0018809039447000844 0.0022705651321448385 0.0054034289200054972 -0.00045759507045064622 -0.0011488009324288995 0.0032351064345111018 -0.00018796199761781916 0.0015293599948157334 0.0013895520133199168 -0.0015907983682930059 -0.00062094277521563602 0.00096219939455066043
leaf_weight=226 38 44 29 35 38 207 20 790 76 37 106 30 20
leaf_count=226 38 44 29 35 38 207 20 790 76 37 106 30 20
internal_value=2.00389e-05 0.00223233 -0.000234804 0.00361869 -0.000310884 -0.000182193 0.000973366 -0.000393302 0.000501923 0.000230544 -0.00123531 -0.00141646 0.00188055
internal_weight=1696 174 1522 79 1473 1299 95 997 302 75 174 136 49
internal_count=1696 174 1522 79 1473 1299 95 997 302 75 174 136 49
is_linear=0
shrinkage=0.03


Tree=36
num_leaves=16
num_cat=0
split_feature=25 11 19 33 11 33 24 25 23 11 15 28 9 16 27
split_gain=1.01563 0.375401 0.252898 0.18559 0.221788 0.148084 0.133262 0.0965656 0.21486 0.0408394 0.0195983 0.0407502 0.0137948 0.00884324 0.0021144
threshold=1.070409487012377 0.77731750276298073 1.9033540898838728 0.44135996096515023 -0.65614506857541322 -0.27410956362039218 -1.5411176322063147 3.1030931093066898 0.64038543199803544 -1.0056097127696348 -0.14525998924458552 0.056240242875311479 0.77600748852277412 -0.051094099551326037 -0.24568287732696401
decision_type=2 2 2 2 2 2 2 2 2 2 2 2 2 2 2
left_child=2 7 3 4 6 -6 -1 8 9 -2 -5 -12 -3 -9 -4
right_child=1 12 14 10 5 -7 -8 13 -10 -11 11 -13 -14 -15 -16
leaf_value=-0.0011085204805713145 0 0.0053869100572734047 0.0022088340951595454 -0.0017454754323943664 -0.00050064205880619454 0.0004532335518272512 0.00094906300365319037 0.0030512285577133295 0.0023000290340577647 -0.0016966204355203839 -0.0011509180534200695 0.00010189116360723143 0.0026660959073544844 0.0012682166355662049 0.0009370985598019932
leaf_weight=29 23 26 29 54 904 169 203 21 32 20 102 24 20 20 20
leaf_count=29 23 26 29 54 904 169 203 21 32 20 102 24 20 20 20
internal_value=2.01237e-05 0.00225838 -0.000218245 -0.000291451 -0.000162914 -0.000346772 0.000668231 0.00125288 0.000521724 -0.000800143 -0.001189 -0.000892212 0.00450083 0.00239542 0.00183146
internal_weight=1696 162 1534 1485 1305 1073 232 116 75 43 180 126 46 41 49
internal_count=1696 162 1534 1485 1305 1073 232 116 75 43 180 126 46 41 49
is_linear=0
shrinkage=0.03


Tree=37
num_leaves=15
num_cat=0
split_feature=25 23 19 19 32 13 17 24 29 28 24 7 22 17
split_gain=0.964578 0.267295 0.242083 0.225942 0.171086 0.190454 0.155632 0.148338 0.160858 0.113957 0.0180723 0.0159444 0.0039141 0.00171322
threshold=1.0226082581098062 -0.63135319741414198 1.9033540898838728 0.2939528751856148 0.22231685262615383 -0.50648262860542903 -0.19430054377066733 -0.24092127596210808 -0.17677213635086178 -0.094446260997002443 0.2135162854436341 2.0281212780033528 -0.50471211496022927 0.79303202134963968
decision_type=2 2 2 2 2 2 2 2 2 2 2 2 2 2
left_child=2 3 4 -2 5 9 -7 -3 12 -1 11 -6 -9 -4
right_child=1 7 13 -5 10 6 -8 8 -10 -11 -12 -13 -14 -15
leaf_value=0.00012244302751552354 0.0050944250050932172 -0.00094921996129246854 0.0021497047048760578 0.0015501548591668583 -0.0014170048993454355 -0.0011013344044921852 -0.0001742459319611265 0.0015499176787738889 0 0.0014663383172098486 -0.00012013044098959019 -0.00029179542504251 0.00334588465342919 0.00091136799206066393
leaf_weight=226 37 23 29 39 132 207 790 20 31 76 20 22 24 20
leaf_count=226 37 23 29 39 132 207 790 20 31 76 20 22 24 20
internal_value=2.0466e-05 0.00211836 -0.000221101 0.00344156 -0.000293313 -0.00017095 -0.000372457 0.000990761 0.00163778 0.000481574 -0.00117149 -0.00128402 0.0027444 0.00178369
internal_weight=1696 174 1522 76 1473 1299 997 98 75 302 174 154 44 49
internal_count=1696 174 1522 76 1473 1299 997 98 75 302 174 154 44 49
is_linear=0
shrinkage=0.03


Tree=38
num_leaves=15
num_cat=0
split_feature=21 15 21 27 33 13 22 17 15 24 15 15 7 9
split_gain=0.558378 0.489772 0.249667 0.17281 0.167258 0.161801 0.108931 0.0903354 0.0786168 0.0273388 0.0142342 0.0128394 0.00204689 0.000366867
threshold=-1.4208457007640076 0.57680730212411624 1.8585180622795834 -0.19804589723593261 0.402133904171533 -0.74773339542362638 -0.330626522419805 0.76147971727297403 -0.20725015911062936 -1.4780013042332949 0.94111711172066614 -0.14525998924458552 0.75185463418793752 -0.39453261810081186
decision_type=2 2 2 2 2 2 2 2 2 2 2 2 2 2
left_child=1 7 4 10 5 8 -7 -1 -2 -5 -3 -6 -12 -13
right_child=2 3 -4 9 11 6 -8 -9 -10 -11 12 13 -14 -15
leaf_value=0.0043392411884851751 0 0.00036462798301616442 0.0021503904878161844 -0.0011848746182328861 -0.001683977879394414 -5.1141013317541104e-05 -0.0006690548728969434 0.0014041696727217637 0.0011557882145818569 0 0.0010287325777478414 -0.00043846479172685319 0.002111021573241386 -0.0010385012581914741
leaf_weight=45 107 20 37 38 56 685 420 21 109 24 34 32 24 44
leaf_count=45 107 20 37 38 56 685 420 21 109 24 34 32 24 44
internal_value=2.0526e-05 0.00147439 -0.000181027 0.000420726 -0.000246765 -0.000141072 -0.000289887 0.00355049 0.000600075 -0.000712052 0.0013512 -0.00125563 0.00160755 -0.000850074
internal_weight=1696 206 1490 140 1453 1321 1105 66 216 62 78 132 58 76
internal_count=1696 206 1490 140 1453 1321 1105 66 216 62 78 132 58 76
is_linear=0
shrinkage=0.03


Tree=39
num_leaves=15
num_cat=0
split_feature=25 16 19 22 33 13 33 15 19 17 15 24 8 17
split_gain=0.873002 0.259194 0.224227 0.182323 0.154093 0.192814 0.165579 0.151706 0.138183 0.09709 0.0246441 0.0293974 0.0117612 0.000399635
threshold=1.0226082581098062 0.24143293077241587 1.9033540898838728 -0.44264886271650422 0.33626550276369566 -0.50648262860542903 -0.27410956362039218 1.6154974828764666 1.0212687812896151 -0.5415071952287972 0.38064611512802643 -1.4780013042332949 0.4910191412177764 0.79303202134963968
decision_type=2 2 2 2 2 2 2 2 2 2 2 2 2 2
left_child=2 7 4 12 5 8 -7 9 -1 -2 -6 -12 -3 -4
right_child=1 3 13 -5 10 6 -8 -9 -10 -11 11 -13 -14 -15
leaf_value=0.00019540733168832956 -0.00081989085038828582 0.0022251545602662696 0.0020610930196708066 0.0048860973974591809 -0.0013631660917383273 -0.00053271561785451886 0.00049223419230399622 0.0030140685487700541 0.0019119860521464979 0.0012455523026408627 -0.0011519293106706221 0 0.00072176225188946852 0.00089033663507712916
leaf_weight=240 38 24 29 35 114 819 166 20 50 37 38 46 20 20
leaf_count=240 38 24 29 35 114 819 166 20 50 37 38 46 20 20
internal_value=2.03822e-05 0.00201628 -0.000209346 0.00327258 -0.000278919 -0.000154057 -0.000355976 0.000872757 0.000518154 0.000169315 -0.00105373 -0.000566771 0.00169531 0.00171986
internal_weight=1696 174 1522 79 1473 1275 985 95 290 75 198 84 44 49
internal_count=1696 174 1522 79 1473 1275 985 95 290 75 198 84 44 49
is_linear=0
shrinkage=0.03


Tree=40
num_leaves=20
num_cat=0
split_feature=21 15 23 27 11 21 22 27 21 21 22 22 24 17 13 27 11 24 11
split_gain=0.504054 0.439367 0.312304 0.155717 0.152391 0.210911 0.148486 0.138684 0.133969 0.14347 0.111258 0.109547 0.109338 0.081844 0.0712263 0.0377251 0.0300931 0.0246107 0.0140257
threshold=-1.4208457007640076 0.57680730212411624 0.44528916498594001 -0.19804589723593261 -0.11548113485054924 0.40225822174158177 1.9414270535068654 -0.24625233812090391 1.8251686002825298 0.17992847509455867 -0.330626522419805 1.091991842090217 -1.3138988515034435 0.76147971727297403 -0.30651704128736162 -0.24625233876284444 -0.9010961044653214 -1.4780013042332949 -0.20427070992825955
decision_type=2 2 2 2 2 2 2 2 2 2 2 2 2 2 2 2 2 2 2
left_child=1 13 4 16 5 12 8 10 9 -4 -6 -9 -2 -1 -8 -7 -3 -5 -18
right_child=2 3 6 17 7 15 14 11 -10 -11 -12 -13 -14 -15 -16 -17 18 -19 -20
leaf_value=0.0041205710624344647 -0.00054670418110779582 0.0021975297642250853 0.0016271382934850409 -0.0011199000645428893 -0.00090096363686357757 0 0.00043175455459859222 -0.00038603456447982345 0.0023891671328590464 0.00017235459707384522 -0.0031911040136008524 -0.0021148213196832398 0.00056704827970039133 0.0013194999701663618 -0.0013519075150575694 -0.0011163364772143883 0.00019824064264897361 0 0.0013224317751592024
leaf_weight=45 105 24 77 38 53 34 27 298 36 288 37 36 281 21 51 167 33 24 21
leaf_count=45 105 24 77 38 53 34 27 298 36 288 37 36 281 21 51 167 33 24 21
internal_value=2.07286e-05 0.00140213 -0.000170681 0.00040272 -0.00047069 -0.000150012 0.000455298 -0.000903449 0.000691841 0.000498169 -0.00194729 -0.00059844 0.000254493 0.00336892 -0.000704326 -0.000933848 0.00128652 -0.000671068 0.00073465
internal_weight=1696 206 1490 140 1011 587 479 424 401 365 90 334 386 66 78 201 78 62 54
internal_count=1696 206 1490 140 1011 587 479 424 401 365 90 334 386 66 78 201 78 62 54
is_linear=0
shrinkage=0.03


Tree=41
num_leaves=23
num_cat=0
split_feature=23 22 23 22 11 17 23 22 11 11 19 19 22 27 10 20 32 32 17 27 22 19
split_gain=0.338269 0.541828 0.394024 0.471593 0.20481 0.184788 0.143789 0.140065 0.130601 0.101893 0.0948837 0.0930769 0.0909295 0.0828069 0.0710255 0.0701184 0.0387686 0.0345332 0.0192642 0.0177992 0.015554 0.0123518
threshold=-0.99264258076987422 -0.28994816500984905 0.44528916498594001 -0.330626522419805 -1.0056097127696348 1.7740338499663417 0.16348344596846884 1.9414270535068654 0.46952258039417183 -0.55409647179202548 0.88875316407822214 0.077477903427718292 1.7571718716139511 -0.13165511265382876 -0.30426680106157178 -0.34285199377587777 0.03171496740298186 0.03171496740298186 0.53850174955250152 -0.24492594424653466 1.6718937213110736 1.555375276901884
decision_type=2 2 2 2 2 2 2 2 2 2 2 2 2 2 2 2 2 2 2 2 2 2
left_child=1 5 3 4 13 11 -6 9 15 20 17 -1 -11 -2 -9 -3 -17 -5 -10 -20 -4 -12
right_child=2 8 7 10 6 -7 -8 14 18 12 21 -13 -14 -15 -16 16 -18 -19 19 -21 -22 -23
leaf_value=0.004817840576977343 0.0021917514939815167 -0.00071753641089890156 0.00092967413154687606 -0.0029131054930319942 -0.00010719644932457109 0.00046045091576005296 -0.001232513619432698 0.00045087707703933116 -0.001071438711112071 0.00068137549729001647 -0.0012193537518260594 0.0018353046338106022 -0.00058404419540893278 -1.9149138946491082e-05 -0.001330703399454554 0.00090158011309573181 -0.00019121180263708434 -0.001433985432361563 -0.00079820785713989454 0.00028646767727633261 0.0024311278285458681 -0.00017317074257880449
leaf_weight=34 38 29 26 78 393 25 139 27 54 289 43 26 57 20 51 198 28 42 20 26 29 24
leaf_count=34 38 29 26 78 393 25 139 27 54 289 43 26 57 20 51 198 28 42 20 26 29 24
internal_value=2.03791e-05 0.000734949 -0.00022872 -0.000646541 -0.000220987 0.00284519 -0.000412087 0.000442622 0.000201692 0.000672464 -0.00194872 0.00372197 0.000461086 0.00141674 -0.000683107 0.000567166 0.000752358 -0.00246741 -0.000690517 -0.000143902 0.00185787 -0.000910941
internal_weight=1696 440 1256 777 590 85 532 479 355 401 187 60 346 58 78 255 226 120 100 46 55 67
internal_count=1696 440 1256 777 590 85 532 479 355 401 187 60 346 58 78 255 226 120 100 46 55 67
is_linear=0
shrinkage=0.03


Tree=42
num_leaves=21
num_cat=0
split_feature=21 14 23 11 21 21 13 20 27 33 24 19 19 22 11 24 23 21 19 27
split_gain=0.454283 0.362613 0.279398 0.13795 0.190882 0.134596 0.179759 0.167657 0.122787 0.1564 0.104617 0.101235 0.17026 0.0960922 0.0773814 0.0542168 0.0466032 0.0432621 0.0355738 0.0193166
threshold=-1.4208457007640076 1.0728354982186274 0.44528916498594001 -0.11548113485054924 0.40225822174158177 0.17992847509455867 -0.48539401354635497 0.4433220977156786 -0.24625233812090391 -0.35478315458749821 0.45335833174110912 -0.78235284098217694 0.2939528751856148 1.091991842090217 -1.3063525130845584 0.75631670601160395 -0.99264258076987422 -0.43147832818475479 -0.81876926463895561 -0.19550871610254086
decision_type=2 2 2 2 2 2 2 2 2 2 2 2 2 2 2 2 2 2 2 2
left_child=1 11 3 4 10 17 15 -8 9 -5 -2 -1 -13 -10 -3 -7 19 -4 -6 -16
right_child=2 14 5 8 18 6 7 -9 13 -11 -12 12 -14 -15 16 -17 -18 -19 -20 -21
leaf_value=0.00085053389419320136 0.00011124187979205487 0.001460590568371117 0.00015398789098000396 -0.000814193578716402 -0.00010438522334656086 0 -0.00050530771388160073 0.0011702998608816414 -0.00036974934581976589 -0.0035426092364571307 0.0022143713760635125 0.0042745773686056442 0.0012077895245686369 -0.0019915153814049867 0.00070708457428111655 0.0017860061246496829 -0.0014694144948674687 0.0019708663099911065 -0.0011120391127142696 -0.00044293233272619544
leaf_weight=34 366 20 20 60 49 24 247 65 298 30 20 44 35 36 20 66 26 57 152 27
leaf_count=34 366 20 20 60 49 24 247 65 298 30 20 44 35 36 20 66 26 57 152 27
internal_value=1.97251e-05 0.00133123 -0.000161898 -0.000445739 -0.000140365 0.000430012 0.000196227 -0.000138878 -0.000857527 -0.00184086 0.000244161 0.00245061 0.00304636 -0.000569625 -3.17131e-05 0.00135719 -0.000521553 0.00155992 -0.000886246 0
internal_weight=1696 206 1490 1011 587 479 402 312 424 90 386 113 79 334 93 90 73 77 201 47
internal_count=1696 206 1490 1011 587 479 402 312 424 90 386 113 79 334 93 90 73 77 201 47
is_linear=0
shrinkage=0.03


Tree=43
num_leaves=16
num_cat=0
split_feature=25 11 19 11 24 21 25 22 25 15 22 24 25 9 28
split_gain=0.717105 0.269757 0.189656 0.144847 0.145256 0.23679 0.11718 0.113311 0.125893 0.0759043 0.150234 0.105397 0.0685873 0.0151353 0.000693954
threshold=1.0226082581098062 0.77731750276298073 1.9033540898838728 0.24292582967965567 0.93304242433605922 0.36890875974452825 0.41709713112007885 -0.3508872724151248 0.63074570913180172 1.7054715828692653 -0.37773603402182293 0.28925587901125782 0.55893785927540385 0.77600748852277412 -0.10591673197827733
decision_type=2 2 2 2 2 2 2 2 2 2 2 2 2 2 2
left_child=2 9 3 4 5 -1 -6 12 -9 10 -2 -12 -5 -3 -4
right_child=1 13 14 7 6 -7 -8 8 -10 -11 11 -13 -14 -15 -16
leaf_value=0.00013724457575248799 0.0017559388757088323 0.0045518143117941655 0.0019096781630069015 -0.00035391473562022753 -6.268812195313245e-06 -0.00093983053881986048 0.0017368929948981687 -0.00083723883924668064 -0.0031962532976176584 0.002546300652607057 -0.0019824636859702878 0.00055585212888399833 0.0011374748871577057 0.0021393120839746423 0.0007965527917460902
leaf_weight=602 51 26 29 162 63 259 66 270 21 23 21 33 30 20 20
leaf_count=602 51 26 29 162 63 259 66 270 21 23 21 33 30 20 20
internal_value=1.95332e-05 0.0018286 -0.000188509 -0.000252647 -4.10582e-05 -0.00018542 0.00088206 -0.000677234 -0.00104856 0.00104165 0.000622706 -0.000431025 -9.15859e-05 0.00375932 0.0015852
internal_weight=1696 174 1522 1473 990 861 129 483 291 128 105 54 192 46 49
internal_count=1696 174 1522 1473 990 861 129 483 291 128 105 54 192 46 49
is_linear=0
shrinkage=0.03


Tree=44
num_leaves=16
num_cat=0
split_feature=25 11 19 11 24 21 25 22 25 25 15 23 22 9 10
split_gain=0.67909 0.255752 0.179803 0.137477 0.123814 0.21604 0.107086 0.100823 0.139453 0.0746502 0.0719466 0.143714 0.0797892 0.0135363 0.000717581
threshold=1.0226082581098062 0.77731750276298073 1.9033540898838728 0.10434720197164277 0.93304242433605922 0.36890875974452825 0.41709713112007885 -0.330626522419805 0.63074570913180172 0.49723962375886771 2.7644405003068973 0.64038543199803544 -0.37773603402182293 0.77600748852277412 0.39067036888187506
decision_type=2 2 2 2 2 2 2 2 2 2 2 2 2 2 2
left_child=2 10 3 4 5 -1 -6 9 -9 -5 11 12 -2 -3 -4
right_child=1 13 14 7 6 -7 -8 8 -10 -11 -12 -13 -14 -15 -16
leaf_value=0.00016640252897242192 0.0011136286604404449 0.0044293862301213989 0.0018799164752445873 -0.00037238921101879211 -4.1752404115837191e-05 -0.00089367177203636058 0.0017040891681439601 -0.00074680947024053518 -0.0030004272154885631 0.0010537213976136764 0.0025965149801062499 0.0019459175049016872 -0.0009662906355459857 0.0020835039276913131 0.0007922355578630231
leaf_weight=561 22 26 28 198 55 245 62 290 26 36 20 42 44 20 21
leaf_count=561 22 26 28 198 55 245 62 290 26 36 20 42 44 20 21
internal_value=1.96333e-05 0.00178014 -0.000182772 -0.00024527 -1.77488e-05 -0.000154239 0.000877868 -0.000619498 -0.000968111 -0.000129768 0.00101306 0.000630553 -0.000211231 0.00366067 0.00154406
internal_weight=1696 174 1522 1473 923 806 117 550 316 234 128 108 66 46 49
internal_count=1696 174 1522 1473 923 806 117 550 316 234 128 108 66 46 49
is_linear=0
shrinkage=0.03


Tree=45
num_leaves=16
num_cat=0
split_feature=25 11 19 11 33 28 17 19 15 23 19 33 22 17 17
split_gain=0.643759 0.242188 0.170483 0.129762 0.106913 0.171228 0.0894764 0.0815807 0.0681411 0.135652 0.0775127 0.0405831 0.0319561 0.00746088 0.000649451
threshold=1.0226082581098062 0.77731750276298073 1.9033540898838728 -0.21841523659712295 0.24776416149824765 -0.098153584928633422 -0.045420636648185485 -0.007493235198609568 2.7644405003068973 0.64038543199803544 0.45580321449303807 -0.27410956362039218 0.22569445809682107 0.60426831681769377 0.79303202134963968
decision_type=2 2 2 2 2 2 2 2 2 2 2 2 2 2 2
left_child=2 8 3 4 5 -1 7 -5 9 10 -2 -8 -6 -3 -4
right_child=1 13 14 6 12 -7 11 -9 -10 -11 -12 -13 -14 -15 -16
leaf_value=-3.7632324146128655e-05 -0.0016168658750830216 0.0042785582565541928 0.0018156758069526402 -0.00037356447583200249 -6.779098413214657e-05 0.0012042766596037668 -0.00040798287666323385 -0.0014370214340257614 0.0025287798147486601 0.001891431807912886 0.00045354888049041616 0.00017688801580505688 -0.0011695954199961345 0.002069111819898788 0.00074396521502943791
leaf_weight=424 21 26 29 141 46 126 393 141 20 42 45 136 66 20 20
leaf_count=424 21 26 29 141 46 126 393 141 20 42 45 136 66 20 20
internal_value=1.98253e-05 0.00173395 -0.000177198 -0.000238103 6.95622e-05 0.000246442 -0.000492258 -0.000925349 0.00098658 0.000613333 -0.000203398 -0.00025183 -0.000756729 0.00356465 0.00150409
internal_weight=1696 174 1522 1473 662 550 811 282 128 108 66 529 112 46 49
internal_count=1696 174 1522 1473 662 550 811 282 128 108 66 529 112 46 49
is_linear=0
shrinkage=0.03


Tree=46
num_leaves=17
num_cat=0
split_feature=25 11 33 20 11 34 24 25 33 15 33 23 15 8 28 9
split_gain=0.610642 0.217847 0.149095 0.160585 0.193966 0.13248 0.147484 0.0919081 0.0898647 0.0652504 0.0905025 0.0563964 0.0246424 0.0182681 0.0138788 0.0120931
threshold=1.070409487012377 0.77731750276298073 0.29727491001165363 -0.11632714576722418 0.4997566734771195 -0.15786902835989344 -0.15255841679988044 -0.18643117139668033 -0.071698691071032175 1.7054715828692653 -0.35478315458749715 -0.63135319741414198 -0.14525998924458552 -0.66859194664613397 0.025737447493616943 0.77600748852277412
decision_type=2 2 2 2 2 2 2 2 2 2 2 2 2 2 2 2
left_child=2 9 3 5 8 -1 -7 -6 -5 10 -2 -12 -4 -14 -15 -3
right_child=1 15 12 4 7 6 -8 -9 -10 -11 11 -13 13 14 -16 -17
leaf_value=0.0014864960527845791 0.0019816617859926607 0.0042043149461006299 -0.0014661017468731315 0.0009514550800154033 -0.0011390338060816496 -0.0013425337042295253 -0.00020528369988728729 0.00025190892222461212 -0.00048660685555727845 0.0023571833109554759 0.0011886774919846136 -0.00059835120048100019 0 -0.0010300588644451898 -0.0001390333680092761 0.00196364726923892
leaf_weight=32 25 26 60 305 85 121 672 76 40 23 20 48 32 80 31 20
leaf_count=32 25 26 60 305 85 121 672 76 40 23 20 48 32 80 31 20
internal_value=1.9816e-05 0.00175567 -0.000164618 -4.58946e-05 0.000370904 -0.000305572 -0.000386986 -0.00047155 0.000773345 0.000979806 0.000544898 -2.48351e-06 -0.000916482 -0.000639937 -0.000817737 0.0034712
internal_weight=1696 162 1534 1331 506 825 793 161 345 116 93 68 203 143 111 46
internal_count=1696 162 1534 1331 506 825 793 161 345 116 93 68 203 143 111 46
is_linear=0
shrinkage=0.03


Tree=47
num_leaves=19
num_cat=0
split_feature=25 11 24 25 22 22 15 15 17 25 31 14 27 14 9 21 17 25
split_gain=0.580096 0.216737 0.134458 0.316222 0.164315 0.151203 0.113413 0.0613676 0.125963 0.0601435 0.0575271 0.0341836 0.0280645 0.0190727 0.0107262 0.00796037 0.0044902 0.00185577
threshold=1.0226082581098062 0.77731750276298073 0.93304242433605922 0.089774015200715832 1.091991842090217 0.76755841313291806 -0.23362215515910686 1.7054715828692653 -0.5415071952287972 0.41709713112007885 -0.010672105487522123 0.23452220773733726 -0.20033391803265188 0.085832728632426525 0.77600748852277412 0.86359244603415453 0.60426831681769377 -0.11552168315953781
decision_type=2 2 2 2 2 2 2 2 2 2 2 2 2 2 2 2 2 2
left_child=2 7 4 10 5 6 -1 8 -2 11 -4 -5 -7 -10 -3 -6 -11 -12
right_child=1 14 3 9 15 12 -8 -9 13 16 17 -13 -14 -15 -16 -17 -18 -19
leaf_value=-0.00051381946593565214 -0.00073694674101964814 0.0040912332953564048 0.0002011741157621145 3.2625679522683253e-05 -0.0016142490457444053 0.00019112219399987503 0.00011807261858682146 0.0022946273214183746 0.0017283480614018829 0.001779593885545226 -0.0016874684210633859 0.0013016208077390346 0.0017019089358608897 0.00040395332769387299 0.0019124217053227447 -0.00053917302179615938 0.00069874339527703575 -0.00070244492594618354
leaf_weight=684 38 26 21 64 81 23 395 23 43 80 45 28 38 24 20 21 20 22
leaf_count=684 38 26 21 64 81 23 395 23 43 80 45 28 38 24 20 21 20 22
internal_value=1.95875e-05 0.00164682 -0.00016735 0.000419018 -0.000302643 -0.000194448 -0.000280038 0.000937834 0.00055737 0.00110417 -0.00103002 0.000479328 0.0012148 0.00133444 0.00338023 -0.00144321 0.0016192 -0.00145085
internal_weight=1696 174 1522 280 1242 1140 1079 128 105 192 88 92 61 67 46 102 100 67
internal_count=1696 174 1522 280 1242 1140 1079 128 105 192 88 92 61 67 46 102 100 67
is_linear=0
shrinkage=0.03


Tree=48
num_leaves=16
num_cat=0
split_feature=21 15 21 33 20 32 11 27 17 15 19 11 24 8 15
split_gain=0.343079 0.294975 0.162293 0.124884 0.207044 0.149185 0.125683 0.114995 0.0667812 0.0333584 0.0294328 0.0198261 0.0274053 0.00947268 2.6019e-05
threshold=-1.4208457007640076 0.57680730212411624 1.8585180622795834 -0.071698691071032175 -0.62752211732932583 -0.20740150660247875 -0.61721905672415123 -0.19804589723593261 0.82587102393202072 -0.14525998924458552 -0.74189006395786017 -0.9010961044653214 -1.3265221170980475 0.2499028477049075 -0.053642205107253628
decision_type=2 2 2 2 2 2 2 2 2 2 2 2 2 2 2
left_child=1 8 3 5 -5 6 -2 11 -1 -6 13 -3 -13 -9 -7
right_child=2 7 -4 4 9 14 -8 10 -10 -11 -12 12 -14 -15 -16
leaf_value=0.0034148301428982191 0.00051879976623044619 0.0018554238525943622 0.0017407451958395541 0.0012085833008847354 -0.0017431247799629894 0.0017113490974640143 -0.00029011943375258152 -0.00027712339628487823 0.00091237439320463202 -0.00079255502855826786 0.0002301695663684412 0.001233776970781506 0 -0.0014705532494187353 0.0007613501740205619
leaf_weight=46 205 24 37 33 82 31 978 20 20 100 20 28 26 22 24
leaf_count=46 205 24 37 33 82 31 978 20 20 100 20 28 26 22 24
internal_value=1.98825e-05 0.00115978 -0.000137719 -0.000191102 -0.00085454 -7.16797e-05 -0.000146456 0.000336248 0.00277263 -0.00125837 -0.000582212 0.00109787 0.00062861 -0.00102528 0.00140935
internal_weight=1696 206 1490 1453 215 1238 1183 140 66 182 62 78 54 42 55
internal_count=1696 206 1490 1453 215 1238 1183 140 66 182 62 78 54 42 55
is_linear=0
shrinkage=0.03


Tree=49
num_leaves=16
num_cat=0
split_feature=25 11 33 20 11 34 24 25 33 15 23 23 15 8 23
split_gain=0.529236 0.196292 0.127732 0.143031 0.172024 0.12109 0.108699 0.0856525 0.0789134 0.0542615 0.11583 0.0727545 0.0191958 0.0168394 0.0125772
threshold=1.0226082581098062 0.8343649256905501 0.29727491001165363 -0.11632714576722418 0.4997566734771195 -0.15309955015650667 -0.15255841679988044 -0.18643117139668033 -0.071698691071032175 2.7644405003068973 0.64038543199803544 -0.63135319741414198 -0.14525998924458552 -0.66859194664613397 -0.99264258076987422
decision_type=2 2 2 2 2 2 2 2 2 2 2 2 2 2 2
left_child=2 9 3 5 8 -1 -7 -6 -5 10 11 -2 -4 -14 -15
right_child=1 -3 12 4 7 6 -8 -9 -10 -11 -12 -13 13 14 -16
leaf_value=0.001260790156067482 0.001045184049134453 0.0032741905498774129 -0.0013481765372257324 0.00089497755201791373 -0.0010910355666207826 -0.0012182192809874323 -0.00022342073015021245 0.00025113485481507509 -0.00045041708536662685 0.0023031281747895736 0.0017694252795229354 -0.00089489094798819735 0 -0.00035104715997586025 -0.0011251219845241727
leaf_weight=39 24 44 60 303 85 117 659 76 40 20 42 44 32 57 54
leaf_count=39 24 44 60 303 85 117 659 76 40 20 42 44 32 57 54
internal_value=1.99327e-05 0.00157426 -0.000158543 -4.75143e-05 0.000345806 -0.000294789 -0.000381375 -0.000446168 0.000726865 0.00091546 0.000582161 -0.000152675 -0.000854192 -0.000602935 -0.000773638
internal_weight=1696 174 1522 1319 504 815 776 161 343 130 110 68 203 143 111
internal_count=1696 174 1522 1319 504 815 776 161 343 130 110 68 203 143 111
is_linear=0
shrinkage=0.03


Tree=50
num_leaves=20
num_cat=0
split_feature=25 11 25 24 24 22 24 25 22 22 25 34 11 22 24 25 10 17 17
split_gain=0.501386 0.175402 0.125114 0.253663 0.167159 0.123915 0.241606 0.1817 0.117099 0.116108 0.160111 0.116407 0.0474192 0.0864374 0.0595449 0.0370856 0.0341004 0.0138562 0.00294011
threshold=1.070409487012377 0.8343649256905501 -0.1548079133348372 0.61746078447096053 0.93304242433605922 -0.330626522419805 -0.56912618142181071 0.64424696092625944 1.9414270535068654 0.12007712908896469 -0.28234896580229657 -0.12712392442932999 -1.7124538825813709 -0.37773603402182293 0.31450241020046571 0.41709713112007885 -0.52595163625915908 0.62189154509932509 -0.17102897276224208
decision_type=2 2 2 2 2 2 2 2 2 2 2 2 2 2 2 2 2 2 2
left_child=2 12 3 9 5 7 -7 -4 15 11 -11 -1 -2 17 -15 -6 -10 -14 -5
right_child=1 -3 4 18 8 6 -8 -9 16 10 -12 -13 13 14 -16 -17 -18 -19 -20
leaf_value=0.00025186391499273876 0.0021018041916764699 0.0031822346126700336 -0.00025355916965731954 -0.0021949502211873946 0.00061594773452664008 0.00098405251086556471 -0.0016933357367804722 0.0013535768241700098 0.00049701825410127637 -0.001104632785765543 0.0010825520075125883 -0.0010731143585770674 0.0018291015657596289 -0.0014642635914497075 0.00055396310684995519 0.001602056339653761 -0.00087655827485723413 0.00046683889010455459 -0.0013087208016830331
leaf_weight=427 23 44 259 43 83 39 101 80 22 186 32 66 29 21 24 94 37 21 65
leaf_count=427 23 44 259 43 83 39 101 80 22 186 32 66 29 21 24 94 37 21 65
internal_value=1.94487e-05 0.0015925 -0.000147507 -0.000400962 0.000139097 -0.000178138 -0.000921515 0.000125481 0.000789682 -0.000187156 -0.000759666 6.30173e-05 0.000910719 0.000536225 -0.000358028 0.00117428 -0.000316724 0.00137237 -0.00173838
internal_weight=1696 162 1534 819 715 479 140 339 236 711 218 493 118 95 45 177 59 50 108
internal_count=1696 162 1534 819 715 479 140 339 236 711 218 493 118 95 45 177 59 50 108
is_linear=0
shrinkage=0.03


Tree=51
num_leaves=17
num_cat=0
split_feature=25 11 19 11 17 21 24 25 25 25 11 22 24 9 17 27
split_gain=0.47475 0.165077 0.13372 0.107764 0.0997903 0.0885413 0.170892 0.126271 0.0721969 0.0642969 0.046882 0.0780743 0.0565084 0.0135534 0.00818425 0.00130052
threshold=1.070409487012377 0.77731750276298073 1.9033540898838728 -0.11548113485054924 -0.19430054377066733 0.36890875974452825 0.98984711951177717 -0.51121016518724693 0.65433074210512499 -0.17608515357542301 -1.7124538825813709 -0.37773603402182293 0.31450241020046571 0.77600748852277412 0.62189154509932509 -0.24568287732696401
decision_type=2 2 2 2 2 2 2 2 2 2 2 2 2 2 2 2
left_child=2 10 3 5 8 7 -7 -1 -5 -6 -2 14 -13 -3 -12 -4
right_child=1 13 15 4 9 6 -8 -9 -10 -11 11 12 -14 -15 -16 -17
leaf_value=-0.00021335710280057549 0.0020460254957971086 0.0037342276991955163 0.0016419517239555715 -0.00077558306409962106 -0.00049736672001759043 -0.00080264680057319179 0.00078186397475760053 0.0007578826367425649 -0.0026111263293027874 0.00017773212786757056 0.0017006552600331844 -0.0014258266934193669 0.00053919075791620554 0.0016539035704310819 0.00048529279146991344 0.00062734095098288813
leaf_weight=218 23 26 29 180 315 214 81 254 22 201 28 21 24 20 20 20
leaf_count=218 23 26 29 180 315 214 81 254 22 201 28 21 24 20 20 20
internal_value=1.92653e-05 0.00155 -0.000143147 -0.000196901 -0.000460631 4.69171e-05 -0.000354019 0.000304471 -0.00102541 -0.000229105 0.000869051 0.000491879 -0.000347119 0.0030476 0.00131141 0.0013456
internal_weight=1696 162 1534 1485 718 767 295 472 202 516 116 93 45 46 48 49
internal_count=1696 162 1534 1485 718 767 295 472 202 516 116 93 45 46 48 49
is_linear=0
shrinkage=0.03


Tree=52
num_leaves=18
num_cat=0
split_feature=25 11 33 33 25 24 22 33 24 15 17 22 24 15 8 17 24
split_gain=0.451221 0.17897 0.110289 0.123201 0.199348 0.180134 0.177982 0.236062 0.165483 0.0846644 0.0537078 0.0459986 0.0264621 0.0175546 0.0157464 0.0120998 0.0072739
threshold=0.98266101537437833 0.037367252620044061 0.29727491001165363 -0.27410956362039218 -0.086845850267277314 -0.13993515120527647 0.31771747743039952 -0.13903810121364096 0.56696772209254476 1.7054715828692653 -0.57971302678896985 -0.44264886271650422 0.18826975425442619 -0.14525998924458552 -0.66859194664613397 0.36970107898216986 -1.4780013042332949
decision_type=2 2 2 2 2 2 2 2 2 2 2 2 2 2 2 2 2
left_child=2 9 3 4 8 -6 15 -8 -1 10 -2 -3 -12 -4 -15 -5 -16
right_child=1 11 13 6 5 -7 7 -9 -10 -11 12 -13 -14 14 16 -17 -18
leaf_value=-0.0002627296686954121 -0.00074425434862048585 0.0014773368876028273 -0.0012665272932499646 0.0019247512638720932 -0.0011628619432656655 0.00043026005612832341 0.00074597849272540757 -0.0019824089054441586 -0.0014675462735928401 0.0020594702216151814 0 0.0033959005977958444 0.0013973786765351316 0 -0.0012131325653228428 0.00097553538392954075 -0.00048171251484864324
leaf_weight=395 36 39 60 46 70 480 77 41 141 23 23 36 23 32 28 63 83
leaf_count=395 36 39 60 46 70 480 77 41 141 23 23 36 23 32 28 63 83
internal_value=1.93135e-05 0.00142814 -0.000148477 -4.4693e-05 -0.000179951 0.000216866 0.000583263 -0.000202874 -0.000591638 0.000563537 5.07741e-05 0.0025319 0.000741668 -0.000794761 -0.000554312 0.00144373 -0.0007196
internal_weight=1696 180 1516 1313 1086 550 227 118 536 105 82 75 46 203 143 109 111
internal_count=1696 180 1516 1313 1086 550 227 118 536 105 82 75 46 203 143 109 111
is_linear=0
shrinkage=0.03


Tree=53
num_leaves=20
num_cat=0
split_feature=25 16 25 21 24 22 22 23 25 24 32 22 15 31 20 23 10 22 10
split_gain=0.427426 0.109014 0.108917 0.264805 0.147739 0.108853 0.108684 0.215593 0.166418 0.104676 0.104083 0.0977776 0.0814416 0.0574193 0.0499974 0.0436777 0.0315051 0.00506293 0.000724439
threshold=1.070409487012377 0.24143293077241587 -0.1548079133348372 0.49119012040039106 0.93304242433605922 1.9414270535068654 -0.330626522419805 -0.86980419042892521 0.64424696092625944 -1.5537408978009186 -0.32065312716342514 -0.44264886271650422 1.6154974828764666 -0.015429030571889069 0.80491381262561057 0.52477282932420122 -0.52595163625915908 -0.74752740006541807 0.84237607238644896
decision_type=2 2 2 2 2 2 2 2 2 2 2 2 2 2 2 2 2 2 2
left_child=2 12 3 9 6 15 8 -8 -4 13 -11 -3 14 -1 -2 -6 -7 -5 -19
right_child=1 11 4 17 5 16 7 -9 -10 10 -12 -13 -14 -15 -16 -17 -18 18 -20
leaf_value=-0.002219948975931339 0.00096482266541066998 0.0010026423316807128 -0.00024430059199088131 -0.00070090595260262486 -3.3963023714022702e-05 0.00045750370879657563 0.00093522084201686081 -0.001592058623281236 0.0012936516923546587 -0.0012780402067135302 0.00012491882308812428 0.003472358212928827 0.0022622889186377109 -0.00049033268718251381 -0.00055003133062273262 0.001286321423618334 -0.00085919098397134789 -0.0019413741905556386 -0.00089779707840352779
leaf_weight=26 34 36 259 20 21 22 39 101 80 49 557 35 20 66 37 156 37 80 21
leaf_count=26 34 36 259 20 21 22 39 101 80 49 557 35 20 66 37 156 37 80 21
internal_value=1.89034e-05 0.00147141 -0.000135111 -0.000371675 0.000132105 0.000743849 -0.000165827 -0.000862202 0.00011803 -0.000139394 8.15189e-07 0.00235206 0.000699254 -0.00106538 0.000144557 0.00111506 -0.000321452 -0.00165163 -0.0017854
internal_weight=1696 162 1534 819 715 236 479 140 339 698 606 71 91 92 71 177 59 121 101
internal_count=1696 162 1534 819 715 236 479 140 339 698 606 71 91 92 71 177 59 121 101
is_linear=0
shrinkage=0.03


Tree=54
num_leaves=17
num_cat=0
split_feature=25 16 19 13 17 22 15 33 15 23 19 22 25 9 27 28
split_gain=0.405139 0.123464 0.119326 0.0996455 0.115332 0.0917307 0.0884056 0.0684102 0.0913492 0.0604968 0.065511 0.0574072 0.04808 0.0142497 0.00154318 0.00109422
threshold=0.98266101537437833 0.24143293077241587 1.9033540898838728 -0.50648262860542903 -0.19430054377066733 -0.44264886271650422 1.6154974828764666 0.48691465769924297 -0.20725015911062936 0.60064359982890503 0.42747950161759546 1.091991842090217 0.61008325785667805 0.77600748852277412 -0.24568287732696401 -0.082842789314469298
decision_type=2 2 2 2 2 2 2 2 2 2 2 2 2 2 2 2
left_child=2 6 3 7 12 13 9 8 -1 10 -2 -6 -5 -3 -4 -9
right_child=1 5 14 4 11 -7 -8 15 -10 -11 -12 -13 -14 -15 -16 -17
leaf_value=-1.4884114378073717e-05 -0.0017737827655737812 0.0015774564406368882 0.0015524207805865443 -0.00074058154895886364 -5.7352979247681664e-05 0.0033764114788561862 0.0022032726539055933 -0.00027720547674689444 0.0010175342163195389 0.0010989744634352973 0.00028145808633416893 -0.00074562279152850977 -0.0023036966816238733 0.00025947246813903682 0.00056917409315254827 -0.00090254188945982608
leaf_weight=172 20 27 29 225 737 35 20 27 129 29 29 128 20 20 20 29
leaf_count=172 20 27 29 225 737 35 20 27 129 29 29 128 20 20 20 29
internal_value=1.82299e-05 0.00135326 -0.000140668 -0.000192138 -0.000333293 0.002207 0.000564872 0.000237534 0.000423387 4.16894e-05 -0.00055366 -0.000164882 -0.000906603 0.00112583 0.00126478 -0.000681314
internal_weight=1696 180 1516 1467 1110 82 98 357 301 78 49 865 245 47 49 56
internal_count=1696 180 1516 1467 1110 82 98 357 301 78 49 865 245 47 49 56
is_linear=0
shrinkage=0.03


Tree=55
num_leaves=16
num_cat=0
split_feature=25 11 19 11 17 33 22 22 19 25 24 25 19 14 27
split_gain=0.384387 0.130935 0.11172 0.0959937 0.0852741 0.0800623 0.172621 0.149298 0.0712533 0.0702273 0.051076 0.0451832 0.0404854 0.0177525 0.00121555
threshold=1.070409487012377 0.037367252620044061 1.9033540898838728 -0.33360844315170363 -0.045420636648185485 -0.10477202494589444 0.22569445809682107 -0.51958742689227588 -0.011540362413816287 3.4123234266784679 0.25138608222744591 0.37453972172319472 0.071408756759768086 0.068635298445711437 -0.24568287732696401
decision_type=2 2 2 2 2 2 2 2 2 2 2 2 2 2 2
left_child=2 9 3 5 8 7 -7 -1 -5 10 -2 -6 -3 -12 -4
right_child=1 12 14 4 11 6 -8 -9 -10 -11 13 -13 -14 -15 -16
leaf_value=-0.00021512725940527446 -0.0010431431602785149 0.002865291762727653 0.0015102143473777687 -0.00030063152631167034 -0.00028416677671487924 0.00057265485743118912 -0.0012778136826564149 0.00092374225496398826 -0.0012261784756423528 0.0017333592536451759 0 0.00035349798449240018 0.00082708851643837982 0.0012096311567735898 0.0005543260836768794
leaf_weight=199 23 49 29 168 464 81 93 204 155 29 21 121 20 20 20
leaf_count=199 23 49 29 168 464 81 93 204 155 29 21 121 20 20 20
internal_value=1.79543e-05 0.00139547 -0.000128008 -0.000177301 -0.000369941 0.00012102 -0.000404334 0.000356549 -0.000761178 0.000585773 0 -0.000146041 0.00237525 0.000633829 0.00123224
internal_weight=1696 162 1534 1485 908 577 174 403 323 93 64 585 69 41 49
internal_count=1696 162 1534 1485 908 577 174 403 323 93 64 585 69 41 49
is_linear=0
shrinkage=0.03


Tree=56
num_leaves=16
num_cat=0
split_feature=25 11 19 11 24 21 25 15 22 25 25 23 19 22 28
split_gain=0.364811 0.145351 0.107467 0.0960566 0.0759731 0.147156 0.0814302 0.071031 0.0672235 0.115134 0.0567698 0.0539558 0.0487683 0.0345711 0.000912331
threshold=0.98266101537437833 0.037367252620044061 1.9033540898838728 0.10434720197164277 0.93304242433605922 0.36890875974452825 0.39223687912419319 1.7054715828692653 -0.330626522419805 0.63074570913180172 0.49723962375886771 0.64038543199803544 0.45580321449303807 -0.44264886271650422 -0.10591673197827733
decision_type=2 2 2 2 2 2 2 2 2 2 2 2 2 2 2
left_child=2 7 3 4 5 -1 -6 11 10 -10 -5 12 -2 -3 -4
right_child=1 13 14 8 6 -7 -8 -9 9 -11 -12 -13 -14 -15 -16
leaf_value=0.00016575064349833645 -0.0015121285482917141 0.0013351539724306867 0.0014691554023338539 -0.00029957760893044744 -0.00015315982168057126 -0.00071113645618977987 0.0013760344636127618 0.0018717129563178435 -0.00057855521185870313 -0.0026205059733193621 0.00097223445909676699 0.0012729295977333094 0.00015453445473568453 0.0030461826950777321 0.0005398654096719364
leaf_weight=558 20 39 29 198 50 244 67 23 290 26 34 21 41 36 20
leaf_count=558 20 39 29 198 50 244 67 23 290 26 34 21 41 36 20
internal_value=1.78514e-05 0.00128477 -0.00013284 -0.000181778 2.75526e-06 -9.89622e-05 0.000710041 0.00050218 -0.000495016 -0.000779032 -9.03933e-05 3.02455e-05 -0.000390304 0.00228048 0.00120057
internal_weight=1696 180 1516 1467 919 802 117 105 548 316 232 82 61 75 49
internal_count=1696 180 1516 1467 919 802 117 105 548 316 232 82 61 75 49
is_linear=0
shrinkage=0.03


Tree=57
num_leaves=21
num_cat=0
split_feature=21 14 23 11 21 27 33 22 21 22 21 21 17 15 11 10 27 8 11 20
split_gain=0.227784 0.207862 0.154917 0.0931201 0.108127 0.0887516 0.113109 0.0886313 0.0813671 0.0703537 0.0692284 0.0840025 0.0484794 0.0497262 0.0472378 0.0416397 0.0260175 0.0191273 0.0141681 0.00792221
threshold=-1.4208457007640076 1.2460399084709735 0.44528916498594001 -0.11548113485054924 0.40225822174158177 -0.24625233812090391 -0.35478315458749821 1.9414270535068654 -0.87613782147880104 1.091991842090217 1.8418433312810569 0.17992847509455867 0.86877289897099064 0.57680730212411624 -1.3063525130845584 -0.39558582861250596 -0.24625233876284444 0.47255176826662143 0.8343649256905501 1.0744418501464208
decision_type=2 2 2 2 2 2 2 2 2 2 2 2 2 2 2 2 2 2 2 2
left_child=1 12 3 4 8 6 -5 10 -2 -7 11 -4 13 18 -3 -9 -6 -16 -1 -14
right_child=2 14 7 5 16 9 -8 15 -10 -11 -12 -13 19 -15 17 -17 -18 -19 -20 -21
leaf_value=0.001439174658173452 -0.0005976732495473697 0.00094830678499546706 0.001240315804554848 -0.00061864498286463669 4.0758518275578268e-05 -0.00024339538821967956 -0.0029419325170191852 0.00033526804183929928 0.00044718589301050231 -0.0016288211295882669 0.0017770724921657175 0.00012459118274770002 0.001104820069274865 0.00092801399766176461 -4.3596655756724994e-06 -0.0010346204741009776 -0.00078684633888359025 -0.0011259907739824319 0.003364332052117044 9.2133871337864539e-05
leaf_weight=20 81 20 77 60 34 298 30 25 305 36 34 290 21 31 33 53 167 30 30 21
leaf_count=20 81 20 77 60 34 298 30 25 305 36 34 290 21 31 33 53 167 30 30 21
internal_value=1.781e-05 0.000946889 -0.000110275 -0.000322063 -7.07239e-05 -0.000660057 -0.00149525 0.000329732 0.000217297 -0.000414795 0.00051357 0.000374947 0.00171749 0.00216281 -0.000180274 -0.000562361 -0.000633607 -0.000610828 0.00277592 0.000705042
internal_weight=1696 206 1490 1011 587 424 90 479 386 334 401 367 123 81 83 78 201 63 50 42
internal_count=1696 206 1490 1011 587 424 90 479 386 334 401 367 123 81 83 78 201 63 50 42
is_linear=0
shrinkage=0.03


Tree=58
num_leaves=17
num_cat=0
split_feature=25 11 19 11 23 24 21 22 11 19 22 21 25 17 21 17
split_gain=0.330861 0.128712 0.0977162 0.0897955 0.105909 0.203004 0.0756303 0.0720759 0.0679194 0.0570736 0.0422279 0.0610792 0.0419982 0.0336443 0.00696816 0.000509121
threshold=0.98266101537437833 0.037367252620044061 1.9033540898838728 0.45404590769551706 -0.99264258076987422 -0.15255841679988044 -0.65380807483177816 -0.3508872724151248 -1.6550976703535583 1.4582650822192071 -0.37773603402182293 0.73575284171211652 0.55893785927540385 0.77779489252213552 -1.0317686441317171 0.79303202134963968
decision_type=2 2 2 2 2 2 2 2 2 2 2 2 2 2 2 2
left_child=2 8 3 4 6 -6 -1 12 -2 -9 -10 -12 -5 14 -3 -4
right_child=1 13 15 7 5 -7 -8 9 10 -11 11 -13 -14 -15 -16 -17
leaf_value=0.00024242418841701388 0.0016981480986345558 0.0030209490872037249 0.0013988870450484681 -0.00029066006268141793 -0.0017588391536036913 -5.5452837030302062e-05 0.0016430566908992739 -0.0010193139658031091 0.00079328921243237949 0.00050384288539340638 -0.0016257950927317142 0.00040387791390491238 0.00097302480422020428 0.00072277191451386262 0.0013581282130402067 0.00051259219653540002
leaf_weight=213 27 35 29 97 66 780 41 222 33 20 22 23 28 20 20 20
leaf_count=213 27 35 29 97 66 780 41 222 33 20 22 23 28 20 20 20
internal_value=1.75331e-05 0.00122413 -0.00012589 -0.00017264 -3.36549e-05 -0.00019762 0.000496724 -0.000577458 0.000484804 -0.00087656 0 -0.000565501 0 0.00216227 0.00256953 0.00114527
internal_weight=1696 180 1516 1467 1100 846 254 367 105 242 78 45 125 75 55 49
internal_count=1696 180 1516 1467 1100 846 254 367 105 242 78 45 125 75 55 49
is_linear=0
shrinkage=0.03


Tree=59
num_leaves=20
num_cat=0
split_feature=25 11 25 23 24 32 32 23 23 33 25 24 23 29 17 10 12 24 11
split_gain=0.3136 0.121835 0.0909722 0.214875 0.126613 0.093159 0.0960571 0.0920011 0.0683709 0.18453 0.0651873 0.0699547 0.0382391 0.0315841 0.0314585 0.0251194 0.0162176 0.0157173 0.00643088
threshold=0.98266101537437833 0.037367252620044061 -0.1548079133348372 0.16348344596846884 0.93304242433605922 0.22231685262615383 -0.32065312716342514 2.363735790604879 -0.86980419042892521 -0.35478315458749821 3.4123234266784679 -0.24092127596210808 0.52477282932420122 -0.17677213635086178 0.77779489252213552 -0.52595163625915908 -0.49265801924883895 -1.4275082418548792 0.77731750276298073
decision_type=2 2 2 2 2 2 2 2 2 2 2 2 2 2 2 2 2 2 2
left_child=2 10 3 5 8 6 -1 12 17 -10 11 -2 -6 -13 18 -9 -7 -4 -3
right_child=1 14 4 -5 7 16 -8 15 9 -11 -12 13 -14 -15 -16 -17 -18 -19 -20
leaf_value=-0.0012217161357223701 -0.0012562523374540936 0.0014159428753818457 0.00015192869052083955 -0.0015868161927145492 -3.5876440204447126e-05 -0.00015723832774992014 0.00012677122534108186 0.00040044609817676245 3.8677732234113718e-05 -0.0014748594298903102 0.0016080325707443989 0.0014562359309714772 0.001191594617984385 0 0.00070391697031648261 -0.00076964982242934627 -0.0011166371468299377 0.0014148116107456957 0.003006617781652936
leaf_weight=49 24 23 24 105 21 30 548 22 325 89 29 20 156 32 20 37 87 23 32
leaf_count=49 24 23 24 105 21 30 548 22 325 89 29 20 156 32 20 37 87 23 32
internal_value=1.77763e-05 0.00119251 -0.000121808 -0.000336667 0.000126734 -0.000142768 5.53618e-06 0.000689656 -0.000157572 -0.000287772 0.000472151 0 0.00103113 0.000608256 0.00210559 -0.000286691 -0.000905718 0.000877744 0.0025008
internal_weight=1696 180 1516 819 697 714 597 236 461 414 105 76 177 52 75 59 117 47 55
internal_count=1696 180 1516 819 697 714 597 236 461 414 105 76 177 52 75 59 117 47 55
is_linear=0
shrinkage=0.03


Tree=60
num_leaves=23
num_cat=0
split_feature=23 24 24 27 33 19 22 14 22 33 24 33 22 9 31 19 9 8 17 24 24 31
split_gain=0.168403 0.36701 0.220481 0.12289 0.113881 0.101 0.100353 0.0879967 0.0864553 0.0530988 0.0742282 0.0485036 0.0477704 0.0435635 0.025443 0.0228727 0.0219357 0.0134004 0.0130834 0.00508121 0.00428804 0.00360532
threshold=-0.99264258076987422 -0.15255841679988044 -1.2002894611520081 -0.24625233877035443 -0.4486618022432009 1.7020527515625632 -0.14827977246193449 1.2460399084709735 -0.330626522419805 -0.35478315459400028 0.024167301524574823 0.33626550276369566 0.76755841313291806 1.0517587430023994 -0.010671464158475879 0.42747950161759546 -0.22823720300147199 0.32238074801391725 -0.18714545113588824 -1.4527547730440871 -1.4906245698278988 -0.018048245072181945
decision_type=2 2 2 2 2 2 2 2 2 2 2 2 2 2 2 2 2 2 2 2 2 2
left_child=2 8 6 9 -5 -6 7 20 18 -3 -11 -10 16 14 21 -16 -8 -13 -2 -9 -1 -4
right_child=1 3 13 4 5 -7 12 19 11 10 -12 17 -14 -15 15 -17 -18 -19 -20 -21 -22 -23
leaf_value=0.00073611727170646191 -0.00078921257297548907 -0.00027082005534744403 0.0013321535234251218 0.0015803521405373297 -0.00027824861142872409 0.00071607867063552106 0 -0.00041436199510159593 -0.0023274827300467428 0.00035091906643461393 0.0017995351123117869 -0.00025243590828031301 0.00075405710183023915 0.00014136335574556141 0.0027205226003742694 0.00096655421960167582 -0.00072598605808686482 -0.0014642025825122127 0.00010497822802281006 0.0001310720958933234 0.0018857144691981373 0.00038555478630587461
leaf_weight=21 20 30 26 32 781 100 58 24 78 80 61 27 28 22 41 21 119 20 27 22 37 21
leaf_count=21 20 30 26 32 781 100 58 24 78 80 61 27 28 22 41 21 119 20 27 22 37 21
internal_value=1.75546e-05 -0.000157663 0.000522173 4.53367e-05 -9.0697e-05 -0.000159944 7.05211e-05 0.000824153 -0.00143302 0.000777928 0.00102289 -0.001842 -0.000303759 0.0015397 0.0017838 0.00224462 -0.000497542 -0.000884995 -0.000240051 -0.000100224 0.00157533 0.00101772
internal_weight=1696 1256 440 1084 913 881 309 104 172 171 141 125 205 131 109 62 177 47 47 46 58 47
internal_count=1696 1256 440 1084 913 881 309 104 172 171 141 125 205 131 109 62 177 47 47 46 58 47
is_linear=0
shrinkage=0.03


Tree=61
num_leaves=17
num_cat=0
split_feature=25 11 19 11 33 22 22 11 17 19 33 17 17 23 2 10
split_gain=0.28199 0.109942 0.0842278 0.0819543 0.0670526 0.146405 0.122933 0.0627262 0.0617 0.0574101 0.0409679 0.0364003 0.028829 0.00560766 0.00235461 0.000754282
threshold=0.98266101537437833 0.037367252620044061 1.9033540898838728 -0.33360844315170363 -0.10477202494589444 0.22569445809682107 -0.51958742689227588 -1.6550976703535583 -0.045420636648185485 -0.011540362413816287 -0.27410956362039218 -0.2606768133922639 0.77779489252213552 0.069548206295978507 0.070184720842508028 0.39067036888187506
decision_type=2 2 2 2 2 2 2 2 2 2 2 2 2 2 2 2
left_child=2 7 3 4 6 -6 -1 -2 9 -5 -10 -9 13 -3 -13 -4
right_child=1 12 15 8 5 -7 -8 11 10 -11 -12 14 -14 -15 -16 -17
leaf_value=-0.00018422902637739932 0.0016114437305135652 0.0027977005567058526 0.0013233933893122499 -0.00026372290653045892 0.00053080514155694149 -0.0011765415527857839 0.0008494031527263307 -0.0007063878736446133 -0.00029396699754770139 -0.0011054339304774705 0.00028032085182438666 8.6028867993382326e-05 0.00065413156860386545 0.0012438292274170595 0.00077571471904714902 0.00047333046310814097
leaf_weight=199 27 35 28 168 81 92 203 34 432 149 143 20 20 20 24 21
leaf_count=199 27 35 28 168 81 92 203 34 432 149 143 20 20 20 24 21
internal_value=1.76506e-05 0.00113167 -0.00011462 -0.000158158 0.000116919 -0.000364681 0.000332748 0.000445647 -0.000338627 -0.000675383 -0.00014524 0 0.00199956 0.00237794 0.000551552 0.0010651
internal_weight=1696 180 1516 1467 575 173 402 105 892 317 575 78 75 55 44 49
internal_count=1696 180 1516 1467 575 173 402 105 892 317 575 78 75 55 44 49
is_linear=0
shrinkage=0.03


Tree=62
num_leaves=21
num_cat=0
split_feature=25 11 25 21 22 25 15 21 19 22 15 23 23 19 17 17 21 21 11 22
split_gain=0.267557 0.103985 0.0829671 0.21429 0.0814027 0.129722 0.0964068 0.0740086 0.091469 0.0736556 0.0617468 0.0430965 0.0430064 0.0392926 0.0269355 0.0255482 0.0196511 0.0144216 0.00516959 0.00381118
threshold=0.98266101537437833 0.037367252620044061 -0.1548079133348372 0.49119012040039106 0.12007712908896469 -0.28234896580229657 -0.67533193669288316 1.336043157659079 0.23528265815744734 1.9414270535068654 1.7054715828692653 0.64038543199803544 0.67651437033360884 0.45580321449303807 0.77779489252213552 0.092669397284062843 1.2193200406693918 1.5250234423090487 0.77731750276298073 -0.74752740006541807
decision_type=2 2 2 2 2 2 2 2 2 2 2 2 2 2 2 2 2 2 2 2
left_child=2 10 3 4 6 -6 -1 8 12 17 11 13 -4 -2 18 -11 -10 -9 -3 -5
right_child=1 14 7 19 5 -7 -8 9 16 15 -12 -13 -14 -15 -16 -17 -18 -19 -20 -21
leaf_value=-0.00056908773204709408 -0.0013833405805508726 0.00129820267483592 0.00027166443510657069 -0.00060291488403859349 -0.0009217425688942193 0.0010758965382462037 0.00036353918862419842 0.00042211799390240819 -0.00094951906158797898 0.00031474889905657621 0.001709355505082595 0.0011114686424916727 -0.00069544287016615257 0.00010530408192425966 0.00063706727285424002 -0.00097920095904365824 0 0.0014358707415910127 0.0027852439930729036 -0.001587718797073019
leaf_weight=134 20 23 391 20 178 31 355 31 95 27 23 21 42 41 20 20 22 69 32 101
leaf_count=134 20 23 391 20 178 31 355 31 95 27 23 21 42 41 20 20 22 69 32 101
internal_value=1.76983e-05 0.00110287 -0.000111096 -0.000316378 -0.000107094 -0.000600259 9.99634e-05 0.000126154 -2.95622e-05 0.000717704 0.000434584 0 0.000166837 -0.000377866 0.0019473 -0.000201583 -0.000767406 0.00117218 0.00231443 -0.00146766
internal_weight=1696 180 1516 819 698 209 489 697 550 147 105 82 433 61 75 47 117 100 55 121
internal_count=1696 180 1516 819 698 209 489 697 550 147 105 82 433 61 75 47 117 100 55 121
is_linear=0
shrinkage=0.03


Tree=63
num_leaves=21
num_cat=0
split_feature=25 11 25 21 24 24 32 23 19 33 33 19 25 23 25 10 3 25 32 29
split_gain=0.254303 0.0868692 0.0826862 0.202316 0.103988 0.0900729 0.0885033 0.0807748 0.0761139 0.0539783 0.0463592 0.0364894 0.0356565 0.0570704 0.0305498 0.0226408 0.0120818 0.00664835 0.00277885 0.00208657
threshold=1.070409487012377 0.8343649256905501 -0.1548079133348372 0.49119012040039106 0.93304242433605922 -1.5537408978009186 -0.32065312716342514 2.363735790604879 0.23528265815744734 -0.35478315459858351 -0.052196196105995608 -0.20576076897578524 3.5762385911871308 0.64038543199803544 2.1106593819396973 -0.52595163625915908 0.36348498639089272 0.74595577139581193 -0.28767010897406425 -0.17941215678056652
decision_type=2 2 2 2 2 2 2 2 2 2 2 2 2 2 2 2 2 2 2 2
left_child=2 12 3 5 8 10 -7 11 9 -4 -1 -6 13 14 -2 -9 -3 -10 -5 -20
right_child=1 16 4 18 7 6 -8 15 17 -11 -12 -13 -14 -15 -16 -17 -18 -19 19 -21
leaf_value=-0.00044067795701203456 -0.00068296396759403644 0.0029066583114103054 -0.00030078605865713665 -0.00087855585841462014 -4.953579559922217e-05 -0.0011519368035056124 0.00014054206112221955 0.00038093899942003191 -0.00056669639101251956 0.00040823178453364145 -0.0020045314282178877 0.0011263240623752781 0.0016684559285998915 0.0013091226786375045 0.00059582471961262991 -0.00072778597321012056 0.0011629288074327634 -0.0013331508371498314 -0.0018325494644457414 -0.0007680078281251633
leaf_weight=66 40 23 176 42 22 49 557 22 72 203 26 155 23 32 23 37 21 28 59 20
leaf_count=66 40 23 176 42 22 49 557 22 72 203 26 155 23 32 23 37 21 28 59 20
internal_value=1.75467e-05 0.00113822 -0.000100842 -0.000307242 0.000131696 -0.000103759 2.59488e-05 0.000644907 -0.000117375 7.13483e-05 -0.00096356 0.000965116 0.000647299 0.000325952 -0.000164788 -0.000267548 0.0022656 -0.000843009 -0.00142595 -0.00163759
internal_weight=1696 162 1534 819 715 698 606 236 479 379 92 177 118 95 63 59 44 100 121 79
internal_count=1696 162 1534 819 715 698 606 236 479 379 92 177 118 95 63 59 44 100 121 79
is_linear=0
shrinkage=0.03


Tree=64
num_leaves=19
num_cat=0
split_feature=25 11 11 20 33 19 22 22 21 11 27 33 21 19 25 17 17 21
split_gain=0.241869 0.0936717 0.0762717 0.0910631 0.260699 0.0756652 0.0750603 0.0745792 0.059455 0.0565754 0.0548585 0.0532288 0.0413636 0.0392586 0.0374817 0.0318636 0.0255163 0.0040266
threshold=0.98266101537437833 0.037367252620044061 0.45404590769551706 -0.34285199377587777 -0.088767188540045255 1.6019072026172825 -0.3508872724151248 -1.1213709161080765 -1.2096324414493358 -1.6550976703535583 -0.24485264239104496 -0.35478315458749821 0.22439442442396332 -0.007493235198609568 0.55893785927540385 -0.2606768133922639 0.77779489252213552 -1.0317686441317171
decision_type=2 2 2 2 2 2 2 2 2 2 2 2 2 2 2 2 2 2
left_child=2 9 3 7 10 6 14 12 -6 -2 -5 -9 -1 -8 -4 -11 17 -3
right_child=1 16 5 4 8 -7 13 11 -10 15 -12 -13 -14 -15 -16 -17 -18 -19
leaf_value=0 0.0015197051424533127 0.0025937016638682073 -0.00027596298392774769 0.00043467081237776365 0.00014365209015176106 0.0010325037593332429 -0.0004898740685392672 -0.00021548007044994228 -0.0010821112864099344 -0.00067091454843112668 0.0012260504437281805 -0.0010697313719687776 0.0015966568743543963 -0.0013420312969887698 0.00091788561381549844 0.00050576624035478582 0.00058216514503178394 0.0011479588398790879
leaf_weight=32 27 35 97 248 45 24 127 462 111 34 133 78 25 106 28 44 20 20
leaf_count=32 27 35 97 248 45 24 127 462 111 34 133 78 25 106 28 44 20 20
internal_value=1.67535e-05 0.00104859 -0.000105614 1.56566e-05 0.000300703 -0.000470725 -0.000587554 -0.000235964 -0.000713619 0.000412392 0.000726159 -0.000349625 0.00075447 -0.000902394 0 0 0.00185069 0.00220627
internal_weight=1696 180 1516 1134 537 382 358 597 156 105 381 540 57 233 125 78 75 55
internal_count=1696 180 1516 1134 537 382 358 597 156 105 381 540 57 233 125 78 75 55
is_linear=0
shrinkage=0.03


Tree=65
num_leaves=18
num_cat=0
split_feature=25 11 24 23 24 25 33 30 33 15 23 31 19 19 29 28 21
split_gain=0.229269 0.0887502 0.0756572 0.0930168 0.198988 0.122237 0.0996089 0.0659921 0.061947 0.0549126 0.038734 0.038584 0.0365331 0.0248763 0.0187698 0.0136113 0.0116552
threshold=0.98266101537437833 0.037367252620044061 -1.5537408978009186 -0.99264258076987422 -0.12731188561067255 0.56663255178919891 0.36745344456497769 -0.21964368167300827 -0.35478315458749821 1.7054715828692653 0.64038543199803544 -0.013062498655383026 0.45580321449303807 0.071408756759768086 0.78725650504115496 -0.10592065526312054 -0.55375968884061766
decision_type=2 2 2 2 2 2 2 2 2 2 2 2 2 2 2 2 2
left_child=2 9 11 6 8 -6 7 -4 -5 10 12 -1 -2 16 -8 -13 -3
right_child=1 13 3 4 5 -7 14 -9 -10 -11 -12 15 -14 -15 -16 -17 -18
leaf_value=-0.0016546343900961801 -0.0013361538463960523 0.0026679562412202356 0.00015184030590899056 -0.00021146897174185143 -0.00016337250313993142 0.00074554082387439389 -0.00065690235543853994 0.0012737329912250457 -0.0016615639906849538 0.0016028912234872291 0.0010460865367786028 -0.0006679978265427053 9.7144995068654011e-05 0.00061995460979640492 0.00027518625120738645 0.0001819601413267462 0.001071446616668254
leaf_weight=37 20 32 93 45 839 155 65 112 93 23 21 37 41 22 20 20 21
leaf_count=37 20 32 93 45 839 155 65 112 93 23 21 37 41 22 20 20 21
internal_value=1.67669e-05 0.0010214 -0.000102323 -4.4708e-05 -0.000169537 -1.68146e-05 0.000429064 0.000788731 -0.00122454 0.000401149 0 -0.000914641 -0.000366518 0.00180246 -0.000401592 -0.00032558 0.00218024
internal_weight=1696 180 1516 1422 1132 994 290 205 138 105 82 94 61 75 85 57 53
internal_count=1696 180 1516 1422 1132 994 290 205 138 105 82 94 61 75 85 57 53
is_linear=0
shrinkage=0.03


Tree=66
num_leaves=20
num_cat=0
split_feature=25 22 11 20 33 19 22 19 22 27 20 31 14 22 19 27 25 31 17
split_gain=0.218195 0.121094 0.0685298 0.0791221 0.2302 0.0727242 0.0718843 0.0639078 0.0552323 0.0532911 0.0532152 0.0414036 0.0345365 0.0377397 0.0334939 0.0281028 0.027311 0.0147159 0.0128044
threshold=0.87296376403142462 -0.330626522419805 0.45404590769551706 -0.34285199377587777 -0.088767188540045255 1.6019072026172825 -1.1213709161080765 1.6019072026172825 -0.3508872724151248 -0.24485264239104496 0.4433220977156786 -0.010667291073755509 0.66669410052978917 -0.44264886271650422 -0.007493235198609568 -0.11211544528338836 0.55893785927540385 -0.012172128699773252 0.77779489252213552
decision_type=2 2 2 2 2 2 2 2 2 2 2 2 2 2 2 2 2 2 2
left_child=2 12 3 6 9 8 15 -3 16 -5 -6 -8 13 18 -10 -1 -4 -9 -2
right_child=1 7 5 4 10 -7 11 17 14 -11 -12 -13 -14 -15 -16 -17 -18 -19 -20
leaf_value=0.0012528310104940286 0.0013676435490596597 -0.0013203636316152718 -0.00026407215132523562 0.00038745468399966623 -0.001379646973808356 0.0010093269205859138 -0.00057278967425706856 0 -0.00046402355957722574 0.001174790879529067 -0.00019026944965571603 -2.2177187049620487e-05 0.00039918960287774863 0.0025425121503833093 -0.0012606857381550274 0 0.00085809606575639916 0.0010397946154698729 0.00022579358032216195
leaf_weight=34 56 23 97 238 59 24 304 26 127 131 93 225 35 35 104 23 21 21 20
leaf_count=34 56 23 97 238 59 24 304 26 127 131 93 225 35 35 104 23 21 21 20
internal_value=1.6602e-05 0.00090202 -0.000112162 4.00164e-06 0.000274799 -0.000462174 -0.000231838 -8.39242e-05 -0.000579629 0.000682254 -0.000689058 -0.000345682 0.00138704 0.00165351 -0.000847079 0.000739168 -2.32472e-05 0.00050406 0.00112512
internal_weight=1696 216 1480 1107 521 373 586 70 349 369 152 529 146 111 231 57 118 47 76
internal_count=1696 216 1480 1107 521 373 586 70 349 369 152 529 146 111 231 57 118 47 76
is_linear=0
shrinkage=0.03


Tree=67
num_leaves=20
num_cat=0
split_feature=25 22 11 20 31 23 19 22 19 17 23 23 14 22 8 27 22 22 31
split_gain=0.206594 0.114669 0.0644642 0.0743943 0.104461 0.0912937 0.068853 0.0678264 0.0605926 0.0538652 0.0467042 0.0398637 0.0324666 0.0353605 0.030907 0.0266629 0.0264682 0.0146334 0.0139464
threshold=0.87296376403142462 -0.330626522419805 0.45404590769551706 -0.34285199377587777 -0.01282217754617852 -0.99264258076987422 1.6019072026172825 -1.1213709161080765 1.6019072026172825 0.26976501388138308 0.52477282932420122 -0.35677326606378551 0.66669410052978917 -0.44264886271650422 0.4910191412177764 -0.11211544528338836 -0.14827977246193449 -0.330626522419805 -0.012172128699773252
decision_type=2 2 2 2 2 2 2 2 2 2 2 2 2 2 2 2 2 2 2
left_child=2 12 3 7 5 -5 9 15 -3 17 -6 -9 13 14 -2 -1 -11 -4 -10
right_child=1 8 6 4 10 -7 -8 11 18 16 -12 -13 -14 -15 -16 -17 -18 -19 -20
leaf_value=0.0012182935103868459 0.0014528286199021183 -0.001285323188568537 -0.00039838055546756809 0.00032632019217379647 0.0002932023481750823 -0.00096098381079339542 0.0009824115322230177 -0.00088884657165247264 0 0.00013622820545617509 0.0010643876580821022 -0.00020076486486856297 0.0003881593635060677 0.0024722585231065752 0 0 -0.00055262285740211655 -0.0011671540688448347 0.0010125000129919499
leaf_weight=34 55 23 50 98 212 91 24 96 26 95 120 433 35 35 21 23 91 113 21
leaf_count=34 55 23 50 98 212 91 24 96 26 95 120 433 35 35 21 23 91 113 21
internal_value=1.63792e-05 0.000877975 -0.000108866 3.71796e-06 0.000266382 -0.000283199 -0.000448338 -0.000224885 -8.04177e-05 -0.000562785 0.000587935 -0.000335581 0.00134998 0.00160874 0.00109432 0.00071787 -0.00018834 -0.000960868 0.000490958
internal_weight=1696 216 1480 1107 521 189 373 586 70 349 332 529 146 111 76 57 186 163 47
internal_count=1696 216 1480 1107 521 189 373 586 70 349 332 529 146 111 76 57 186 163 47
is_linear=0
shrinkage=0.03


Tree=68
num_leaves=18
num_cat=0
split_feature=25 22 24 14 11 33 24 17 20 25 22 33 14 22 8 14 7
split_gain=0.19553 0.108558 0.0667569 0.0912074 0.0708885 0.11942 0.0643127 0.060819 0.0482204 0.0506622 0.0470758 0.0347662 0.0304969 0.0331545 0.0290264 0.0220764 0.0068645
threshold=0.87296376403142462 -0.330626522419805 -1.5537408978009186 -0.44766894908119997 -0.63920994621672933 0.24776416149824765 0.18826975425442619 -0.24097774107534842 -0.34951440757421864 0.41709713112007885 -0.330626522419805 -0.052196196105995608 0.66669410052978917 -0.44264886271650422 0.4910191412177764 0.092703883237608239 -0.14062456205558219
decision_type=2 2 2 2 2 2 2 2 2 2 2 2 2 2 2 2 2
left_child=2 12 11 8 5 -5 -3 -6 10 -10 -4 16 13 14 -2 -8 -1
right_child=1 6 3 4 7 -7 15 -9 9 -11 -12 -13 -14 -15 -16 -17 -18
leaf_value=0 0.001411498147111129 -0.0013919509174302219 -0.00039644163962517225 0.0011846094970030458 -0.00042455090093614393 -0.00026087955698851683 -0.00013855624388997966 0.00020963687092636813 -0.00023544539841635365 0.00087074503890023777 -0.0015661219600713937 -0.0017595333686098455 0.00037743390226540593 0.0024039461218114742 0 0.0010035703351661083 -0.000674467734938774
leaf_weight=31 55 21 380 129 206 78 21 386 124 49 34 27 35 35 21 28 36
leaf_count=31 55 21 380 129 206 78 21 386 124 49 34 27 35 35 21 28 36
internal_value=1.62076e-05 0.000854452 -0.000105589 -4.99292e-05 0.000155929 0.000629701 -7.70067e-05 -7.02924e-06 -0.000334587 7.03249e-05 -0.000510273 -0.000868418 0.00131373 0.00156495 0.00106397 0.000476641 -0.000406436
internal_weight=1696 216 1480 1386 799 207 70 592 587 173 414 94 146 111 76 49 67
internal_count=1696 216 1480 1386 799 207 70 592 587 173 414 94 146 111 76 49 67
is_linear=0
shrinkage=0.03


Tree=69
num_leaves=18
num_cat=0
split_feature=25 22 24 23 24 25 32 21 32 19 31 14 17 28 32 28 2
split_gain=0.185016 0.103022 0.063389 0.0872172 0.152403 0.0837696 0.0748237 0.0609607 0.0492669 0.0373512 0.0335014 0.0286409 0.0321878 0.0249649 0.0213028 0.0120367 0.0105541
threshold=0.87296376403142462 -0.330626522419805 -1.5537408978009186 -0.99264258076987422 -0.12731188561067255 0.35912246420847427 0.089890259669171815 0.96919907569149077 -0.28027001043413574 1.7020527515625632 -0.013062498655383026 0.66669410052978917 0.097469003854172842 0.056240242875311479 1.4426434072263732 -0.10592065526312054 0.60248502081985189
decision_type=2 2 2 2 2 2 2 2 2 2 2 2 2 2 2 2 2
left_child=2 11 10 6 14 -6 8 9 -4 -3 -1 12 -2 -8 -5 -12 -14
right_child=1 7 3 4 5 -7 13 -9 -10 -11 15 -13 16 -15 -16 -17 -18
leaf_value=-0.0015365168756805358 0.0021976725487038492 -0.0015999785708668438 0.00013375934340001549 -0.0013976058621811582 -0.00023013684252544289 0.00036982297203819642 -0.00071993935839763205 0.0010957496424391865 0.0010938097663848536 0 -0.00061802673521451647 0.00036700482254749852 0.0011983142456381904 0.00036976896177482555 -0.00032880138272836727 0.00017821191467278961 0.00014543881530509046
leaf_weight=37 45 20 93 91 673 299 54 22 121 28 37 35 46 22 33 20 20
leaf_count=37 45 20 93 91 673 299 54 22 121 28 37 35 46 22 33 20 20
internal_value=1.55957e-05 0.000831035 -0.000102832 -4.85362e-05 -0.000172973 -4.19343e-05 0.000408468 -7.53462e-05 0.000698034 -0.000703804 -0.000846215 0.0012785 0.00152238 -0.00036446 -0.00115127 -0.000293703 0.000942935
internal_weight=1696 216 1480 1386 1096 972 290 70 214 48 94 146 111 76 124 57 66
internal_count=1696 216 1480 1386 1096 972 290 70 214 48 94 146 111 76 124 57 66
is_linear=0
shrinkage=0.03


Tree=70
num_leaves=19
num_cat=0
split_feature=25 22 24 14 11 33 24 20 25 22 19 33 8 33 14 22 14 27
split_gain=0.175209 0.0975551 0.0599112 0.0843569 0.0654089 0.111733 0.0578923 0.044665 0.0468907 0.0425248 0.0384894 0.0313828 0.0277099 0.0369089 0.0441864 0.0333324 0.020456 0.00630145
threshold=0.87296376403142462 -0.330626522419805 -1.5537408978009186 -0.44766894908119997 -0.63920994621672933 0.24776416149824765 0.18826975425442619 -0.34951440757421864 0.41709713112007885 -0.330626522419805 1.7020527515625632 -0.052196196105995608 1.1164534373512949 -0.35478315458749671 -0.56424715865868913 -0.44264886271650422 0.092703883237608239 -0.24527731691212512
decision_type=2 2 2 2 2 2 2 2 2 2 2 2 2 2 2 2 2 2
left_child=2 12 11 7 5 -5 -3 9 -9 -4 -6 17 13 14 -2 -15 -8 -1
right_child=1 6 3 4 10 -7 16 8 -10 -11 -12 -13 -14 15 -16 -17 -18 -19
leaf_value=-0.00061415374052843879 0.0013133340457764763 -0.0013214126573875544 -0.0003812297300007632 0.0011428479829271303 -8.9323624601719424e-05 -0.00025453834064925707 -0.00013713733697204587 -0.0002252021328377442 0.00083873414851796729 -0.0014954090687238637 0.00072337809434511332 -0.0016705400269478557 6.4450385514646757e-05 0.00082311435970901085 -0.00031241149107075254 0.002457770253593723 0.00095941036167524515 0
leaf_weight=39 33 21 380 129 537 78 21 124 49 34 55 27 21 30 20 42 28 28
leaf_count=39 33 21 380 129 537 78 21 124 49 34 55 27 21 30 20 42 28 28
internal_value=1.52878e-05 0.00080886 -9.99099e-05 -4.70613e-05 0.000150822 0.000605897 -7.21024e-05 -0.000320894 6.82586e-05 -0.000490027 -5.51063e-06 -0.000822662 0.00124432 0.00141295 0.000662403 0.00187683 0.00045097 -0.000381172
internal_weight=1696 216 1480 1386 799 207 70 587 173 414 592 94 146 125 53 72 49 67
internal_count=1696 216 1480 1386 799 207 70 587 173 414 592 94 146 125 53 72 49 67
is_linear=0
shrinkage=0.03


Tree=71
num_leaves=19
num_cat=0
split_feature=25 22 24 14 16 33 24 17 20 25 22 31 2 33 14 22 14 30
split_gain=0.165723 0.0925695 0.0568465 0.0795209 0.0570389 0.0752937 0.0547877 0.0529393 0.0421528 0.044271 0.0402005 0.0304763 0.0269846 0.032513 0.038274 0.0275427 0.0194451 0.0109985
threshold=0.87296376403142462 -0.330626522419805 -1.5537408978009186 -0.44766894908119997 -0.76985258191879169 0.11812340374666756 0.18826975425442619 -0.24097774107534842 -0.34951440757421864 0.41709713112007885 -0.330626522419805 -0.013062498655383026 1.0568378869183237 -0.35478315458749671 -0.55207824820071028 -0.44264886271650422 0.092703883237608239 -0.22046508199654327
decision_type=2 2 2 2 2 2 2 2 2 2 2 2 2 2 2 2 2 2
left_child=2 12 11 8 5 -5 -3 -6 10 -10 -4 -1 13 14 -2 -15 -8 -13
right_child=1 6 3 4 7 -7 16 -9 9 -11 -12 17 -14 15 -16 -17 -18 -19
leaf_value=-0.0014600501057691871 0.0012610688824584153 -0.0012867255760356782 -0.00036988241723361705 0.00099785734079970768 -0.00042639251239545538 -0.00025115083605165548 -0.00013353749237285227 0.00018385309603917272 -0.00021860566442946015 0.0008150237802810106 -0.0014541842877153759 -0.00058383372689131642 4.8606899916194368e-05 0.00087880542855709777 -0.0002352245691758783 0.0024104456512723119 0.00093341343587024074 0.00017516503294767892
leaf_weight=37 34 21 380 130 178 58 21 433 124 49 34 37 21 32 20 39 28 20
leaf_count=37 34 21 380 130 178 58 21 433 124 49 34 37 21 32 20 39 28 20
internal_value=1.47511e-05 0.000786586 -9.72355e-05 -4.56974e-05 0.000146356 0.000598926 -7.05548e-05 0 -0.000311613 6.60132e-05 -0.000475947 -0.000801305 0.00121082 0.00137692 0.000671042 0.00182428 0.000437133 -0.000272076
internal_weight=1696 216 1480 1386 799 188 70 611 587 173 414 94 146 125 54 71 49 57
internal_count=1696 216 1480 1386 799 188 70 611 587 173 414 94 146 125 54 71 49 57
is_linear=0
shrinkage=0.03


Tree=72
num_leaves=20
num_cat=0
split_feature=25 11 24 25 29 11 24 19 27 27 19 20 17 9 19 33 19 8 9
split_gain=0.156763 0.0610228 0.0757639 0.11399 0.0728907 0.0540889 0.0856516 0.0607583 0.0598588 0.088473 0.07162 0.0559885 0.0484446 0.0346204 0.0311501 0.0193447 0.0128156 0.00721149 0.0065586
threshold=0.87296376403142462 0.70850436197897915 -0.089442088826860708 2.1106593819396973 -0.17864945247912742 0.45404590769551706 0.93304242433605922 1.6019072026172825 -0.24625233779141184 -0.24625233876284444 -0.12685877701740761 -0.39857454718452806 0.26976501388138308 -0.03540988923862385 0.05319977310684005 -0.27410956362039218 -0.15315892577946438 -0.18700923836549127 -0.95999180006284279
decision_type=2 2 2 2 2 2 2 2 2 2 2 2 2 2 2 2 2 2 2
left_child=5 2 3 -2 13 6 8 12 9 -1 -10 -8 17 -4 -3 -14 -13 -7 -6
right_child=1 14 4 -5 18 7 11 -9 10 -11 -12 16 15 -15 -16 -17 -18 -19 -20
leaf_value=-0.00013109860131045099 -0.001826257920491376 0.0021837683245539662 0.0024482097530673288 0.00061325539700513661 -0.00036831913249688633 -0.00042514971778459418 -0.00037067901248401784 0.00093647250650812769 0.00025240913784591902 -0.0014184103521882839 -0.00039656630606700979 7.5122005976736525e-05 -0.00039110113863219934 0.0006697235153169458 0.00043205399136058987 0.00021990086971187417 0.0010441954144809738 -0.0010493335718951692 0.00034050101767934394
leaf_weight=182 25 34 26 40 20 49 34 24 470 66 222 22 120 29 21 66 111 114 21
leaf_count=182 25 34 26 40 20 49 34 24 470 66 222 22 120 29 21 66 111 114 21
internal_value=1.42706e-05 0.000764993 0.000429053 -0.000320077 0.000960908 -9.45972e-05 8.3241e-06 -0.000405658 -0.000100701 -0.0004985 3.90822e-05 0.000630595 -0.000513671 0.00164533 0.0016236 -0.000158372 0.000911149 -0.000890842 0
internal_weight=1696 216 161 65 96 1480 1107 373 940 248 692 167 349 55 55 186 133 163 41
internal_count=1696 216 161 65 96 1480 1107 373 940 248 692 167 349 55 55 186 133 163 41
is_linear=0
shrinkage=0.03


Tree=73
num_leaves=21
num_cat=0
split_feature=21 14 23 21 10 23 11 21 24 22 19 15 19 11 15 27 24 8 24 22
split_gain=0.112491 0.113073 0.07827 0.0624183 0.0738178 0.0644102 0.0531325 0.0738068 0.0776947 0.0335937 0.148541 0.0324083 0.0323192 0.025555 0.0220375 0.0190464 0.0184578 0.0176476 0.00970176 0.00189752
threshold=-1.4208457007640076 1.2460399084709735 0.52477282932420122 0.13546252576515402 -0.52052041157630402 0.60064359982890503 -0.11548113485054924 0.40225822174158177 0.40286526936269335 -0.330626522419805 -0.007493235198609568 -0.80517006563894056 0.37184308609886446 -1.3063525130845584 1.1170510970856478 -0.24625233876284444 -1.4906245698278988 0.47255176826662143 0.75631670601160395 -0.51958742689227588
decision_type=2 2 2 2 2 2 2 2 2 2 2 2 2 2 2 2 2 2 2 2
left_child=1 12 6 19 18 -6 7 8 -2 11 -11 -8 14 -3 16 -9 -1 -15 -5 -4
right_child=2 13 3 4 5 -7 9 15 -10 10 -12 -13 -14 17 -16 -17 -18 -19 -20 -21
leaf_value=0.00065270589559804652 5.8096475787932802e-05 0.00065956240114452237 0.00055607194730850019 0.00017327681504603887 0.0010123065912164746 -0.00027250670068036225 -0.00080318326944307902 2.7391662359392885e-05 0.0014231482305913231 -0.00013177384367810875 -0.0018524765654389435 -5.6661929663291555e-06 0.00024539530501180496 0 0.00035987668860015343 -0.00062077282927776268 0.0021215438618221215 -0.00096852978371845719 0.0010893854086511195 0.0015516257661004219
leaf_weight=21 346 20 20 24 37 263 60 42 40 134 69 198 31 33 20 167 51 30 62 28
leaf_count=21 346 20 20 24 37 263 60 42 40 134 69 198 31 33 20 167 51 30 62 28
internal_value=1.40459e-05 0.000667361 -7.54283e-05 0.00025946 0.000119522 -9.56915e-05 -0.00021624 -2.31233e-05 0.000217149 -0.000457265 -0.000749667 -0.00020973 0.0012369 -0.000155472 0.00152111 -0.000477824 0.00177638 -0.000477886 0.000881894 0.00125275
internal_weight=1696 206 1490 434 386 300 1056 595 386 461 203 258 123 83 92 209 72 63 86 48
internal_count=1696 206 1490 434 386 300 1056 595 386 461 203 258 123 83 92 209 72 63 86 48
is_linear=0
shrinkage=0.03


Tree=74
num_leaves=19
num_cat=0
split_feature=25 22 24 23 24 33 25 32 21 33 19 31 2 33 14 22 29 32
split_gain=0.142122 0.0784651 0.0539717 0.0762647 0.130535 0.0775906 0.0690575 0.0554586 0.048692 0.0360261 0.029619 0.0285225 0.025324 0.0293346 0.0345839 0.0226449 0.0156348 0.0100041
threshold=0.87296376403142462 -0.330626522419805 -1.5537408978009186 -0.99264258076987422 -0.12731188561067255 0.36745344456497769 0.35912246420847427 -0.28027001043413574 0.96919907569149077 -0.35478315458749821 1.7020527515625632 -0.013062498655383026 1.0568378869183237 -0.35478315458749671 -0.55207824820071028 -0.44264886271650422 0.78725650504115496 -0.28317094881082122
decision_type=2 2 2 2 2 2 2 2 2 2 2 2 2 2 2 2 2 2
left_child=2 12 11 5 9 7 -6 -4 10 -5 -3 -1 13 14 -2 -15 -7 -13
right_child=1 8 3 4 6 16 -8 -9 -10 -11 -12 17 -14 15 -16 -17 -18 -19
leaf_value=-0.001413086487399414 0.001172147003782762 -0.0014213820679680161 0.00012024795343859296 -0.00020619906683968175 -0.0002053656297521552 -0.00057800381112953312 0.00033936736008325058 0.0011503451578359566 0.00098488349748775367 -0.00141247009549587 0 -0.00055916506501380351 1.6713842051103641e-06 0.0008244284360270415 -0.00024693000780256542 0.0022437890501951184 0.00026887059425707377 0.00016048719789630368
leaf_weight=37 34 20 93 40 673 65 299 112 22 84 28 37 21 32 20 39 20 20
leaf_count=37 34 20 93 40 673 65 299 112 22 84 28 37 21 32 20 39 20 20
internal_value=1.41762e-05 0.000729044 -8.93967e-05 -3.91479e-05 -0.000155678 0.0003881 -3.4193e-05 0.00070593 -5.70355e-05 -0.00106104 -0.000623249 -0.000775246 0.00111963 0.00127956 0.000608597 0.00170397 -0.000342275 -0.000261257
internal_weight=1696 216 1480 1386 1096 290 972 205 70 124 48 94 146 125 54 71 85 57
internal_count=1696 216 1480 1386 1096 290 972 205 70 124 48 94 146 125 54 71 85 57
is_linear=0
shrinkage=0.03


Tree=75
num_leaves=19
num_cat=0
split_feature=25 22 24 23 24 33 25 30 24 33 31 8 33 33 23 27 31 28
split_gain=0.134587 0.0742924 0.0510106 0.0719839 0.123277 0.0731615 0.0650143 0.0535545 0.0441923 0.033753 0.0269214 0.0237948 0.0303379 0.0306401 0.0248183 0.0176121 0.0162206 0.00950904
threshold=0.87296376403142462 -0.330626522419805 -1.5537408978009186 -0.99264258076987422 -0.12731188561067255 0.33626550276369566 0.35912246420847427 -0.21964368167300827 0.18826975425442619 -0.35478315458749821 -0.013062498655383026 1.1164534373512949 -0.35478315458749671 -0.35478315458831966 -1.0070941561041034 0.91027744642837238 -0.012172128699773252 -0.10592065526312054
decision_type=2 2 2 2 2 2 2 2 2 2 2 2 2 2 2 2 2 2
left_child=2 11 10 5 9 7 -6 -4 -3 -5 -1 12 13 -2 -14 -7 -10 -12
right_child=1 8 3 4 6 15 -8 -9 16 -11 17 -13 14 -15 -16 -17 -18 -19
leaf_value=-0.0013738733522593975 0.0011239940345952552 -0.0011507548398803919 0.00011675324965676737 -0.00020044467597286119 -0.00019923200486887227 -0.00056596316399518403 0.00032928747718379714 0.0011334449693342194 -4.0416982297236757e-05 -0.0013715571679439843 -0.00054364823423093183 1.1673789122141829e-06 0.00072834072931436818 -0.00020441313518676906 0.0021747109315901373 0.00033948790652578719 0.00091811142522945179 0.00015630057582166046
leaf_weight=37 32 21 93 40 673 67 299 110 25 84 37 21 30 21 42 20 24 20
leaf_count=37 32 21 93 40 673 67 299 110 25 84 37 21 30 21 42 20 24 20
internal_value=1.38847e-05 0.000709581 -8.68565e-05 -3.79426e-05 -0.000151211 0.000377059 -3.30626e-05 0.000690716 -5.42573e-05 -0.00103106 -0.00075367 0.00108966 0.00124477 0.000561319 0.0016653 -0.000320102 0.000397256 -0.000252517
internal_weight=1696 216 1480 1386 1096 290 972 203 70 124 94 146 125 53 72 87 49 57
internal_count=1696 216 1480 1386 1096 290 972 203 70 124 94 146 125 53 72 87 49 57
is_linear=0
shrinkage=0.03


Tree=76
num_leaves=17
num_cat=0
split_feature=25 22 24 14 22 28 33 21 25 23 33 19 25 14 17 6
split_gain=0.127293 0.0705104 0.0483203 0.0641332 0.0559018 0.0564921 0.0454925 0.0439511 0.0357872 0.0539985 0.0527984 0.0272591 0.0265961 0.0239936 0.0266789 0.00410632
threshold=0.87296376403142462 -0.330626522419805 -1.5789874289901265 -0.44766894908119997 -1.0139758696812764 -0.10444595101778019 -0.071698691071032175 0.96919907569149077 -0.078438643442607162 0.21045106580471409 -0.35478315458749904 1.7020527515625632 -0.78988464942008763 0.66669410052978917 0.097469003854172842 -0.1414670890092882
decision_type=2 2 2 2 2 2 2 2 2 2 2 2 2 2 2 2
left_child=2 13 12 8 5 -5 -6 11 9 -4 -10 -3 -1 14 -2 -16
right_child=1 7 3 4 6 -7 -8 -9 10 -11 -12 -13 -14 -15 15 -17
leaf_value=-0.0015429647635788685 0.001889478150755167 -0.0013586276384151498 -0.00029355637497517726 -0.00036770186075211868 0.00017373430886593021 0.0013183527735229636 -0.0003634258622156228 0.00093464444612734946 0.00014218429650613649 -0.0013189902927726504 -0.0012166867619701498 0 -0.00018411300769130811 0.00023661097411777039 0.00015254393550972252 0.00093505751489832676
leaf_weight=28 45 20 283 20 563 60 185 22 224 57 26 28 34 35 20 46
leaf_count=28 45 20 283 20 563 60 185 22 224 57 26 28 34 35 20 46
internal_value=1.35408e-05 0.000690164 -8.43831e-05 -4.53877e-05 0.000122273 0.00086264 3.59648e-05 -5.29662e-05 -0.000285168 -0.000484246 -3.19399e-08 -0.000592797 -0.000886832 0.00106049 0.00128089 0.000758353
internal_weight=1696 216 1480 1418 828 80 748 70 590 340 250 48 62 146 111 66
internal_count=1696 216 1480 1418 828 80 748 70 590 340 250 48 62 146 111 66
is_linear=0
shrinkage=0.03


Tree=77
num_leaves=19
num_cat=0
split_feature=25 22 24 23 24 33 25 30 21 33 19 31 8 33 33 23 29 7
split_gain=0.120705 0.0667926 0.0462654 0.0683352 0.114864 0.0674052 0.0604067 0.0492498 0.0416502 0.0311175 0.0258894 0.0247539 0.0219414 0.0291156 0.0288184 0.0228529 0.0139801 0.00587522
threshold=0.87296376403142462 -0.330626522419805 -1.5537408978009186 -0.99264258076987422 -0.12731188561067255 0.36745344456497769 0.35912246420847427 -0.21964368167300827 0.96919907569149077 -0.35478315458749821 1.7020527515625632 -0.015429030571889069 1.1164534373512949 -0.35478315458749671 -0.35478315458831966 -1.0070941561041034 0.78725650504115496 -0.14062456205558219
decision_type=2 2 2 2 2 2 2 2 2 2 2 2 2 2 2 2 2 2
left_child=2 12 11 5 9 7 -6 -4 10 -5 -3 -1 13 14 -2 -15 -7 -13
right_child=1 8 3 4 6 16 -8 -9 -10 -11 -12 17 -14 15 -16 -17 -18 -19
leaf_value=-0.0014721128769218919 0.0010633608160806553 -0.0013231851933119087 0.00011122079150663922 -0.00019376884774388855 -0.00019210379212571639 -0.00053496206078082584 0.00031730920586516052 0.0010841197413635319 0.00090996981537435208 -0.0013226710248192578 0 0 0 0.00068806476502636957 -0.00022430581983644513 0.0020809625075819591 0.00026366208529203581 -0.0005654222134303732
leaf_weight=27 32 20 93 40 673 65 299 112 22 84 28 31 21 30 21 42 20 36
leaf_count=27 32 20 93 40 673 65 299 112 22 84 28 31 21 30 21 42 20 36
internal_value=1.30538e-05 0.000671978 -8.22553e-05 -3.55662e-05 -0.000145987 0.00036873 -3.18305e-05 0.000665149 -5.02496e-05 -0.000995311 -0.000576813 -0.000717353 0.00103243 0.00118112 0.000514898 0.00159133 -0.000310377 -0.000320283
internal_weight=1696 216 1480 1386 1096 290 972 205 70 124 48 94 146 125 53 72 85 67
internal_count=1696 216 1480 1386 1096 290 972 205 70 124 48 94 146 125 53 72 85 67
is_linear=0
shrinkage=0.03


Tree=78
num_leaves=21
num_cat=0
split_feature=21 14 24 19 24 28 28 24 33 20 32 33 19 15 16 15 8 24 15 14
split_gain=0.0912415 0.0881807 0.0617544 0.10636 0.107002 0.0973816 0.0717346 0.0813193 0.0633566 0.0510236 0.044006 0.0403261 0.0288218 0.0179945 0.0175259 0.0276795 0.0149017 0.0124226 0.00820723 0.00814318
threshold=-1.4208457007640076 1.2460399084709735 -0.10206535442146465 -0.0398640752892589 -1.2002894611520081 -0.10596958133124064 -0.1059672191458106 0.22613955103823805 -0.35478315458749821 -0.35981099179485954 1.1768543311050728 -0.088767188540045255 0.37184308609886446 1.1170510970856478 -0.93114947095827183 -0.38337541061992692 0.99818071471346392 -1.4906245698278988 -0.12103823585047828 1.9450723355240689
decision_type=2 2 2 2 2 2 2 2 2 2 2 2 2 2 2 2 2 2 2 2
left_child=1 12 3 4 11 14 9 -8 18 -7 -10 -2 13 17 -4 -16 19 -1 -5 -3
right_child=2 16 5 8 -6 6 7 -9 10 -11 -12 -13 -14 -15 15 -17 -18 -19 -20 -21
leaf_value=0.00060817340691573922 -4.3339100820500582e-05 -0.00020644559681204554 0.0016217125592520459 0.00014124966802586228 0.00099578306937094202 -0.00071649751471467222 -0.00068268421157423786 0.00030883025738620052 -0.0019141766746418882 0 -0.00022765584740166861 -0.00090682996218898685 0.000173315052239238 0.00030689975152642504 0.00078252615870962148 -0.00031009611969246812 -0.00063086554644413645 0.0018997364291248636 -0.0005326180089634565 0.00046847386547254727
leaf_weight=21 152 21 21 28 66 193 84 474 65 164 24 75 31 20 100 20 31 51 24 31
leaf_count=21 152 21 21 28 66 193 84 474 65 164 24 75 31 20 100 20 31 51 24 31
internal_value=1.2704e-05 0.000601231 -6.76981e-05 -0.000368544 -2.95313e-05 5.38061e-05 -5.70897e-05 0.00015137 -0.00103689 -0.000389797 -0.00151425 -0.000349784 0.00110423 0.00137095 0.00078048 0.00057291 -0.000121814 0.00160243 -0.000127308 0.000144971
internal_weight=1696 206 1490 434 293 1056 915 558 141 357 89 227 123 92 141 120 83 72 52 52
internal_count=1696 206 1490 434 293 1056 915 558 141 357 89 227 123 92 141 120 83 72 52 52
is_linear=0
shrinkage=0.03


Tree=79
num_leaves=21
num_cat=0
split_feature=25 22 13 17 33 33 14 22 17 15 14 16 3 13 33 14 29 19 14 19
split_gain=0.109609 0.0594632 0.0442168 0.0418439 0.0414808 0.107937 0.0394612 0.0386785 0.0330321 0.0269822 0.0340208 0.0308412 0.0236245 0.0228521 0.0220953 0.0312026 0.016734 0.016258 0.014747 0.0105701
threshold=0.87296376403142462 -0.330626522419805 -0.71651992194324299 -0.19430054377066733 -0.052196196105995608 -0.25151954682520034 0.19181118953915918 0.31771747743039952 -1.4395528486654099 -0.44161475001437911 -0.79738040252074704 0.11117850145399706 0.89380100527707895 -1.1399940510846429 -0.35478315458749671 -0.55207824820071028 -0.17189436444949033 1.9428050868746267 0.16401014852706969 -0.34333297796233025
decision_type=2 2 2 2 2 2 2 2 2 2 2 2 2 2 2 2 2 2 2 2
left_child=2 12 8 9 5 -5 17 -6 18 10 -4 -11 14 16 15 -2 -10 -3 -1 -15
right_child=1 6 3 4 7 -7 -8 -9 13 11 -12 -13 -14 19 -16 -17 -18 -19 -20 -21
leaf_value=-0.00065106477356720262 0.0011135127378893749 -0.0012091560260109279 0 -9.853818800186093e-05 -8.2854311553633806e-05 0.00096087838062676087 0.00072090552735608066 -0.0011136655832751322 0.0013935474164884637 0.0001012309367174694 -0.0011682226619377037 -0.00064024658247564554 4.8414999245687789e-05 -3.9487345921448783e-05 0.0015471930257578994 -0.00024607215190063352 0.00025950454197385731 0 0.00013607581299341593 0.00045744680754289445
leaf_weight=38 32 20 30 674 91 96 29 56 34 104 78 85 27 62 67 20 31 21 33 68
leaf_count=38 32 20 30 674 91 96 29 56 34 104 78 85 27 62 67 20 31 21 33 68
internal_value=1.23319e-05 0.000640312 -7.84061e-05 -0.000156761 -5.22587e-05 3.28805e-05 -3.89175e-05 -0.000509964 0.000265805 -0.000465666 -0.000848558 -0.000221406 0.000980331 0.000471194 0.00116079 0.000551151 0.000932124 -0.000657044 -0.000253985 0.000202346
internal_weight=1696 216 1480 1214 917 770 70 147 266 297 108 189 146 195 119 52 65 41 71 130
internal_count=1696 216 1480 1214 917 770 70 147 266 297 108 189 146 195 119 52 65 41 71 130
is_linear=0
shrinkage=0.03


Tree=80
num_leaves=21
num_cat=0
split_feature=25 11 25 21 27 33 31 33 11 23 33 33 14 28 15 15 2 9 8 23
split_gain=0.103458 0.0476478 0.049901 0.109902 0.0468502 0.0735792 0.0578243 0.0467247 0.0404727 0.0472959 0.0938245 0.0319971 0.0428804 0.0464457 0.0276544 0.0157999 0.0097586 0.0074936 0.00654924 0.00481762
threshold=0.87296376403142462 -0.69692078802229462 -0.14545648832970479 0.34667578507982594 -0.24625233877034816 -0.35478315458749904 -0.010667291184708433 -0.035861917927173491 0.70850436197897915 0.64038543199803544 -0.35478315458749671 0.44135996096515023 -0.47498727034707039 -0.094446260997002443 2.7644405003068973 -0.6863084178716039 0.60248502081985189 0.16670131482539421 -0.78859496511275295 0.21045106580471409
decision_type=2 2 2 2 2 2 2 2 2 2 2 2 2 2 2 2 2 2 2 2
left_child=1 11 3 7 5 -4 -6 -3 9 10 -2 12 15 -14 -12 -1 -10 -11 -13 -5
right_child=8 2 4 19 6 -7 -8 -9 16 17 14 18 13 -15 -16 -17 -18 -19 -20 -21
leaf_value=-0.00060398351289331917 -0.0015065017313022036 7.4678326950185826e-06 -3.9808966407744108e-05 -0.00062535910334554493 0.00074275777107104656 -0.001700438463195626 -7.9110117439283863e-05 -0.00063080299967590355 0.0016690708556653638 0.0012793776547513538 6.8218236031680139e-05 4.7859044029162468e-05 0.00034783028835133357 0.0015985288296201773 0.0013716765787432212 0.00026540497214106536 0.00045269667183089516 0.00026138568855822085 -0.00047009897062634222 -0.0013093715279788147
leaf_weight=32 26 433 201 45 142 25 151 129 35 38 57 23 98 41 20 33 20 20 44 83
leaf_count=32 26 433 201 45 142 25 151 129 35 38 57 23 98 41 20 33 20 20 44 83
internal_value=1.20292e-05 -7.60746e-05 -0.000158292 -0.000325589 5.89724e-05 -0.000256477 0.000312557 -0.000136301 0.000622174 0.000344021 -1.93103e-05 0.000277485 0.000468026 0.000763846 0.000483021 -0.000126248 0.00132477 0.00100765 -0.000255005 -0.00111163
internal_weight=1696 1480 1209 690 519 226 293 562 216 161 103 271 204 139 77 65 55 58 67 128
internal_count=1696 1480 1209 690 519 226 293 562 216 161 103 271 204 139 77 65 55 58 67 128
is_linear=0
shrinkage=0.03


Tree=81
num_leaves=21
num_cat=0
split_feature=25 11 25 21 24 31 25 24 27 27 11 24 25 30 19 17 19 6 19 14
split_gain=0.0983061 0.0451027 0.0469263 0.103805 0.0469254 0.0664076 0.0406141 0.0392829 0.054547 0.0626454 0.0381979 0.0575413 0.0771897 0.0543275 0.0274375 0.0272962 0.023203 0.0099075 0.00488364 0.000855989
threshold=0.87296376403142462 -0.69692078802229462 -0.14545648832970479 0.34667578507982594 0.88254936195764355 -0.010667291184708433 -0.28234896580229657 -1.5158711010171066 -0.15234528710910303 -0.24625098442667959 0.70850436197897915 -0.089442088826860708 2.1106593819396973 -0.22038319483276228 0.23528265815744734 0.097469003854172842 0.05319977310684005 1.0000000180025095e-35 -0.76009827477468461 0.085832728632426525
decision_type=2 2 2 2 2 2 2 2 2 2 2 2 2 2 2 2 2 2 2 2
left_child=1 7 3 6 14 -6 -3 -1 9 -9 11 12 -2 15 -4 -13 -12 -10 -5 -15
right_child=10 2 4 18 5 -7 -8 8 17 -11 16 13 -14 19 -16 -17 -18 -19 -20 -21
leaf_value=-0.00067398366942176256 -0.0015534963055646844 -0.00020300645670885781 -4.2260360383150309e-05 -0.00033956813382974362 0.00086157908457439253 -0.00020335069425195327 0.00081434081788048945 -0.00015106109244904169 -0.00039588156149138583 0.0011455511517327176 0.0017681891109285895 0.0020252586400019935 0.00044642679260361424 -0.00015745216682705137 -0.00086553151343303557 0.00044697484243982308 0.0002662323561962694 0.00018694708721595817 -0.0011851725787686352 9.1331131159677164e-05
leaf_weight=30 25 528 274 21 120 84 34 42 56 106 34 29 40 20 41 26 21 37 107 21
leaf_count=30 25 528 274 21 120 84 34 42 56 106 34 29 40 20 41 26 21 37 107 21
internal_value=1.1835e-05 -7.40017e-05 -0.000154036 -0.000316283 5.65004e-05 0.000411994 -0.000132152 0.000269879 0.000406509 0.000762035 0.000606631 0.000335607 -0.000313258 0.000801425 -0.000166005 0.0013926 0.00128987 -0.000134158 -0.00108029 0
internal_weight=1696 1480 1209 690 519 204 562 271 241 148 216 161 65 96 315 55 55 93 128 41
internal_count=1696 1480 1209 690 519 204 562 271 241 148 216 161 65 96 315 55 55 93 128 41
is_linear=0
shrinkage=0.03


Tree=82
num_leaves=17
num_cat=0
split_feature=23 24 24 15 22 15 33 27 15 33 27 9 22 9 24 15
split_gain=0.0701019 0.192216 0.0918838 0.0728052 0.0567162 0.0497739 0.0492241 0.056085 0.0394175 0.0565637 0.0363635 0.0306574 0.0284636 0.0167255 0.00681712 0.00462011
threshold=-0.99264258076987422 -0.15255841679988044 -1.2002894611520081 1.6154974828764666 -0.14827977246193449 1.1170510970856478 -0.4486618022432009 -0.24625233877035443 3.0816510498407044 -0.35478315458749821 1.630061540653257 1.0517587430023994 0.76755841313291806 -0.22823720300147199 -1.4527547730440871 0.40564742608377863
decision_type=2 2 2 2 2 2 2 2 2 2 2 2 2 2 2 2
left_child=2 8 4 6 5 -1 -3 -8 9 -2 -11 15 13 -6 -7 -4
right_child=1 3 11 -5 12 14 7 -9 -10 10 -12 -13 -14 -15 -16 -17
leaf_value=0.0014036736280094225 -0.000114762640466714 0.0011121295987362306 0.0013208370550166126 0.0015839562810069764 0 -0.00026111883935518563 0.0004628201286294771 -0.00013213775385901904 3.2884318493306631e-05 -0.0018164717714762148 -0.00026710056352357447 0 0.00057124998354383049 -0.00058794047812560043 0.00032221703500254082 0.00041049000862277237
leaf_weight=40 39 32 89 24 58 27 167 861 22 88 23 22 28 119 37 20
leaf_count=40 39 32 89 24 58 27 167 861 22 88 23 22 28 119 37 20
internal_value=1.14949e-05 -0.000100904 0.000337624 4.52656e-05 4.24816e-05 0.000611337 3.23324e-06 -3.15108e-05 -0.00102424 -0.00119649 -0.00153722 0.000994875 -0.00023634 -0.000388153 3.06734e-05 0.00119606
internal_weight=1696 1256 440 1084 309 104 1060 1028 172 150 111 131 205 177 64 109
internal_count=1696 1256 440 1084 309 104 1060 1028 172 150 111 131 205 177 64 109
is_linear=0
shrinkage=0.03


Tree=83
num_leaves=19
num_cat=0
split_feature=25 22 11 25 21 24 32 22 25 24 32 15 14 3 19 14 30 32
split_gain=0.0911595 0.0485934 0.0418403 0.042897 0.0979195 0.0444078 0.0571004 0.0459561 0.0365327 0.0360204 0.0438046 0.0588929 0.0321205 0.0225131 0.0126379 0.00758228 0.00749234 0.00480009
threshold=0.87296376403142462 -0.330626522419805 -0.69692078802229462 -0.14545648832970479 0.34667578507982594 0.88254936195764355 -0.28767010844385427 -0.330626522419805 -0.28234896580229657 -1.5158711010171066 0.15889700568393952 -0.65564122191194663 0.19181118953915918 0.89380100527707895 1.9428050868746267 0.61092978399939335 0.53115331993689086 -0.28767010897406425
decision_type=2 2 2 2 2 2 2 2 2 2 2 2 2 2 2 2 2 2
left_child=2 13 9 4 8 7 -7 -5 -4 -1 11 -11 14 15 -3 -2 -12 -6
right_child=1 12 3 5 17 6 -8 -9 -10 10 16 -13 -14 -15 -16 -17 -18 -19
leaf_value=-0.00064231573199768639 0.0012242640655333664 -0.0010750125408496545 -0.00019186417862202701 0 -0.00061199287662748241 -0.00014220095888595096 0.00083593152162926739 -0.00096990443099254987 0.00077248106878235101 -0.00027053755854616283 0 0.00096367475068060099 0.00065553979407559381 0 0 0.00038741842296815691 -0.00059036555427259628 -0.0012612590747579815
leaf_weight=30 91 20 528 265 51 89 115 50 34 41 45 130 29 27 21 28 25 77
leaf_count=30 91 20 528 265 51 89 115 50 34 41 45 130 29 27 21 28 25 77
internal_value=1.14915e-05 0.000584312 -7.10994e-05 -0.000148244 -0.000303386 5.28255e-05 0.000398828 -0.000163467 -0.000124421 0.000259968 0.000391097 0.000650949 -2.58754e-05 0.000891633 -0.000587868 0.00106632 -0.000203254 -0.00104541
internal_weight=1696 216 1480 1209 690 519 204 315 562 271 241 171 70 146 41 119 70 128
internal_count=1696 216 1480 1209 690 519 204 315 562 271 241 171 70 146 41 119 70 128
is_linear=0
shrinkage=0.03


Tree=84
num_leaves=17
num_cat=0
split_feature=25 24 14 20 27 23 20 11 24 25 31 13 25 20 19 12
split_gain=0.0861741 0.0404871 0.0491944 0.0445045 0.0571807 0.0368888 0.0351275 0.0346509 0.0589752 0.0745161 0.0602941 0.0361921 0.032475 0.0317846 0.0231204 0.00209332
threshold=0.85317074716206753 -1.6168572257739384 -0.44766894908119997 -0.73775606658741688 -0.2430913243602448 -0.99264258076987422 -0.34951440757421864 0.70850436197897915 -0.089442088826860708 2.1106593819396973 -0.010805647718440692 -0.25444438737763747 -0.3384134655968058 -0.88917635151670982 0.05319977310684005 -1.0195722180437761
decision_type=2 2 2 2 2 2 2 2 2 2 2 2 2 2 2 2
left_child=1 -1 6 4 -4 -5 13 8 9 -2 15 -12 -8 -3 -9 -10
right_child=7 2 3 5 -6 -7 12 14 10 -11 11 -13 -14 -15 -16 -17
leaf_value=-0.0010291599568087034 -0.0015130874759983271 -8.4509387803366866e-05 0.00010002216716366092 0.00025881749609206023 0.0014372150685667291 -0.00017661492275625564 -0.00092132222966756668 0.0016270597045775503 -0.00028429952047198361 0.00040867528022364388 0.0022376247636146014 0.0005410225707149183 0.00025201904482673849 -0.00063966914373053674 0.00019875020898878573 6.3062587607419103e-05
leaf_weight=36 27 178 87 298 45 415 21 37 20 40 24 35 156 232 22 23
leaf_count=36 27 178 87 298 45 415 21 37 20 40 24 35 156 232 22 23
internal_value=1.09347e-05 -7.18756e-05 -4.3618e-05 0.000100315 0.000599913 1.50702e-06 -0.000255354 0.000551113 0.000297999 -0.000354566 0.0007531 0.00135443 8.31072e-05 -0.000408277 0.00117824 -4.12883e-05
internal_weight=1696 1468 1432 845 132 713 587 228 169 67 102 59 177 410 59 43
internal_count=1696 1468 1432 845 132 713 587 228 169 67 102 59 177 410 59 43
is_linear=0
shrinkage=0.03


Tree=85
num_leaves=19
num_cat=0
split_feature=25 24 14 11 32 17 11 24 25 29 9 20 25 20 31 19 28 9
split_gain=0.0820413 0.0392137 0.0535412 0.0441976 0.0691421 0.0409379 0.0314343 0.0477485 0.0642456 0.0457448 0.0295056 0.0280156 0.0297398 0.0258531 0.0203288 0.0170275 0.00763386 0.00565284
threshold=0.87296376403142462 -1.5537408978009186 -0.44766894908119997 -0.63920994621672933 0.056674425325855406 -0.24097774107534842 0.8343649256905501 -0.089442088826860708 2.1106593819396973 -0.17864945247912742 -0.03540988923862385 -0.34951440757421864 -0.3384134655968058 -0.88917635151670982 -0.013062498655383026 0.032968771012733475 -0.10592065526312054 -0.95999180006284279
decision_type=2 2 2 2 2 2 2 2 2 2 2 2 2 2 2 2 2 2
left_child=1 14 11 4 -4 -5 7 8 -2 10 -9 13 -13 -3 -1 -8 -16 -11
right_child=6 2 3 5 -6 -7 15 9 -10 17 -12 12 -14 -15 16 -17 -18 -19
leaf_value=-0.0011926359058823436 -0.0014078793701067167 -8.2016126631141007e-05 0.00090088558907908719 -0.00033835052200813069 -0.00021328329259523419 0.00018222829040875663 0.0016901972876221406 0.0019757779274135827 0.00039948000264509271 -0.00036225765190117627 0.00040269603637716503 -0.0008971375088440254 0.00022907532788486867 -0.00058365071381220749 -0.0004736424892733339 0.00034166111263374873 0.0001488984967075774 0.00029363032216497229
leaf_weight=37 25 178 136 206 71 386 29 27 42 20 29 21 152 236 37 23 20 21
leaf_count=37 25 178 136 206 71 386 29 27 42 20 29 21 152 236 37 23 20 21
internal_value=1.08437e-05 -6.74153e-05 -2.42983e-05 0.000132932 0.000506858 0 0.000554339 0.000313957 -0.000263486 0.000738748 0.00127389 -0.000242987 6.23601e-05 -0.000377308 -0.000651819 0.00119945 -0.000208684 0
internal_weight=1696 1480 1386 799 207 592 216 164 67 97 56 587 173 414 94 52 57 41
internal_count=1696 1480 1386 799 207 592 216 164 67 97 56 587 173 414 94 52 57 41
is_linear=0
shrinkage=0.03


Tree=86
num_leaves=23
num_cat=0
split_feature=25 22 24 23 23 24 23 24 25 25 19 29 25 3 28 33 20 27 15 15 19 20
split_gain=0.078981 0.0954429 0.145665 0.0639839 0.0395009 0.0734021 0.0856241 0.0500884 0.0478032 0.0386528 0.0605128 0.0324444 0.0300003 0.0243112 0.0182283 0.0146121 0.00833041 0.00727446 0.00567373 0.00560266 0.00293437 0.000945088
threshold=0.51689007838467249 -0.330626522419805 0.28925587901125782 0.67651437033360884 -0.99264258076987422 0.20089301984903016 -0.49767612557252111 -1.2002894611520081 -0.11552168315953781 -1.048056373038069 -1.0615451579950121 -0.17864945247912742 -0.3384134655968058 1.1341656027714877 0.056240242875311479 -0.35478315458749671 0.15138380714811717 -0.23735637457079045 0.062112455982769939 -0.26801712208733325 2.1036436400790945 0.31310067629805099
decision_type=2 2 2 2 2 2 2 2 2 2 2 2 2 2 2 2 2 2 2 2 2 2
left_child=4 3 16 13 7 12 18 9 -8 14 -11 -4 17 15 -1 -2 -3 -6 -7 -14 -13 -9
right_child=1 2 11 -5 5 6 8 21 -10 10 -12 20 19 -15 -16 -17 -18 -19 -20 -21 -22 -23
leaf_value=-0.00078011230534226017 0.00071392814636124199 -0.0016005507685794408 0.0011817191940033805 -0.00050707052554935217 -0.00027129785772210551 0.001189092386600583 -0.0004230497535070881 0.0011503241056310277 8.555247213537875e-05 0.0012744328720638383 -1.6764157704140448e-05 -0.00021994922681630629 0 0 0.00010754478539456613 0.0013653914654928308 -0.00050586514757686434 -0.0012094210707006997 0.00035052485123366841 -0.0004382357358393308 0.00020895976677670009 0.00047515997030617054
leaf_weight=66 146 41 37 30 20 40 341 32 305 36 175 20 33 23 21 74 23 86 28 54 32 33
leaf_count=66 146 41 37 30 20 40 341 32 305 36 175 20 33 23 21 74 23 86 28 54 32 33
internal_value=1.05721e-05 0.000364184 -0.00021829 0.000700319 -0.000106263 -0.00021331 -6.7199e-05 0.000152566 -0.000179012 -5.07579e-06 0.000204294 0.000538299 -0.000729237 0.000865941 -0.000536074 0.00096193 -0.00129219 -0.00107228 0.000915454 -0.000256135 0 0.000887752
internal_weight=1696 426 153 273 1270 907 714 363 646 298 211 89 193 243 87 220 64 106 68 87 52 65
internal_count=1696 426 153 273 1270 907 714 363 646 298 211 89 193 243 87 220 64 106 68 87 52 65
is_linear=0
shrinkage=0.03


Tree=87
num_leaves=19
num_cat=0
split_feature=25 22 22 23 11 19 11 23 22 33 3 33 28 33 32 20 28 9
split_gain=0.0741626 0.0900488 0.126114 0.0605404 0.0497637 0.0390598 0.0478841 0.049519 0.0430408 0.0285623 0.0230153 0.020746 0.0370921 0.0136343 0.010448 0.00782633 0.00369622 0.00336419
threshold=0.51689007838467249 -0.330626522419805 1.5958178729415529 0.67651437033360884 -0.25377250217322495 1.6019072026172825 0.45404590769551706 -0.99264258076987422 -0.76820643651225318 -0.10477202494589444 1.1341656027714877 -0.27410956362039218 -0.092971719463750671 -0.35478315458749671 -0.28262288423693488 0.085970364589209355 -0.10090509845665835 0.086578993477541971
decision_type=2 2 2 2 2 2 2 2 2 2 2 2 2 2 2 2 2 2
left_child=5 3 4 10 16 6 7 9 -9 -1 13 15 -13 -2 -4 -8 -3 -6
right_child=1 2 14 -5 17 -7 11 8 -10 -11 -12 12 -14 -15 -16 -17 -18 -19
leaf_value=0.00053667571392868344 0.00069294153093618182 7.5423518646857645e-06 0.0011489265064126811 -0.00049324132044884297 -0.0019478464206231052 0.00090519755346361885 -0.00042376634202296638 7.5815556764946299e-05 -0.00039748804371771455 -0.00012920302818393239 0 0.00096797902169434922 -0.00037020639083885508 0.0013260256264618802 9.5397868041839927e-05 -0.00091274681750376019 -0.00042437070425923755 -0.00076084624289069326
leaf_weight=180 146 29 37 30 26 30 133 335 335 74 23 20 88 74 20 75 20 21
leaf_count=180 146 29 37 30 26 30 133 335 335 74 23 20 88 74 20 75 20 21
internal_value=1.03755e-05 0.000353078 -0.000212281 0.00067966 -0.000881485 -0.000102783 -0.000131709 -1.88374e-05 -0.000157096 0.000331763 0.000840908 -0.000449065 -7.59033e-05 0.000934315 0.00085252 -0.00062477 -0.000125369 -0.00155496
internal_weight=1696 426 153 273 96 1270 1240 924 670 254 243 316 108 220 57 208 49 47
internal_count=1696 426 153 273 96 1270 1240 924 670 254 243 316 108 220 57 208 49 47
is_linear=0
shrinkage=0.03


Tree=88
num_leaves=15
num_cat=0
split_feature=25 21 34 32 22 25 33 15 22 25 22 24 28 17
split_gain=0.0708499 0.121403 0.0723719 0.0559987 0.0690198 0.0690826 0.0565923 0.0531347 0.0559099 0.074584 0.0346565 0.0214035 0.0187844 0.00360798
threshold=-0.14545648832970479 0.49119012040039106 -0.12712392442932999 -0.32065312716342514 0.12007712908896469 -0.28234896580229657 0.29727491001165363 0.94111711172066614 -0.37773603402182293 0.58365161062862347 0.42304723450283782 -0.064195557637652792 -0.10592781829257407 -0.17102897276224208
decision_type=2 2 2 2 2 2 2 2 2 2 2 2 2 2
left_child=1 3 7 -1 6 -6 -5 8 9 -2 -10 -9 -13 -3
right_child=2 13 -4 4 5 -7 -8 11 10 -11 -12 12 -14 -15
leaf_value=-0.00097793597518466401 -4.3639331931418773e-05 -0.0013856742633541581 0.0011852862017251373 0.00041631010018685917 -0.00065146812088906622 0.00076816034220003832 -0.00044724982537122231 0.00013794215427645083 -0.00086951910924593285 0.00076044261964689213 -8.6721704277389376e-05 0.0015883915964010598 0.00020187634288373847 -0.00074936213189939727
leaf_weight=49 277 47 60 368 173 33 78 39 69 157 215 34 20 77
leaf_count=49 277 47 60 368 173 33 78 39 69 157 215 34 20 77
internal_value=9.97951e-06 -0.000187036 0.000200024 -2.78885e-05 4.30827e-05 -0.000401936 0.000256623 0.000119347 2.62706e-05 0.000243597 -0.000294462 0.000783408 0.00116515 -0.0010412
internal_weight=1696 825 871 701 652 206 446 811 718 434 284 93 54 124
internal_count=1696 825 871 701 652 206 446 811 718 434 284 93 54 124
is_linear=0
shrinkage=0.03


Tree=89
num_leaves=16
num_cat=0
split_feature=25 21 34 32 22 11 25 15 22 22 25 22 27 22 27
split_gain=0.067 0.114684 0.0682561 0.0528625 0.06481 0.0757057 0.0652838 0.0505374 0.0528592 0.0659388 0.0608945 0.0195627 0.0143719 0.00350175 0.00564826
threshold=-0.14545648832970479 0.49119012040039106 -0.12712392442932999 -0.32065312716342514 0.12007712908896469 -0.58113728074765525 -0.28234896580229657 0.94111711172066614 -0.330626522419805 0.42304723450283782 0.56663255178919891 -0.37773603402182293 -0.24568287732696401 -0.74752740006541807 -0.24623954326053402
decision_type=2 2 2 2 2 2 2 2 2 2 2 2 2 2 2
left_child=1 3 7 -1 5 -5 -6 8 10 -10 -2 -9 -13 -3 -15
right_child=2 13 -4 4 6 -7 -8 11 9 -11 -12 12 -14 14 -16
leaf_value=-0.00095029047910625533 -6.0724727873531945e-05 -0.00032676713319960987 0.0011514208908636298 0.0010072263569131114 -0.0006322572095758171 3.9092271839458412e-05 0.00074703593309580663 0 -0.0013924174533647938 -8.4155854057475765e-05 0.00062533240324387756 0.0012933098644511225 0.00020792538039885193 -0.001346811050410146 -0.00058259771993782899
leaf_weight=49 271 21 60 91 173 355 33 20 40 215 192 48 25 64 39
leaf_count=49 271 21 60 91 173 355 33 20 40 215 192 48 25 64 39
internal_value=9.56607e-06 -0.000181972 0.000194423 -2.71659e-05 4.16646e-05 0.000248718 -0.000389397 0.000115953 2.50781e-05 -0.000314806 0.000219531 0.000763589 0.000983957 -0.00101219 -0.00111043
internal_weight=1696 825 871 701 652 446 206 811 718 255 463 93 73 124 103
internal_count=1696 825 871 701 652 446 206 811 718 255 463 93 73 124 103
is_linear=0
shrinkage=0.03


Tree=90
num_leaves=15
num_cat=0
split_feature=25 21 34 32 30 15 23 33 25 19 19 27 14 17
split_gain=0.0632002 0.108624 0.0644122 0.0499427 0.0561775 0.0478501 0.0444056 0.0856189 0.0406159 0.0177026 0.0156998 0.01556 0.00776146 0.00314354
threshold=-0.14545648832970479 0.49119012040039106 -0.12712392442932999 -0.32065312716342514 -0.22171870721478629 0.94111711172066614 -0.86980419042892521 -0.35478315458749821 -0.28234896580229657 0.77242296033697888 0.37184308609886446 -0.24584079192911898 -0.43325187796925774 -0.17102897276224208
decision_type=2 2 2 2 2 2 2 2 2 2 2 2 2 2
left_child=1 3 5 -1 12 6 10 -8 -6 -7 -2 -11 -5 -3
right_child=2 13 -4 4 8 9 7 -9 -10 11 -12 -13 -14 -15
leaf_value=-0.00092342648669504199 0.0010617237998410425 -0.0013132034652493893 0.001118523157246056 0.00038586797907708153 -0.00012508029134332901 0.00013206984130552084 0.00014423051970539663 -0.00064535912902807108 0.0006885234216463343 0.0014632719758665188 0 0.00018552298649497653 0.0014027054800341526 -0.00070517880353727371
leaf_weight=49 44 47 60 28 542 38 491 161 58 35 22 20 24 77
leaf_count=49 44 47 60 28 542 38 491 161 58 35 22 20 24 77
internal_value=9.13093e-06 -0.000176844 0.000188719 -2.60683e-05 4.07116e-05 0.000112375 2.38374e-05 -4.82275e-05 -3.84226e-05 0.000742565 0.000750374 0.00108399 0.000960636 -0.000984838
internal_weight=1696 825 871 701 652 811 718 652 600 93 66 55 52 124
internal_count=1696 825 871 701 652 811 718 652 600 93 66 55 52 124
is_linear=0
shrinkage=0.03


Tree=91
num_leaves=21
num_cat=0
split_feature=21 14 24 19 24 28 34 24 33 22 32 28 19 8 16 21 14 19 24 6
split_gain=0.0517867 0.0577489 0.0421679 0.073213 0.0768412 0.0662965 0.0490528 0.0412645 0.0397632 0.0382867 0.0349698 0.0321011 0.0286931 0.0130447 0.0125212 0.0119179 0.00640667 0.00535912 0.00388749 0.000571374
threshold=-1.4208457007640076 1.2460399084709735 -0.10206535442146465 -0.0398640752892589 -1.2002894611520081 -0.10596958133124064 -0.13109568816668696 0.40286526936269335 -0.35478315458749821 -1.1213709161080765 1.1768543311050728 0.056240242875311479 0.37184308609886446 0.94222759140962242 -0.93114947095827183 -0.47594427751415946 1.9450723355240689 0.21505088322723712 -1.4906245698278988 -0.24776229752035417
decision_type=2 2 2 2 2 2 2 2 2 2 2 2 2 2 2 2 2 2 2 2
left_child=1 12 3 4 11 14 9 -8 17 -7 -10 -2 18 16 -4 -16 -3 -5 -1 -20
right_child=2 13 5 8 -6 6 7 -9 10 -11 -12 -13 -14 -15 15 -17 -18 -19 19 -21
leaf_value=0.00043632827799480696 -0.00043830602762860509 -0.0001723505565751111 0.001367973059939686 8.2810665406624686e-05 0.00085049617513204391 0.00064595661383429334 -4.6156110574321987e-05 0.00075430273379803307 -0.0015872995824936559 -0.00022831622336022005 -9.6145408952401736e-05 0.00054492612160869289 0 -0.00059150789335170491 0 0.00064005395828280599 0.00042353244718502871 -0.00044612103611386072 0.00061138756435364489 0.0014766416889242825
leaf_weight=23 197 21 21 28 66 44 107 108 65 656 24 30 31 32 31 89 30 24 22 47
leaf_count=23 197 21 21 28 66 44 107 108 65 656 24 30 31 32 31 89 30 24 22 47
internal_value=9.20107e-06 0.000452952 -5.09273e-05 -0.000299782 -1.6873e-05 4.9075e-05 -4.18845e-05 0.00034702 -0.000854239 -0.000166572 -0.00123405 -0.000289907 0.000861346 -0.00012631 0.000648753 0.000468204 0.00012667 -0.000117784 0.00112065 0.0012794
internal_weight=1696 206 1490 434 293 1056 915 215 141 700 89 227 123 83 141 120 51 52 92 69
internal_count=1696 206 1490 434 293 1056 915 215 141 700 89 227 123 83 141 120 51 52 92 69
is_linear=0
shrinkage=0.03


Tree=92
num_leaves=23
num_cat=0
split_feature=25 22 21 23 23 24 23 24 25 25 19 25 21 3 28 21 33 25 20 15 10 20
split_gain=0.0594922 0.0714487 0.117958 0.0542007 0.0329084 0.0629561 0.0738409 0.0410073 0.0383804 0.0321781 0.0540795 0.0260365 0.0240933 0.0213696 0.0163084 0.0128136 0.0107164 0.00577769 0.00543435 0.00523478 0.00336686 0.000819585
threshold=0.51689007838467249 -0.330626522419805 0.73575284171211652 0.67651437033360884 -0.99264258076987422 0.20089301984903016 -0.49767612557252111 -1.2002894611520081 -0.11552168315953781 -1.048056373038069 -1.0615451579950121 -0.3384134655968058 1.1248298983444069 1.1341656027714877 0.056240242875311479 0.20216144975926101 -0.35478315458749671 0.87296376403142462 -0.60087211568635102 -0.26801712208733325 -0.18548105886145447 0.31310067629805099
decision_type=2 2 2 2 2 2 2 2 2 2 2 2 2 2 2 2 2 2 2 2 2 2
left_child=4 3 17 13 7 11 15 9 -8 14 -11 18 -4 16 -1 -7 -2 -3 -6 -13 -14 -9
right_child=1 2 12 -5 5 6 8 21 -10 10 -12 19 20 -15 -16 -17 -18 -19 -20 -21 -22 -23
leaf_value=-0.00071580771897393068 0.00063085850550802485 -0.001524017778382561 -7.934921990287163e-05 -0.00049974324528805232 -0.00028817050728946925 0.0002965209990752077 -0.00037724754474732243 0.001054133383637028 7.7855816134355605e-05 0.001204309961830194 -1.5501019477944302e-05 0 0.0011186732388211084 0 0.00012045006235712207 0.0012960792360827327 0.0012059744340488566 -0.00055580147085410936 -0.0011194551298073653 -0.00040304191683504829 0.00032985303717151539 0.00041984469482364757
leaf_weight=66 146 34 34 30 22 35 341 32 305 36 175 33 31 23 21 33 74 28 84 54 26 33
leaf_count=66 146 34 34 30 22 35 341 32 305 36 175 33 31 23 21 33 74 28 84 54 26 33
internal_value=9.2686e-06 0.000316374 -0.000185601 0.00060753 -9.1891e-05 -0.000189775 -5.42077e-05 0.000144038 -0.000158388 0 0.000192565 -0.000667492 0.000475156 0.000760853 -0.000483333 0.000858122 0.000851381 -0.00117875 -0.000987127 -0.000224795 0.000843344 0.000808957
internal_weight=1696 426 153 273 1270 907 714 363 646 298 211 193 91 243 87 68 220 62 106 87 57 65
internal_count=1696 426 153 273 1270 907 714 363 646 298 211 193 91 243 87 68 220 62 106 87 57 65
is_linear=0
shrinkage=0.03


Tree=93
num_leaves=24
num_cat=0
split_feature=25 22 21 23 11 11 24 21 27 33 33 25 23 31 14 15 23 17 25 17 9 27 10
split_gain=0.0558149 0.0673815 0.112014 0.0512806 0.0351252 0.0324868 0.0273114 0.0389575 0.0448127 0.0237876 0.118492 0.0336102 0.0421008 0.0325185 0.0210137 0.0514283 0.0205678 0.0115792 0.00976725 0.00884846 0.00396996 0.00359255 0.00303063
threshold=0.51689007838467249 -0.330626522419805 1.1248298983444069 0.67651437033360884 -0.25377250217322495 -0.69692078802229462 -1.503247835422503 0.55788904439449805 -0.16790969615953197 -0.27410956362039218 -0.035861917927173491 -0.11552168315953781 0.21045106580471409 -0.01066903909402476 0.66669410052978917 2.7644405003068973 0.33328945614566302 -0.0066824586273644725 -0.94519960858133978 0.67871604041094546 0.086578993477541971 -0.20033391803265188 -0.18548105886145447
decision_type=2 2 2 2 2 2 2 2 2 2 2 2 2 2 2 2 2 2 2 2 2 2 2
left_child=5 3 4 14 21 6 -1 8 -8 11 19 12 -7 -13 17 -16 -9 -2 -12 -11 -6 -3 -4
right_child=1 2 22 -5 20 9 7 16 -10 10 18 13 -14 -15 15 -17 -18 -19 -20 -21 -22 -23 -24
leaf_value=-0.00048812765653173516 0.0011982666163800665 0 0.0010880742166739176 -0.0004861138715324077 -0.0017582221815105653 -0.00025075841509862975 0.0011873650356264988 -0.00046232462564386941 0 0.0010108993154031873 -0.00065935753914993255 0.00084164109263413882 -0.0009815275535448309 -0.0001183165021529829 -0.0007976015755647005 0.0011397647419033327 0.00040919495578855278 0.00059997074016534559 -8.2863596369359829e-05 0.00033692564568223637 -0.00063227613060735162 -0.00044500158119784749 0.0003209811303491608
leaf_weight=36 80 29 31 30 26 359 69 55 48 70 97 33 94 266 23 20 37 120 55 51 21 20 26
leaf_count=36 80 29 31 30 26 359 69 55 48 70 97 33 94 266 23 20 37 120 55 51 21 20 26
internal_value=9.10678e-06 0.000306617 -0.000180443 0.000589448 -0.000812648 -8.88187e-05 0.000214503 0.000354876 0.000714007 -0.000164653 6.61152e-05 -0.000252332 -0.000414436 0 0.000738738 5.38467e-05 -7.83898e-05 0.000868239 -0.000475754 0.000766045 -0.00138326 -0.000159405 0.000821716
internal_weight=1696 426 153 273 96 1270 245 209 117 1025 273 752 453 299 243 43 92 200 152 121 47 49 57
internal_count=1696 426 153 273 96 1270 245 209 117 1025 273 752 453 299 243 43 92 200 152 121 47 49 57
is_linear=0
shrinkage=0.03


Tree=94
num_leaves=16
num_cat=0
split_feature=25 23 28 32 31 24 24 22 25 11 20 27 33 24 14
split_gain=0.052559 0.090773 0.0522751 0.0448056 0.0608162 0.0412674 0.0357613 0.0531274 0.0717679 0.0468256 0.0387801 0.0144711 0.00953198 0.00747222 0.00152472
threshold=-0.086845850267277314 0.21045106580471409 0.093429876254195715 -0.32065312716342514 -0.010611320170409382 -1.5537408978009186 0.93304242433605922 -0.330626522419805 0.64424696092625944 -0.25377250217322495 -0.4082655520198834 -0.24623954326053402 -0.35478315864125226 0.35237220698427757 0.25818725667389253
decision_type=2 2 2 2 2 2 2 2 2 2 2 2 2 2 2
left_child=1 3 6 -1 5 -5 7 8 -2 -9 -8 -3 -12 -6 -13
right_child=2 11 -4 4 13 -7 10 9 -10 -11 12 14 -14 -15 -16
leaf_value=-0.00087993137051279712 -0.00016880663597335457 -0.0012241463776833067 0.001073902147689036 -0.00064252415063117247 0.00050133038627364753 3.4244631022629162e-05 -0.00041038637115464857 -6.9060455598026651e-05 0.00061687885648503791 -0.0012020693001363219 0.00023436278161863166 -0.0005324650668125186 0.000813119608082849 0.0014138340232488899 0
leaf_weight=49 235 69 53 91 52 548 33 101 179 51 59 24 112 20 20
leaf_count=49 235 69 53 91 52 548 33 101 179 51 59 24 112 20 20
internal_value=8.7638e-06 -0.000151274 0.000182089 -2.77766e-05 3.02001e-05 -6.00132e-05 0.000112894 -5.26899e-06 0.000165698 -0.000484478 0.000450557 -0.000933815 0.000638157 0.000841218 -0.000365617
internal_weight=1696 873 823 760 711 639 770 566 414 152 204 113 171 72 44
internal_count=1696 873 823 760 711 639 770 566 414 152 204 113 171 72 44
is_linear=0
shrinkage=0.03


Tree=95
num_leaves=24
num_cat=0
split_feature=25 11 24 25 31 11 24 21 27 25 33 33 25 23 31 5 23 8 5 11 6 23 12
split_gain=0.0499755 0.0398951 0.0895047 0.0751805 0.0465454 0.0305492 0.02529 0.0363755 0.0415007 0.0223927 0.0221092 0.111926 0.0302855 0.0370053 0.0292833 0.02059 0.0188224 0.0130145 0.0115036 0.00826907 0.00815964 0.00270994 0.000393977
threshold=0.51689007838467249 0.8343649256905501 -0.15255841679988044 2.1106593819396973 -0.012172128699773252 -0.69692078802229462 -1.503247835422503 0.55788904439449805 -0.15234528710910303 0.65433074210512499 -0.27410956362039218 -0.035861917927173491 -0.11552168315953781 0.21045106580471409 -0.01066903909402476 0.50104389303031627 0.33328945614566302 -0.21833535415380731 -0.21750685538786438 -1.2093549992737793 0.48312086930505488 0.069548206295978507 0.22964427122358319
decision_type=2 2 2 2 2 2 2 2 2 2 2 2 2 2 2 2 2 2 2 2 2 2 2
left_child=5 2 3 21 19 6 -1 8 -8 -6 12 20 13 -7 -14 18 -9 -13 -3 -4 -12 -2 -5
right_child=1 15 4 22 9 10 7 16 -10 -11 11 17 14 -15 -16 -17 -18 -19 -20 -21 -22 -23 -24
leaf_value=-0.00046490836788255438 -0.0017919139239037857 0.00085869077695067964 0 0.00034284288111223802 0.00020207591019359163 -0.00024199882999527194 0.0011170588773054891 -0.00044112845332309569 0 0.00089642998051183852 0.00091876945029600214 0 0.00079572618170641355 -0.00092908963692505341 -0.00011504799140261621 0.0015827029073028824 0.00039224450969486496 -0.00062959183198224697 0 -0.00063935837218741655 0.00021824107763845509 -0.0007129183977734871 0
leaf_weight=36 26 22 23 20 85 359 73 55 44 124 85 42 33 94 266 27 37 110 25 29 36 23 22
leaf_count=36 26 22 23 20 85 359 73 55 44 124 85 42 33 94 266 27 37 110 25 29 36 23 22
internal_value=8.32197e-06 0.00028993 0.000143094 -0.000640642 0.000431889 -8.42426e-05 0.000209788 0.000345089 0.000692121 0.000635044 -0.000157848 6.43436e-05 -0.00024242 -0.000396327 0 0.000916643 -7.2586e-05 -0.000461963 0.000402008 -0.000320192 0.000744864 -0.00141349 0.000228467
internal_weight=1696 426 352 91 261 1270 245 209 117 209 1025 273 752 453 299 74 92 152 47 52 121 49 42
internal_count=1696 426 352 91 261 1270 245 209 117 209 1025 273 752 453 299 74 92 152 47 52 121 49 42
is_linear=0
shrinkage=0.03


Tree=96
num_leaves=17
num_cat=0
split_feature=25 21 34 22 25 29 11 15 22 25 25 24 27 23 10 31
split_gain=0.0473686 0.0870509 0.050979 0.0422805 0.0592131 0.0524854 0.0610386 0.0378464 0.0383538 0.0503805 0.0251858 0.0174275 0.0162672 0.0141079 0.00330737 0.00238518
threshold=-0.14545648832970479 0.49119012040039106 -0.12712392442932999 0.22569445809682107 -0.28234896580229657 -0.18755830892769818 -0.58113728074765525 0.94111711172066614 -0.37773603402182293 0.56663255178919891 0.65433074210512499 -0.064195557637652792 -0.24584079192911898 -0.99264258076987422 0.84744034047750727 -0.01066729115965355
decision_type=2 2 2 2 2 2 2 2 2 2 2 2 2 2 2 2
left_child=1 3 7 5 13 -1 -7 8 9 -2 -10 -9 -13 -5 15 -3
right_child=2 14 -4 4 -6 6 -8 11 10 -11 -12 12 -14 -15 -16 -17
leaf_value=-0.00084605838985492776 -5.1508758970538031e-05 -0.0011249753343621017 0.00099140415643038686 -0.00040479741046759663 0.00067055568805274865 0.00090411233700108404 3.9534472559961876e-05 7.3503331081675616e-05 0 0.00059849517677740066 -0.00058512860913445249 0.0013862741634853787 0.0001124038602524113 -0.0011240346143022179 -0.00024128121873945928 -0.00046252823209922225
leaf_weight=42 265 71 60 111 33 91 378 39 169 169 115 34 20 46 21 32
leaf_count=42 265 71 60 111 33 91 378 39 169 169 115 34 20 46 21 32
internal_value=8.17211e-06 -0.000152579 0.000163867 -1.71989e-05 -0.000399402 0.000120577 0.000218325 9.553e-05 1.63617e-05 0.000197109 -0.000248571 0.000655881 0.00099785 -0.000651404 -0.000875806 -0.000966384
internal_weight=1696 825 871 701 190 511 469 811 718 434 284 93 54 157 124 103
internal_count=1696 825 871 701 190 511 469 811 718 434 284 93 54 157 124 103
is_linear=0
shrinkage=0.03


Tree=97
num_leaves=17
num_cat=0
split_feature=25 24 16 17 24 21 25 34 28 22 2 14 33 14 19 6
split_gain=0.0456055 0.0293665 0.0299779 0.031052 0.0280862 0.0530106 0.0261296 0.0214265 0.0209909 0.0198297 0.0195712 0.0164293 0.0151924 0.012048 0.0061424 0.00600715
threshold=0.87296376403142462 -1.6168572257739384 0.033314927986596819 0.25496862038811924 0.88254936195764355 0.36890875974452825 0.33634674680411297 -0.13112869762859283 -0.10596958133123936 -0.330626522419805 0.69529078383617826 0.19181118953915918 -0.35478315458749671 -0.59826903654531705 1.9428050868746267 -0.3819471923496478
decision_type=2 2 2 2 2 2 2 2 2 2 2 2 2 2 2 2
left_child=1 -1 4 8 5 -3 -6 -5 -4 10 12 14 13 -2 -11 -14
right_child=9 2 3 7 6 -7 -8 -9 -10 11 -12 -13 15 -15 -16 -17
leaf_value=-0.00086489879683358578 0.00066840771386294715 0.00020905902774383622 -0.0010479045924575378 -0.00031328213750097807 -6.1674396255733188e-05 -0.00036827151551830153 0.00085955540319340978 0.00013640404836777026 -0.00028190929886721163 -0.00071770948734458371 0 0.00051438789026724409 0.00034156413849584921 -0.00017337266241362236 0 0.0013216552518911619
leaf_weight=36 28 447 42 139 34 206 73 285 218 20 32 29 20 20 21 46
leaf_count=36 28 447 42 139 34 206 73 285 218 20 32 29 20 20 21 46
internal_value=7.83006e-06 -5.00596e-05 -2.59207e-05 -0.000171265 0.000101117 2.15058e-05 0.000545857 -5.1562e-06 -0.000427596 0.000413432 0.000609101 0 0.000789318 0.000269276 -0.000378973 0.0010959
internal_weight=1696 1480 1444 684 760 653 107 424 260 216 146 70 114 48 41 66
internal_count=1696 1480 1444 684 760 653 107 424 260 216 146 70 114 48 41 66
is_linear=0
shrinkage=0.03


Tree=98
num_leaves=17
num_cat=0
split_feature=23 23 15 21 28 27 23 22 31 21 9 33 11 9 21 23
split_gain=0.0383812 0.0590096 0.0496593 0.0487628 0.0451695 0.0389388 0.0279586 0.0259863 0.0342187 0.025452 0.022922 0.0199399 0.0123361 0.0109897 0.00869162 0.00635923
threshold=-0.99264258076987422 -0.76864316308932035 1.6154974828764666 -0.63157510016707574 0.12628606790623073 -0.24622225563190658 -0.54464374540876626 -0.10817655892281322 -0.018460031328148409 -0.62045861283472459 0.84872817580046744 0.4666197635140949 0.86258727503055843 0.08059366642460726 -1.73210734606984 -1.0070941561041034
decision_type=2 2 2 2 2 2 2 2 2 2 2 2 2 2 2 2
left_child=4 11 3 12 5 10 -5 8 -7 -9 14 -2 -3 -13 -1 -6
right_child=1 2 -4 6 15 7 -8 9 -10 -11 -12 13 -14 -15 -16 -17
leaf_value=0.00016630327128602757 -0.001242950615264019 -0.0011352935877939063 0.0010940765007199454 0.00052186322480806009 0.00035572227237779382 -0.00027224195890404211 -4.7916316577740585e-05 -0.00044130833435886043 0.00074094583751438598 0.00045866188936633987 -9.4424365374320374e-05 0.00013582160297781229 -5.0343928585314872e-05 -0.00071126245359039825 0.00115738326754421 0.0012789551023277453
leaf_weight=20 46 42 32 81 25 46 993 151 65 29 20 22 20 20 47 37
leaf_count=20 46 42 32 81 25 46 993 151 65 29 20 22 20 20 47 37
internal_value=7.46987e-06 -7.52261e-05 -1.52362e-05 -5.19177e-05 0.000249212 0.000113602 -8.24643e-07 -4.50335e-05 0.000298636 -0.000274778 0.00066136 -0.000811737 -0.00084994 -0.000221411 0.000924202 0.000986437
internal_weight=1696 1256 1168 1136 440 378 1074 291 111 180 87 88 62 42 67 62
internal_count=1696 1256 1168 1136 440 378 1074 291 111 180 87 88 62 42 67 62
is_linear=0
shrinkage=0.03


Tree=99
num_leaves=17
num_cat=0
split_feature=25 23 34 22 25 15 33 15 22 25 24 27 24 27 23 17
split_gain=0.0435393 0.077162 0.0448187 0.0402254 0.0532284 0.0504047 0.0458065 0.0336523 0.0350799 0.0446292 0.0230481 0.0225478 0.0162869 0.0154838 0.012905 0.00353929
threshold=-0.14545648832970479 0.16348344596846884 -0.12712392442932999 0.22569445809682107 -0.28532716522894996 -0.67533193669288316 0.29727491001165363 0.94111711172066614 -0.37773603402182293 0.56663255178919891 -0.15255841679988044 -0.21863803255799133 -0.064195557637652792 -0.24584079192911898 -0.99264258076987422 -0.17102897276224208
decision_type=2 2 2 2 2 2 2 2 2 2 2 2 2 2 2 2
left_child=1 3 7 5 14 11 -7 8 9 -2 -10 -1 -9 -14 -5 -3
right_child=2 15 -4 4 -6 6 -8 12 10 -11 -12 -13 13 -15 -16 -17
leaf_value=-9.0105390875631957e-05 -4.2944845429457331e-05 -0.0011908816677751019 0.00093312354244144864 -0.00037929174105279104 0.0005933490988773931 0.00047522984919805354 -0.00027197361328549921 5.7388123016737923e-05 -0.00066435992992667635 0.00056812303208544316 -4.8916925848551245e-05 -0.00097351769048993164 0.0013282922433336842 8.9058410396556474e-05 -0.0010402018235181457 -0.00057471757489044892
leaf_weight=99 265 45 60 111 35 290 91 39 79 169 205 38 34 20 53 63
leaf_count=99 265 45 60 111 35 290 91 39 79 169 205 38 34 20 53 63
internal_value=7.34716e-06 -0.000146697 0.000156691 -2.82937e-05 -0.000390808 0.000106664 0.000288221 9.23356e-05 1.74143e-05 0.000190407 -0.000235722 -0.000372178 0.00062089 0.000950792 -0.000625692 -0.000883727
internal_weight=1696 825 871 717 199 518 381 811 718 434 284 137 93 54 164 108
internal_count=1696 825 871 717 199 518 381 811 718 434 284 137 93 54 164 108
is_linear=0
shrinkage=0.03


Tree=100
num_leaves=16
num_cat=0
split_feature=25 21 34 32 31 24 15 23 24 19 24 28 19 31 31
split_gain=0.0412841 0.0761556 0.0422641 0.0389442 0.0534283 0.0354442 0.0320494 0.0290664 0.0696324 0.0157285 0.0153521 0.0144662 0.00728995 0.00255711 0.00574143
threshold=-0.14545648832970479 0.49119012040039106 -0.12712392442932999 -0.32065312716342514 -0.010611320170409382 -1.5537408978009186 0.94111711172066614 -0.86980419042892521 -0.13993515120527647 0.37184308609886446 -0.064195557637652792 -0.10592781829257407 -0.21587627002283852 -0.01066729115965355 -0.010671008148061909
decision_type=2 2 2 2 2 2 2 2 2 2 2 2 2 2 2
left_child=1 3 6 -1 5 -5 7 9 -9 -2 -8 -12 -6 14 -3
right_child=2 13 -4 4 12 -7 10 8 -10 -11 11 -13 -14 -15 -16
leaf_value=-0.00080937129047770897 0.00091571004306798443 -0.000248829466867787 0.00090646287159151611 -0.00058613510447445307 0.00099199683967215774 4.6565778395988005e-05 5.5789453829804964e-05 -0.00082921302782646789 7.5646318522003153e-05 0 0.0012916744489197595 8.6735145469862354e-05 0.00010050577174305266 -0.00042195521475925645 -0.001139947762247175
leaf_weight=49 44 20 60 91 52 489 39 85 567 22 34 20 20 43 61
leaf_count=49 44 20 60 91 52 489 39 85 567 22 34 20 20 43 61
internal_value=6.84957e-06 -0.000143106 0.000152322 -1.61963e-05 4.22674e-05 -5.00623e-05 8.97078e-05 1.64939e-05 -4.09959e-05 0.000604992 0.000605521 0.000926085 0.000798286 -0.000819604 -0.000972378
internal_weight=1696 825 871 701 652 580 811 718 652 66 93 54 72 124 81
internal_count=1696 825 871 701 652 580 811 718 652 66 93 54 72 124 81
is_linear=0
shrinkage=0.03


Tree=101
num_leaves=17
num_cat=0
split_feature=25 11 19 21 24 33 15 24 28 23 33 24 21 9 29 33
split_gain=0.0393793 0.0266494 0.0248406 0.0232085 0.0213409 0.0317262 0.0384645 0.0209083 0.0167351 0.0165982 0.0429556 0.0309068 0.0227588 0.0304056 0.00519934 0.00395108
threshold=0.85317074716206753 -0.69692078802229462 1.7020527515625632 1.5750476353046288 -1.503247835422503 0.29727491001165363 -0.65564122191194663 0.88254936195764355 -0.10591673197827733 0.66206279499937948 -0.35478315458749671 -0.24092127596210808 0.63570445572095602 1.2508970625259475 0.3615884178314514 -0.35478315458831966
decision_type=2 2 2 2 2 2 2 2 2 2 2 2 2 2 2 2
left_child=1 4 3 7 -1 6 -6 -3 -4 10 11 -2 13 -12 -7 -11
right_child=9 2 8 -5 5 14 -8 -9 -10 15 12 -13 -14 -15 -16 -17
leaf_value=-0.00040711542195640503 -0.0010797726701057399 -0.00016900914401075002 0.00091965338384376503 -0.00083863205618636542 -0.00015612644221189175 0 0.00084232995035497208 0.00018976303005516695 -2.2509604379301882e-05 0.0012294423119165001 0.0010422698220819409 0.00018971445051283806 -0.000120348391258308 -9.8013894651085133e-05 -0.00049245983910245386 0.00032577333492316452
leaf_weight=36 29 941 31 40 41 53 118 163 22 23 74 29 28 22 23 23
leaf_count=36 29 941 31 40 41 53 118 163 22 23 74 29 28 22 23 23
internal_value=6.75026e-06 -4.86463e-05 -0.000111166 -0.000143073 0.000214748 0.000326548 0.000568224 -0.000112958 0.000494741 0.000372413 0.00021401 -0.000417735 0.000536013 0.0007556 -0.000143467 0.000886441
internal_weight=1696 1468 1197 1144 271 235 159 1104 53 228 182 58 124 96 76 46
internal_count=1696 1468 1197 1144 271 235 159 1104 53 228 182 58 124 96 76 46
is_linear=0
shrinkage=0.03


Tree=102
num_leaves=23
num_cat=0
split_feature=25 22 24 23 23 24 28 29 25 24 25 19 3 25 29 28 20 14 20 14 20 20
split_gain=0.0376438 0.0482874 0.0812496 0.0427989 0.0251348 0.0494038 0.0635245 0.0411532 0.0370649 0.0303326 0.0257235 0.0462739 0.0195779 0.0176139 0.0153062 0.0140746 0.0128207 0.00759948 0.00501901 0.00346481 0.00315773 0.000578091
threshold=0.51689007838467249 -0.330626522419805 0.28925587901125782 0.67651437033360884 -0.99264258076987422 0.22613955103823805 -0.104726896788974 -0.18156453909146028 -0.14545648832970479 -1.2002894611520081 -1.048056373038069 -1.0615451579950121 0.89380100527707895 -0.3384134655968058 -0.17864945247912742 0.056240242875311479 -0.77651968012247463 0.61092978399939335 0.21800875553288943 0.068635298445711437 -0.62752211732932583 0.31310067629805099
decision_type=2 2 2 2 2 2 2 2 2 2 2 2 2 2 2 2 2 2 2 2 2 2
left_child=4 3 18 12 9 13 8 -8 -7 10 15 -12 17 16 -4 -1 -6 -2 -3 -16 -15 -11
right_child=1 2 14 -5 5 6 7 -9 -10 21 11 -13 -14 20 19 -17 -18 -19 -20 -21 -22 -23
leaf_value=-0.0006418606754621419 0.00082016181679874694 -0.00119662341796502 0.00084420351090811884 -0.00048809351958334449 -0.00014514064474164374 -0.00051925221514412701 -7.4136409680656285e-05 0.00072870442422482968 0 0.00092330083618206624 0.0011163944074740776 -1.0611460490539418e-05 0 2.948670994373969e-05 -0.00022607529608775737 0.00013080806846846825 -0.0009869200739776715 0.00018313042208013171 -0.00031119358699768784 0.0002356048168614507 -0.00028807506959563632 0.00034857063600793483
leaf_weight=66 176 42 37 30 32 215 91 127 265 32 36 175 32 21 20 21 90 35 22 32 66 33
leaf_count=66 176 42 37 30 32 215 91 127 265 32 36 175 32 21 20 21 90 35 22 32 66 33
internal_value=6.48657e-06 0.000251118 -0.00015906 0.000491097 -7.36125e-05 -0.000159422 -3.28693e-05 0.000383542 -0.000229408 0.000132147 0 0.00018061 0.000628658 -0.000561476 0.000400158 -0.000423878 -0.000798908 0.00073256 -0.000964595 8.44305e-07 -0.000179661 0.000703883
internal_weight=1696 426 153 273 1270 907 698 218 480 363 298 211 243 209 89 87 122 211 64 52 87 65
internal_count=1696 426 153 273 1270 907 698 218 480 363 298 211 243 209 89 87 122 211 64 52 87 65
is_linear=0
shrinkage=0.03


Tree=103
num_leaves=19
num_cat=0
split_feature=25 22 24 23 11 19 33 33 19 24 27 23 3 27 30 2 25 24
split_gain=0.035354 0.0556643 0.0735464 0.0271862 0.0253373 0.0279213 0.0247692 0.0937866 0.0236944 0.0194029 0.0245819 0.0402251 0.0191922 0.0118903 0.00602348 0.00583603 0.00386067 0.000965343
threshold=0.54267542662666102 -0.330626522419805 0.28925587901125782 0.67651437033360884 -0.69692078802229462 1.6019072026172825 -0.27410956362039218 -0.035861917927173491 0.1482871846047599 -1.503247835422503 -0.15234528710910303 0.28993473014297516 0.71616606982951303 -0.20033391803265188 0.53115331993689086 0.69529078383617826 0.87296376403142462 1.5389591728770491
decision_type=2 2 2 2 2 2 2 2 2 2 2 2 2 2 2 2 2 2
left_child=4 3 16 12 9 6 8 -8 -6 -1 11 -11 15 17 -12 -2 -3 -4
right_child=1 2 13 -5 5 -7 7 -9 -10 10 14 -13 -14 -15 -16 -17 -18 -19
leaf_value=-0.00038830295982412419 0.00082031702534518687 -0.001224815815189504 0.00028486557246380767 -0.00035311916298591176 -0.00014136895395713096 0.00065949295784977597 0.00069172739175818627 -0.00041241258047558667 -0.00053142664512374456 0.0010218726292981666 5.1655296840885225e-05 0 0 -0.00016073771400134198 -0.00048333394993096593 0.00019861454198669107 -0.00039692286976386295 0.00082628976615766684
leaf_weight=36 164 37 40 23 528 34 121 152 209 73 59 58 39 20 21 32 26 24
leaf_count=36 164 37 40 23 528 34 121 152 209 73 59 58 39 20 21 32 26 24
internal_value=6.2159e-06 0.000251305 -0.000197609 0.000517907 -6.8757e-05 -0.000135127 -0.000166712 6.8298e-05 -0.000257742 0.000198025 0.000316122 0.000567519 0.000619138 0.000354737 -6.50288e-05 0.000738414 -0.000962173 0.000560583
internal_weight=1696 405 147 258 1291 1044 1010 273 737 247 211 131 235 84 80 196 63 64
internal_count=1696 405 147 258 1291 1044 1010 273 737 247 211 131 235 84 80 196 63 64
is_linear=0
shrinkage=0.03


Tree=104
num_leaves=17
num_cat=0
split_feature=25 24 28 32 31 22 15 22 25 24 24 27 11 17 11 27
split_gain=0.0344739 0.0591615 0.0391384 0.0342474 0.050877 0.0314985 0.0233084 0.026019 0.0357405 0.0299212 0.0174157 0.0134616 0.0065822 0.00478855 0.00348308 0.00117277
threshold=-0.1548079133348372 0.61746078447096053 0.093429876254195715 -0.32065312716342514 -0.010611320170409382 0.22569445809682107 0.94111711172066614 -0.37773603402182293 0.56663255178919891 -0.15255841679988044 -0.064195557637652792 -0.24584079192911898 -0.085619849140991258 -0.17102897276224208 -0.98480059781596818 -0.24623663092218431
decision_type=2 2 2 2 2 2 2 2 2 2 2 2 2 2 2 2
left_child=1 3 6 -1 5 -5 7 8 -2 -9 14 -12 -6 -3 -8 -15
right_child=2 13 -4 4 12 -7 10 9 -10 -11 11 -13 -14 15 -16 -17
leaf_value=-0.00077033492419510501 -4.0333327251007883e-05 -0.0010999726783079298 0.00089676846132677934 7.9518820600468429e-05 0.00099068311302456997 -0.00038807881339180896 0.00027742574156986339 -0.00070639493660366328 0.00050493024699024445 -2.0378418524281764e-06 0.0012065763707670722 5.1064685705806241e-05 0.00017571801500162109 -0.00059470482011811138 -0.00021434547827052682 -7.13278860785067e-05
leaf_weight=49 267 43 55 407 47 183 24 74 169 214 34 20 25 44 20 21
leaf_count=49 267 43 55 407 47 183 24 74 169 214 34 20 25 44 20 21
internal_value=5.92671e-06 -0.000131928 0.000138084 -2.68671e-05 2.68787e-05 -6.16862e-05 8.06082e-05 1.66759e-05 0.000166191 -0.000198744 0.000508697 0.000856453 0.000766057 -0.000777133 0 -0.000480338
internal_weight=1696 819 877 711 662 590 822 724 436 288 98 54 72 108 44 65
internal_count=1696 819 877 711 662 590 822 724 436 288 98 54 72 108 44 65
is_linear=0
shrinkage=0.03


Tree=105
num_leaves=20
num_cat=0
split_feature=11 33 25 21 28 33 33 15 21 22 28 27 25 25 13 20 6 20 31
split_gain=0.0331504 0.0374168 0.0322193 0.0498226 0.034041 0.0260225 0.0624362 0.0200641 0.0170144 0.0431349 0.0249709 0.0128331 0.0120315 0.00826592 0.00824684 0.00972872 0.00382999 0.00319703 0.00289464
threshold=-0.83860994718893445 0.53582422960548659 -0.086845850267277314 0.34667578507982594 0.12628606790623073 -0.052196196105995608 -0.27410956362039218 -0.24312390976966156 0.64682094305330728 -0.330626522419805 -0.10591673197827733 -0.21863803255799133 -0.94519960858133978 -0.1394781800105567 -1.1399940510846429 -0.13692031360282519 0.033605469858344145 0.18045647459889005 -0.01066729115965355
decision_type=2 2 2 2 2 2 2 2 2 2 2 2 2 2 2 2 2 2 2
left_child=1 7 3 5 8 6 -2 11 9 -4 -10 -1 -7 18 15 -9 -3 -16 -5
right_child=2 16 4 13 -6 12 -8 14 10 -11 -12 -13 -14 -15 17 -17 -18 -19 -20
leaf_value=0.00038735707870606951 -0.00013891719801612117 -0.00047161721275988379 5.263228115235346e-05 -0.00088335264959411386 0.00096533941434553017 -0.00055799937085117886 0.00065382892603813784 0.00023788831879695252 0.00049666696008432768 -0.00080292669717117304 -9.2219018986049514e-05 -0.0005170199282305396 0 -3.1300774010430428e-06 0.00049220977238629291 0.0011991301710991787 0 0 -0.00039016412390817227
leaf_weight=33 348 37 337 87 36 107 116 24 143 59 102 20 38 25 38 53 20 20 53
leaf_count=33 348 37 337 87 36 107 116 24 143 59 102 20 38 25 38 53 20 20 53
internal_value=5.6586e-06 0.000327785 -4.7233e-05 -0.000180526 0.000100871 -4.87425e-05 5.57724e-05 0.000535988 4.33911e-05 -7.23972e-05 0.000241252 0 -0.000397812 -0.000639515 0.000726959 0.000957178 -0.000301383 0.0003401 -0.000729727
internal_weight=1696 245 1451 774 677 609 464 188 641 396 245 53 145 165 135 77 57 58 140
internal_count=1696 245 1451 774 677 609 464 188 641 396 245 53 145 165 135 77 57 58 140
is_linear=0
shrinkage=0.03


Tree=106
num_leaves=22
num_cat=0
split_feature=11 33 23 24 25 25 33 33 29 17 28 24 22 11 14 22 10 13 20 24 20
split_gain=0.0313853 0.0354564 0.0322138 0.0801616 0.0433945 0.0408818 0.038845 0.0315827 0.0309131 0.0267513 0.0262827 0.0241941 0.022373 0.0200315 0.0188484 0.00896369 0.00895572 0.00844331 0.00728214 0.00366082 0.00185356
threshold=-0.83860994718893445 0.53582422960548659 -0.99264258076987422 -0.10206535442146465 -0.28234896580229657 0.56663255178919891 -0.35478315458749821 0.4666197635140949 -0.17455412817152174 1.7740338499663417 -0.104726896788974 -1.4906245698278988 0.22569445809682107 0.66992740146854568 -0.44766894908119997 0.65527464380402145 -0.31782876581591374 -1.1399940510846429 -0.27743831924109369 -0.10206535442146465 -0.78136512439476291
decision_type=2 2 2 2 2 2 2 2 2 2 2 2 2 2 2 2 2 2 2 2 2
left_child=1 11 4 6 12 10 18 -8 -7 16 -5 -1 13 -2 20 -14 -6 -16 -4 -3 -13
right_child=2 19 3 5 9 8 7 -9 -10 -11 -12 14 15 -15 17 -17 -18 -19 -20 -21 -22
leaf_value=-0.0002582914588921186 0.00042148342643207303 0 0.00027895301622178018 -0.00022779294804818972 0.00012821085942495199 0.00054866787078767978 -0.0013869174269729447 -0.00021754452902989995 -0.00058827918915725923 -0.00023966373138777588 0.00017030887222022807 -0.00010307288097987032 -0.00061513054108668465 -0.00024839857335486526 0.001080313863735646 0 0.00097448633236264608 0.0004046161415044811 -0.00036135782771320508 -0.00047742769994924 0.00024907057489389957
leaf_weight=24 104 23 26 532 24 153 76 39 20 20 196 20 60 56 72 31 84 52 30 34 20
leaf_count=24 104 23 26 532 24 153 76 39 20 20 196 20 60 56 72 31 84 52 30 34 20
internal_value=5.48414e-06 0.00031896 -4.59315e-05 -0.000131586 0.000187618 -1.42876e-05 -0.000721486 -0.00103138 0.000392396 0.000631525 -0.000116249 0.000521788 -3.17309e-05 0.000168363 0.000656499 -0.000409605 0.000822 0.00083683 -1.41554e-05 -0.000292658 8.32435e-06
internal_weight=1696 245 1451 1072 379 901 171 115 173 128 728 188 251 160 164 91 108 124 56 57 40
internal_count=1696 245 1451 1072 379 901 171 115 173 128 728 188 251 160 164 91 108 124 56 57 40
is_linear=0
shrinkage=0.03


Tree=107
num_leaves=22
num_cat=0
split_feature=25 23 24 22 14 25 29 11 33 28 28 33 11 17 24 24 28 28 12 25 10
split_gain=0.0301642 0.0488815 0.0548477 0.0486758 0.0418595 0.0410206 0.041882 0.034806 0.0337539 0.0244573 0.0328622 0.0231471 0.0265701 0.0219882 0.0195695 0.0161413 0.014299 0.0143953 0.0110885 0.00992724 0.0116789
threshold=-0.24131191928247744 -0.86980419042892521 -0.13993515120527647 0.22569445809682107 -0.49657337666002632 0.56663255178919891 -0.17677213635086178 -0.58113728074765525 0.24776416149824765 0.033278496721532193 -0.104726896788974 -0.35478315458749821 -0.72357785884794612 1.7740338499663417 0.88254936195764355 -1.5537408978009186 -0.056051105626878074 -0.10374056735520527 -0.063042985126120513 2.1106593819396973 -0.46378135478028754
decision_type=2 2 2 2 2 2 2 2 2 2 2 2 2 2 2 2 2 2 2 2 2
left_child=3 13 11 4 9 14 -7 8 -6 10 -1 -3 -13 19 -4 -9 17 18 -5 20 -2
right_child=1 2 5 16 7 6 -8 15 -10 -11 -12 12 -14 -15 -16 -17 -18 -19 -20 -21 -22
leaf_value=-0.00044513965040437732 0.00028363264472976038 0 -0.00021884596794097887 0 0.0013137028674575653 0.00066575297483568497 -0.00022347209581057541 -0.00049713945129310321 -1.0497587907593689e-05 -0.00097444880926715475 0.00039180525459232737 0 -0.0014063458318583839 -8.8665721359951731e-05 0.00016014844019095423 0.00016319841627279985 0 -0.0010137759802417586 -0.00058640278914456499 6.6612915252335301e-06 0.0011194757277616361
leaf_weight=112 36 37 261 36 42 178 57 35 21 39 61 20 40 26 220 221 33 66 63 21 71
leaf_count=112 36 37 261 36 42 178 57 35 21 39 61 20 40 26 220 221 33 66 63 21 71
internal_value=5.14221e-06 0.000116536 1.90542e-05 -0.000138392 6.53082e-06 0.00011409 0.000437365 0.000228354 0.000846435 -0.000311825 -0.000131338 -0.000634825 -0.000985069 0.000601856 -3.93848e-05 5.66222e-05 -0.000536271 -0.000648598 -0.000353077 0.000763838 0.000880935
internal_weight=1696 967 813 729 531 716 235 319 63 212 173 97 60 154 481 256 198 165 99 128 107
internal_count=1696 967 813 729 531 716 235 319 63 212 173 97 60 154 481 256 198 165 99 128 107
is_linear=0
shrinkage=0.03


Tree=108
num_leaves=18
num_cat=0
split_feature=25 23 22 28 15 15 21 33 19 30 15 27 28 28 12 33 6
split_gain=0.0284333 0.0462652 0.0458694 0.0402587 0.0390871 0.033616 0.0388079 0.0315226 0.0209559 0.0205825 0.017075 0.0161587 0.0135318 0.0135083 0.0105211 0.00913196 0.00889748
threshold=-0.24131191928247744 -0.86980419042892521 0.22569445809682107 -0.10596958004312167 -0.67533193669288316 1.6154974828764666 -0.62045861283472459 0.29727491001165363 0.37184308609886446 -0.25410754498563831 1.3689558524281293 -0.21863803255799133 -0.056051105626878074 -0.10374056735520527 -0.063042985126120513 -0.35478315458757892 -0.40406652743238364
decision_type=2 2 2 2 2 2 2 2 2 2 2 2 2 2 2 2 2
left_child=2 8 3 -1 11 6 15 -6 10 -8 16 -5 13 14 -4 -3 -2
right_child=1 5 12 4 7 -7 9 -9 -10 -11 -12 -13 -14 -15 -16 -17 -18
leaf_value=-0.0010555301286280154 0.00032419313002776884 -7.7358097971781374e-06 0 -9.809475692629348e-05 0.00039399628344584961 0.00092951561794616267 0.00074096622496532894 -0.00024026147700285285 0 3.1466589817130611e-07 0 -0.00086002379401427936 0 -0.0009846850143867018 -0.00056961034543267239 -0.00094737537899748127 0.0011483551286327253
leaf_weight=27 32 20 36 97 284 32 33 85 35 684 20 38 33 66 63 44 67
leaf_count=27 32 20 36 97 284 32 33 85 35 684 20 38 33 66 63 44 67
internal_value=4.77202e-06 0.000112974 -0.000134532 5.98796e-06 7.46814e-05 1.80385e-05 -1.88949e-05 0.00023907 0.000585131 4.15152e-05 0.000771488 -0.000348337 -0.000520771 -0.000630052 -0.000342211 -0.000712008 0.000928741
internal_weight=1696 967 729 531 504 813 781 369 154 717 119 135 198 165 99 64 99
internal_count=1696 967 729 531 504 813 781 369 154 717 119 135 198 165 99 64 99
is_linear=0
shrinkage=0.03


Tree=109
num_leaves=22
num_cat=0
split_feature=11 33 23 24 25 25 33 22 29 19 19 17 27 25 22 11 19 10 20 21 6
split_gain=0.0290205 0.0328854 0.0279347 0.0690205 0.0360492 0.0354049 0.0336316 0.0297904 0.0279232 0.0250323 0.023899 0.0235179 0.0212509 0.0197939 0.0180773 0.0179596 0.010769 0.00816942 0.00670222 0.00465057 0.00357008
threshold=-0.83860994718893445 0.53582422960548659 -0.99264258076987422 -0.10206535442146465 -0.28234896580229657 0.56663255178919891 -0.35478315458749821 -0.31441792242354977 -0.17455412817152174 0.77242296033697888 1.6019072026172825 1.7740338499663417 -0.23735637457079045 -0.12758410327262265 0.22569445809682107 0.66992740146854568 -0.35547204211120448 -0.31782876581591374 -0.27743831924109369 0.5912385063915514 0.033605469858344145
decision_type=2 2 2 2 2 2 2 2 2 2 2 2 2 2 2 2 2 2 2 2 2
left_child=1 9 4 6 14 10 18 -8 -7 12 -5 17 13 -1 15 -2 -16 -6 -4 -11 -3
right_child=2 20 3 5 11 8 7 -9 -10 19 -12 -13 -14 -15 16 -17 -18 -19 -20 -21 -22
leaf_value=0.0010921556962566682 0.00039255852395350113 -0.00044671891134639736 0.00026871774220790968 -0.00015435185116625328 9.5570198260247705e-05 0.00051172877768896371 -0.0018495437815785408 -0.00060300447369969175 -0.00056711128094921943 0.0014769236945430747 0.00059744595427316824 -0.00023409432176824495 -0.00029383592291428199 6.6289824184125531e-05 -0.00054561076017027414 -0.00024135598418365974 0.00012349337025079876 0.000900896915278281 -0.00034572547236034139 0.00059746814741083645 0
leaf_weight=29 104 37 26 692 24 153 27 88 20 21 36 20 41 52 71 56 20 84 30 45 20
leaf_count=29 104 37 26 692 24 153 27 88 20 21 36 20 41 52 71 56 20 84 30 45 20
internal_value=4.4226e-06 0.000305946 -4.49523e-05 -0.000124804 0.00017226 -1.56947e-05 -0.000672275 -0.000960676 0.000362421 0.000501522 -0.000110772 0.000576903 0.000205329 0.000495178 -2.66578e-05 0.000151925 -0.000367392 0.000756382 -1.04428e-05 0.000972821 -0.000281935
internal_weight=1696 245 1451 1072 379 901 171 115 173 188 728 128 122 81 251 160 91 108 56 66 57
internal_count=1696 245 1451 1072 379 901 171 115 173 188 728 128 122 81 251 160 91 108 56 66 57
is_linear=0
shrinkage=0.03


Tree=110
num_leaves=20
num_cat=0
split_feature=11 33 25 23 28 19 19 31 20 27 24 33 15 25 27 14 23 6 19
split_gain=0.0275455 0.031204 0.026431 0.0457304 0.0273087 0.0236871 0.0223141 0.0373841 0.0302103 0.0201851 0.0198675 0.0338812 0.0222616 0.0186489 0.00945152 0.00505838 0.0038414 0.00339078 0.00174046
threshold=-0.83860994718893445 0.53582422960548659 -0.086845850267277314 0.21045106580471409 0.12628606790623073 0.77242296033697888 -0.13292792368535783 -0.010611320170409382 -0.62752211732932583 -0.23735637457079045 0.88254936195764355 -0.35478315864125226 0.5335347163746077 -0.12758410327262265 -0.24623954326053402 0.13591959033747206 0.11651582613222368 0.033605469858344145 0.93629686780405208
decision_type=2 2 2 2 2 2 2 2 2 2 2 2 2 2 2 2 2 2 2
left_child=1 5 3 6 10 9 7 -2 -8 13 12 -12 -4 -1 -5 -11 -7 -3 -16
right_child=2 17 4 14 -6 16 8 -9 -10 15 11 -13 -14 -15 18 -17 -18 -19 -20
leaf_value=0.0010624627163051627 -5.447756636852358e-05 -0.00043432245784497353 1.2889336001019791e-05 -0.00097558094834675993 0.00086479267337619169 0.0014463444173148752 -1.9308823981095644e-05 0.00075348604775630004 -0.00085281202155987129 -0.00058245357195846738 -0.00014868948961169843 0.00061465813504182724 -0.00057391455298556361 6.4409608059941089e-05 -0.00041910317904936771 0 0.00059431987463488302 0 0
leaf_weight=29 434 37 378 65 36 20 111 55 65 21 82 117 64 52 24 20 46 20 20
leaf_count=29 434 37 378 65 36 20 111 55 65 21 82 117 64 52 24 20 46 20 20
internal_value=4.35134e-06 0.000298151 -4.37059e-05 -0.000164549 9.01557e-05 0.000488804 -6.48158e-05 3.43404e-05 -0.00035303 0.000199792 3.8166e-05 0.000287725 -6.86324e-05 0.000482635 -0.00072819 -0.000285622 0.000947646 -0.000273671 -0.000259954
internal_weight=1696 245 1451 774 677 188 665 489 176 122 641 199 442 81 109 41 66 57 44
internal_count=1696 245 1451 774 677 188 665 489 176 122 641 199 442 81 109 41 66 57 44
is_linear=0
shrinkage=0.03


Tree=111
num_leaves=18
num_cat=0
split_feature=11 25 21 28 34 19 25 19 21 12 11 25 13 25 19 21 17
split_gain=0.0261724 0.0250117 0.0425591 0.0258184 0.0225417 0.0250733 0.0213215 0.033189 0.020171 0.0200769 0.029014 0.0177612 0.0144367 0.00702401 0.00539928 0.00521442 0.00234962
threshold=-0.83860994718893445 -0.086845850267277314 0.34667578507982594 0.12628606790623073 -0.1924207967853013 0.77242296033697888 -0.61381432635749045 0.099732469635210694 0.16881198776220749 2.0003577595800022 0.97802138608741263 -0.51121016518724693 -0.9247281656212768 -0.1394781800105567 0.92516957559621571 0.79133527837387241 -0.17102897276224208
decision_type=2 2 2 2 2 2 2 2 2 2 2 2 2 2 2 2 2
left_child=4 2 6 9 14 11 8 -8 -2 10 -3 -6 -13 16 -1 -7 -4
right_child=1 3 13 -5 5 15 7 -9 -10 -11 -12 12 -14 -15 -16 -17 -18
leaf_value=8.1960620230904973e-05 -0.00028222398651365431 0 -0.00091210289005386191 0.00084084457680224788 -0.00037966923799831421 0.0014267385181691496 0.00030474772405842402 -0.00077385969985542557 0.00031767573815471092 -0.00082356239691295705 0.0006225725431990883 0.00073974019642104383 0 0 -0.00039284198033128631 0.00053935053910192279 -0.00045428511840922445
leaf_weight=28 314 548 54 36 31 22 217 25 53 20 73 47 39 25 37 41 86
leaf_count=28 314 548 54 36 31 22 217 25 53 20 73 47 39 25 37 41 86
internal_value=4.21233e-06 -4.25865e-05 -0.000160176 8.75529e-05 0.000290635 0.00046585 -3.80698e-05 0.000172965 -0.000185609 3.6868e-05 7.32131e-05 0.000165422 0.00040179 -0.000584274 -0.000149601 0.000945453 -0.000667281
internal_weight=1696 1451 774 677 245 180 609 242 367 641 621 117 86 165 65 63 140
internal_count=1696 1451 774 677 245 180 609 242 367 641 621 117 86 165 65 63 140
is_linear=0
shrinkage=0.03


Tree=112
num_leaves=18
num_cat=0
split_feature=11 33 25 21 28 32 31 19 12 11 27 25 25 14 21 24 10
split_gain=0.0247953 0.0282255 0.023629 0.0402964 0.0244158 0.0214794 0.0304666 0.021295 0.0190358 0.0273734 0.0183876 0.0176611 0.00654337 0.00467992 0.00395031 0.0031748 0.00255793
threshold=-0.83860994718893445 0.53582422960548659 -0.086845850267277314 0.34667578507982594 0.12628606790623073 -0.32065312716342514 -0.010611320170409382 0.77242296033697888 2.0003577595800022 0.97802138608741263 -0.23735637457079045 -0.12758410327262265 -0.1394781800105567 0.13591959033747206 0.5912385063915514 -0.10206535442146465 0.84744034047750727
decision_type=2 2 2 2 2 2 2 2 2 2 2 2 2 2 2 2 2
left_child=1 7 3 5 8 -2 -7 10 9 -4 11 -1 16 -12 -9 -3 -5
right_child=2 15 4 12 -6 6 -8 14 -10 -11 13 -13 -14 -15 -16 -17 -18
leaf_value=0.0010228735954442526 -0.00069248465927583829 0 0 -0.00071398087380144767 0.00081755966275411009 -7.0385319547883879e-05 0.00059267802364447041 0.0013722059126012025 -0.00080207815309784008 0.0006046326273954994 -0.00055835191812366239 5.2091855532489707e-05 0 0 0.00054545217075792601 -0.00043171166111732103 -0.00011107964056282071
leaf_weight=29 39 23 548 119 36 502 68 21 20 73 21 52 25 20 45 34 21
leaf_count=29 39 23 548 119 36 502 68 21 20 73 21 52 25 20 45 34 21
internal_value=4.03246e-06 0.000282862 -4.14709e-05 -0.000155801 8.4939e-05 -3.68444e-05 6.17025e-06 0.000464483 3.55182e-05 7.10281e-05 0.000188813 0.000459488 -0.000568502 -0.000272624 0.000900212 -0.00025944 -0.000648752
internal_weight=1696 245 1451 774 677 609 570 188 641 621 122 81 165 41 66 57 140
internal_count=1696 245 1451 774 677 609 570 188 641 621 122 81 165 41 66 57 140
is_linear=0
shrinkage=0.03


Tree=113
num_leaves=22
num_cat=0
split_feature=23 24 25 29 25 34 19 24 15 33 30 22 20 19 15 15 22 6 27 15 19
split_gain=0.0239 0.076221 0.0461003 0.0369576 0.0346369 0.0237812 0.0312887 0.0235237 0.0199643 0.0236781 0.023227 0.0185893 0.0257934 0.0182908 0.0169944 0.0157522 0.0148094 0.00748336 0.00623722 0.00585866 0.00108303
threshold=-0.99264258076987422 -0.13993515120527647 0.56663255178919891 -0.17677213635086178 -0.28234896580229657 -0.13109398949343257 -0.17136713760785371 -1.1624196643681961 3.0816510498407044 -0.35478315458749821 2.1883641085280163 -0.10817655892281322 0.66136744732052266 0.37184308609886446 1.3689558524281293 -0.92028545613869783 -0.76820643651225318 -0.41817538494934586 0.91027744642837238 0.19070643252092781 0.19785445446710564
decision_type=2 2 2 2 2 2 2 2 2 2 2 2 2 2 2 2 2 2 2 2 2
left_child=4 8 5 15 7 16 -7 11 9 20 -11 12 -1 14 17 -4 -3 -6 -13 -5 -2
right_child=1 2 3 19 13 6 -8 -9 -10 10 -12 18 -14 -15 -16 -17 -18 -19 -20 -21 -22
leaf_value=0.00070697432575252605 0 7.141313765275165e-06 0 0 0.00028913737076467701 0.001194214899236193 4.6804876923719852e-05 0.0006672446004347875 8.4541245583095569e-05 -0.0012112379347983127 -2.0460148393693892e-05 -0.000390767741742085 -0.00027785318747682627 0 0 0.00074407138778595245 -0.0002717508155778705 0.0010487600270180815 5.8685382089132182e-05 -0.00055797810981479971 -0.0002253007988202507
leaf_weight=45 22 264 31 34 32 23 162 37 22 87 24 138 40 35 20 147 397 73 20 23 20
leaf_count=45 22 264 31 34 32 23 162 37 22 87 24 138 40 35 20 147 397 73 20 23 20
internal_value=3.8996e-06 -6.09855e-05 3.101e-05 0.000401832 0.000195048 -6.95185e-05 0.000222194 0 -0.000637054 -0.000759674 -0.000987402 -0.000116916 0.000215762 0.000542809 0.000709799 0.000616842 -0.000156316 0.000859496 -0.000315208 -0.000216873 -6.54499e-05
internal_weight=1696 1256 1081 235 440 846 185 280 175 153 111 243 85 160 125 178 661 105 158 57 42
internal_count=1696 1256 1081 235 440 846 185 280 175 153 111 243 85 160 125 178 661 105 158 57 42
is_linear=0
shrinkage=0.03


Tree=114
num_leaves=23
num_cat=0
split_feature=11 33 23 24 25 25 33 22 29 19 19 19 27 25 22 11 19 24 15 14 21 6
split_gain=0.0236584 0.0264903 0.0236991 0.060402 0.0297813 0.0294998 0.0286513 0.0290461 0.024065 0.0211533 0.0203357 0.0196178 0.0171823 0.016249 0.016027 0.0157962 0.00976921 0.00870443 0.00591811 0.00430747 0.00378245 0.00310554
threshold=-0.83860994718893445 0.53582422960548659 -0.99264258076987422 -0.10206535442146465 0.56663255178919891 -0.28234896580229657 -0.35478315458749821 -0.31441792242354977 -0.17455412817152174 1.5098551393125725 0.37184308609886446 0.77242296033697888 -0.23735637457079045 -0.12758410327262265 0.22569445809682107 0.66992740146854568 -0.35547204211120448 -1.4275082418548792 -0.33316180544676982 0.13591959033747206 0.5912385063915514 0.033605469858344145
decision_type=2 2 2 2 2 2 2 2 2 2 2 2 2 2 2 2 2 2 2 2 2 2
left_child=1 11 5 6 9 14 18 -8 -6 -5 17 12 13 -1 15 -2 -16 -7 -4 -14 -13 -3
right_child=2 21 3 4 8 10 7 -9 -10 -11 -12 20 19 -15 16 -17 -18 -19 -20 -21 -22 -23
leaf_value=0.00098941598387318648 0.00037411882754123687 -0.00040256034925987476 0.00030295079847564922 -0.00014403143047533122 0.00047408112393168257 6.582180151922834e-05 -0.0017637303169816729 -0.00054301166622223041 -0.00052390640026525311 0.00051031690493350055 -9.311163247442774e-05 0.0013330499829025937 -0.0005327228422975168 5.4092572306663807e-05 -0.00051193793486989392 -0.0002184638430115814 0.00012211187537152158 0.00088525860245292401 -0.00028701973009523694 0 0.00052391717831960696 0
leaf_weight=29 104 37 21 685 153 24 27 88 20 43 28 21 21 52 71 56 20 76 35 20 45 20
leaf_count=29 104 37 21 685 153 24 27 88 20 43 28 21 21 52 71 56 20 76 35 20 45 20
internal_value=3.97858e-06 0.000276375 -4.04274e-05 -0.000114115 -1.18498e-05 0.000159405 -0.000626218 -0.000892593 0.000334698 -9.93421e-05 0.000525391 0.000452434 0.00018619 0.000448052 -1.94232e-05 0.000148106 -0.000341222 0.000725365 -1.07785e-05 -0.000258242 0.000871612 -0.000247898
internal_weight=1696 245 1451 1072 901 379 171 115 173 728 128 188 122 81 251 160 91 100 56 41 66 57
internal_count=1696 245 1451 1072 901 379 171 115 173 728 128 188 122 81 251 160 91 100 56 41 66 57
is_linear=0
shrinkage=0.03


Tree=115
num_leaves=20
num_cat=0
split_feature=11 25 21 27 22 28 22 32 32 31 13 27 14 21 27 28 21 25 22
split_gain=0.0224765 0.0211388 0.03699 0.0213225 0.0321882 0.0461786 0.0221383 0.0207449 0.0203855 0.0272308 0.0160906 0.0141868 0.0117259 0.00721554 0.00762056 0.006319 0.00410641 0.00293225 0.00127716
threshold=-0.83860994718893445 -0.086845850267277314 0.33555929774747478 -0.24625233877034816 -0.330626522419805 -0.10596958133124064 2.0115423199422779 -0.045672069641374068 -0.32065312716342514 -0.010611320170409382 -1.1399940510846429 -0.2462523387702098 -0.22110239660228984 0.11322955110045166 -0.24625098442667959 -0.10596958079265192 0.56900553172684909 -0.46241675435244356 0.37057842774076671
decision_type=2 2 2 2 2 2 2 2 2 2 2 2 2 2 2 2 2 2 2
left_child=7 2 8 4 5 -3 11 10 -2 -10 12 -5 -1 -12 -15 -4 -9 -17 -14
right_child=1 3 15 6 -6 -7 -8 16 9 -11 13 -13 18 14 -16 17 -18 -19 -20
leaf_value=7.184127078508025e-05 -0.00067074533957721925 0.00023391738968123299 -0.00090387239794148143 0.00084707631456355239 -0.00085931096066321636 -0.00061919643021188665 -0.00057083782306406648 4.7933091749795346e-05 -6.2222375112992116e-05 0.00056455615692949047 -0.0001635490534038246 0.00022409238571671102 0.0012650623346107748 0 0.00068771038966951889 -0.00076897026800914949 -0.00033642379882703829 -0.00024851587640950371 0.00052254171334872282
leaf_weight=27 39 233 43 42 39 72 22 36 498 68 35 269 29 23 25 20 38 106 32
leaf_count=27 39 233 43 42 39 72 22 36 498 68 35 269 29 23 25 20 38 106 32
internal_value=3.93859e-06 -3.92982e-05 -0.000147508 8.01093e-05 -7.87501e-05 1.87168e-05 0.000252383 0.000269481 -3.16796e-05 1.03868e-05 0.000452616 0.000325069 0.000735453 0.000102663 0.000353802 -0.000536934 -0.000115896 -0.000370345 0.000965171
internal_weight=1696 1451 774 677 344 305 333 245 605 566 171 311 88 83 48 169 74 126 61
internal_count=1696 1451 774 677 344 305 333 245 605 566 171 311 88 83 48 169 74 126 61
is_linear=0
shrinkage=0.03


Tree=116
num_leaves=16
num_cat=0
split_feature=11 33 25 21 28 32 33 12 11 24 15 13 34 29 24
split_gain=0.0213887 0.0239797 0.0199637 0.0350683 0.0210917 0.0192661 0.0261831 0.0184625 0.0241948 0.017753 0.0161948 0.00656943 0.00590194 0.0104425 0.00286483
threshold=-0.83860994718893445 0.53582422960548659 -0.086845850267277314 0.33555929774747478 0.12628606790623073 -0.32065312716342514 -0.052196196105995608 2.0003577595800022 0.97802138608741263 -1.4906245698278988 -0.64400584997359756 -1.1399940510846429 -0.13110354782821343 -0.17942367175384349 -0.10206535442146465
decision_type=2 2 2 2 2 2 2 2 2 2 2 2 2 2 2
left_child=1 9 3 5 7 -2 -7 8 -4 -1 -11 -12 13 -5 -3
right_child=2 14 4 12 -6 6 -8 -9 -10 10 11 -13 -14 -15 -16
leaf_value=-0.00022723041048609754 -0.00065206029459035817 0 0 -0.00028068329887015811 0.00075848552228685898 0.00013491471216311421 -0.00032780980199124705 -0.00079404450782939143 0.00056797748740255451 -6.0915547435999739e-05 0.00089121655084905974 0.00033736099896313095 0 -0.0008817083663602267 -0.00039858382114687482
leaf_weight=24 39 23 548 80 36 421 145 20 73 24 76 64 21 68 34
leaf_count=24 39 23 548 80 36 421 145 20 73 24 76 64 21 68 34
internal_value=3.65395e-06 0.000262736 -3.84804e-05 -0.000143673 7.74752e-05 -3.07542e-05 9.99646e-06 3.12146e-05 6.62904e-05 0.00043052 0.000547093 0.000671394 -0.000522878 -0.000588729 -0.000234514
internal_weight=1696 245 1451 774 677 605 566 641 621 188 164 140 169 148 57
internal_count=1696 245 1451 774 677 605 566 641 621 188 164 140 169 148 57
is_linear=0
shrinkage=0.03


Tree=117
num_leaves=18
num_cat=0
split_feature=23 23 22 15 23 28 33 22 20 27 20 19 32 19 9 21 7
split_gain=0.0207463 0.0306084 0.0293863 0.0297735 0.0312545 0.0241986 0.0238949 0.0250738 0.0394836 0.0161615 0.0159409 0.0121964 0.00922142 0.00397063 0.00311117 0.00217555 3.8647e-05
threshold=-0.99264258076987422 -0.71806264941951781 -1.1213709161080765 1.6154974828764666 -0.35677326606378551 0.12628606790623073 -0.10477202494589444 -0.14827977246193449 1.0296215754231142 -0.24622225563190658 0.9738989057236852 0.42747950161759546 1.7755732876846233 -1.0443479563987772 0.33372229329436448 -0.7872059228199918 -0.14910527529565729
decision_type=2 2 2 2 2 2 2 2 2 2 2 2 2 2 2 2 2
left_child=5 11 14 4 -4 6 7 8 -1 -9 15 12 -2 -7 -3 -8 -15
right_child=1 2 3 -5 -6 13 10 9 -10 -11 -12 -13 -14 16 -16 -17 -18
leaf_value=0.0013909228563455766 -0.00091296344717628638 0.0010507504008710384 -0.00053492252283001264 0.00081363399501091667 -1.1676192222317395e-05 0.00013536994646141386 -0.0005845702469602904 0.0006310351557057242 1.2969475709928234e-05 -8.5669361935288187e-05 0.0002560336496171658 0 -1.5752198203699656e-05 0.00039938098449783868 0.00020558958099496993 -3.2247925253614074e-05 0.0011778406974626706
leaf_weight=35 58 21 114 32 960 20 63 31 46 153 29 30 21 21 20 21 21
leaf_count=35 58 21 114 32 960 20 63 31 46 153 29 30 21 21 20 21 21
internal_value=3.24485e-06 -5.70871e-05 -8.17943e-06 -4.08953e-05 -7.13371e-05 0.000181457 7.98395e-05 0.000240975 0.000672507 2.72234e-05 -0.000268642 -0.000530949 -0.000720352 0.000722567 0.000748786 -0.000486846 0.000907852
internal_weight=1696 1256 1147 1106 1074 440 378 265 81 184 113 109 79 62 41 84 42
internal_count=1696 1256 1147 1106 1074 440 378 265 81 184 113 109 79 62 41 84 42
is_linear=0
shrinkage=0.03


Tree=118
num_leaves=16
num_cat=0
split_feature=24 21 19 11 33 28 9 14 25 23 20 25 24 24 13
split_gain=0.0205841 0.0327381 0.0237773 0.0210932 0.0206669 0.0176097 0.0154547 0.0186637 0.0151352 0.0230322 0.0157078 0.0145907 0.00451925 0.00449867 0.000106867
threshold=-1.5537408978009186 -1.165166492119931 -1.031197882017749 -0.61721905672415123 0.11812340374666756 -0.095222743046501454 1.6817129789663954 0.66669410052978917 -0.22917518761802808 0.21045106580471409 -0.35981099179485954 -0.74381814337788654 0.074660363902990648 -1.5789874289901265 -0.055961477323792849
decision_type=2 2 2 2 2 2 2 2 2 2 2 2 2 2 2
left_child=11 2 -2 4 5 -3 7 -4 9 -5 -10 13 -6 -1 -13
right_child=1 3 6 8 12 -7 -8 -9 10 -11 -12 14 -14 -15 -16
leaf_value=-0.001005704543976621 0.0011465758587741715 0.00014782169299446411 0.00067101217503659418 -0.00012388003088819471 -0.00037655999657528643 0.0007692152824475551 -0.00046447802833078996 0 -0.00015710233246237022 -0.00078280899567151449 0.00014599730569162518 -4.4726997143184027e-05 0 -0.00018136425029486417 4.4796702610328787e-05
leaf_weight=30 30 149 73 414 41 66 20 83 268 55 349 20 54 22 22
leaf_count=30 30 149 73 414 41 66 20 83 268 55 349 20 54 22 22
internal_value=3.4528e-06 3.08395e-05 0.000381751 -1.95058e-05 0.000194748 0.000360297 0.000217592 0.000331019 -8.37875e-05 -0.000211993 9.38116e-06 -0.000418878 -0.000148865 -0.000740406 0
internal_weight=1696 1602 206 1396 310 215 176 156 1086 469 617 94 95 52 42
internal_count=1696 1602 206 1396 310 215 176 156 1086 469 617 94 95 52 42
is_linear=0
shrinkage=0.03


Tree=119
num_leaves=14
num_cat=0
split_feature=24 23 24 25 29 28 25 15 33 24 19 15 23
split_gain=0.01965 0.0259119 0.0550364 0.0381023 0.0327831 0.0217628 0.0210323 0.018108 0.0175007 0.0171577 0.0164113 0.0145711 0.0131195
threshold=-1.6168572257739384 -0.99264258076987422 -0.13993515120527647 0.56663255178919891 -0.17677213635086178 -0.104726896788974 -0.28234896580229657 3.0816510498407044 -0.35478315458749821 -1.1624196643681961 0.37184308609886446 1.3689558524281293 -0.99986836843698879
decision_type=2 2 2 2 2 2 2 2 2 2 2 2 2
left_child=-1 6 7 5 -5 -4 9 8 -3 12 11 -8 -2
right_child=1 2 3 4 -6 -7 10 -9 -10 -11 -12 -13 -14
leaf_value=-0.00066017112437671485 -0.00026294852169952352 -6.1809547521018735e-05 -0.00016692388081016978 0.00057114375621345392 -0.00021271278146305122 0.00015469080104883913 0.00079597059796726382 0.00015228375374863389 -0.00087350999796763059 0.00061940481343190185 0 0 0.00019678534599006523
leaf_weight=36 122 42 575 178 57 271 104 21 105 37 35 20 93
leaf_count=36 122 42 575 178 57 271 104 21 105 37 35 20 93
internal_value=3.24294e-06 2.05992e-05 -4.54858e-05 3.09202e-05 0.000368127 -6.01846e-05 0.000227547 -0.000546583 -0.00066747 4.23491e-05 0.000496331 0.000656151 -5.0354e-05
internal_weight=1696 1660 1249 1081 235 846 411 168 147 252 159 124 215
internal_count=1696 1660 1249 1081 235 846 411 168 147 252 159 124 215
is_linear=0
shrinkage=0.03


Tree=120
num_leaves=22
num_cat=0
split_feature=11 33 23 24 28 28 28 33 33 24 22 19 27 19 13 15 15 15 31 6 14
split_gain=0.0195193 0.0210743 0.018609 0.0523381 0.0244652 0.0324579 0.0241681 0.0239493 0.0244094 0.0191293 0.0176835 0.0165786 0.015537 0.0151994 0.0134719 0.013385 0.00566003 0.00563702 0.00396047 0.00287239 0.00153037
threshold=-0.83860994718893445 0.53582422960548659 -0.99264258076987422 -0.10206535442146465 -0.10596958133124064 -0.1059695813312377 0.11330885526837743 -0.35478315458749821 0.4666197635140949 -1.1624196643681961 -0.10817655892281322 1.0212687812896151 -0.23735637457079045 0.37184308609886446 -1.1399940510846429 -0.38337541061992692 -0.33316180544676982 0.068466193407576606 0.22433312038263034 0.033605469858344145 0.19181118953915918
decision_type=2 2 2 2 2 2 2 2 2 2 2 2 2 2 2 2 2 2 2 2 2
left_child=1 11 6 7 15 -6 9 16 -9 10 -2 12 14 -11 -1 -5 -4 -14 -8 -3 -13
right_child=2 19 3 4 5 -7 18 8 -10 13 -12 20 17 -15 -16 -17 -18 -19 -20 -21 -22
leaf_value=0.00086184173367157761 0.00018479663169185457 -0.00036452579426695595 0.00029395660135196519 0.00048964005624539989 -0.00078715236607240498 -1.847762730804107e-05 0.00085488011786417862 -0.0011328481502972448 -0.00010995856409759393 0.00063897077108684703 -0.00034172830713752138 0.00033382068915913506 -0.00049893184486326982 -0.00010662831577862942 3.3549977127152554e-05 -0.00024048741478675407 -0.00028227561706137895 4.7479757715178562e-05 0.00013521790604751843 0 0.0010491796304452912
leaf_weight=35 88 37 21 115 51 715 41 76 39 64 135 24 26 28 49 20 35 20 23 20 34
leaf_count=35 88 37 21 115 51 715 41 76 39 64 135 24 26 28 49 20 35 20 23 20 34
internal_value=3.02193e-06 0.000250613 -3.71511e-05 -0.000102615 -7.21996e-06 -7.6428e-05 0.000139513 -0.000579223 -0.000822994 1.93822e-05 -0.000120982 0.000408117 0.000181335 0.000384269 0.000430972 0.000356857 -1.13816e-05 -0.000211775 0.000658663 -0.000213308 0.000833325
internal_weight=1696 245 1451 1072 901 766 379 171 115 315 223 188 130 92 84 135 56 46 64 57 58
internal_count=1696 245 1451 1072 901 766 379 171 115 315 223 188 130 92 84 135 56 46 64 57 58
is_linear=0
shrinkage=0.03


Tree=121
num_leaves=22
num_cat=0
split_feature=11 33 23 24 28 28 28 33 33 24 22 19 19 27 25 15 20 15 19 6 14
split_gain=0.0185728 0.0200047 0.0176586 0.0494026 0.022992 0.0306332 0.0229822 0.0226394 0.0228598 0.0186908 0.0165491 0.0156525 0.0147576 0.0147042 0.0131698 0.0127036 0.00593567 0.00537516 0.00281726 0.00273794 0.00132457
threshold=-0.83860994718893445 0.53582422960548659 -0.99264258076987422 -0.10206535442146465 -0.10596958133124064 -0.1059695813312377 0.12628606790623073 -0.35478315458749821 0.4666197635140949 -1.1624196643681961 -0.10817655892281322 1.0212687812896151 0.37184308609886446 -0.23735637457079045 -0.1394781800105567 -0.38337541061992692 -0.27743831924109369 0.068466193407576606 -1.0443479563987772 0.033605469858344145 0.25818725667389253
decision_type=2 2 2 2 2 2 2 2 2 2 2 2 2 2 2 2 2 2 2 2 2
left_child=1 11 6 7 15 -6 9 16 -9 10 -2 13 -11 14 -1 -5 -4 -15 -8 -3 -13
right_child=2 19 3 4 5 -7 18 8 -10 12 -12 20 -14 17 -16 -17 -18 -19 -20 -21 -22
leaf_value=0.00094422615538351231 0.00017393898263183091 -0.00035441019596764819 0.00024980961969463505 0.00047532431331933755 -0.00076484973372943285 -1.792561467595291e-05 0.00012274665770161408 -0.0011001532991428539 -0.00010689543175976722 0.00062796135782092969 -0.0003316993254859525 0.00037186402768918104 -0.00010373903984474318 -0.00048551230227317791 8.6892463091498926e-05 -0.00023421382265286924 -0.00032741810723680169 4.6241157809677327e-05 0.00082267192849593061 0 0.0010604395909586772
leaf_weight=27 90 37 26 115 51 715 20 76 39 65 135 28 28 26 57 20 30 20 41 20 30
leaf_count=27 90 37 26 115 51 715 20 76 39 65 135 28 28 26 57 20 30 20 41 20 30
internal_value=3.01786e-06 0.000244566 -3.61246e-05 -9.99378e-05 -7.15833e-06 -7.43465e-05 0.000135885 -0.000563 -0.000800015 2.14557e-05 -0.000116659 0.000398148 0.000380057 0.000176872 0.000420004 0.000345662 -9.49692e-06 -0.000204414 0.000656574 -0.000206564 0.000811841
internal_weight=1696 245 1451 1072 901 766 379 171 115 318 225 188 93 130 84 135 56 46 61 57 58
internal_count=1696 245 1451 1072 901 766 379 171 115 318 225 188 93 130 84 135 56 46 61 57 58
is_linear=0
shrinkage=0.03


Tree=122
num_leaves=23
num_cat=0
split_feature=11 33 25 33 33 31 19 19 33 33 25 19 22 19 25 13 15 22 15 6 8 14
split_gain=0.0176877 0.0189991 0.0164768 0.0200286 0.0567526 0.0239922 0.0184816 0.0168855 0.014911 0.0677086 0.0221111 0.0176228 0.0205415 0.0147769 0.0125662 0.00956441 0.00919501 0.00777829 0.00482795 0.00290407 0.00272 0.00112002
threshold=-0.83860994718893445 0.53582422960548659 -0.086845850267277314 -0.27410956362039218 -0.10477202494589444 -0.010667291107231061 -0.12685877701740761 -0.78235284098217694 -0.35478315458749671 -0.35478315458749821 0.55359004997183392 0.37184308609886446 1.5958178729415529 1.0212687812896151 -0.51121016518724693 -0.9247281656212768 -0.4018789713946323 0.95785260566959685 -0.010864140928528292 0.2425605259970465 -0.66859194664613397 0.19181118953915918
decision_type=2 2 2 2 2 2 2 2 2 2 2 2 2 2 2 2 2 2 2 2 2 2
left_child=1 13 3 5 17 7 -7 -2 9 10 -4 19 -13 14 18 -16 -6 -5 -1 -10 -3 -15
right_child=2 20 8 4 16 6 -8 -9 11 -11 -12 12 -14 21 15 -17 -18 -19 -20 -21 -22 -23
leaf_value=-0.00050498017709216345 0 0 -6.4129433448215426e-05 0.00073306714459613423 -0.00073966943540356377 0.00014922909326775595 -0.00042901555831943234 -0.00057249259079638726 0.00096040930048163432 -0.0011848292171091929 0.0003632722693884196 -0.00028815198789181355 0.00044615685892537892 0.00031500242311610941 0.00064955369822839088 0 -0.00012714788543936469 0 0 0.00027012030844707625 -0.00036697609396651391 0.00099325579048033697
leaf_weight=20 67 24 285 85 30 166 67 201 32 38 165 63 65 24 50 34 136 22 26 29 33 34
leaf_count=20 67 24 285 85 30 166 67 201 32 38 165 63 65 24 50 34 136 22 26 29 33 34
internal_value=3.02e-06 0.000238777 -3.51346e-05 -0.00013082 6.69912e-05 -0.000244319 -7.67531e-06 -0.000436624 6.99431e-05 -1.22557e-05 8.73299e-05 0.000294681 6.35163e-05 0.000388571 0.000172643 0.000397605 -0.000266761 0.000605202 -0.000176124 0.000707159 -0.000200007 0.000791074
internal_weight=1696 245 1451 774 273 501 233 268 677 488 450 189 128 188 130 84 166 107 46 61 57 58
internal_count=1696 245 1451 774 273 501 233 268 677 488 450 189 128 188 130 84 166 107 46 61 57 58
is_linear=0
shrinkage=0.03


Tree=123
num_leaves=16
num_cat=0
split_feature=24 21 19 16 24 23 20 9 14 25 17 23 32 24 11
split_gain=0.0171686 0.0273454 0.0220398 0.0175619 0.0198295 0.0289675 0.0200413 0.0147197 0.0153502 0.0139121 0.0131633 0.00843221 0.00702466 0.0037033 0.000104677
threshold=-1.5537408978009186 -1.165166492119931 -1.031197882017749 0.033314927986596819 0.83205629957922767 0.069548206295978507 -0.39857454718452806 1.6817129789663954 0.66669410052978917 -0.74381814337788654 -0.045420636648185485 0.069548206295978507 -0.28767010844385427 -1.5789874289901265 -0.49249446747611275
decision_type=2 2 2 2 2 2 2 2 2 2 2 2 2 2 2
left_child=9 2 -2 4 5 -3 -6 8 -4 13 11 -5 -12 -1 -11
right_child=1 3 7 10 6 -7 -8 -9 -10 14 12 -13 -14 -15 -16
leaf_value=-0.00094286411289464336 0.0010838021602354603 0.00015964167210397208 0.00061098928615607089 -0.00071701232474655479 -7.6246541342698033e-05 -0.00026423739167839166 0.00066499091620725868 -0.0004759844201414482 0 -1.2197626228241809e-05 -0.0002055525906621727 -0.00017131544238574214 2.2861959801431601e-05 -0.00016869791189208627 6.0261720065027472e-05
leaf_weight=30 30 401 73 49 40 223 88 20 83 20 175 98 322 22 22
leaf_count=30 30 401 73 49 40 223 88 20 83 20 175 98 322 22 22
internal_value=2.99463e-06 2.81582e-05 0.00034893 -1.76787e-05 7.81631e-05 2.83506e-06 0.000414012 0.000190843 0.00030257 -0.000382536 -0.000134074 -0.000383917 -5.23164e-05 -0.000696945 0
internal_weight=1696 1602 206 1396 752 624 128 176 156 94 644 147 497 52 42
internal_count=1696 1602 206 1396 752 624 128 176 156 94 644 147 497 52 42
is_linear=0
shrinkage=0.03


Tree=124
num_leaves=20
num_cat=0
split_feature=11 33 23 24 28 28 28 33 33 24 22 24 15 15 20 20 13 31 24
split_gain=0.016532 0.0180348 0.0154383 0.0445009 0.020843 0.0287493 0.0207772 0.0199656 0.0205414 0.016743 0.0143409 0.0132975 0.0134249 0.0116907 0.0105656 0.00550626 0.00520088 0.00461419 0.00267189
threshold=-0.83860994718893445 0.53582422960548659 -0.99264258076987422 -0.10206535442146465 -0.10596958133124064 -0.1059695813312377 0.12628606790623073 -0.35478315458749821 0.4666197635140949 -1.1624196643681961 -0.10817655892281322 -1.4906245698278988 -0.64400584997359756 -0.38337541061992692 1.1810417446673094 -0.27743831924109369 -1.1399940510846429 0.22433312038263034 -0.10206535442146465
decision_type=2 2 2 2 2 2 2 2 2 2 2 2 2 2 2 2 2 2 2
left_child=1 11 6 7 13 -6 9 15 -9 10 -2 -1 -13 -5 -11 -4 -14 -8 -3
right_child=2 18 3 4 5 -7 17 8 -10 14 -12 12 16 -15 -16 -17 -18 -19 -20
leaf_value=-0.00018140930123627185 0.00015587723443769068 0 0.00023759768988359077 0.00045491623446953052 -0.00073862008128263465 -1.5046500040291276e-05 0.00083555459241927929 -0.0010407404242955809 -9.5322498802228694e-05 0.00061791660500334954 -0.00031342820352153424 -6.7445747399081768e-05 0.00078984524716351975 -0.00022274362335345991 0 -0.00031738884673475039 0.00028799889475253148 9.6656860300124831e-05 -0.00035684023431275743
leaf_weight=24 90 23 26 115 51 715 38 76 39 54 135 24 76 20 39 30 64 23 34
leaf_count=24 90 23 26 115 51 715 38 76 39 54 135 24 76 20 39 30 64 23 34
internal_value=2.69958e-06 0.000230686 -3.4129e-05 -9.38953e-05 -5.67684e-06 -6.98165e-05 0.000126476 -0.000533365 -0.000756119 1.72679e-05 -0.000112967 0.00037683 0.000478279 0.000330123 0.000357286 -9.88981e-06 0.000592264 0.000621419 -0.000196074
internal_weight=1696 245 1451 1072 901 766 379 171 115 318 225 188 164 135 93 56 140 61 57
internal_count=1696 245 1451 1072 901 766 379 171 115 318 225 188 164 135 93 56 140 61 57
is_linear=0
shrinkage=0.03


Tree=125
num_leaves=16
num_cat=0
split_feature=11 32 19 27 27 12 20 22 22 31 28 32 19 22 22
split_gain=0.0155138 0.0143536 0.0136402 0.0144539 0.0116512 0.0105092 0.0113636 0.0213514 0.0295056 0.00928781 0.0346829 0.0138914 0.00824242 0.00268307 0.00228106
threshold=-0.83860994718893445 -0.045672069641374068 0.77242296033697888 -0.23735637457079045 -0.24625098442667959 2.0003577595800022 -0.34285199377587777 -0.330626522419805 -0.51958742689227588 -0.012468038885856738 -0.06335793939758165 -0.27955716533664421 -0.007493235198609568 1.2929000533341213 1.5594269516596382
decision_type=2 2 2 2 2 2 2 2 2 2 2 2 2 2 2
left_child=1 2 3 4 -1 6 7 8 -2 10 -8 -11 -9 -3 -4
right_child=5 13 14 -5 -6 -7 9 12 -10 11 -12 -13 -14 -15 -16
leaf_value=0 -0.00014071421140504864 2.7588090322052051e-05 0.001077768047598915 -0.0003426872127182672 0.00076693973174897598 -0.00052184351395743967 -0.00048941671496541272 -0.0001012350599452549 0.00040990883621270765 5.7322281753962451e-05 0.00025343349022817577 0.00050058912511801129 -0.00073157073623899898 -0.00027213552649837079 0.00037512695693754048
leaf_weight=47 444 36 24 31 34 36 106 46 105 468 110 76 60 38 35
leaf_count=47 444 36 24 31 34 36 106 46 105 468 110 76 60 38 35
internal_value=2.47555e-06 0.000223385 0.000376328 0.000140231 0.000366404 -3.31455e-05 -1.75188e-05 -0.000110454 -2.83136e-05 5.8764e-05 -9.91253e-05 0.00012714 -0.000495867 -9.19691e-05 0.000747654
internal_weight=1696 245 171 112 81 1451 1415 655 549 760 216 544 106 74 59
internal_count=1696 245 171 112 81 1451 1415 655 549 760 216 544 106 74 59
is_linear=0
shrinkage=0.03


Tree=126
num_leaves=14
num_cat=0
split_feature=24 23 24 25 29 28 25 15 17 14 24 22 25
split_gain=0.0157857 0.0195915 0.0413501 0.0290082 0.0278681 0.0191743 0.0165903 0.0143319 0.014321 0.0141486 0.0130854 0.0119668 0.00661243
threshold=-1.6168572257739384 -0.99264258076987422 -0.13993515120527647 0.56663255178919891 -0.17677213635086178 -0.104726896788974 -0.28234896580229657 3.0816510498407044 1.7740338499663417 -0.58711736412926374 -1.1624196643681961 -0.10817655892281322 2.1106593819396973
decision_type=2 2 2 2 2 2 2 2 2 2 2 2 2
left_child=-1 6 7 5 -5 -4 10 9 12 -3 11 -2 -8
right_child=1 2 3 4 -6 -7 8 -9 -10 -11 -12 -13 -14
leaf_value=-0.00059193300394914472 0.00021805351457857924 0 -0.00015262405297314206 0.00050939196389257252 -0.00021192421628729791 0.00014927941854545219 0.00065249275909044281 0.00013788322715117826 -0.00011921153164335658 -0.00070714982086036342 0.00053780150359380064 -0.00023010933612449726 0
leaf_weight=36 81 23 575 178 57 271 113 21 25 124 37 134 21
leaf_count=36 81 23 575 178 57 271 113 21 25 124 37 134 21
internal_value=2.48972e-06 1.82294e-05 -3.89702e-05 2.69099e-05 0.000321363 -5.21957e-05 0.000198324 -0.000473457 0.000437053 -0.000581802 3.2563e-05 -4.68279e-05 0.000563069
internal_weight=1696 1660 1249 1081 235 846 411 168 159 147 252 215 134
internal_count=1696 1660 1249 1081 235 846 411 168 159 147 252 215 134
is_linear=0
shrinkage=0.03


Tree=127
num_leaves=14
num_cat=0
split_feature=24 23 24 23 23 27 28 9 28 33 33 31 9
split_gain=0.014928 0.0184737 0.0388467 0.0348694 0.0376539 0.0163823 0.0134514 0.0206834 0.0231764 0.013408 0.0257437 0.00494656 0.003874
threshold=-1.6168572257739384 -0.99264258076987422 -0.10206535442146465 -0.54464374540876626 -0.35677326606378551 -0.11211544528338836 0.12628606790623073 1.6367755906199897 -0.1059672191458106 0.4666197635140949 -0.35478315458749821 0.22433312038263034 0.08059366642460726
decision_type=2 2 2 2 2 2 2 2 2 2 2 2 2
left_child=-1 6 9 5 -5 -4 7 8 -2 10 -3 -8 -11
right_child=1 2 3 4 -6 -7 11 -9 -10 12 -12 -13 -14
leaf_value=-0.00057554101614424821 0.00064378723096102477 0 0.00087699550787773215 -0.00062553571147041761 3.7646758175678223e-05 0 0.00081278410385129962 -0.000685881148199909 2.8422523336795032e-05 0.00026925540591279663 -0.00086868743754507215 7.2659890077864884e-05 -0.00025241710890259127
leaf_weight=36 72 56 58 81 895 23 39 23 254 24 91 23 21
leaf_count=36 72 56 58 81 895 23 39 23 254 24 91 23 21
internal_value=2.44266e-06 1.77969e-05 -3.76882e-05 3.13652e-05 -1.60758e-05 0.000618873 0.00019271 0.000107261 0.000178081 -0.00042786 -0.000564297 0.000600401 0
internal_weight=1696 1660 1249 1057 976 81 411 349 326 192 147 62 45
internal_count=1696 1660 1249 1057 976 81 411 349 326 192 147 62 45
is_linear=0
shrinkage=0.03


Tree=128
num_leaves=10
num_cat=0
split_feature=11 24 15 25 19 24 24 17 12
split_gain=0.0148115 0.0135342 0.0106436 0.0251139 0.0232714 0.0189725 0.016782 0.015258 0.0118872
threshold=-1.7915589203104842 -1.6168572257739384 -0.48099190255793228 0.82621664731264943 0.012737766895497004 -1.2002894611520081 0.25138608222744591 0.30273816065159692 0.028257466072158195
decision_type=2 2 2 2 2 2 2 2 2
left_child=-1 -2 3 7 5 -4 -6 -3 -5
right_child=1 2 4 8 6 -7 -8 -9 -10
leaf_value=0.0007435536871053045 -0.00055960296248443999 -0.00026313060966386809 5.2391917762114034e-05 0.00098086087258819209 -0.00025611149440912839 0.00045053560577494839 7.409155184486148e-05 5.7320969397081969e-05 0
leaf_weight=21 36 381 290 23 236 191 307 183 28
leaf_count=21 36 381 290 23 236 191 307 183 28
internal_value=2.32879e-06 -6.48908e-06 4.83303e-06 -9.15479e-05 6.57376e-05 0.000218502 -6.45463e-05 -0.00015411 0.000514886
internal_weight=1696 1675 1639 615 1024 481 543 564 51
internal_count=1696 1675 1639 615 1024 481 543 564 51
is_linear=0
shrinkage=0.03


end of trees

feature_importances:
Column_25=264
Column_24=184
Column_11=180
Column_22=179
Column_19=168
Column_33=162
Column_23=132
Column_21=113
Column_17=99
Column_15=98
Column_28=77
Column_27=72
Column_14=66
Column_20=64
Column_32=46
Column_31=43
Column_9=32
Column_13=28
Column_10=26
Column_29=24
Column_8=22
Column_34=18
Column_6=14
Column_30=14
Column_16=13
Column_12=10
Column_3=8
Column_2=7
Column_7=5
Column_5=2

parameters:
[boosting: gbdt]
[objective: regression]
[metric: l2]
[tree_learner: serial]
[device_type: cpu]
[data_sample_strategy: bagging]
[data: ]
[valid: ]
[num_iterations: 200]
[learning_rate: 0.03]
[num_leaves: 31]
[num_threads: 40]
[seed: 42]
[deterministic: 0]
[force_col_wise: 0]
[force_row_wise: 0]
[histogram_pool_size: -1]
[max_depth: 5]
[min_data_in_leaf: 20]
[min_sum_hessian_in_leaf: 0.001]
[bagging_fraction: 0.8]
[pos_bagging_fraction: 1]
[neg_bagging_fraction: 1]
[bagging_freq: 0]
[bagging_seed: 400]
[bagging_by_query: 0]
[feature_fraction: 0.8]
[feature_fraction_bynode: 1]
[feature_fraction_seed: 30056]
[extra_trees: 0]
[extra_seed: 12879]
[early_stopping_round: 0]
[early_stopping_min_delta: 0]
[first_metric_only: 0]
[max_delta_step: 0]
[lambda_l1: 0.1]
[lambda_l2: 3]
[linear_lambda: 0]
[min_gain_to_split: 0]
[drop_rate: 0.1]
[max_drop: 50]
[skip_drop: 0.5]
[xgboost_dart_mode: 0]
[uniform_drop: 0]
[drop_seed: 17869]
[top_rate: 0.2]
[other_rate: 0.1]
[min_data_per_group: 100]
[max_cat_threshold: 32]
[cat_l2: 10]
[cat_smooth: 10]
[max_cat_to_onehot: 4]
[top_k: 20]
[monotone_constraints: ]
[monotone_constraints_method: basic]
[monotone_penalty: 0]
[feature_contri: ]
[forcedsplits_filename: ]
[refit_decay_rate: 0.9]
[cegb_tradeoff: 1]
[cegb_penalty_split: 0]
[cegb_penalty_feature_lazy: ]
[cegb_penalty_feature_coupled: ]
[path_smooth: 0]
[interaction_constraints: ]
[verbosity: -1]
[saved_feature_importance_type: 0]
[use_quantized_grad: 0]
[num_grad_quant_bins: 4]
[quant_train_renew_leaf: 0]
[stochastic_rounding: 1]
[linear_tree: 0]
[max_bin: 255]
[max_bin_by_feature: ]
[min_data_in_bin: 3]
[bin_construct_sample_cnt: 200000]
[data_random_seed: 175]
[is_enable_sparse: 1]
[enable_bundle: 1]
[use_missing: 1]
[zero_as_missing: 0]
[feature_pre_filter: 1]
[pre_partition: 0]
[two_round: 0]
[header: 0]
[label_column: ]
[weight_column: ]
[group_column: ]
[ignore_column: ]
[categorical_feature: ]
[forcedbins_filename: ]
[precise_float_parser: 0]
[parser_config_file: ]
[objective_seed: 16083]
[num_class: 1]
[is_unbalance: 0]
[scale_pos_weight: 1]
[sigmoid: 1]
[boost_from_average: 1]
[reg_sqrt: 0]
[alpha: 0.9]
[fair_c: 1]
[poisson_max_delta_step: 0.7]
[tweedie_variance_power: 1.5]
[lambdarank_truncation_level: 30]
[lambdarank_norm: 1]
[label_gain: ]
[lambdarank_position_bias_regularization: 0]
[eval_at: ]
[multi_error_top_k: 1]
[auc_mu_weights: ]
[num_machines: 1]
[local_listen_port: 12400]
[time_out: 120]
[machine_list_filename: ]
[machines: ]
[gpu_platform_id: -1]
[gpu_device_id: -1]
[gpu_device_id_list: ]
[gpu_use_dp: 0]
[num_gpu: 1]

end of parameters

pandas_categorical:null
