tree
version=v4
num_class=1
num_tree_per_iteration=1
label_index=0
max_feature_idx=34
objective=regression
feature_names=Column_0 Column_1 Column_2 Column_3 Column_4 Column_5 Column_6 Column_7 Column_8 Column_9 Column_10 Column_11 Column_12 Column_13 Column_14 Column_15 Column_16 Column_17 Column_18 Column_19 Column_20 Column_21 Column_22 Column_23 Column_24 Column_25 Column_26 Column_27 Column_28 Column_29 Column_30 Column_31 Column_32 Column_33 Column_34
feature_infos=[-8.0885513741487003:5.179473561510596] [-8.6603354899827121:4.9539430791571073] [-8.0930434339687292:5.1814612746167974] [-8.0926822133711518:5.1809024745183789] [-8.093345033776508:5.1807932311541958] [-8.101704185461319:5.1841704882489816] [-8.1144442857049626:5.1926674659142931] [-1.1392240197366201:14.727221256261858] [-8.4279587820369084:6.197290251134886] [-7.4908378181921149:5.5168285116894129] [-6.4218783397621975:6.4270771928307218] [-4.5559296406625602:6.6924012404663538] [-7.564650790966823:5.9796755254778873] [-6.7521041190451303:6.5956513134841241] [-1.3553660669962848:6.3090661148734339] [-1.2008499963617192:5.2701109370606432] [-3.1289530080869863:3.1285891400520485] [-7.9189778197335725:3.4665658175507006] none [-1.759910532968703:3.4043689090919931] [-1.2319304944852469:7.6936376043653665] [-1.9112666765969155:2.2034328940993424] [-1.2268113395264395:2.1075076573807623] [-1.0224580274431507:2.7301006571456674] [-1.7735186290729656:2.0157976082439832] [-1.9794671272599598:5.1184140671906109] none [-0.24556234729591525:11.392247292043482] [-0.10568676018949698:23.107265630627793] [-11.51718586180451:10.207919800936613] [-6.3721736929121837:8.3083448267571036] [-15.038497613442861:23.102142948690226] [-2.9720952868163959:5.9113498580667363] [-2.20063418620708:5.0676433865970445] [-7.5893529008432008:10.907752869232233]
tree_sizes=1537 1751 1373 1400 1617 1400 1740 1823 1744 1856 1674 1766 1908 1579 1408 1948 1484 1487 1773 1758 1842 1594 1565 1922 1747 1772 1748 1763 1847 1639 1856 2096 1772 1940 1962 1776 1757 1679 1671 1498 1907 2096 1739 1932 1871 1717 1691 1217 1554 1752 2037 1823 1892 1243 1780 1901 1219 1975 1762 2243 2011

Tree=0
num_leaves=16
num_cat=0
split_feature=25 24 32 19 11 16 33 23 24 17 32 27 13 10 19
split_gain=2.70512 1.78752 0.573485 0.454773 0.359915 0.292446 0.234978 0.228256 0.228036 0.227728 0.187903 0.105973 0.0912922 0.047284 0.0577031
threshold=1.0730546837560024 -1.014400641133643 0.47111154987203913 1.8987958132769867 -0.068280179470200833 1.2022844153022378 -0.44781350398783454 -0.63512005715888808 -0.29292486747230356 -0.22612359281779662 -0.27319537612616257 -0.24506361817605088 0.67185122271501807 -1.0863098475210562 -1.0496186621516046
decision_type=2 2 2 2 2 2 2 2 2 2 2 2 2 2 2
left_child=2 -2 3 4 6 13 -1 12 -9 -6 -10 -5 -3 -4 -15
right_child=1 7 5 11 9 -7 -8 8 10 -11 -12 -13 -14 14 -16
leaf_value=0.01169572572616609 0.020254173376241046 0.013832163847706296 0.0079888198885529321 0.012662960561867694 0.0070800258991279286 0.0098703925767841764 0.0089811018237498843 0.0075847570704295399 0.012565184758433422 0.0084577486877132103 0.0092913171852665767 0.0095855236887365369 0.010722377910495443 0.0075336698528773172 0.0054823264552011607
leaf_weight=27 21 32 21 28 145 21 722 20 32 454 34 21 23 29 75
leaf_count=27 21 32 21 28 145 21 722 20 32 454 34 21 23 29 75
internal_value=0.00896415 0.0126155 0.00857445 0.00876596 0.00865842 0.00680297 0.00909345 0.0112455 0.0101598 0.00811153 0.0110097 0.0115137 0.0127416 0.00625504 0.00597015
internal_weight=1705 162 1543 1397 1348 146 749 141 86 599 66 49 55 125 104
internal_count=1705 162 1543 1397 1348 146 749 141 86 599 66 49 55 125 104
is_linear=0
shrinkage=1


Tree=1
num_leaves=18
num_cat=0
split_feature=25 24 33 20 11 21 22 22 21 11 10 21 11 21 9 33 31
split_gain=2.56185 1.69495 0.545697 0.502862 0.357576 0.342698 0.296158 0.256542 0.220189 0.177649 0.150981 0.142578 0.137667 0.10566 0.0864942 0.0532097 0.0109513
threshold=1.0730546837560024 -1.014400641133643 0.25022370109850633 0.082937206399828656 -0.12040159751846229 1.8173350791546536 -0.38539341948659195 -0.32263623036527628 -1.7513118675484012 -1.6596692742735717 -0.90636482278844432 0.8079650772278234 0.49660317747379662 -0.96808487151774647 -0.034758903358241729 1.3918098297069947 -0.078538062934177352
decision_type=2 2 2 2 2 2 2 2 2 2 2 2 2 2 2 2 2
left_child=2 -2 3 4 13 12 14 -6 -4 -8 16 -11 -5 -1 -3 -12 -10
right_child=1 6 8 5 7 -7 9 -9 10 11 15 -13 -14 -15 -16 -17 -18
leaf_value=-0.0013726388073836762 0.010993664629757404 0.0049763928219676021 0.00079887506679201929 0.00094690310938133463 -0.00065918208894854961 0.0038761192947626109 0.0025454407173415849 -0.0022860166994214523 -0.0010538631707494115 -0.0021536903358064588 -0.0019189218713203447 0.0011212700553967254 -0.00028231009632526403 0.00014630005738887569 0.0023373380652270638 -0.0034881888169795276 -5.4019507205370679e-05
leaf_weight=42 21 27 23 220 315 27 24 125 26 21 77 20 123 482 49 57 26
leaf_count=42 21 27 23 220 315 27 24 125 26 21 77 20 123 482 49 57 26
internal_value=0 0.0035546 -0.000377965 -0.000150465 -0.000512971 0.000782498 0.00221987 -0.00114047 -0.00179322 0.000629817 -0.00213722 -0.00052044 0.00049881 1.17396e-05 0.00346625 -0.00267011 -0.000638702
internal_weight=1705 162 1543 1334 964 370 141 440 209 65 186 41 343 524 76 134 52
internal_count=1705 162 1543 1334 964 370 141 440 209 65 186 41 343 524 76 134 52
is_linear=0
shrinkage=0.03


Tree=2
num_leaves=14
num_cat=0
split_feature=21 28 22 32 21 20 21 28 19 9 19 23 10
split_gain=1.44069 1.95468 0.816675 0.567657 0.509048 0.26922 0.219982 0.154403 0.11815 0.0503141 0.0447621 0.0378537 0.0611563
threshold=-1.640998206135633 0.11416621096403741 -0.3177389930639028 0.47111154987203913 1.8338821283665687 0.082937206399828656 -0.69230071798582571 -0.062963470886084491 -0.79565489192699423 0.6091454906053867 1.6589957650888671 -1.0046902306411201 -1.0863098475210562
decision_type=2 2 2 2 2 2 2 2 2 2 2 2 2
left_child=1 2 9 4 5 6 -2 -7 -4 -1 -6 -5 -13
right_child=3 -3 8 11 10 7 -8 -9 -10 -11 -12 12 -14
leaf_value=0.0043724662011319941 -0.001574266035880395 0.010197499122884538 -0.0028657859892193827 -0.00091232919377776285 0.0013657724270597098 0.00020947053496952561 -0.00028880211040219471 0.0020348838085774332 0 0.0020106222415342927 0.0038902829562624292 -0.00092330930999014529 -0.0032293215293076731
leaf_weight=30 139 24 28 23 21 377 860 45 21 33 24 21 59
leaf_count=30 139 24 28 23 21 377 860 45 21 33 24 21 59
internal_value=2.41194e-07 0.00292951 0.00112061 -0.000256864 -0.00010122 -0.000205413 -0.000474832 0.000424172 -0.00168853 0.00332839 0.00293367 -0.00237828 -0.00271539
internal_weight=1705 136 112 1569 1466 1421 999 422 49 63 45 103 80
internal_count=1705 136 112 1569 1466 1421 999 422 49 63 45 103 80
is_linear=0
shrinkage=0.03


Tree=3
num_leaves=14
num_cat=0
split_feature=21 28 19 32 21 20 21 28 27 19 13 23 16
split_gain=1.36409 1.85163 0.77338 0.537232 0.482645 0.253896 0.207214 0.145823 0.124236 0.108211 0.0926379 0.0352316 0.0569626
threshold=-1.640998206135633 0.11416621096403741 -0.1268483751628311 0.47111154987203913 1.8338821283665687 0.082937206399828656 -0.69230071798582571 -0.062963470886084491 -0.24536792779821368 -0.79565489192699423 0.63756191268036866 -1.0046902306411201 -1.1027704401709861
decision_type=2 2 2 2 2 2 2 2 2 2 2 2 2
left_child=1 2 9 4 5 6 -2 -7 -6 -1 -4 -5 -13
right_child=3 -3 10 11 8 7 -8 -9 -10 -11 -12 12 -14
leaf_value=-0.0024212461716114457 -0.0015280357930878125 0.0099255654977427592 0.0045717822762357226 -0.00088811740666054758 0.00073305279494303727 0.0002032360310799528 -0.00028016817920961608 0.0019776526999194174 0.0041890902779996393 1.1192126019347092e-05 0.0014239017937899283 -0.00094490001250058405 -0.003155037268629817
leaf_weight=30 139 24 34 23 20 377 860 45 25 28 20 22 58
leaf_count=30 139 24 34 23 20 377 860 45 25 28 20 22 58
internal_value=1.00498e-06 0.00285138 0.00109001 -0.000249125 -9.76545e-05 -0.000199164 -0.000460845 0.000412134 0.00285739 -0.00125499 0.00359484 -0.00231293 -0.00263952
internal_weight=1705 136 112 1569 1466 1421 999 422 45 58 54 103 80
internal_count=1705 136 112 1569 1466 1421 999 422 45 58 54 103 80
is_linear=0
shrinkage=0.03


Tree=4
num_leaves=17
num_cat=0
split_feature=31 20 20 22 24 23 31 29 13 19 23 24 22 23 19 7
split_gain=0.947633 1.19313 0.547993 0.716907 0.492383 0.409484 0.335889 0.233717 0.15663 0.13166 0.130237 0.111478 0.0609855 0.0462267 0.0451875 0.0225763
threshold=-0.0036716900634278303 0.28741831600054712 0.58230794944030051 -0.32263623036527628 1.2315848107860055 -0.63512005715888808 -0.078538062934177352 -0.0428496915485451 -0.74986838010848123 1.1955873414294342 0.42384063224212293 -0.92656880781834972 0.21269140268443301 -1.0046902306411201 0.09473827630731961 0.19806767223541008
decision_type=2 2 2 2 2 2 2 2 2 2 2 2 2 2 2 2
left_child=2 9 6 5 7 11 13 -5 12 14 -10 -4 -8 -1 -2 -7
right_child=1 -3 3 4 -6 15 8 -9 10 -11 -12 -13 -14 -15 -16 -17
leaf_value=-0.00074367493849534258 0.00094476923783836145 0.0089235091423210903 0.0058811328137165003 0 0.0027877855054949498 -4.461747403096022e-05 0.0010064640509028155 -0.0022282510551712696 -0.00070666222695237361 0.0027284419535780731 0 0.002780772429308854 -0.0001208508632565573 -0.002661321681858138 -0.00083333919342237946 0.0011311125238426028
leaf_weight=23 20 20 26 137 41 26 96 60 659 20 353 45 68 64 26 21
leaf_count=23 20 20 26 137 41 26 96 60 659 20 353 45 68 64 26 21
internal_value=1.75565e-06 0.0030175 -0.000161874 0.000870189 -7.25514e-05 0.0027511 -0.000456522 -0.000715737 -0.000317483 0.00087416 -0.000458495 0.00414905 0.000527303 -0.00222938 0 0.000457056
internal_weight=1705 86 1619 356 238 118 1263 197 1176 66 1012 71 164 87 46 47
internal_count=1705 86 1619 356 238 118 1263 197 1176 66 1012 71 164 87 46 47
is_linear=0
shrinkage=0.03


Tree=5
num_leaves=14
num_cat=0
split_feature=21 28 19 21 31 20 21 28 27 12 19 10 21
split_gain=1.23036 1.68409 0.696595 0.480642 0.423647 0.220557 0.227617 0.155428 0.141027 0.107658 0.0979345 0.0423364 0.0549548
threshold=-1.640998206135633 0.11416621096403741 -0.1268483751628311 1.8007880299427381 -0.070436893381004215 0.082937206399828656 -0.69230071798582571 -0.062963470886084491 -0.245392499295777 0.82480867903988753 -0.79565489192699423 -1.3386026161000026 -0.68126935184454895
decision_type=2 2 2 2 2 2 2 2 2 2 2 2 2
left_child=1 2 10 4 11 6 -6 -7 -5 -4 -1 -2 -13
right_child=3 -3 9 8 5 7 -8 -9 -10 -11 -12 12 -14
leaf_value=-0.0023040678852491755 -0.00050931493404483342 0.0094567276471190977 0.0045658581541741594 0.0003841660013017447 -0.0015668941039665421 0.00017079398833618446 -0.0002437463396609892 0.0020174526198905832 0.0038484629793092608 0.001383132127508221 5.3235928437882799e-06 -0.00097832982479171323 -0.0028688976703517477
leaf_weight=30 20 24 31 20 135 376 851 44 29 23 28 30 64
leaf_count=30 20 24 31 20 135 376 851 44 29 23 28 30 64
internal_value=2.69019e-06 0.00270981 0.00102897 -0.000234776 -0.000332932 -0.000185834 -0.000432144 0.000384282 0.0025959 0.00340703 -0.00119458 -0.00207022 -0.00234537
internal_weight=1705 136 112 1569 1520 1406 986 420 49 54 58 114 94
internal_count=1705 136 112 1569 1520 1406 986 420 49 54 58 114 94
is_linear=0
shrinkage=0.03


Tree=6
num_leaves=18
num_cat=0
split_feature=25 28 33 20 22 11 21 22 21 25 28 13 11 21 16 33 32
split_gain=2.03226 1.32828 0.430875 0.394557 0.343296 0.330343 0.268153 0.237806 0.169736 0.126312 0.122401 0.108782 0.107077 0.114293 0.0783773 0.0317079 0.0243982
threshold=1.0730546837560024 1.0000000180025095e-35 0.25022370109850633 0.082937206399828656 -0.38539341948659195 -0.12040159751846229 1.8173350791546536 -0.32263623036527628 -1.7513118675484012 -1.4113841089422126 -0.097850284983427696 -0.73533194548017189 -1.6596692742735717 0.79693371108654654 0.90780802335818156 1.3918098297069947 0.4178446735209837
decision_type=2 2 2 2 2 2 2 2 2 2 2 2 2 2 2 2 2
left_child=2 4 3 5 14 10 9 -7 -4 -5 -1 16 -6 -14 -2 -13 -10
right_child=1 -3 8 6 12 7 -8 -9 11 -11 -12 15 13 -15 -16 -17 -18
leaf_value=-0.00018574190996276769 0.0038326660063246198 0.009313132060898675 0.00067585568491799325 -0.0013313670290663138 0.0017854900106322018 -0.00059191919470514512 0.0034342364795506 -0.0021572058578967698 0 0.00062812466731661124 0.00090853267758630877 -0.0017472990960366308 -0.0021982770323267448 0.00075217783627095226 0.0012277509224787352 -0.003094530842133931 -0.0012079696305827901
leaf_weight=409 55 24 23 29 21 315 27 125 26 314 115 75 20 20 22 53 32
leaf_count=409 55 24 23 29 21 315 27 125 26 314 115 75 20 20 22 53 32
internal_value=3.3662e-06 0.00316991 -0.000332655 -0.000130241 0.00190482 -0.000451573 0.000695815 -0.00105497 -0.00159034 0.000443676 5.2526e-05 -0.00189272 0.000149867 -0.000703727 0.00319986 -0.00238613 -0.000690845
internal_weight=1705 162 1543 1334 138 964 370 440 209 343 524 186 61 40 77 128 58
internal_count=1705 162 1543 1334 138 964 370 440 209 343 524 186 61 40 77 128 58
is_linear=0
shrinkage=0.03


Tree=7
num_leaves=19
num_cat=0
split_feature=25 24 33 19 33 19 22 21 24 21 11 28 21 10 9 23 11 16
split_gain=1.92759 1.29188 0.398396 0.350406 0.322401 0.335741 0.236947 0.217082 0.168661 0.160781 0.15259 0.141012 0.124979 0.118453 0.0848426 0.0449913 0.00828342 0.00222293
threshold=1.0251297962421713 -1.014400641133643 0.25022370109850633 1.0164973137722562 -0.32033842743080482 0.2303212259103998 -0.38539341948659195 1.8173350791546536 -1.541391641025404 -1.7513118675484012 -1.6596692742735717 -0.089617706943662487 0.8079650772278234 -0.90636482278844432 -0.063254236272716008 -0.99047599319949586 -1.2256238158813708 1.1858731659538153
decision_type=2 2 2 2 2 2 2 2 2 2 2 2 2 2 2 2 2 2
left_child=2 -2 3 4 5 -1 14 11 -6 -4 -8 -5 -12 16 -3 -15 -11 -16
right_child=1 6 9 7 8 -7 10 -9 -10 13 12 -13 -14 15 17 -17 -18 -19
leaf_value=-0.0003433188008992709 0.0095034577995538709 0.0045394815024402402 0.00065791949801720102 -2.1175498402454947e-05 -0.00078121593852573232 -0.0019168383161489101 0.0022617000782241422 0.0031755842203274368 0.0010039346626244249 0 -0.0019933921810812677 0.001962161869501208 0.0010093054720959828 -0.0014717662743787513 0.0023601274463037648 -0.0028880193385994062 -0.00085129202899988747 0.0010591369872588827
leaf_weight=735 21 24 23 110 58 146 24 33 199 25 23 41 20 61 42 73 27 20
leaf_count=735 21 24 23 110 58 146 24 33 199 25 23 41 20 61 42 73 27 20
internal_value=3.79685e-06 0.00296987 -0.000336494 -0.000140056 -0.000339034 -0.000613097 0.00188836 0.00106023 0.000585156 -0.00154532 0.000463596 0.000525599 -0.00055683 -0.00183975 0.00291159 -0.00231155 -0.00050965 0.00205486
internal_weight=1705 174 1531 1322 1138 881 153 184 257 209 67 151 43 186 86 134 52 62
internal_count=1705 174 1531 1322 1138 881 153 184 257 209 67 151 43 186 86 134 52 62
is_linear=0
shrinkage=0.03


Tree=8
num_leaves=18
num_cat=0
split_feature=25 28 33 20 11 22 22 11 24 17 25 10 10 28 9 33 32
split_gain=1.82706 1.23167 0.376401 0.370447 0.319415 0.308058 0.211975 0.178824 0.176392 0.145737 0.144963 0.127279 0.122345 0.107145 0.0855667 0.0443536 0.0140682
threshold=1.0251297962421713 1.0000000180025095e-35 0.25022370109850633 0.082937206399828656 -0.18549468429299804 -0.38539341948659195 -0.32263623036527628 0.46125795732675828 1.357058858379282 1.1700776628959482 -0.18758414436700813 -0.90636482278844432 -1.1840840934163992 -0.097850284983427696 0.03891842065589423 1.3918098297069947 0.4178446735209837
decision_type=2 2 2 2 2 2 2 2 2 2 2 2 2 2 2 2 2
left_child=2 5 3 4 13 14 -6 8 -5 11 -9 16 -7 -1 -2 -13 -4
right_child=1 -3 9 7 6 12 -8 10 -10 -11 -12 15 -14 -15 -16 -17 -18
leaf_value=-0.0001400770221455388 0.0042180440119334636 0.0088449334700902299 0 0.00072095482055868415 -0.00058110723844719502 0.0012453231036197393 -0.0020063092347366311 -0.00098413375240394524 0.0028480264480812882 0.00068972407269757242 0.0010422387837991118 -0.0015525316400514719 -0.0012950154002523049 0.00092167923237138885 0.0018927810822115759 -0.0029533074419014157 -0.0008858391420857515
leaf_weight=360 32 24 27 198 351 36 133 82 43 21 47 73 27 108 55 61 27
leaf_count=360 32 24 27 198 351 36 133 82 43 21 47 73 27 108 55 61 27
internal_value=4.60167e-06 0.00289233 -0.000326652 -0.000135645 -0.000450379 0.00176556 -0.00098885 0.000663222 0.00114312 -0.00150167 -0.000216208 -0.00176915 0.000101775 0.000102884 0.00289348 -0.0022628 -0.000436894
internal_weight=1705 174 1531 1322 952 150 484 370 241 209 129 188 63 468 87 134 54
internal_count=1705 174 1531 1322 952 150 484 370 241 209 129 188 63 468 87 134 54
is_linear=0
shrinkage=0.03


Tree=9
num_leaves=19
num_cat=0
split_feature=25 28 33 20 22 16 25 27 32 22 16 17 23 13 20 33 28 17
split_gain=1.72878 1.167 0.355495 0.364798 0.291407 0.231012 0.205838 0.165785 0.16241 0.147821 0.140167 0.107284 0.10201 0.0981684 0.0611146 0.0414776 0.0305754 0.0119207
threshold=1.0251297962421713 1.0000000180025095e-35 0.14604876852144386 0.15453593395444984 -0.38539341948659195 -0.33693754272287707 -0.40223642981203345 -0.24553979809070781 -0.22811100794309919 -0.11822191782272219 1.2022844153022378 -0.97167201595059483 0.054270458759890852 -0.67771362544280545 1.6041064799505422 1.3918098297069947 -0.094911763960749726 0.57911790172790778
decision_type=2 2 2 2 2 2 2 2 2 2 2 2 2 2 2 2 2 2
left_child=2 4 3 5 14 12 9 -8 -7 -5 13 -6 -1 16 17 -15 -4 -2
right_child=1 -3 10 6 11 8 7 -9 -10 -11 -12 -13 -14 15 -16 -17 -18 -19
leaf_value=0.00063012239965251887 0.0023289050089461464 0.0086090686188803785 0.00023270944094933244 0.00092473422717602297 0.0012652354031088178 -0.00091969228107116824 7.7129936686251308e-05 0.0018950417159729579 0.0010399888130603358 -0.0011648633181616398 0.00075224175769835714 -0.0010947673073863947 -0.00033342416955512788 -0.0014878000161864164 0.0039291181759657096 -0.0028267869896255434 -0.0010177706294254255 0.00084797426284058018
leaf_weight=196 32 24 20 50 33 553 72 138 37 67 21 30 190 81 34 57 49 21
leaf_count=196 32 24 20 50 33 553 72 138 37 67 21 30 190 81 34 57 49 21
internal_value=5.12664e-06 0.00281416 -0.000317047 -0.000121937 0.00171674 -0.000414408 0.000737746 0.00129571 -0.000787098 -0.000246079 -0.00140303 9.72902e-05 0.000149212 -0.00164359 0.00281378 -0.00211051 -0.000619052 0.00187255
internal_weight=1705 174 1531 1303 150 976 327 210 590 117 228 63 386 207 87 138 69 53
internal_count=1705 174 1531 1303 150 976 327 210 590 117 228 63 386 207 87 138 69 53
is_linear=0
shrinkage=0.03


Tree=10
num_leaves=17
num_cat=0
split_feature=25 24 21 32 19 11 16 17 22 11 20 21 28 13 11 16
split_gain=1.63693 1.12887 0.336966 0.270877 0.262596 0.230346 0.179708 0.165984 0.118315 0.12866 0.106964 0.106137 0.039323 0.0297618 0.026604 0.0188014
threshold=1.0251297962421713 -0.92656880781834972 1.6022234393997554 0.47111154987203913 1.4050320049823581 -0.068280179470200833 1.2022844153022378 -0.22612359281779662 -0.38539341948659195 -1.6596692742735717 -0.083317292531942741 0.79693371108654654 -0.10534266815097737 -1.1890510297084331 0.73387535049877084 1.1077677063487734
decision_type=2 2 2 2 2 2 2 2 2 2 2 2 2 2 2 2
left_child=2 -2 3 5 12 10 13 -7 15 -10 -1 -11 -4 -5 -6 -3
right_child=1 8 4 6 14 7 -8 -9 9 11 -12 -13 -14 -15 -16 -17
leaf_value=-0.00016574651302163381 0.0076028734190921694 0.0026278891294121238 -0.00089779868273899414 -0.0006502780490554869 0.0033024487525627421 -0.0016376625590021423 0.00073249539022799586 -0.00043114947383960945 0.0021112513739822637 -0.0019097129437141117 0.00063695885381303912 0.00087826603987923592 0.00058385768527495518 -0.0023000698229039295 0.0012465984490902529 0.00097686316637808223
leaf_weight=490 32 56 29 20 34 138 21 436 24 21 210 21 28 105 20 20
leaf_count=490 32 56 29 20 34 138 21 436 24 21 210 21 28 105 20 20
internal_value=5.90484e-06 0.00273934 -0.000307547 -0.000434301 0.00125642 -0.000289135 -0.00164956 -0.000733423 0.00148802 0.000467378 7.24882e-05 -0.000483438 -0.000127166 -0.00208097 0.00269934 0.00228498
internal_weight=1705 174 1531 1420 111 1274 146 574 142 66 700 42 57 125 54 76
internal_count=1705 174 1531 1420 111 1274 146 574 142 66 700 42 57 125 54 76
is_linear=0
shrinkage=0.03


Tree=11
num_leaves=18
num_cat=0
split_feature=31 20 20 22 22 23 33 29 11 23 23 19 11 19 20 19 19
split_gain=0.695959 0.844244 0.384524 0.49532 0.374367 0.310913 0.247708 0.19813 0.196569 0.160417 0.146066 0.123579 0.0858327 0.0586078 0.0471912 0.04465 0.0180152
threshold=-0.0036716900634278303 0.22128051601104251 0.44699843730554506 -0.32263623036527628 1.6460790760957076 -0.63512005715888808 0.14604876852144386 -0.0428496915485451 1.0000000180025095e-35 0.42384063224212293 0.054270458759890852 0.072478331400980589 -0.96612185053627253 -0.069175232731937472 -0.59907076123150449 0.09473827630731961 -1.0668200201338831
decision_type=2 2 2 2 2 2 2 2 2 2 2 2 2 2 2 2 2
left_child=2 12 6 5 7 11 8 -5 10 -10 -1 -4 -2 -7 -8 -14 -16
right_child=1 -3 3 4 -6 13 14 -9 9 -11 -12 -13 15 -15 16 -17 -18
leaf_value=0.00051575604083434114 0.0022198077988173082 0.0074197710230946541 0.0050943669979610752 3.5786064109798436e-05 0.002583064458931663 -0.00048218528576375499 -0.00021065660420319308 -0.0018321212943975948 -0.0012075867574529917 -8.7041938811631146e-05 -0.00039813835134703608 0.0020996957313390852 0.00094903772628015788 0.0013961658958966531 -0.0011781626229174435 -0.00083387137383501148 -0.0024877868555818815
leaf_weight=333 20 21 28 178 39 28 20 67 265 213 291 43 20 24 37 25 53
leaf_count=333 20 21 28 178 39 28 20 67 265 213 291 43 20 24 37 25 53
internal_value=6.50266e-06 0.00259112 -0.000133479 0.000658482 -2.53746e-05 0.00222429 -0.000402865 -0.000478916 -0.000261713 -0.000718159 8.49144e-05 0.00347988 0.000728457 0.000359068 -0.00174591 0 -0.00203702
internal_weight=1705 86 1619 407 284 123 1212 245 1102 478 624 71 65 52 110 45 90
internal_count=1705 86 1619 407 284 123 1212 245 1102 478 624 71 65 52 110 45 90
is_linear=0
shrinkage=0.03


Tree=12
num_leaves=20
num_cat=0
split_feature=25 28 33 11 33 23 23 27 25 21 25 34 23 11 12 10 33 15 11
split_gain=1.48386 1.02143 0.307398 0.301908 0.231816 0.207635 0.159758 0.131197 0.170304 0.124113 0.110165 0.0929694 0.0873959 0.153335 0.0761693 0.0753912 0.03503 0.0124409 0.00313909
threshold=1.0251297962421713 1.0000000180025095e-35 0.14604876852144386 -0.34571164513409941 -0.33145854110376111 0.42384063224212293 -0.63512005715888808 -0.24556162868769607 -0.054058211896164492 -1.7402805014071243 -0.41471989427243433 -0.13071346925373317 0.57664368473958438 -1.6596692742735717 0.31003738701375111 -0.78033088197433242 1.3918098297069947 0.42103588212463899 -0.15778224970818389
decision_type=2 2 2 2 2 2 2 2 2 2 2 2 2 2 2 2 2 2 2
left_child=2 6 3 7 5 -5 14 8 -1 -4 -9 -6 13 -8 -2 17 -17 -11 -14
right_child=1 -3 9 4 11 -7 12 10 -10 15 -12 -13 18 -15 -16 16 -18 -19 -20
leaf_value=-0.0018987266601851352 0.0041460477370354864 0.0080317251980304705 0.00048209425630047924 -0.0011802219106671872 0.0013298917595307371 -8.3282376957496488e-05 0.001564834141579922 0.00023585445632865772 0.00036526323430670891 -0.00084622275837978648 0.0014462557292829912 0 0.000769241773341175 -0.0016922495244070886 0.0014905337252055426 -0.0014152199820458445 -0.0026676835107532415 0 0.0019694783733256397
leaf_weight=36 24 24 27 373 65 276 21 134 122 40 153 144 20 25 32 89 52 20 28
leaf_count=36 24 24 27 373 65 276 21 134 122 40 153 144 20 25 32 89 52 20 28
internal_value=6.9713e-06 0.00260954 -0.000291383 -0.00010979 -0.000440094 -0.000720858 0.0015819 0.000519052 -0.000157717 -0.00130128 0.000899752 0.000415463 0.000741437 -0.000139326 0.00283241 -0.00155911 -0.00194391 -0.000557705 0.00160287
internal_weight=1705 174 1531 1303 858 649 150 445 158 228 287 209 94 46 56 201 141 60 48
internal_count=1705 174 1531 1303 858 649 150 445 158 228 287 209 94 46 56 201 141 60 48
is_linear=0
shrinkage=0.03


Tree=13
num_leaves=16
num_cat=0
split_feature=25 24 21 33 11 27 33 22 33 21 22 11 21 10 16
split_gain=1.40669 0.980627 0.291607 0.229901 0.237553 0.199223 0.163525 0.147343 0.125864 0.125816 0.102725 0.11224 0.0961751 0.076454 0.0185683
threshold=1.0251297962421713 -0.92656880781834972 1.6022234393997554 0.25022370109850633 -0.14922511414097753 -0.24551610911234398 -0.32243787030279486 1.9524284761705741 -0.3537176600092321 -1.7402805014071243 -0.38539341948659195 -1.6596692742735717 0.8079650772278234 -0.91896411906815623 1.1077677063487734
decision_type=2 2 2 2 2 2 2 2 2 2 2 2 2 2 2
left_child=2 -2 3 4 8 -4 -6 -7 -1 -5 14 -12 -13 -11 -3
right_child=1 10 5 9 6 7 -8 -9 -10 13 11 12 -14 -15 -16
leaf_value=-0.00015185508910433521 0.0070755260333418843 0.0024484301617021787 -0.00097170227722682316 0.00046907769967801868 -0.0008984977439402222 0.0027339420945588816 0.0002252893647266514 1.3571636314736673e-05 0.00074719522408229989 -0.00045165043935754942 0.0019580040723085404 -0.0017690322189778088 0.0008847790891911996 -0.001970781280066016 0.00085936865275320804
leaf_weight=347 32 56 26 27 491 56 146 29 227 48 24 22 20 134 20
leaf_count=347 32 56 26 27 491 56 146 29 227 48 24 22 20 134 20
internal_value=7.5357e-06 0.00254156 -0.000282911 -0.000400944 -0.000237713 0.00117156 -0.00063639 0.00187201 0.00020053 -0.00131584 0.00137388 0.000420148 -0.000463909 -0.00160017 0.00211675
internal_weight=1705 174 1531 1420 1211 111 637 85 574 209 142 66 42 182 76
internal_count=1705 174 1531 1420 1211 111 637 85 574 209 142 66 42 182 76
is_linear=0
shrinkage=0.03


Tree=14
num_leaves=14
num_cat=0
split_feature=21 28 19 21 33 11 19 20 9 27 19 16 19
split_gain=0.790619 1.12822 0.434162 0.321436 0.274847 0.187782 0.155183 0.118276 0.096833 0.0733645 0.0659149 0.0628083 0.0129197
threshold=-1.640998206135633 0.11416621096403741 -0.1268483751628311 1.8338821283665687 0.40495059144397105 -0.14922511414097753 0.1746713636445523 -0.083317292531942741 0.46251271863623694 -0.24536792779821368 -0.79565489192699423 -1.4399327579572672 -0.044892007660552367
decision_type=2 2 2 2 2 2 2 2 2 2 2 2 2
left_child=1 2 10 4 5 7 -7 -2 -4 -5 -1 -6 -13
right_child=3 -3 8 9 11 6 -8 -9 -10 -11 -12 12 -14
leaf_value=-0.0018604874010621146 -4.5772123009243343e-05 0.0077020232313209109 0.0041308588437162915 0.00055385862833455849 -0.00016670329079748956 -0.00011679634957901677 -0.0010410143878787006 0.00078968580060250436 0.001244656726498814 0.0032600725005779946 1.677813971294991e-05 -0.0011911689764193187 -0.0022567734989736759
leaf_weight=30 454 24 23 20 30 444 265 222 31 25 28 49 60
leaf_count=30 454 24 23 20 30 444 265 222 31 25 28 49 60
internal_value=8.05796e-06 0.00217841 0.00079865 -0.000181957 -0.000259369 -0.000127837 -0.000469382 0.000226453 0.00267931 0.0022296 -0.000948786 -0.00151844 -0.00184926
internal_weight=1705 136 112 1569 1524 1385 709 676 54 45 58 139 109
internal_count=1705 136 112 1569 1524 1385 709 676 54 45 58 139 109
is_linear=0
shrinkage=0.03


Tree=15
num_leaves=20
num_cat=0
split_feature=25 24 33 20 11 25 22 22 27 22 24 16 10 28 29 9 22 15 16
split_gain=1.27133 0.890265 0.264845 0.302898 0.269176 0.176106 0.172591 0.163546 0.135948 0.133774 0.120854 0.105515 0.093046 0.086971 0.0770405 0.0637386 0.0368427 0.0203134 0.00321508
threshold=1.0251297962421713 -1.014400641133643 0.12028300830752832 0.15453593395444984 -0.35823093179163989 -0.40223642981203345 -0.32263623036527628 -0.38539341948659195 -0.24553979809070781 -0.11822191782272219 -0.29292486747230356 1.2022844153022378 -0.78033088197433242 -0.097850284983427696 -0.17366271618633558 -0.063254236272716008 0.21269140268443301 0.44918871875133215 1.1858731659538153
decision_type=2 2 2 2 2 2 2 2 2 2 2 2 2 2 2 2 2 2 2
left_child=2 -2 3 4 13 9 -6 15 -7 -5 -9 12 17 -1 -12 -3 -14 -4 -17
right_child=1 7 11 5 6 8 -8 10 -10 -11 14 -13 16 -15 -16 18 -18 -19 -20
leaf_value=1.1845968358047949e-06 0.0078440384119749084 0.0037681839341918628 -0.00072320352781298414 0.00089493968331624027 -0.00042915501601957799 0.00010236048321472481 -0.0015848765537620482 -0.0013745688083581624 0.0017596270223583677 -0.0010929141280341093 0.0022383096533262034 0.00067217070737387989 -0.0012253961723479225 0.0010833962635205471 -2.9339194559724995e-05 0.0018983704799165326 -0.0024053812891892765 0.00030527386138134673 0.00076013565703254675
leaf_weight=265 21 24 45 50 456 72 161 21 136 67 25 21 83 89 21 42 66 20 20
leaf_count=265 21 24 45 50 456 72 161 21 136 67 25 21 83 89 21 42 66 20 20
internal_value=8.34416e-06 0.00241744 -0.000267689 -9.60115e-05 -0.000363359 0.000689613 -0.000741777 0.00151686 0.00120979 -0.000217268 0.00032827 -0.00118872 -0.00139193 0.000288487 0.00120344 0.00236686 -0.00180497 -0.000363125 0.00162938
internal_weight=1705 174 1531 1296 971 325 617 153 208 117 67 235 214 354 46 86 149 65 62
internal_count=1705 174 1531 1296 971 325 617 153 208 117 67 235 214 354 46 86 149 65 62
is_linear=0
shrinkage=0.03


Tree=16
num_leaves=15
num_cat=0
split_feature=25 28 21 22 15 19 22 27 32 10 9 11 19 14
split_gain=1.20423 0.844565 0.260134 0.249068 0.311859 0.21744 0.212966 0.16767 0.205294 0.0977698 0.0646164 0.0509895 0.0389333 0.016672
threshold=1.0251297962421713 1.0000000180025095e-35 1.5250038764108174 1.0713144315502729 0.68950426355828942 1.4485398682010682 -0.38539341948659195 1.8241747750938753 0.4178446735209837 -1.1840840934163992 0.054026260802623675 -0.54854875360847022 1.2259411881133275 0.68167169594621402
decision_type=2 2 2 2 2 2 2 2 2 2 2 2 2 2
left_child=2 6 3 7 12 11 10 8 -1 -8 -2 -4 -5 -7
right_child=1 -3 5 4 -6 13 9 -9 -10 -11 -12 -13 -14 -15
leaf_value=-0.00015550032723819264 0.0034156661502232678 0.0072856415079699628 0.0007287235917756334 -0.0022496908745465714 0.0014266243610531089 0.0030444305367767809 0.0010605027628301355 0.0022533110035583377 -0.0016764336094934622 -0.0012136514415964483 0.0014387586285783485 -0.00079370287654185014 -0.0010387677834369242 0.0013912406641277757
leaf_weight=1104 35 24 33 108 27 27 36 21 84 27 52 40 56 31
leaf_count=1104 35 24 33 108 27 27 36 21 84 27 52 40 56 31
internal_value=8.90865e-06 0.00235361 -0.000259696 -0.000381407 -0.0013825 0.000998059 0.0014175 -0.000217747 -0.000269512 2.95464e-05 0.00235474 -6.44102e-05 -0.00188026 0.00232189
internal_weight=1705 174 1531 1400 191 131 150 1209 1188 63 87 73 164 58
internal_count=1705 174 1531 1400 191 131 150 1209 1188 63 87 73 164 58
is_linear=0
shrinkage=0.03


Tree=17
num_leaves=15
num_cat=0
split_feature=25 28 21 22 15 19 22 27 13 10 9 27 20 21
split_gain=1.13923 0.800139 0.24618 0.234649 0.294889 0.205988 0.201481 0.158913 0.183411 0.0925027 0.0608731 0.0492463 0.0365458 0.011553
threshold=1.0251297962421713 1.0000000180025095e-35 1.5250038764108174 1.0713144315502729 0.68950426355828942 1.4485398682010682 -0.38539341948659195 1.8241747750938753 -0.53918850100622795 -1.1840840934163992 0.03891842065589423 -0.24546254358593497 0.78436192834559193 1.8338821283665687
decision_type=2 2 2 2 2 2 2 2 2 2 2 2 2 2
left_child=2 6 3 7 12 11 10 8 -1 -8 -2 -4 -5 -7
right_child=1 -3 5 4 -6 13 9 -9 -10 -11 -12 -13 -14 -15
leaf_value=0.0004231271004154659 0.0034014880382588928 0.0070913579331503976 -0.00085165540981464651 -0.0021850135580359681 0.0013881054954603313 0.0013626494856381957 0.0010311349477135361 0.0021941615287214516 -0.00046317296646588885 -0.0011808828484266996 0.0014490352611234089 0.00063875983092002574 -0.0010073280701555817 0.0029002523737088328
leaf_weight=266 32 24 36 108 27 30 36 21 922 27 55 37 56 28
leaf_count=266 32 24 36 108 27 30 36 21 922 27 55 37 56 28
internal_value=9.53281e-06 0.00229012 -0.000251674 -0.000370121 -0.00134189 0.000971725 0.00137833 -0.000211183 -0.00026164 2.70875e-05 0.00228996 -6.13706e-05 -0.00182616 0.00226025
internal_weight=1705 174 1531 1400 191 131 150 1209 1188 63 87 73 164 58
internal_count=1705 174 1531 1400 191 131 150 1209 1188 63 87 73 164 58
is_linear=0
shrinkage=0.03


Tree=18
num_leaves=18
num_cat=0
split_feature=25 24 33 20 11 22 11 19 21 23 27 25 23 10 13 22 29
split_gain=1.07764 0.775794 0.236074 0.273734 0.225161 0.19045 0.148715 0.14513 0.0945318 0.0944375 0.0925188 0.0885996 0.112115 0.0737632 0.0439497 0.0351166 0.0127187
threshold=1.0251297962421713 -0.92656880781834972 0.12028300830752832 0.082937206399828656 -0.18549468429299804 -0.32263623036527628 0.46125795732675828 1.597276069410553 -1.7513118675484012 0.19285927381572787 -0.24541943109977543 3.110996723870016 0.57664368473958438 -0.78033088197433242 -0.062547256858737174 0.21269140268443301 -0.0428496915485451
decision_type=2 2 2 2 2 2 2 2 2 2 2 2 2 2 2 2 2
left_child=2 -2 3 4 9 -6 10 -8 -4 -1 -5 12 14 16 -3 -15 -10
right_child=1 11 8 6 5 -7 7 -9 13 -11 -12 -13 -14 15 -16 -17 -18
leaf_value=0.00050487745646387347 0.0062622396596840454 -0.00097093807408320037 0.00056677924757675034 0.00027650917445701592 -0.00041945527911643 -0.0017694048664170421 -0.00068708132187223067 0.0017623517502927117 0.00011510883076698518 -0.00035890624598328911 0.0015543149371211693 0.0024090243398507192 0.0016130794975567947 -0.0011209246042836998 0.0006846266778125225 -0.0022607482854762801 -0.00066776487761332332
leaf_weight=255 32 32 23 92 351 132 105 24 21 198 139 38 52 83 20 66 42
leaf_count=255 32 32 23 92 351 132 105 24 21 198 139 38 52 83 20 66 42
internal_value=1.03108e-05 0.00222843 -0.00024369 -8.15079e-05 -0.000353822 -0.000803203 0.000615316 -0.000178949 -0.0011132 0.000120873 0.0010683 0.00118795 0.000658719 -0.00131478 -0.000277026 -0.0016802 -0.000367982
internal_weight=1705 174 1531 1296 936 483 360 129 235 453 231 142 104 212 52 149 63
internal_count=1705 174 1531 1296 936 483 360 129 235 453 231 142 104 212 52 149 63
is_linear=0
shrinkage=0.03


Tree=19
num_leaves=18
num_cat=0
split_feature=25 24 21 19 32 11 22 16 23 13 24 29 9 27 23 11 16
split_gain=1.01925 0.736884 0.226984 0.182076 0.174357 0.16118 0.133194 0.122761 0.116273 0.115594 0.1088 0.0656724 0.0561143 0.0274134 0.0256257 0.018095 0.00516596
threshold=1.0251297962421713 -1.014400641133643 1.6022234393997554 1.4050320049823581 0.47111154987203913 1.0000000180025095e-35 -0.38539341948659195 1.2022844153022378 0.054270458759890852 0.97763283974547288 -0.29292486747230356 -0.17366271618633558 -0.2248284433948731 -0.24546254358593497 -0.99758311192030802 0.73387535049877084 1.1858731659538153
decision_type=2 2 2 2 2 2 2 2 2 2 2 2 2 2 2 2 2
left_child=2 -2 4 13 5 8 12 14 -1 -7 -8 -12 -3 -4 -6 -5 -14
right_child=1 6 3 15 7 9 10 -9 -10 -11 11 -13 16 -15 -16 -17 -18
leaf_value=0.00033298353638365707 0.0071058023087680342 0.0035831931074676304 -0.00071096045575926405 0.0027557290886100882 -0.00066830785090432447 -0.00085760416213787928 -0.0013412977299303746 0.0006343661121791229 -0.00044420323409216953 0.00020719220224342088 0.0020613893313732529 -2.2815752425231032e-05 0.0017415445924793579 0.00052728350492643901 -0.0019450400789981209 0.0010074561967150025 0.00062650702856531688
leaf_weight=486 21 20 31 34 31 413 21 21 264 111 25 21 46 26 94 20 20
leaf_count=486 21 20 31 34 31 413 21 21 264 111 25 21 46 26 94 20 20
internal_value=1.0449e-05 0.00216767 -0.000236526 0.00104607 -0.000340888 -0.000223897 0.00134704 -0.00131655 5.47499e-05 -0.000626458 0.000271145 0.00110554 0.00211414 -9.80239e-05 -0.00167493 0.00224796 0.00148906
internal_weight=1705 174 1531 111 1420 1274 153 146 750 524 67 46 86 57 125 54 66
internal_count=1705 174 1531 111 1420 1274 153 146 750 524 67 46 86 57 125 54 66
is_linear=0
shrinkage=0.03


Tree=20
num_leaves=19
num_cat=0
split_feature=25 24 33 20 11 11 19 24 17 27 21 25 16 24 11 33 12 32
split_gain=0.96607 0.681227 0.220529 0.253805 0.212571 0.162398 0.119358 0.105807 0.0974409 0.0893029 0.0851443 0.0803249 0.0838825 0.0843366 0.0617619 0.0463579 0.0162645 0.0126059
threshold=1.0730546837560024 -1.014400641133643 0.083711152325494684 0.15453593395444984 -0.35823093179163989 0.46125795732675828 1.597276069410553 -0.27410376033331213 1.5138104389480114 -0.24541943109977543 -0.96808487151774647 2.0201911599519775 0.0802246499518212 0.30307685859575956 -1.1398005419888591 1.3918098297069947 0.56312508663274186 0.47111154987203913
decision_type=2 2 2 2 2 2 2 2 2 2 2 2 2 2 2 2 2 2
left_child=2 -2 3 4 10 9 -7 -6 14 -5 -1 12 13 -3 17 -16 -13 -4
right_child=1 11 8 5 7 6 -8 -9 -10 -11 -12 16 -14 -15 15 -17 -18 -19
leaf_value=-0.0010657759801912547 0.0069192750304937368 -0.0013338244136136311 0.00031620688340626662 0.00030772524927683833 -0.0015921628373756034 -0.00066083062600184774 0.0016430799941718577 -0.00046340375445677676 0.00078190080894400237 0.0016782301284343473 0.0004393375773524782 0.0028827879888704043 0.0017735186669921787 0.00093378870434346871 -0.0010180996277718804 -0.002166679430891996 0.00114341837849468 -0.00063651956103580158
leaf_weight=34 21 23 21 76 89 98 22 539 20 124 319 29 36 31 117 64 22 20
leaf_count=34 21 23 21 76 89 98 22 539 20 124 319 29 36 31 117 64 22 20
internal_value=1.10626e-05 0.00219475 -0.000220077 -6.19879e-05 -0.000303466 0.000664949 -0.000184284 -0.000634935 -0.00104656 0.00118446 0.000278183 0.00134077 0.000712222 0 -0.00123285 -0.00146924 0.00229323 -9.20678e-05
internal_weight=1705 162 1543 1301 981 320 120 628 242 200 353 141 90 54 222 181 51 41
internal_count=1705 162 1543 1301 981 320 120 628 242 200 353 141 90 54 222 181 51 41
is_linear=0
shrinkage=0.03


Tree=21
num_leaves=16
num_cat=0
split_feature=25 24 21 19 32 11 21 23 19 25 23 12 23 27 14
split_gain=0.917577 0.668009 0.205985 0.166961 0.154453 0.145734 0.111538 0.106981 0.101527 0.0779214 0.100249 0.0412483 0.0295568 0.0254116 0.0169252
threshold=1.0251297962421713 -0.92656880781834972 1.6022234393997554 1.4050320049823581 0.47111154987203913 -0.068280179470200833 -1.762343233689678 -0.99758311192030802 0.19288397620971837 3.110996723870016 0.57664368473958438 -0.33696325993538812 -1.0046902306411201 -0.24546254358593497 0.68167169594621402
decision_type=2 2 2 2 2 2 2 2 2 2 2 2 2 2 2
left_child=2 -2 4 13 5 7 -6 -1 -7 10 11 -3 -8 -4 -5
right_child=1 9 3 14 6 8 12 -9 -10 -11 -12 -13 -14 -15 -16
leaf_value=0.00090118922115504832 0.0058024344244173593 -0.0010065024514174595 -0.00068628091236357298 0.0028139235429465769 0.00066108894698402797 -0.00024475006395433295 -0.00036309907169869313 -8.6330536549286644e-05 -0.0010849276214612473 0.0022363929732861676 0.0014977563922801479 0.00057474351955577737 -0.0017987496285954104 0.00050502019924350203 0.0011706071948632596
leaf_weight=115 32 30 31 27 20 361 23 585 213 38 52 22 103 26 27
leaf_count=115 32 30 31 27 20 361 23 585 213 38 52 22 103 26 27
internal_value=1.13568e-05 0.00205824 -0.000222888 0.000998666 -0.000322388 -0.000212103 -0.00124096 7.47909e-05 -0.000565742 0.00109119 0.000593744 -0.000288109 -0.00157448 -9.47994e-05 0.00214975
internal_weight=1705 174 1531 111 1420 1274 146 700 574 142 104 52 126 57 54
internal_count=1705 174 1531 111 1420 1274 146 700 574 142 104 52 126 57 54
is_linear=0
shrinkage=0.03


Tree=22
num_leaves=16
num_cat=0
split_feature=25 34 21 22 19 22 27 32 14 17 9 16 11 21 17
split_gain=0.867685 0.639571 0.195766 0.192104 0.161917 0.160711 0.149104 0.16627 0.139538 0.0778839 0.0526627 0.0433808 0.0409032 0.0107792 0.00644782
threshold=1.0251297962421713 -0.10448081749880471 1.5250038764108174 1.0713144315502729 1.4485398682010682 -0.38539341948659195 1.8241747750938753 0.4178446735209837 0.91740160182095998 -0.97167201595059483 0.1255305902804347 1.1077677063487734 -0.54854875360847022 1.8338821283665687 0.2539812492510975
decision_type=2 2 2 2 2 2 2 2 2 2 2 2 2 2 2
left_child=2 5 3 6 12 10 7 -1 11 -7 -2 -5 -4 -6 -14
right_child=1 -3 4 8 13 9 -8 -9 -10 -11 -12 -13 14 -15 -16
leaf_value=-0.00012410548620533606 0.0028830918689689983 0.0062953447567092053 0.00066866890535069012 -0.001829085385579044 0.0011821134723722932 0.00098613845328024267 0.0021526775620877739 -0.001492999861257729 0.00056122928728688168 -0.0010311309676088222 0.0011292957796025661 -0.00048160047620767729 -0.001071371982683954 0.0026128462584268657 -9.921552412940755e-05
leaf_weight=1104 38 24 33 124 30 33 21 84 30 30 49 37 20 28 20
leaf_count=1104 38 24 33 124 30 33 21 84 30 30 49 37 20 28 20
internal_value=1.16428e-05 0.00200214 -0.000216097 -0.000321916 0.000874303 0.00118565 -0.000177897 -0.000226932 -0.00120122 0 0.00199922 -0.00155218 -3.75188e-05 0.00201652 -0.000695896
internal_weight=1705 174 1531 1400 131 150 1209 1188 191 63 87 161 73 58 40
internal_count=1705 174 1531 1400 131 150 1209 1188 191 63 87 161 73 58 40
is_linear=0
shrinkage=0.03


Tree=23
num_leaves=20
num_cat=0
split_feature=21 22 24 23 23 24 33 11 31 22 29 33 20 23 20 10 7 14 16
split_gain=0.523926 0.522781 0.379733 0.268036 0.278362 0.335311 0.224987 0.21611 0.16923 0.224352 0.145283 0.0950763 0.0786303 0.0614437 0.0372449 0.0359708 0.0330692 0.0217237 0.00948611
threshold=-1.4203708833100965 -0.3177389930639028 -0.92656880781834972 0.31368029206953446 0.054270458759890852 -0.22391414129600157 0.22306001837529746 0.0069806231840414974 -0.007326967229420815 1.7729408423789308 -0.0428496915485451 -0.35371766001512256 -0.41400634769541927 0.19285927381572787 0.67453682251444314 -0.91896411906815623 0.29016073056638286 0.87543226267806495 0.51376717239753378
decision_type=2 2 2 2 2 2 2 2 2 2 2 2 2 2 2 2 2 2 2
left_child=1 2 16 4 6 -6 7 -2 9 11 14 -5 -11 -7 -3 -8 -1 18 -4
right_child=3 10 17 8 5 13 15 -9 -10 12 -12 -13 -14 -15 -16 -17 -18 -19 -20
leaf_value=0.0063295272104442121 0.00043193227114011448 0.0014528773855965803 0.0022002329518613609 1.0749287839809601e-05 -0.0049978743909817672 -0.00022039935024142985 -0.00039413070268177721 -0.00067636001705664644 0.0022174619976402733 0 -0.0015417807087875328 0.00098077559651070403 -0.0015894925525212393 -0.0015184984664587925 1.9486766229042875e-06 -0.0016065214284880192 0.0029928659233872008 0.00019944201893699556 0.00072565381234997639
leaf_weight=21 402 31 20 173 20 63 40 257 38 44 36 205 67 87 38 103 20 20 20
leaf_count=21 402 31 20 173 20 63 40 257 38 44 36 205 67 87 38 103 20 20 20
internal_value=1.19965e-05 0.00142093 0.00292911 -0.000182081 -0.000478279 -0.00157319 -0.000237466 0 0.000358183 0.000194961 -4.30715e-05 0.000548276 -0.000964669 -0.00100792 0.000728857 -0.00130301 0.0050851 0.00123623 0.00163478
internal_weight=1705 206 101 1499 972 170 802 659 527 489 105 378 111 150 69 143 41 60 40
internal_count=1705 206 101 1499 972 170 802 659 527 489 105 378 111 150 69 143 41 60 40
is_linear=0
shrinkage=0.03


Tree=24
num_leaves=18
num_cat=0
split_feature=25 27 21 22 15 19 27 10 22 19 11 29 17 20 13 17 29
split_gain=0.783991 0.556919 0.177656 0.177094 0.243134 0.150239 0.1371 0.147668 0.111202 0.0953098 0.0567542 0.0510964 0.047528 0.0359353 0.00932315 0.0082293 0.0040768
threshold=1.0251297962421713 0.41740167894276298 1.5250038764108174 1.0713144315502729 0.68950426355828942 1.4707998212018869 1.8241747750938753 -0.66829360885370914 -0.38539341948659195 0.4225645213629437 -0.54854875360847022 -0.17366271618633558 0.028725246468893208 0.78436192834559193 0.72076691429350215 0.2539812492510975 -0.17869945869871443
decision_type=2 2 2 2 2 2 2 2 2 2 2 2 2 2 2 2 2
left_child=2 8 3 6 13 10 7 -1 12 -10 -4 -11 -2 -5 -14 -12 -7
right_child=1 -3 5 4 -6 16 -8 -9 9 11 15 -13 14 -15 -16 -17 -18
leaf_value=0.00047337937596098826 0.0032532270498897716 0.0063097089645655262 0.00082493815149523703 -0.0019371514162143087 0.0013226266434416174 0.0023743673068647446 0.0020675839409232139 -0.00037604264774489151 -0.0013385912619288201 0.0017986100324558028 -0.0011386054561659694 -1.0678172227926546e-05 0.0016312805929894936 -0.00080789960529561479 0.00051166277980575195 -9.6627292041059408e-05 0.0010112863632485917
leaf_weight=222 20 20 35 108 27 34 21 966 20 26 22 21 44 56 23 20 20
leaf_count=222 20 20 35 108 27 34 21 966 20 26 22 21 44 56 23 20 20
internal_value=1.20281e-05 0.00190416 -0.000204363 -0.000305249 -0.00114954 0.000834114 -0.000166875 -0.000214001 0.00120327 0.00021594 0 0.000978068 0.00189775 -0.00159096 0.00132819 -0.000748613 0.00200195
internal_weight=1705 174 1531 1400 191 131 1209 1188 154 67 77 47 87 164 67 42 54
internal_count=1705 174 1531 1400 191 131 1209 1188 154 67 77 47 87 164 67 42 54
is_linear=0
shrinkage=0.03


Tree=25
num_leaves=18
num_cat=0
split_feature=25 28 21 19 11 17 23 23 29 13 25 9 24 21 17 27 16
split_gain=0.742624 0.552864 0.168273 0.145657 0.126686 0.201529 0.142286 0.119175 0.0936587 0.0878455 0.11513 0.0556209 0.0529716 0.0511027 0.0386029 0.0155039 0.00756569
threshold=1.0251297962421713 1.0000000180025095e-35 1.6573802701061393 1.4050320049823581 1.0000000180025095e-35 -0.21692019478761351 0.42384063224212293 -0.99758311192030802 -0.013789861867104096 -0.032935404152432159 3.4210269995793459 -0.55956602772841058 0.21524502528046602 -0.74745754869220971 0.13389734054737526 -0.24549944606661186 0.99422407348374386
decision_type=2 2 2 2 2 2 2 2 2 2 2 2 2 2 2 2 2
left_child=2 9 4 15 7 11 -7 13 -9 10 12 -6 -2 -1 -11 -4 -16
right_child=1 -3 3 -5 5 6 -8 8 -10 14 -12 -13 -14 -15 16 -17 -18
leaf_value=0.00020318945979791656 -0.0014758924846028094 0.0058472848948505195 -0.00069055232488446773 0.0021160886051023705 -0.00026329934780762806 -0.00062938025161282272 0.00049896576117049445 -7.1363955004062512e-05 -0.0012751314203111597 0.0030140100260791572 0.0021194726399237124 -0.0017599931357455624 0.0002892632581688782 0.0014894043719641079 0.0015031768445277938 0.0003280034936843035 0.00039411784526284624
leaf_weight=69 21 24 24 48 34 305 144 637 62 20 20 134 35 54 34 20 20
leaf_count=69 21 24 24 48 34 305 144 637 62 20 20 134 35 54 34 20 20
internal_value=1.26617e-05 0.00185424 -0.000197897 0.00101915 -0.000279746 -0.00060381 -0.000259958 -3.15525e-05 -0.000187402 0.00109361 0.000307829 -0.00148457 -0.00036321 0.000813696 0.00181824 -0.000172358 0.00118741
internal_weight=1705 174 1531 92 1439 617 449 822 699 150 76 168 56 123 74 44 54
internal_count=1705 174 1531 92 1439 617 449 822 699 150 76 168 56 123 74 44 54
is_linear=0
shrinkage=0.03


Tree=26
num_leaves=18
num_cat=0
split_feature=25 24 33 33 19 33 24 22 22 22 25 23 13 25 33 23 12
split_gain=0.704357 0.524303 0.167614 0.219348 0.254919 0.32474 0.140766 0.120558 0.0712361 0.0690266 0.0680277 0.0780281 0.063995 0.0567488 0.0392952 0.0329707 0.0325076
threshold=1.0251297962421713 -0.92656880781834972 0.083711152325494684 -0.32462505064820479 1.4485398682010682 -0.35371766000921862 -1.541391641025404 1.0713144315502729 -0.3177389930639028 -1.1962100842199679 3.110996723870016 0.57664368473958438 -1.093351492616897 0.089882372968000973 -0.24423624974116695 -0.99047599319949586 -0.33696325993538812
decision_type=2 2 2 2 2 2 2 2 2 2 2 2 2 2 2 2 2
left_child=2 -2 3 4 5 -1 14 -8 9 -4 11 16 -10 -6 -5 -14 -3
right_child=1 10 8 6 13 -7 7 -9 12 -11 -12 -13 15 -15 -16 -17 -18
leaf_value=-0.00012984869450500855 0.0051252714770180837 -0.00092632638804339374 -0.00088127199363791282 0.00012383008851059551 0.00041070835778373295 -0.0016407946607599931 0.0013704316750582364 -0.00014103926249569464 0 0.0013171653645695186 0.0020139979798067787 0.0012845046904700044 -0.00082125566584396765 0.0027511071050539612 -0.0013327578269791871 -0.0018548565268283711 0.00046913860134780415
leaf_weight=799 32 30 24 26 21 151 178 59 38 21 38 52 74 25 30 85 22
leaf_count=799 32 30 24 26 21 151 178 59 38 21 38 52 74 25 30 85 22
internal_value=1.30532e-05 0.00180659 -0.000191963 -5.26465e-05 -0.0002672 -0.000377567 0.000661871 0.000984599 -0.000912048 0.000100367 0.000947458 0.000484182 -0.00115635 0.00183445 -0.000633728 -0.00141644 -0.000288006
internal_weight=1705 174 1531 1289 996 950 293 237 242 45 142 104 197 46 56 159 52
internal_count=1705 174 1531 1289 996 950 293 237 242 45 142 104 197 46 56 159 52
is_linear=0
shrinkage=0.03


Tree=27
num_leaves=18
num_cat=0
split_feature=25 24 33 20 32 21 25 22 24 17 21 10 29 9 23 29 9
split_gain=0.666301 0.501017 0.158273 0.212571 0.143112 0.120341 0.110851 0.09096 0.0887223 0.0770262 0.0724616 0.0697063 0.0477818 0.047744 0.0254893 0.0111365 0.00180545
threshold=1.0251297962421713 -1.014400641133643 0.083711152325494684 0.082937206399828656 -0.14729128446844017 -0.6371438872794416 -1.4113841089422126 -0.38539341948659195 -0.29292486747230356 1.5138104389480114 1.8338821283665687 -0.78033088197433242 -0.17366271618633558 -0.2248284433948731 -1.0046902306411201 -0.0428496915485451 0.86158309191725413
decision_type=2 2 2 2 2 2 2 2 2 2 2 2 2 2 2 2 2
left_child=2 -2 3 4 5 -1 -5 13 -9 11 -8 15 -10 -3 -13 -4 -15
right_child=1 7 9 6 -6 -7 10 8 12 -11 -12 14 -14 16 -16 -17 -18
leaf_value=-0.0012051684200742696 0.005832749411463738 0.0030367390968553398 0.00025026538797990521 -0.0010930205235636092 0.0015513849028308564 -0.00021673201385346492 0.00057486261707613312 -0.00126812150020487 0.0017585683863643288 0.00073046047880273796 0.0022144747605097703 -0.00026137783659550433 -1.0413562704343279e-06 0.0013408586835317617 -0.0015607479472185815 -0.00047987165884502854 0.00046768779736822066
leaf_weight=130 21 20 24 29 33 771 300 21 25 20 26 23 21 46 133 42 20
leaf_count=130 21 20 24 29 33 771 300 21 25 20 26 23 21 46 133 42 20
internal_value=1.3006e-05 0.00175746 -0.000186347 -5.08991e-05 -0.000290489 -0.000366192 0.00056823 0.00107746 0.000182572 -0.000886098 0.000733748 -0.00105286 0.000943162 0.00171128 -0.00139659 -0.000171552 0.00115158
internal_weight=1705 174 1531 1289 934 901 355 153 67 242 326 222 46 86 156 66 66
internal_count=1705 174 1531 1289 934 901 355 153 67 242 326 222 46 86 156 66 66
is_linear=0
shrinkage=0.03


Tree=28
num_leaves=19
num_cat=0
split_feature=25 34 33 20 11 11 22 22 19 21 10 17 27 10 16 33 15 17
split_gain=0.631979 0.468497 0.152237 0.195546 0.173443 0.135459 0.132046 0.122036 0.0863359 0.0754508 0.0733499 0.0729742 0.0673603 0.0657024 0.0389777 0.0237365 0.0108305 0.00383964
threshold=1.0730546837560024 -0.10448081749880471 0.083711152325494684 0.15453593395444984 -0.35823093179163989 0.46125795732675828 -0.32263623036527628 -0.38539341948659195 1.597276069410553 -0.96808487151774647 -1.1840840934163992 1.5138104389480114 -0.24541943109977543 -0.78033088197433242 0.70798514602648099 1.3918098297069947 0.44918871875133215 0.33914928658319149
decision_type=2 2 2 2 2 2 2 2 2 2 2 2 2 2 2 2 2 2
left_child=2 7 3 4 9 12 -6 14 -7 -1 -9 13 -5 16 17 -15 -4 -2
right_child=1 -3 11 5 6 8 -8 10 -10 -11 -12 -13 -14 15 -16 -17 -18 -19
leaf_value=-0.00099243598116712786 0.0030503134724238642 0.0054343210673994486 -0.00043901367382115532 0.00030013508659161559 -0.00028601743845724838 -0.00058525999852051007 -0.0012920503420343554 0.00085016027977690095 0.0013709026455134153 0.00042298522835123057 -0.0011623069773029004 0.00071140494351477727 0.0015015917930854704 -0.00094339771456593128 0.00069212614739742342 -0.0018929116523691584 0.00030865470597358499 0.0014773968184366821
leaf_weight=34 20 24 46 76 467 98 161 36 22 319 25 20 124 96 30 60 20 27
leaf_count=34 20 24 46 76 467 98 161 36 22 319 25 20 124 96 30 60 20 27
internal_value=1.32835e-05 0.00177974 -0.000173331 -4.16175e-05 -0.000253906 0.000596205 -0.000553605 0.00102079 -0.00017755 0.000271014 0 -0.00086 0.001071 -0.0010225 0.00179149 -0.00135629 -0.0001654 0.00234958
internal_weight=1705 162 1543 1301 981 320 628 138 120 353 61 242 200 222 77 156 66 47
internal_count=1705 162 1543 1301 981 320 628 138 120 353 61 242 200 222 77 156 66 47
is_linear=0
shrinkage=0.03


Tree=29
num_leaves=17
num_cat=0
split_feature=25 34 24 22 15 27 32 19 22 17 25 9 20 27 14 20
split_gain=0.600004 0.45406 0.141229 0.17547 0.167805 0.126316 0.124296 0.12171 0.114633 0.0641169 0.0622815 0.0404794 0.0399261 0.0202153 0.00628825 0.0043058
threshold=1.0251297962421713 -0.10448081749880471 1.3696062631386094 1.0713144315502729 0.68950426355828942 1.8241747750938753 0.4178446735209837 1.4707998212018869 -0.38539341948659195 -0.97167201595059483 0.42922777416522345 0.16391944388550869 0.78436192834559193 -0.2455381616640194 0.87543226267806495 1.6041064799505422
decision_type=2 2 2 2 2 2 2 2 2 2 2 2 2 2 2 2
left_child=2 8 3 5 12 6 -1 10 11 -10 13 15 -5 -4 -9 -2
right_child=1 -3 7 4 -6 -7 -8 14 9 -11 -12 -13 -14 -15 -16 -17
leaf_value=-9.3641801545589525e-05 0.0013280492700312447 0.0052894056522183952 -0.0011633495452115312 -0.0018854989141314836 0.0011167948343977331 0.0020078844968229527 -0.0012775296703350311 0.0021478565616222718 0.00087206643683991072 -0.00095864820190102095 0.001347265750615169 0.00087178621478145926 -0.00071317733086692951 -1.898913694079965e-05 0.00089685667264792653 0.0030299221873283386
leaf_weight=1104 20 24 21 99 22 21 84 33 33 30 20 47 56 47 24 20
leaf_count=1104 20 24 21 99 22 21 84 33 33 30 20 47 56 47 24 20
internal_value=1.34397e-05 0.0016689 -0.000175646 -0.000270767 -0.0011471 -0.000137473 -0.000182877 0.000700373 0.000977658 0 0 0.0016647 -0.00150252 -0.000448871 0.0017423 0.00240078
internal_weight=1705 174 1531 1386 177 1209 1188 145 150 63 88 87 155 68 57 40
internal_count=1705 174 1531 1386 177 1209 1188 145 150 63 88 87 155 68 57 40
is_linear=0
shrinkage=0.03


Tree=30
num_leaves=19
num_cat=0
split_feature=31 20 20 22 24 33 33 33 24 23 19 19 11 19 19 24 19 27
split_gain=0.313883 0.341932 0.172275 0.190662 0.176145 0.122688 0.11773 0.186675 0.121806 0.107527 0.0810979 0.0766275 0.0418435 0.0393637 0.0316345 0.0284793 0.017047 0.00360885
threshold=-0.0036716900634278303 0.22128051601104251 0.44699843730554506 -0.32263623036527628 1.2315848107860055 0.14604876852144386 -0.32033842743080482 -0.35371766000921906 -1.541391641025404 -0.63512005715888808 0.072478331400980589 0.13217475500872977 -0.96612185053627253 -0.069175232731937472 0.09473827630731961 0.20269762052113835 -1.0668200201338831 -0.24515180673218859
decision_type=2 2 2 2 2 2 2 2 2 2 2 2 2 2 2 2 2 2
left_child=2 12 5 9 11 6 7 -1 -8 10 -4 -5 -2 -11 -14 16 -7 -6
right_child=1 -3 3 4 17 15 8 -9 -10 13 -12 -13 14 -15 -16 -17 -18 -19
leaf_value=-9.5669817068989841e-05 0.0015817374969103737 0.0048321505619678649 0.0034213031368149861 0.00014860922440420836 0.0020594584732477007 -0.00069783082256326444 -0.00079576149400561406 -0.0012085895076244405 0.00094024262162476641 -0.00038727353918065709 0.0011108918159506689 -0.00090820611214399792 0.00083202086360720197 0.0011446173105311268 -0.00066946423498822174 -1.5836455711826631e-05 -0.0018222035008283064 0.0008041349368329816
leaf_weight=749 20 21 28 132 26 37 44 165 144 28 43 106 20 24 25 20 53 20
leaf_count=749 20 21 28 132 26 37 44 165 144 28 43 106 20 24 25 20 53 20
internal_value=1.38162e-05 0.00174992 -7.96208e-05 0.000449629 7.96926e-06 -0.000260488 -0.000160337 -0.000303148 0.00051212 0.00142112 0.00216434 -0.000315071 0.000540757 0.000289076 0 -0.00120638 -0.00142964 0.00165754
internal_weight=1705 86 1619 407 284 1212 1102 914 188 123 71 238 65 52 45 110 90 46
internal_count=1705 86 1619 407 284 1212 1102 914 188 123 71 238 65 52 45 110 90 46
is_linear=0
shrinkage=0.03


Tree=31
num_leaves=22
num_cat=0
split_feature=25 34 13 17 23 27 22 22 15 33 20 19 19 22 17 9 17 22 13 23 16
split_gain=0.547092 0.410341 0.140915 0.18835 0.147715 0.158702 0.100034 0.0991867 0.0783751 0.0651542 0.0707273 0.0633254 0.0604067 0.0543117 0.0387248 0.0384 0.0291062 0.0165902 0.00888461 0.00777334 0.000390956
threshold=1.0251297962421713 -0.10044325442229025 -0.53918850100622795 -0.35000184221653557 0.42384063224212293 -0.24503604842065804 -0.33870124161846232 -0.38539341948659195 0.72693846960225306 0.083711152325494684 -0.083317292531942741 0.4225645213629437 -1.0496186621516046 -0.8405773754296838 -1.43977600969904 0.1255305902804347 -1.0514529802697685 0.21269140268443301 -1.2062298911269822 0.19285927381572787 1.1858731659538153
decision_type=2 2 2 2 2 2 2 2 2 2 2 2 2 2 2 2 2 2 2 2 2
left_child=2 7 9 6 5 -5 19 15 -6 10 13 -9 -8 -1 -12 -2 -13 -11 -19 -4 -17
right_child=1 -3 3 4 8 -7 12 11 -10 17 14 16 -14 -15 -16 20 -18 18 -20 -21 -22
leaf_value=0.00088199559814442603 0.0023431414681055196 0.0051162672747786233 0.00011739902533590792 -0.00086514316960455552 0.00012942190552283394 4.2685605168103931e-05 -0.00025624886967707427 -0.001246258411070575 0.0013353293204092463 8.948121573776006e-05 0 0.0013509965207284457 -0.0020278688351903114 -0.00017874467198446931 0.0015441752723539127 0.0010535304322897899 -2.1162968926546447e-05 -5.2267768178808174e-05 -0.0010406367017496976 -0.00045669619243761357 0.00032689095259158182
leaf_weight=64 38 23 27 334 248 344 27 20 60 32 21 23 97 113 74 29 21 21 28 41 20
leaf_count=64 38 23 27 334 248 344 27 20 60 32 21 23 97 113 74 29 21 21 28 41 20
internal_value=1.39431e-05 0.00159479 -0.000166534 -0.000325299 -0.000152812 -0.00040197 -0.00117973 0.000949703 0.0003846 0.000353133 0.000578537 0 -0.0016809 0.000196441 0.00123202 0.00159223 0.000672723 -0.000361694 -0.000702195 -0.000191164 0.000850605
internal_weight=1705 174 1531 1178 986 678 192 151 308 353 272 64 124 177 95 87 44 81 49 68 49
internal_count=1705 174 1531 1178 986 678 192 151 308 353 272 64 124 177 95 87 44 81 49 68 49
is_linear=0
shrinkage=0.03


Tree=32
num_leaves=18
num_cat=0
split_feature=25 24 33 33 19 33 24 22 17 10 25 23 25 33 12 23 29
split_gain=0.518087 0.395992 0.126877 0.180907 0.207274 0.277558 0.116916 0.115605 0.0621493 0.0591234 0.0578434 0.0626331 0.048724 0.0345989 0.0249127 0.0218281 0.00948327
threshold=1.0251297962421713 -0.92656880781834972 0.083711152325494684 -0.32462505064820479 1.4485398682010682 -0.35371766000921862 -1.541391641025404 1.0713144315502729 1.5138104389480114 -0.78033088197433242 3.110996723870016 0.57664368473958438 0.089882372968000973 -0.24423624974116695 -0.33696325993538812 -1.0046902306411201 -0.0428496915485451
decision_type=2 2 2 2 2 2 2 2 2 2 2 2 2 2 2 2 2
left_child=2 -2 3 4 5 -1 13 -8 9 16 11 14 -6 -5 -3 -11 -4
right_child=1 10 8 6 12 -7 7 -9 -10 15 -12 -13 -14 -15 -16 -17 -18
leaf_value=-0.0001056493365737568 0.0044384383495331605 -0.0008665609021925114 0.0002610545964109608 0.00013526342208657798 0.00033736696973210199 -0.0015026427920300713 0.0012818438595460563 -0.00019754877048093947 0.00065627235222769813 -0.00020255278502232752 0.0017831834155836188 0.0010978672353593123 0.0025071356152184306 -0.0012275728321718899 0.00034200037817470733 -0.0014060169350653749 -0.00041589183688144359
leaf_weight=799 32 30 24 26 21 151 178 59 20 23 38 52 25 30 22 133 42
leaf_count=799 32 30 24 26 21 151 178 59 20 23 38 52 25 30 22 133 42
internal_value=1.40938e-05 0.0015525 -0.000161486 -3.99866e-05 -0.000235076 -0.000334877 0.000608711 0.00090319 -0.000787988 -0.00093845 0.000803081 0.000376974 0.00165911 -0.000569276 -0.000309936 -0.00125462 -0.000125604
internal_weight=1705 174 1531 1289 996 950 293 237 242 222 142 104 46 56 52 156 66
internal_count=1705 174 1531 1289 996 950 293 237 242 222 142 104 46 56 52 156 66
is_linear=0
shrinkage=0.03


Tree=33
num_leaves=20
num_cat=0
split_feature=23 24 24 34 15 28 20 13 23 15 23 24 11 20 28 11 10 14 20
split_gain=0.280641 0.521917 0.415555 0.207065 0.171623 0.172307 0.135671 0.127857 0.111865 0.0916315 0.0908213 0.0451457 0.0363289 0.0324803 0.0392092 0.0310265 0.0114108 0.00338524 0.00161854
threshold=-0.99047599319949586 -0.27410376033331213 -1.2653487363201961 0.26341854603011455 0.73633434078278437 -0.10568676018949695 -0.14884842513364713 -0.71772618251337439 0.054270458759890852 1.9650172868295854 0.42384063224212293 -1.4912020219880937 1.0207989403285522 1.5319009703288327 -0.052903973823647678 -0.88328851797810526 0.88212233990330835 -0.41499179621024745 0.30016051915235015
decision_type=2 2 2 2 2 2 2 2 2 2 2 2 2 2 2 2 2 2 2
left_child=2 8 6 13 5 10 17 -7 15 11 -3 -8 18 14 -4 -2 -17 -1 -6
right_child=1 4 3 -5 12 7 9 -9 -10 -11 -12 -13 -14 -15 -16 16 -18 -19 -20
leaf_value=-0.0003832315910840407 -0.0001316627753979486 2.8866775253594947e-05 0.00039769064885877012 0.0045387643454596399 0.00078794160077814003 0.00037764530747805107 3.1457111667430789e-05 -0.00047989505303752564 -0.0036570465089828374 -0.00086743039801353357 0.001463128892976134 0.0010968821257857678 0.00022584976492833129 0.0022191101702291665 0.0016770931310627769 -0.0018898300537839535 -0.00066026501415297387 -0.0012311525262403682 0.0018838151700173815
leaf_weight=21 20 84 61 21 20 197 65 676 28 38 81 98 31 35 43 64 22 58 42
leaf_count=21 20 84 61 21 20 197 65 676 28 38 81 98 31 35 43 64 22 58 42
internal_value=1.40881e-05 -0.000211241 0.000665726 0.00187028 0 -0.00011134 -2.45171e-05 -0.000282328 -0.00196001 0.000379213 0.00076437 0.000698338 0.0012143 0.00135862 0.000986902 -0.0013959 -0.00164186 -0.00106461 0.00162914
internal_weight=1705 1265 440 160 1131 1038 280 873 134 201 165 163 93 139 104 106 86 79 62
internal_count=1705 1265 440 160 1131 1038 280 873 134 201 165 163 93 139 104 106 86 79 62
is_linear=0
shrinkage=0.03


Tree=34
num_leaves=20
num_cat=0
split_feature=25 28 33 20 11 11 23 24 25 25 21 28 14 10 12 23 10 29 20
split_gain=0.46875 0.357425 0.118926 0.165051 0.141885 0.102074 0.0784047 0.077135 0.0650484 0.0610488 0.057117 0.0490615 0.0421289 0.0399154 0.0265246 0.01857 0.0082001 0.00534099 0.00388651
threshold=1.0486567228190673 1.0000000180025095e-35 0.083711152325494684 0.082937206399828656 -0.35823093179163989 0.49660317747379662 0.19285927381572787 -0.27410376033331213 -0.18758414436700813 1.7802705652798896 -1.7402805014071243 -0.10567250003553759 0.075412931511049566 -0.78033088197433242 0.82480867903988753 -0.99047599319949586 -0.38258420505330809 -0.0428496915485451 -0.39216269507798157
decision_type=2 2 2 2 2 2 2 2 2 2 2 2 2 2 2 2 2 2 2
left_child=2 9 3 4 6 11 -1 -6 -7 12 -4 -5 18 17 16 -15 -11 -12 -2
right_child=1 -3 10 5 7 8 -8 -9 -10 14 13 -13 -14 15 -16 -17 -18 -19 -20
leaf_value=0.00064653069977018167 0.0011770307484269143 0.0047108225789335035 0.00043385190479457381 0.0002980279674226997 -0.0013691840441220676 -0.00066879704099015468 -0.00025230585248134423 -0.00037219505022465643 0.00069640872216954512 0.0009712406917191718 8.0217481826168842e-05 0.0012556171330502725 -0.00050052963340810189 -0.00065403252213484418 0.00043931340929255106 -0.0015003088322700932 0.0025212723793318638 -0.00040678197689121592 0.00029168370441318706
leaf_weight=189 22 24 27 92 83 81 152 516 46 20 20 136 33 64 23 89 23 42 23
leaf_count=189 22 24 27 92 83 81 152 516 46 20 20 136 33 64 23 89 23 42 23
internal_value=1.41096e-05 0.00150583 -0.000149609 -3.24376e-05 -0.000242728 0.000513376 0.000238449 -0.00052146 -0.000146576 0.000866015 -0.000756299 0.000891097 0.00023445 -0.000923435 0.00152629 -0.00118493 0.0019759 -0.00020708 0.000833532
internal_weight=1705 168 1537 1295 940 355 341 599 127 144 242 228 78 215 66 153 43 62 45
internal_count=1705 168 1537 1295 940 355 341 599 127 144 242 228 78 215 66 153 43 62 45
is_linear=0
shrinkage=0.03


Tree=35
num_leaves=18
num_cat=0
split_feature=25 24 13 17 24 25 22 22 27 32 24 29 25 23 12 10 23
split_gain=0.445076 0.345027 0.121021 0.168997 0.138031 0.0956057 0.0928788 0.0887969 0.05672 0.0538203 0.0678215 0.0997505 0.0502393 0.0546272 0.0223469 0.0123894 0.00723735
threshold=1.0251297962421713 -0.92656880781834972 -0.53918850100622795 -0.35000184221653557 0.91789969180281406 0.4218692440080743 1.1765402552586399 -0.33870124161846232 -0.24555443567113314 0.16080601932082458 -1.541391641025404 -0.17892862730734474 3.110996723870016 0.57664368473958438 -0.33696325993538812 -1.4506611445610662 0.19285927381572787
decision_type=2 2 2 2 2 2 2 2 2 2 2 2 2 2 2 2 2
left_child=2 -2 9 7 6 -6 -5 16 -9 10 -1 -12 13 14 -3 -11 -4
right_child=1 12 3 4 5 -7 -8 8 -10 15 11 -13 -14 -15 -16 -17 -18
leaf_value=-0.00080612170693930237 0.0041349486254421731 -0.00082640837568959049 0.00012505869716405868 -0.00022225806077583586 8.6743848952096413e-05 0.0015512801455416982 -0.0016574087867682629 -0.0027787328304257242 -0.0011058136869028111 8.5447136682040669e-06 0.0002280661080045412 0.0014949834370106625 0.0016533708418038013 0.00101496918881312 0.00031442114089848478 -0.00071952928396125946 -0.00042974800465162845
leaf_weight=27 32 30 27 760 125 60 41 29 95 26 174 86 38 52 22 40 41
leaf_count=27 32 30 27 760 125 60 41 29 95 26 174 86 38 52 22 40 41
internal_value=1.42553e-05 0.00144025 -0.000148354 -0.000295615 -0.000132128 0.000594861 -0.000305359 -0.00110485 -0.00157708 0.000332993 0.000514612 0.000670803 0.000739314 0.000340302 -0.000298381 -0.000401333 -0.000171227
internal_weight=1705 174 1531 1178 986 185 801 192 124 353 287 260 142 104 52 66 68
internal_count=1705 174 1531 1178 986 185 801 192 124 353 287 260 142 104 52 66 68
is_linear=0
shrinkage=0.03


Tree=36
num_leaves=18
num_cat=0
split_feature=25 28 21 27 23 24 25 25 28 25 22 24 19 24 17 17 16
split_gain=0.421454 0.325739 0.108913 0.0990777 0.0936174 0.382922 0.173053 0.172068 0.120619 0.103584 0.0856239 0.0560084 0.0373635 0.0341932 0.0328779 0.0282086 0.00729778
threshold=1.0486567228190673 1.0000000180025095e-35 1.6573802701061393 -0.24550955353244899 -0.99047599319949586 -0.27410376033331213 0.58806894928209752 -0.46373687751088905 0.15904702874809887 0.7569626010528453 -0.38539341948659195 -0.29292486747230356 1.4050320049823581 -1.4410124029507829 0.028725246468893208 -1.0832272227454023 0.90780802335818156
decision_type=2 2 2 2 2 2 2 2 2 2 2 2 2 2 2 2 2
left_child=2 10 4 -4 7 9 -7 8 -1 -6 14 -12 -5 -9 -2 -13 -16
right_child=1 -3 3 12 5 6 -8 13 -10 -11 11 15 -14 -15 16 -17 -18
leaf_value=-0.0005313098847294376 0.0025445577659360739 0.0044888018916050595 -0.00067908323018087287 0.00020098022672580555 -0.0014248464976398998 -0.00033124531421659364 0.00073949909510944659 0.00032007105844336967 0.0016199606230052617 -0.0039351727711441726 -0.0011877458942472002 0.0012924390341341493 0.0018947973225375027 0.0014235999260081686 0.0011923050221034086 -8.7869867763441529e-05 0.00022925291131105041
leaf_weight=207 20 24 24 22 91 811 159 50 23 20 21 22 46 84 40 20 21
leaf_count=207 20 24 24 22 91 811 159 50 23 20 21 22 46 84 40 20 21
internal_value=1.39892e-05 0.00142852 -0.000141159 0.000837203 -0.000207126 -0.000348044 -0.000150909 0.000202618 -0.000285219 -0.00199513 0.000816871 0 0.0014207 0.00104976 0.001444 0.000606444 0.000933925
internal_weight=1705 168 1537 92 1445 1081 970 364 230 111 144 63 68 134 81 42 61
internal_count=1705 168 1537 92 1445 1081 970 364 230 111 144 63 68 134 81 42 61
is_linear=0
shrinkage=0.03


Tree=37
num_leaves=17
num_cat=0
split_feature=25 25 31 22 21 24 25 23 25 24 30 28 25 20 25 9
split_gain=0.401661 0.163772 0.234386 0.198395 0.349687 0.135734 0.13384 0.120786 0.152388 0.148547 0.139081 0.114171 0.0341288 0.028868 0.0170114 0.0100649
threshold=1.7802705652798896 0.42922777416522345 -0.010639126531590435 -0.33870124161846232 -0.61508115499688787 -0.92656880781834972 0.58806894928209752 -0.99047599319949586 -0.46373687751088905 0.19015021576181071 -0.22082375592676765 0.15904702874809887 0.5213632063803203 0.86142146757250448 3.2491387547035155 -0.80593325391478665
decision_type=2 2 2 2 2 2 2 2 2 2 2 2 2 2 2 2
left_child=1 7 3 6 -5 -2 -3 8 11 15 -11 -1 -4 -10 -7 -9
right_child=5 2 12 4 -6 14 -8 9 13 10 -12 -13 -14 -15 -16 -17
leaf_value=-0.00051559829704929134 0.0040644163837423551 -0.00043327946173753044 0.00091637255519550907 -0.0038851292903224624 -6.4006384012109339e-05 0.00027669770510580676 0.0011675343500781464 -0.00039097658463288103 0.0012909603420984857 -0.00048280927473586693 0.00057158771398393027 0.00157696934732107 0.0023751860276928971 0.00023179786693325023 0.0015706361693252498 -0.001368626560130144
leaf_weight=207 21 65 42 24 116 23 139 23 90 527 138 23 46 43 33 145
leaf_count=207 21 65 42 24 116 23 139 23 90 527 138 23 46 43 33 145
internal_value=1.4137e-05 -8.5921e-05 0.00041019 4.26848e-05 -0.000807799 0.00209104 0.000644091 -0.000268198 0.000181551 -0.000467724 -0.000257927 -0.000275856 0.00176506 0.00098325 0.00113114 -0.00126153
internal_weight=1705 1628 432 344 140 77 204 1196 363 833 665 230 88 133 56 168
internal_count=1705 1628 432 344 140 77 204 1196 363 833 665 230 88 133 56 168
is_linear=0
shrinkage=0.03


Tree=38
num_leaves=17
num_cat=0
split_feature=21 28 21 27 33 32 24 24 15 10 14 10 22 27 7 31
split_gain=0.277246 0.414209 0.13131 0.129688 0.0986801 0.14119 0.0870862 0.0592213 0.0376991 0.0370837 0.033515 0.0575626 0.0332993 0.026302 0.0176659 0.00200971
threshold=-1.4203708833100965 0.11416621096403741 1.8338821283665687 -0.23060527187516092 0.083711152325494684 -0.20638285456373748 -0.26155635557398443 -1.2402539268015407 2.7701946597519251 -1.0443251584746041 1.0749583309427189 0.24396582516910376 0.21269140268443301 -0.24536792779821368 0.76247731397065988 -0.078538062934177352
decision_type=2 2 2 2 2 2 2 2 2 2 2 2 2 2 2 2
left_child=1 3 4 10 5 6 -2 -7 14 15 11 -1 -11 -4 -5 -6
right_child=2 -3 13 8 9 7 -8 -9 -10 12 -12 -13 -14 -15 -16 -17
leaf_value=0.0026938797074059643 -0.00067940063723115969 0.0045247465968132018 0.00032825998508411906 -0.00051483421488332428 -0.00027850554567151542 -0.00011832818390963517 -3.4279979527044553e-05 0.0016260821733434321 -0.0013890941827744243 -0.00033342073850062845 0.00020081834848970174 0.00077295501266965978 -0.0014641632100751321 0.0020419601257225229 0.00053159453868865958 3.5641988273709955e-06
leaf_weight=24 235 24 20 25 26 20 961 56 22 46 32 52 83 25 27 27
leaf_count=24 235 24 20 25 26 20 961 56 22 46 32 52 83 25 27 27
internal_value=1.41819e-05 0.00103947 -0.000126516 0.000497735 -0.000178965 -8.19811e-05 -0.000164923 0.00114199 -0.000431102 -0.000828245 0.00115564 0.0014968 -0.00110042 0.00141093 0 -8.87453e-05
internal_weight=1705 206 1499 182 1454 1272 1196 76 74 182 108 76 129 45 52 53
internal_count=1705 206 1499 182 1454 1272 1196 76 74 182 108 76 129 45 52 53
is_linear=0
shrinkage=0.03


Tree=39
num_leaves=15
num_cat=0
split_feature=25 25 31 22 21 25 24 19 21 25 25 25 25 9
split_gain=0.364931 0.151078 0.219128 0.184989 0.328386 0.125575 0.122211 0.102216 0.119827 0.1536 0.0725208 0.0306469 0.0159362 0.00288178
threshold=1.7802705652798896 0.42922777416522345 -0.010639126531590435 -0.33870124161846232 -0.61508115499688787 0.65126786170563522 -0.92656880781834972 1.597276069410553 0.41083589614185739 -0.5321697520866645 -0.14279626049495367 0.5213632063803203 3.2491387547035155 -0.26386545231099573
decision_type=2 2 2 2 2 2 2 2 2 2 2 2 2 2
left_child=1 7 3 5 -5 -3 -2 8 9 -1 -10 13 -8 -4
right_child=6 2 11 4 -6 -7 12 -9 10 -11 -12 -13 -14 -15
leaf_value=-0.00039933603575023662 0.0038697553334786786 -0.00022776248612023085 0.00034223001067992305 -0.0037634084797723011 -5.9744839251291844e-05 0.0012420366627973367 0.00025085729593411088 0.0014297181687978726 -0.0013000654888858075 0.00047838587321852435 -0.00041278714476024287 0.0022881730734845814 0.0015031982644771536 0.0012394474223256112
leaf_weight=492 21 85 22 24 116 119 23 28 133 277 266 46 33 20
leaf_count=492 21 85 22 24 116 119 23 28 133 277 266 46 33 20
internal_value=1.41734e-05 -8.1118e-05 0.000395281 3.96649e-05 -0.00078127 0.000620702 0.00199389 -0.000256256 -0.000302794 -7.86571e-05 -0.000723504 0.00170531 0.0010786 0.00089029
internal_weight=1705 1628 432 344 140 204 77 1196 1168 769 399 88 56 42
internal_count=1705 1628 432 344 140 204 77 1196 1168 769 399 88 56 42
is_linear=0
shrinkage=0.03


Tree=40
num_leaves=20
num_cat=0
split_feature=21 28 23 23 24 11 27 32 31 22 20 27 27 15 8 24 7 28 4
split_gain=0.250075 0.383019 0.149106 0.231364 0.230059 0.119357 0.119103 0.118339 0.0967578 0.140348 0.0639564 0.0602474 0.0503469 0.0347615 0.0216198 0.024429 0.016543 0.0146541 0.0056236
threshold=-1.4203708833100965 0.11416621096403741 0.31368029206953446 0.054270458759890852 -0.22391414129600157 0.35146228759166093 -0.23060527187516092 0.09163153864538108 -0.0077258002241573911 1.7729408423789308 -0.34726170799579842 -0.24556234695267423 -0.24439173351725993 2.7701946597519251 0.45905707355405434 -0.86383178402171146 0.76247731397065988 -0.10500113196595108 0.098665222469946232
decision_type=2 2 2 2 2 2 2 2 2 2 2 2 2 2 2 2 2 2 2
left_child=1 6 3 5 -5 7 14 -2 9 12 -11 -6 -4 16 15 -1 -8 -7 -16
right_child=2 -3 8 4 11 17 13 -9 -10 10 -12 -13 -14 -15 18 -17 -18 -19 -20
leaf_value=0.0021074766724041719 0.00028238521433726475 0.0043395406727989513 0.00055532248404460119 -0.0041824569260782516 -0.0013517140936531614 -0.0010776417166433439 -0.00050633460072900299 -0.00079757663291702796 0.0016550192401885205 0 -0.0013923303632946045 -7.5780049544846398e-05 -0.00052018308852400097 -0.0013418796374648808 0.00078385470797773455 0.00063893850058700666 0.00050695822909474378 -0.00045398021042466011 0
leaf_weight=31 499 24 339 20 89 88 25 108 40 48 61 61 39 22 22 31 27 107 24
leaf_count=31 499 24 339 20 89 88 25 108 40 48 61 61 39 22 22 31 27 107 24
internal_value=1.4195e-05 0.000988015 -0.000119341 -0.000340698 -0.0013376 -0.000121462 0.000466635 8.23383e-05 0.000282889 0.000154623 -0.000770602 -0.000864102 0.000433261 -0.000422281 0.00109769 0.00148274 0 -0.000762643 0.000458468
internal_weight=1705 206 1499 972 170 802 182 607 527 487 109 150 378 74 108 62 52 195 46
internal_count=1705 206 1499 972 170 802 182 607 527 487 109 150 378 74 108 62 52 195 46
is_linear=0
shrinkage=0.03


Tree=41
num_leaves=22
num_cat=0
split_feature=23 22 23 22 31 19 19 11 23 31 22 20 20 10 27 28 17 11 27 13 19
split_gain=0.20485 0.366918 0.21017 0.2502 0.197114 0.188889 0.151478 0.122627 0.111713 0.0914861 0.132113 0.065748 0.0604844 0.0482278 0.0475649 0.0356242 0.0258699 0.0228085 0.0168213 0.00729377 0.00348229
threshold=-0.99047599319949586 -0.29838324563466073 0.31368029206953446 -0.32263623036527628 -0.010639432607487452 0.072478331400980589 0.78276943121880915 0.38728490263123455 0.19285927381572787 -0.0077258002241573911 1.7729408423789308 -0.34058733097579347 -0.34726170799579842 -0.91896411906815623 -0.24439173351725993 -0.041005316918199218 0.50283545567285926 1.3764997430688048 -0.24467182463675899 0.63756191268036866 0.91835160577537744
decision_type=2 2 2 2 2 2 2 2 2 2 2 2 2 2 2 2 2 2 2 2 2
left_child=1 5 3 6 13 17 8 11 -2 10 14 -3 -12 -5 -4 -13 -9 -1 -18 -7 -8
right_child=2 7 9 4 -6 19 20 16 -10 -11 12 15 -14 -15 -16 -17 18 -19 -20 -21 -22
leaf_value=0.0046853589005768298 -0.00014419968712344681 -0.00078205717410892244 0.00053880894687149278 0 -0.0038323717810984314 0.0010965751289891508 0.00069517796300351618 -0.0011283889185258391 -0.0013129169153418023 0.0016088326613196756 0 0.00043712274146110163 -0.001352518419660555 -0.0013279946359744262 -0.0005056922670586833 0.0013980829354709472 -0.00078376287394000784 0.0021123116249218581 0.00023176299888374551 0.00010268200778037958 0.0017946927177075009
leaf_weight=21 437 27 339 37 26 23 24 56 88 40 48 170 61 103 39 50 20 21 32 20 23
leaf_count=21 437 27 339 37 26 23 24 56 88 40 48 170 61 103 39 50 20 21 32 20 23
internal_value=1.36669e-05 0.000570623 -0.000178583 -0.000505933 -0.00152311 0.00230701 -0.000199116 0.00013064 -0.000352127 0.000274441 0.000149539 0.000505036 -0.000747852 -0.00100186 0.000420036 0.000684846 -0.000689097 0.00369209 -0.000125724 0.000736362 0.00136864
internal_weight=1705 440 1265 738 166 85 572 355 525 527 487 247 109 140 378 220 108 42 52 43 47
internal_count=1705 440 1265 738 166 85 572 355 525 527 487 247 109 140 378 220 108 42 52 43 47
is_linear=0
shrinkage=0.03


Tree=42
num_leaves=18
num_cat=0
split_feature=21 30 31 23 23 24 33 11 31 22 20 27 33 14 17 13 10
split_gain=0.226343 0.209181 0.165703 0.132994 0.207402 0.208617 0.118829 0.14205 0.086501 0.124357 0.0572042 0.0540484 0.0534968 0.0468125 0.113968 0.030415 0.0209898
threshold=-1.4203708833100965 2.5904565415848553 -0.014897239876519527 0.31368029206953446 0.054270458759890852 -0.22391414129600157 0.22306001837529746 0.0069806231840414974 -0.0077258002241573911 1.7729408423789308 -0.34726170799579842 -0.2455623467362375 -0.35371766001512256 1.0749583309427189 -0.17841044323816865 -0.12261883768164249 -1.0863098475210562
decision_type=2 2 2 2 2 2 2 2 2 2 2 2 2 2 2 2 2
left_child=1 2 15 4 6 -6 7 -2 9 12 -11 -7 -5 14 -4 -1 -8
right_child=3 -3 13 8 5 11 16 -9 -10 10 -12 -13 -14 -15 -16 -17 -18
leaf_value=0.00013840421576501933 0.00040739887217773851 0.0033799070754487598 0.0034790023630080014 0 -0.0039766607015677118 -0.0012379682546871126 -0.00014545755271011819 -0.00049002788966261927 0.0015639350148903336 0 -0.0013138448455429169 -5.6387495193309278e-06 0.00073157947473765283 0.00013982809702200546 0.00082273292467834828 -0.0010567664632006831 -0.0011029401076199561
leaf_weight=25 402 25 20 173 20 95 36 257 40 48 61 55 205 32 61 43 107
leaf_count=25 402 25 20 173 20 95 36 257 40 48 61 55 205 32 61 43 107
internal_value=1.3501e-05 0.000940035 0.00053712 -0.000113454 -0.000322583 -0.00126654 -0.000114791 5.22497e-05 0.000266246 0.000144615 -0.000725753 -0.000814692 0.000407206 0.00123764 0.00161514 -0.00058783 -0.000890385
internal_weight=1705 206 181 1499 972 170 802 659 527 487 109 150 378 113 81 68 143
internal_count=1705 206 181 1499 972 170 802 659 527 487 109 150 378 113 81 68 143
is_linear=0
shrinkage=0.03


Tree=43
num_leaves=20
num_cat=0
split_feature=25 28 13 17 24 21 25 22 22 24 28 24 21 25 33 17 20 23 16
split_gain=0.30619 0.236241 0.0967326 0.126195 0.107841 0.0897528 0.0731531 0.0670843 0.0595714 0.0500191 0.0462151 0.0439989 0.0602351 0.0678491 0.0563102 0.0287153 0.0253356 0.00600285 0.00570933
threshold=1.0486567228190673 1.0000000180025095e-35 -0.53918850100622795 -0.35000184221653557 0.91789969180281406 0.26742813630525869 0.4218692440080743 -0.33870124161846232 -0.38539341948659195 -0.29292486747230356 -0.10568554440313259 -1.553939045784732 0.4218672622831342 0.3895161193026801 0.12028300830752832 0.57911790172790778 0.75645062313220912 0.19285927381572787 0.70798514602648099
decision_type=2 2 2 2 2 2 2 2 2 2 2 2 2 2 2 2 2 2 2
left_child=2 8 11 7 5 -5 -6 17 15 -10 -9 -1 14 -14 -13 -2 -11 -4 -17
right_child=1 -3 3 4 6 -7 -8 10 9 16 -12 12 13 -15 -16 18 -18 -19 -20
leaf_value=-0.00087199414453469212 0.0018014452972037846 0.0038290995127624929 0.00013261730943340806 -5.921104834879155e-05 8.5268283358651333e-05 -0.00077040819163986401 0.0013708805997323776 -0.0023982106775921933 -0.001108677009586245 -1.0457684956490988e-05 -0.00091918582742619038 0.0010369996874187318 -0.00069362938372883936 0.00059233798196388907 -0.00011212796939071267 0.00081505832681432367 0.001290711730070736 -0.00037331499633993105 0
leaf_weight=22 40 24 27 584 125 223 60 31 21 22 93 145 72 69 45 21 20 41 20
leaf_count=22 40 24 27 584 125 223 60 31 21 22 93 145 72 69 45 21 20 41 20
internal_value=1.32151e-05 0.00121912 -0.000118765 -0.000250057 -0.000109135 -0.000261567 0.000533403 -0.000949889 0.000694444 0 -0.00136048 0.000311573 0.000406347 -4.4263e-05 0.000751781 0.00121746 0.000587221 -0.000133061 0.000495555
internal_weight=1705 168 1537 1184 992 807 185 192 144 63 124 353 331 141 190 81 42 68 41
internal_count=1705 168 1537 1184 992 807 185 192 144 63 124 353 331 141 190 81 42 68 41
is_linear=0
shrinkage=0.03


Tree=44
num_leaves=19
num_cat=0
split_feature=25 25 33 27 23 24 30 25 31 24 25 31 21 19 15 24 25 27
split_gain=0.294563 0.124292 0.181586 0.219243 0.0984415 0.126132 0.130242 0.117824 0.0989137 0.093782 0.0863318 0.0841478 0.0829743 0.0718273 0.0361666 0.027077 0.0152023 0.0144658
threshold=1.7802705652798896 0.42922777416522345 -0.35371766000921906 -0.245392499295777 -0.99047599319949586 0.22779243003979363 -0.22082375592676765 -0.46373687751088905 -0.010643420426380683 -0.92656880781834972 0.58806894928209752 -0.010934822016646245 0.56527502211973291 0.1473520598030722 -0.83503628684776543 -1.4410124029507829 3.2491387547035155 -0.21937586896692415
decision_type=2 2 2 2 2 2 2 2 2 2 2 2 2 2 2 2 2 2
left_child=1 4 10 13 7 17 -7 8 -1 -2 12 -5 -3 -4 -12 -9 -11 -6
right_child=9 2 3 11 5 6 -8 15 -10 16 14 -13 -14 -15 -16 -17 -18 -19
leaf_value=-0.00043717150848267044 0.0034453978594392539 -0.00048680619534404411 -0.00074329488041500254 -0.00015797304947239658 -0.0006479613021146231 -0.00041221284873828936 0.00065867118058044317 0.00022999752876634341 0.0016193387482477269 0.0001830210217874712 0.00050980065261140798 0.001762025764883639 0.0010295021801948216 -0.0034354835030643025 0.0016237320724747338 0.0012137574030933792 0.0013858333044530202 -0.0013260371153902902
leaf_weight=210 21 67 24 87 82 513 123 50 20 23 52 23 56 20 103 83 33 115
leaf_count=210 21 67 24 87 82 513 123 50 20 23 52 23 56 20 103 83 33 115
internal_value=1.29443e-05 -7.24888e-05 0.000359377 -0.000448981 -0.000231491 -0.000411792 -0.000198293 0.000174044 -0.000226922 0.00179173 0.000817861 0.000253054 0.000187811 -0.00217202 0.00128579 0.000879213 0.000977094 -0.00107275
internal_weight=1705 1628 432 154 1196 833 636 363 230 77 278 110 123 44 155 133 56 197
internal_count=1705 1628 432 154 1196 833 636 363 230 77 278 110 123 44 155 133 56 197
is_linear=0
shrinkage=0.03


Tree=45
num_leaves=18
num_cat=0
split_feature=25 24 24 22 15 20 21 25 19 22 11 21 28 20 17 17 16
split_gain=0.279603 0.218888 0.0822597 0.103399 0.134269 0.0852134 0.137863 0.125395 0.076218 0.0390391 0.0560619 0.0423066 0.0380283 0.0278188 0.0237033 0.0135407 0.00477891
threshold=1.0486567228190673 -1.014400641133643 1.4197958821759202 1.0713144315502729 0.72693846960225306 -0.14884842513364713 -0.69230071798582571 -0.9309283914690285 1.4707998212018869 -0.38539341948659195 -1.6596692742735717 0.7197141480976087 -0.10529605265675034 1.056194286177166 0.57911790172790778 -0.80072422370117591 0.70798514602648099
decision_type=2 2 2 2 2 2 2 2 2 2 2 2 2 2 2 2 2
left_child=2 -2 3 5 13 6 -1 -7 12 14 -11 -12 -4 -5 -3 -14 -16
right_child=1 9 8 4 -6 7 -8 -9 -10 10 11 -13 15 -15 16 -17 -18
leaf_value=-0.0012218914833261054 0.0038602627087384461 0.0016753928783083598 -0.00065265945714366221 -0.0013806517317023551 0.0011059739994040382 -0.00054681122454158099 -9.4575479186401017e-05 0.00058067809054052934 0.0014355641538537124 0.0012123937155637473 -0.0014377771012444535 0.00027457803946274973 0 -0.00034440278005204168 0.00075883663183776661 0.0010901375327448477 0
leaf_weight=113 21 39 39 123 24 119 674 309 53 24 20 23 20 42 21 21 20
leaf_count=113 21 39 39 123 24 119 674 309 53 24 20 23 20 42 21 21 20
internal_value=1.29783e-05 0.0011654 -0.000113062 -0.000182591 -0.000831245 -7.74273e-05 -0.000264262 0.000258609 0.000586685 0.000690912 9.72112e-05 -0.000498475 0 -0.0011456 0.00113051 0.000609302 0.000465124
internal_weight=1705 168 1537 1404 189 1215 787 428 133 147 67 43 80 165 80 41 41
internal_count=1705 168 1537 1404 189 1215 787 428 133 147 67 43 80 165 80 41 41
is_linear=0
shrinkage=0.03


Tree=46
num_leaves=17
num_cat=0
split_feature=25 25 33 20 23 24 30 25 28 24 15 21 25 24 27 25
split_gain=0.267788 0.112867 0.185298 0.211966 0.0860041 0.122068 0.107335 0.105416 0.0967932 0.0850433 0.0611213 0.0569598 0.0410478 0.0251209 0.0174279 0.0135584
threshold=1.7802705652798896 0.48355828892368796 -0.35371766000921906 0.2546527493963105 -0.99047599319949586 0.22779243003979363 -0.22082375592676765 -0.46373687751088905 0.15904702874809887 -0.92656880781834972 -1.0028006534622158 -1.4203708833100965 0.58806894928209752 -1.4410124029507829 -0.21937586896692415 3.2491387547035155
decision_type=2 2 2 2 2 2 2 2 2 2 2 2 2 2 2 2
left_child=1 4 10 -4 7 14 -7 8 -1 -2 -3 -5 -12 -9 -6 -11
right_child=9 2 3 11 5 6 -8 13 -10 15 12 -13 -14 -15 -16 -17
leaf_value=-0.00042756286826916038 0.0032864811461768111 -0.00034482177886469614 -0.0023084504251353792 0.0015546363563499533 -0.00059830953385855534 -0.00034743298576397512 0.00061614511677478322 0.00021355803613111658 0.0015002827822015834 0.00017079159449069544 0.00037140394932323354 -8.6918803519982197e-05 0.0013779475816345439 0.0011629021514077173 -0.0012672373841247464 0.0013169727296723673
leaf_weight=207 21 26 37 20 97 544 124 50 23 23 65 94 141 83 117 33
leaf_count=207 21 26 37 20 97 544 124 50 23 23 65 94 141 83 117 33
internal_value=1.30253e-05 -6.83507e-05 0.000377377 -0.000422159 -0.000208452 -0.000369147 -0.000162139 0.000173627 -0.000205068 0.00170909 0.000909277 0.00020791 0.00108459 0.000840648 -0.00099032 0.000929688
internal_weight=1705 1628 383 151 1245 882 668 363 230 77 232 114 206 133 214 56
internal_count=1705 1628 383 151 1245 882 668 363 230 77 232 114 206 133 214 56
is_linear=0
shrinkage=0.03


Tree=47
num_leaves=12
num_cat=0
split_feature=25 34 31 13 24 25 24 27 25 15 16
split_gain=0.25416 0.107432 0.106499 0.0927053 0.0803151 0.0619269 0.0407603 0.0245714 0.01265 0.0070265 0.000728976
threshold=1.7802705652798896 4.8780088734409999 -0.070436893381004215 -0.73533194548017189 -0.92656880781834972 -0.12523361975942002 -1.541391641025404 0.78395668863005674 3.2491387547035155 -0.19884643193520629 -0.71185770036637608
decision_type=2 2 2 2 2 2 2 2 2 2 2
left_child=1 2 7 6 -2 -5 -4 10 -6 -9 -1
right_child=4 -3 3 5 8 -7 -8 9 -10 -11 -12
leaf_value=-0.00050593927848967724 0.0032002110069042828 0.0018412843764974518 -0.00063643062922172247 -0.00034513758731452413 0.00016625906738828723 8.3120173756057181e-05 0.00059552231316015245 -0.00062471767433453353 0.0012807559963936607 0 -0.0012973078318841665
leaf_weight=21 21 23 22 615 23 579 247 21 33 29 71
leaf_count=21 21 23 22 615 23 579 247 21 33 29 71
internal_value=1.30661e-05 -6.61668e-05 -9.87509e-05 -1.97471e-05 0.00166544 -0.000135271 0.00047783 -0.000874774 0.000905592 -0.000239602 -0.00116993
internal_weight=1705 1628 1605 1463 77 1194 269 142 56 50 92
internal_count=1705 1628 1605 1463 77 1194 269 142 56 50 92
is_linear=0
shrinkage=0.03


Tree=48
num_leaves=16
num_cat=0
split_feature=21 28 21 21 27 11 21 17 16 19 4 27 14 17 24
split_gain=0.177362 0.284113 0.0983168 0.0824403 0.0806269 0.0738752 0.106544 0.0722545 0.0455481 0.0237654 0.0231107 0.0174998 0.0154048 0.0110562 0.00903765
threshold=-1.2107749266258367 0.11416621096403741 1.8338821283665687 -0.85777121010497814 -0.22910421433909475 -0.35823093179163989 0.35567906543547317 -0.21692019478761351 -1.0487974476505333 -0.79565489192699423 -0.34490230705416663 -0.24536792779821368 1.0749583309427189 -0.22612359281779662 -1.4786546172287658
decision_type=2 2 2 2 2 2 2 2 2 2 2 2 2 2 2
left_child=1 4 3 8 10 6 -5 -7 -2 -6 13 -4 -12 -1 -10
right_child=2 -3 11 5 9 7 -8 -9 14 -11 12 -13 -14 -15 -16
leaf_value=0.0018304838342270973 0 0.0036856442251139215 0.00029176777934291118 0.00066980789260444882 -0.00087831693425375419 -0.00072309332965213226 -0.00022817080895434118 -8.7038756293351e-05 -0.00085836546689747482 0.00011644888941097904 0.00074432952457479382 0.001745014136973103 0 0.0004938936135529177 -0.0019380830597132445
leaf_weight=26 30 24 20 230 39 219 234 639 44 34 59 25 35 20 27
leaf_count=26 30 24 20 230 39 219 234 639 44 34 59 25 35 20 27
internal_value=1.29124e-05 0.000770633 -0.0001087 -0.000155308 0.000381664 -8.86165e-05 0.000211967 -0.000254826 -0.000971651 -0.00038922 0.000804337 0.00122023 0.000459553 0.0013764 -0.00137143
internal_weight=1705 237 1468 1423 213 1322 464 858 101 73 140 45 94 46 71
internal_count=1705 237 1468 1423 213 1322 464 858 101 73 140 45 94 46 71
is_linear=0
shrinkage=0.03


Tree=49
num_leaves=18
num_cat=0
split_feature=25 25 31 11 24 23 24 30 24 25 24 25 16 15 25 21 9
split_gain=0.231447 0.100101 0.165642 0.169234 0.312681 0.0873163 0.103892 0.113031 0.0970665 0.0865994 0.0727299 0.0215034 0.0159025 0.0122157 0.0120551 0.0101128 0.00396721
threshold=1.7802705652798896 0.42922777416522345 -0.010639126531590435 0.71983878232648379 -0.26155635557398443 -0.99047599319949586 0.22779243003979363 -0.22082375592676765 -1.541391641025404 -1.4494861984316463 -0.92656880781834972 0.5213632063803203 1.3019508961380797 -0.37922588571415028 3.2491387547035155 -1.2659317573322206 -0.26386545231099573
decision_type=2 2 2 2 2 2 2 2 2 2 2 2 2 2 2 2 2
left_child=1 5 3 4 -3 8 12 -8 15 -10 -2 16 -7 -5 -12 -1 -4
right_child=10 2 11 13 -6 6 7 -9 9 -11 14 -13 -14 -15 -16 -17 -18
leaf_value=0 0.0030530810529016887 -0.0031016867638400361 0.00022626435481477527 0.0022255514838123839 7.0898096228494761e-05 -0.0011101633428021692 -0.00038078764354915705 0.00061653642274350632 -0.00051841704526793997 0.00074203228829221237 0.000142899225707739 0.0019607596633081535 -0.00025856152542222003 0.00077958607526185607 0.0012273751543446752 -0.00082885595962313376 0.0011052646533707563
leaf_weight=21 21 28 22 23 269 161 513 123 58 216 23 46 36 24 33 68 20
leaf_count=21 21 28 22 23 269 161 513 123 58 216 23 46 36 24 33 68 20
internal_value=1.28141e-05 -6.27151e-05 0.000324598 1.45394e-05 -0.000246227 -0.000205578 -0.000375542 -0.000181225 0.000176134 0.000461667 0.00158969 0.00146324 -0.000975753 0.00163826 0.000862727 -0.000656702 0.000757282
internal_weight=1705 1628 432 344 297 1196 833 636 363 274 77 88 197 47 56 89 42
internal_count=1705 1628 432 344 297 1196 833 636 363 274 77 88 197 47 56 89 42
is_linear=0
shrinkage=0.03


Tree=50
num_leaves=22
num_cat=0
split_feature=25 28 13 17 24 22 22 27 29 22 24 33 27 24 25 17 20 25 11 22 16
split_gain=0.221394 0.179205 0.077908 0.0990372 0.0808824 0.0695205 0.0544265 0.0780993 0.0480369 0.0446075 0.0456362 0.0364659 0.0455618 0.0585417 0.0367311 0.0252262 0.0211421 0.00866426 0.00744194 0.00444313 0.00409571
threshold=1.0486567228190673 1.0000000180025095e-35 -0.53918850100622795 -0.16947467468596564 0.91789969180281406 1.1765402552586399 -0.33870124161846232 -0.24554482394834795 -0.17893419687816156 -0.38539341948659195 -0.29292486747230356 0.12028300830752832 -0.24556112195798999 -1.541391641025404 0.020557107979932255 0.57911790172790778 0.75645062313220912 -0.25566823460761517 -1.3101379579699406 0.21269140268443301 0.70798514602648099
decision_type=2 2 2 2 2 2 2 2 2 2 2 2 2 2 2 2 2 2 2 2 2
left_child=2 9 11 6 5 -5 17 -8 -6 15 -11 12 14 -14 -1 -2 -12 -4 -13 -20 -17
right_child=1 -3 3 4 8 -7 7 -9 -10 10 16 18 13 -15 -16 20 -18 -19 19 -21 -22
leaf_value=-0.00098760907175019386 0.0015720874880722096 0.0033133916449215673 -0.00056454000224475753 -0.00012182248509993632 0 -0.0013640091204274952 -0.0022324174486898947 -0.00062632666308307593 0.0010098417934720847 -0.0010784866551402958 0 0.00011115502889268099 -0.00059219079801382921 0.00089284685272824303 0.00030601940557082544 0.00063123534845362886 0.0011829450224607211 0 0 -0.00064762109860375117 0
leaf_weight=27 40 24 37 696 85 41 39 116 85 21 22 22 23 173 51 21 20 85 23 34 20
leaf_count=27 40 24 37 696 85 41 39 116 85 21 22 22 23 173 51 21 20 85 23 34 20
internal_value=1.29265e-05 0.00103854 -9.9034e-05 -0.000217053 -6.09582e-05 -0.00020023 -0.000711322 -0.00108414 0.000518488 0.000579111 0 0.000286881 0.000453577 0.000697206 -0.000124731 0.00103191 0.000540727 -0.000199005 -0.000250137 -0.000438168 0.000365465
internal_weight=1705 168 1537 1184 907 737 277 155 170 144 63 353 274 196 78 81 42 122 79 57 41
internal_count=1705 168 1537 1184 907 737 277 155 170 144 63 353 274 196 78 81 42 122 79 57 41
is_linear=0
shrinkage=0.03


Tree=51
num_leaves=19
num_cat=0
split_feature=25 25 33 27 23 24 30 24 25 25 21 11 19 20 22 25 16 22
split_gain=0.212166 0.0921669 0.152209 0.180167 0.0818845 0.0955775 0.104003 0.0902881 0.0808041 0.072046 0.0719036 0.0663168 0.0629511 0.0494178 0.0250463 0.0191499 0.0144309 0.0130944
threshold=1.7802705652798896 0.42922777416522345 -0.35371766000921906 -0.245392499295777 -0.99047599319949586 0.22779243003979363 -0.22082375592676765 -1.541391641025404 -1.4494861984316463 0.58806894928209752 0.56527502211973291 0.78212952373413502 0.1473520598030722 0.58230794944030051 -0.51124464473937381 3.5853662017555128 1.3019508961380797 -0.11822191782272219
decision_type=2 2 2 2 2 2 2 2 2 2 2 2 2 2 2 2 2 2
left_child=1 4 9 12 7 16 -7 17 -9 10 -3 15 -4 -5 -11 -2 -6 -1
right_child=11 2 3 13 5 6 -8 8 -10 14 -12 -13 -14 -15 -16 -17 -18 -19
leaf_value=0 0 -0.00047123046460952278 -0.0006508637265004735 -0.00078435261187053502 -0.0010660484252439347 -0.00036658689897757182 0.00058982297475449743 -0.00049766628834854081 0.00071902378813574119 0.00053712385978366508 0.00094050207477007681 0.002662836624504698 -0.0031705964505672453 0.00059651575280795968 0.0014741979506844654 0.0012781284223103563 -0.00024802781487456881 -0.00082501531112980108
leaf_weight=21 26 67 24 28 161 513 123 58 216 58 56 28 20 82 97 23 36 68
leaf_count=21 26 67 24 28 161 513 123 58 216 58 56 28 20 82 97 23 36 68
internal_value=1.2375e-05 -5.98644e-05 0.000311677 -0.00042744 -0.000197013 -0.000361658 -0.000175025 0.00017248 0.000448045 0.000731985 0.00015479 0.00152219 -0.0019893 0.000206981 0.00115939 0.000696682 -0.000937525 -0.000630228
internal_weight=1705 1628 432 154 1196 833 636 363 274 278 123 77 44 110 155 49 197 89
internal_count=1705 1628 432 154 1196 833 636 363 274 278 123 77 44 110 155 49 197 89
is_linear=0
shrinkage=0.03


Tree=52
num_leaves=20
num_cat=0
split_feature=25 34 13 17 24 22 11 22 25 22 24 31 24 33 8 17 15 16 16
split_gain=0.201815 0.165828 0.0712591 0.0726303 0.0762171 0.064621 0.0479971 0.058916 0.0424164 0.0400276 0.0421943 0.0309574 0.0378233 0.0320541 0.0262548 0.023342 0.0202485 0.00471219 0.00406869
threshold=1.0486567228190673 -0.10448081749880471 -0.73533194548017189 -0.16947467468596564 0.91789969180281406 1.1765402552586399 -0.018582518092235139 -0.43094549978191826 0.4218692440080743 -0.38539341948659195 -0.29292486747230356 -0.045515913409041799 -1.541391641025404 -0.35371766000922339 0.097927054769861702 0.57911790172790778 0.11933147032636023 -1.382230367118408 0.70798514602648099
decision_type=2 2 2 2 2 2 2 2 2 2 2 2 2 2 2 2 2 2 2
left_child=2 9 11 6 5 -5 14 -8 -6 15 -11 17 -13 -14 -4 -2 -12 -1 -17
right_child=1 -3 3 4 8 -7 7 -9 -10 10 16 12 13 -15 -16 18 -18 -19 -20
leaf_value=0 0.0014967739389949411 0.003179971598088741 -0.00048938981549824046 -0.0001045271680615701 0.00013493286069775096 -0.0012419081017843029 0 -0.0011974205226498716 0.0011572655241108179 -0.0010366461584344507 -2.4701760092284523e-05 -0.00055643625370692461 0.00028956332476833089 0.0011263925735264001 0.00027767727723574569 0.00059894365080981511 0.0011253267120337113 -0.00059679309419880151 0
leaf_weight=28 40 24 87 714 114 46 47 138 58 21 21 22 121 76 65 21 21 21 20
leaf_count=28 40 24 87 714 114 46 47 138 58 21 21 22 121 76 65 21 21 21 20
internal_value=1.19993e-05 0.000991291 -9.48156e-05 -0.000190276 -4.96461e-05 -0.000181913 -0.000566505 -0.000890684 0.000510745 0.00054865 0 0.000343228 0.00049991 0.000639454 -0.000142987 0.000977572 0.000520333 -0.000287794 0.000335335
internal_weight=1705 168 1537 1269 932 760 337 185 172 144 63 268 219 197 152 81 42 49 41
internal_count=1705 168 1537 1269 932 760 337 185 172 144 63 268 219 197 152 81 42 49 41
is_linear=0
shrinkage=0.03


Tree=53
num_leaves=12
num_cat=0
split_feature=25 34 33 33 23 22 24 10 23 15 28
split_gain=0.194473 0.0866235 0.0877744 0.102305 0.139926 0.0657808 0.0610104 0.0346925 0.012044 0.00825502 0.00298087
threshold=1.7802705652798896 4.8780088734409999 0.12028300830752832 -0.32462505064820479 0.31368029206953446 0.30389920850897328 -0.92656880781834972 -0.91896411906815623 -0.99047599319949586 0.72693846960225306 0.026365356096886547
decision_type=2 2 2 2 2 2 2 2 2 2 2
left_child=1 2 3 4 -1 -5 -2 10 -9 -8 -4
right_child=6 -3 7 5 -6 -7 9 8 -10 -11 -12
leaf_value=-0.00044494510415691647 0.0028020230839028953 0.0016551158336492685 7.5247935467522652e-05 0.00097944802994328825 0.00024825758078834536 8.6153279178805887e-05 0.00024679855677823073 -0.00043833893214704817 -0.0010849398502833349 0.0011816134683671406 -0.0003220236918119633
leaf_weight=586 21 23 50 133 464 183 29 71 98 27 20
leaf_count=586 21 23 50 133 464 183 29 71 98 27 20
internal_value=1.18772e-05 -5.72093e-05 -8.66551e-05 4.45074e-06 -0.000135932 0.000477208 0.00145743 -0.000613365 -0.000843116 0.000785525 -5.73157e-06
internal_weight=1705 1628 1605 1366 1050 316 77 239 169 56 70
internal_count=1705 1628 1605 1366 1050 316 77 239 169 56 70
is_linear=0
shrinkage=0.03


Tree=54
num_leaves=18
num_cat=0
split_feature=25 25 33 27 23 24 28 25 28 31 19 24 15 25 20 27 15
split_gain=0.184696 0.0826511 0.153627 0.16933 0.0694107 0.0910366 0.0922295 0.0844526 0.0862249 0.0625682 0.0597476 0.0575358 0.053341 0.0343709 0.0216772 0.01221 0.0076793
threshold=1.7802705652798896 0.48355828892368796 -0.35371766000921906 -0.245392499295777 -0.99047599319949586 0.22779243003979363 -0.10568554440313259 -0.46373687751088905 0.15904702874809887 -0.010934822016646245 0.1473520598030722 -0.92656880781834972 -1.0028006534622158 0.58806894928209752 0.86142146757250448 -0.21937586896692415 0.72693846960225306
decision_type=2 2 2 2 2 2 2 2 2 2 2 2 2 2 2 2 2
left_child=1 4 12 10 7 15 -7 8 -1 -5 -4 -2 -3 -14 -9 -6 -13
right_child=11 2 3 9 5 6 -8 14 -10 -11 -12 16 13 -15 -16 -17 -18
leaf_value=-0.00038155028530496301 0.0027284699254669247 -0.00035573913211581009 -0.00060778406148569457 -0.00013376695227584448 -0.00051655066926497965 -0.0005511473768939312 0.00015549676070924722 0.0010285083058350268 0.00143852190214854 0.0015246406034969437 -0.003059507606004405 0.00024008872476406396 0.00031935280143593174 0.0012437971911955781 0.00011562631896737476 -0.0010940606807613221 0.0011497098796593489
leaf_weight=207 21 26 24 84 97 283 385 90 23 23 20 29 65 141 43 117 27
leaf_count=207 21 26 24 84 97 283 385 90 23 23 20 29 65 141 43 117 27
internal_value=1.19416e-05 -5.5341e-05 0.000325727 -0.000401142 -0.000175474 -0.000320043 -0.00014053 0.000167339 -0.000170489 0.000227299 -0.00191019 0.00142072 0.000810665 0.000975229 0.000764486 -0.000856877 0.000765663
internal_weight=1705 1628 383 151 1245 882 668 363 230 107 44 77 232 206 133 214 56
internal_count=1705 1628 383 151 1245 882 668 363 230 107 44 77 232 206 133 214 56
is_linear=0
shrinkage=0.03


Tree=55
num_leaves=20
num_cat=0
split_feature=25 24 10 17 24 21 25 22 23 30 24 23 22 24 30 9 15 11 17
split_gain=0.17672 0.148797 0.0648444 0.0838006 0.082438 0.0747772 0.0547002 0.0359223 0.0460095 0.029642 0.0336379 0.0470817 0.025779 0.0486594 0.0235255 0.021888 0.00610253 0.00569934 0.00566078
threshold=1.0486567228190673 -1.014400641133643 -0.66829360885370914 -0.35000184221653557 0.91789969180281406 0.28949086858781214 0.4218692440080743 -0.33870124161846232 -0.99047599319949586 -0.069455150149122805 -1.541391641025404 -0.052336322052291571 -0.38539341948659195 -0.29292486747230356 -0.21275817355025459 -0.2248284433948731 -0.53066899461099049 -1.2798040891127529 1.1941135491121664
decision_type=2 2 2 2 2 2 2 2 2 2 2 2 2 2 2 2 2 2 2
left_child=2 -2 9 7 5 -5 -6 16 -9 10 -1 -12 15 -14 -15 -3 -4 -11 -17
right_child=1 12 3 4 6 -7 -8 8 -10 17 11 -13 13 14 -16 18 -18 -19 -20
leaf_value=-0.00052682316487726684 0.0031525206537917254 0.0017525956685776293 -0.0004244384725287091 -2.0966917621943185e-05 8.7220689664232049e-05 -0.00065412292394807705 0.0011807731551330175 -0.00017131804938253482 -0.0014506668317581302 0 0.00095612145414253032 3.8323574604212558e-05 -0.0010173845565877855 0.0011992309460100452 0 0.00071525272275679386 5.2999424228619314e-05 -0.00050505363199810835 0
leaf_weight=23 21 20 37 613 126 234 64 45 84 20 123 96 21 25 21 36 37 35 24
leaf_count=23 21 20 37 613 126 234 64 45 84 20 123 96 21 25 21 36 37 35 24
internal_value=1.1807e-05 0.00092828 -8.80322e-05 -0.00018493 -7.1711e-05 -0.000201109 0.000483748 -0.000739266 -0.00104115 0.000304329 0.000451298 0.000573267 0.000533836 4.53084e-05 0.000624262 0.000890408 -0.000153994 -0.000280505 0.000485621
internal_weight=1705 168 1537 1240 1037 847 190 203 129 297 242 219 147 67 46 80 74 55 60
internal_count=1705 168 1537 1240 1037 847 190 203 129 297 242 219 147 67 46 80 74 55 60
is_linear=0
shrinkage=0.03


Tree=56
num_leaves=12
num_cat=0
split_feature=25 34 33 33 19 24 11 10 19 23 11
split_gain=0.169079 0.0783898 0.0778606 0.0962772 0.136627 0.0617652 0.0548682 0.0302402 0.0138323 0.0105369 0.00468736
threshold=1.7802705652798896 4.8780088734409999 0.083711152325494684 -0.32462505064820479 1.4485398682010682 -1.541391641025404 0.78212952373413502 -0.78033088197433242 0.5237455280243567 -1.0046902306411201 -1.3803454486201134
decision_type=2 2 2 2 2 2 2 2 2 2 2
left_child=1 2 3 4 -1 -5 8 10 -2 -9 -4
right_child=6 -3 7 5 -6 -7 -8 9 -10 -11 -12
leaf_value=-0.00020911947520265385 0 0.0015761831237289766 0.00017579576720976655 -0.0003813485383140949 0.0013491557014947931 0.00067414774740154825 0.0023981151032607039 -4.7112736564416141e-05 0.0010792622674877445 -0.00090090280686854385 -0.00025157631341264479
leaf_weight=1000 25 23 31 56 50 253 28 23 24 141 51
leaf_count=1000 25 23 31 56 50 253 28 23 24 141 51
internal_value=1.17289e-05 -5.25699e-05 -8.06731e-05 6.49095e-06 -0.000128435 0.000471417 0.00135968 -0.000568526 0.000604481 -0.000802125 -5.42125e-05
internal_weight=1705 1628 1605 1359 1050 309 77 246 49 164 82
internal_count=1705 1628 1605 1359 1050 309 77 246 49 164 82
is_linear=0
shrinkage=0.03


Tree=57
num_leaves=20
num_cat=0
split_feature=21 29 31 23 23 27 11 33 33 31 22 34 21 33 23 17 11 17 17
split_gain=0.124287 0.132509 0.0903354 0.081591 0.152598 0.114194 0.0873572 0.0937854 0.0664217 0.0561912 0.0827013 0.0563923 0.0498499 0.0368431 0.029849 0.0651423 0.0178389 0.00673991 0.000627501
threshold=-1.2107749266258367 1.5884024071833862 -0.015413482101477778 0.31368029206953446 0.054270458759890852 -0.24556234707418673 0.0069806231840414974 0.12028300830752832 -0.35371766000924237 -0.0077258002241573911 1.7306017643342437 -0.1307584042731483 1.6022234393997554 -0.32462505064820479 -0.63512005715888808 -0.2506894308494772 -0.62737492196585876 -0.10785834926656733 -0.49000860567680937
decision_type=2 2 2 2 2 2 2 2 2 2 2 2 2 2 2 2 2 2 2
left_child=1 2 16 4 6 8 7 -2 -6 10 12 -12 -5 -8 15 -4 -1 -7 -11
right_child=3 -3 14 9 5 17 13 -9 -10 18 11 -13 -14 -15 -16 -17 -18 -19 -20
leaf_value=2.8629111824557179e-05 0.00039176105341808183 0.0026076752635251195 0.0021089996963739393 0.00019971034020396333 -0.0011097791048181535 0.00025303572455043742 -0.00080153794537017229 -0.00057988395507892827 -0.0030469465082112166 0.0005988028635974447 -0.001005141865245865 0.00022262293398196459 0.0012946223014965654 -7.9511760634106148e-05 -9.8935290724039068e-05 0.00048769565435260179 -0.00086455859250078593 -0.00031587676479565826 0.0016111012073385567
leaf_weight=25 380 25 32 315 77 26 156 112 25 20 81 49 42 124 22 91 42 41 20
leaf_count=25 380 25 32 315 77 26 156 112 25 20 81 49 42 124 22 91 42 41 20
internal_value=1.17052e-05 0.000646235 0.000367821 -8.98055e-05 -0.000258307 -0.00106778 -7.37867e-05 0.000162339 -0.00168664 0.000205166 0.00010594 -0.00052523 0.000346572 -0.000496617 0.000791791 0.000973479 -0.000501479 -5.08649e-05 0.00125181
internal_weight=1705 237 212 1468 941 169 772 492 102 527 487 130 357 280 145 123 67 67 40
internal_count=1705 237 212 1468 941 169 772 492 102 527 487 130 357 280 145 123 67 67 40
is_linear=0
shrinkage=0.03


Tree=58
num_leaves=18
num_cat=0
split_feature=25 11 24 22 24 11 19 11 27 33 33 23 25 32 23 29 24
split_gain=0.157567 0.250939 0.137043 0.14134 0.169918 0.0688235 0.0611106 0.0762901 0.0699882 0.0780913 0.0620854 0.0542473 0.0414221 0.0409754 0.0405848 0.0355846 0.0203699
threshold=0.49227974742364949 0.71983878232648379 0.91789969180281406 -0.32263623036527628 -0.035703069906086904 1.4630168892773268 1.597276069410553 0.0069806231840414974 -0.2455623467362375 0.14604876852144386 -0.32243787030279486 0.65126843130811196 0.01038427992152695 0.31312636484503059 -0.27976412111828047 -0.17864599997427819 -0.82618956974372837
decision_type=2 2 2 2 2 2 2 2 2 2 2 2 2 2 2 2 2
left_child=6 2 3 11 -5 16 7 8 12 -10 14 -2 -1 -12 -9 -4 -3
right_child=1 5 15 4 -6 -7 -8 10 9 -11 13 -13 -14 -15 -16 -17 -18
leaf_value=-0.0012360113107256199 0.00050601775686563678 0.0034229796644714141 0.0015623998377328882 -0.0033244697907939551 -0.00028338723082995429 0.00032147647482634058 0.0011428239296956528 -0.0013372243132760535 0.00033641283868946831 -0.0004998859915576185 0.00034797313633365819 -0.00070119430917548007 -6.5648193302592119e-05 -0.00050868030423093793 -0.00050306128206967649 0 0.0015853765134117566
leaf_weight=54 171 24 62 21 64 21 28 76 452 124 108 37 64 88 259 20 32
leaf_count=54 171 24 62 21 64 21 28 76 452 124 108 37 64 88 259 20 32
internal_value=1.1507e-05 0.000491435 0.000156028 -0.000141131 -0.00115653 0.0020203 -0.000159991 -0.000194932 8.22274e-06 0.000149538 -0.000464621 0.000270139 -0.000643397 -2.34417e-05 -0.000711369 0.00122063 0.00255777
internal_weight=1705 452 375 293 85 77 1253 1225 694 576 531 208 118 196 335 82 56
internal_count=1705 452 375 293 85 77 1253 1225 694 576 531 208 118 196 335 82 56
is_linear=0
shrinkage=0.03


Tree=59
num_leaves=24
num_cat=0
split_feature=25 11 24 25 24 11 23 24 24 28 25 25 28 33 29 24 11 27 9 31 33 12 33
split_gain=0.148958 0.239252 0.135608 0.0685874 0.238431 0.0648842 0.0589186 0.0786021 0.0767822 0.0753793 0.0729865 0.0662797 0.060442 0.0425345 0.0338581 0.0189443 0.0142687 0.00947785 0.0128052 0.00818367 0.0166603 0.00755364 0.00653095
threshold=0.48355828892368796 0.71983878232648379 0.91789969180281406 3.110996723870016 -0.26155635557398443 1.4630168892773268 -0.99047599319949586 0.22779243003979363 -1.541391641025404 -0.10568554440313259 -0.11035408108000615 -1.4494861984316463 -0.10566958524563483 0.083711152325494684 -0.17864599997427819 -0.82618956974372837 0.33548389386735061 -0.21937586896692415 -0.63886874491429524 -0.011664608915063017 -0.32243787030279486 0.2350696418497227 -0.29315979506551409
decision_type=2 2 2 2 2 2 2 2 2 2 2 2 2 2 2 2 2 2 2 2 2 2 2
left_child=6 2 3 4 -2 15 8 17 19 10 -9 16 -11 -13 -4 -3 -10 22 -19 -1 -21 -5 -8
right_child=1 5 14 21 -6 -7 7 9 11 12 -12 13 -14 -15 -16 -17 -18 18 -20 20 -22 -23 -24
leaf_value=-0.0010341147068407264 -0.0025659802447928967 0.003331700210149089 0.0015220091615025118 0.0013549952533212489 2.0914973956245586e-05 0.00031303771477541887 -0.00061205372998079683 -0.0011185431526718164 0 0.00093574366943449975 -0.00010423664703797601 0.00093002200761187052 -2.4535024949420861e-05 0 0 0.0015418918939839516 -0.00084028155138450014 -0.00022394024804716221 -0.0011804425136849998 -0.00068782887769775695 0.00022554133298237702 0.00024982117067860515 0
leaf_weight=28 34 24 64 21 224 21 74 104 26 68 179 151 317 65 20 32 32 26 91 37 24 20 23
leaf_count=28 34 24 64 21 224 21 74 104 26 68 179 151 317 65 20 32 32 26 91 37 24 20 23
internal_value=1.11353e-05 0.00047231 0.000150892 -0.000142145 -0.000334075 0.00196794 -0.00015758 -0.000290902 0.000157891 -0.000123798 -0.000495298 0.000412524 0.000143264 0.00065835 0.00119738 0.00249021 -0.000441137 -0.000789769 -0.0010038 -0.000581316 -0.000287868 0.000937858 -0.00047924
internal_weight=1705 460 383 299 258 77 1245 882 363 668 283 274 385 216 84 56 58 214 117 89 61 41 97
internal_count=1705 460 383 299 258 77 1245 882 363 668 283 274 385 216 84 56 58 214 117 89 61 41 97
is_linear=0
shrinkage=0.03


Tree=60
num_leaves=21
num_cat=0
split_feature=23 24 24 20 30 23 27 24 23 27 22 27 31 17 24 19 17 12 24 14
split_gain=0.102894 0.235209 0.166169 0.0698964 0.0687935 0.0595803 0.0585378 0.0788357 0.07126 0.0600093 0.0572573 0.0318945 0.0409388 0.0254301 0.0193004 0.0190994 0.0381338 0.0176935 0.0102666 0.00221122
threshold=-0.99047599319949586 -0.27410376033331213 -1.2653487363201961 -0.14884842513364713 0.14713644603452433 0.054270458759890852 -0.24556234729583298 1.4574380964539027 0.65126843130811196 -0.24553671699399901 -0.75190887783548699 -0.24524610973669339 -0.013188616286914059 0.60766772512449219 0.01448654913122366 -1.0223001303212051 -0.39484850591792742 -0.24507299762483614 -0.57524147455717556 -0.41499179621024745
decision_type=2 2 2 2 2 2 2 2 2 2 2 2 2 2 2 2 2 2 2 2
left_child=2 5 3 19 15 13 8 10 14 -9 -8 17 -13 18 -3 -4 -17 -5 -2 -1
right_child=1 6 4 11 -6 -7 7 9 -10 -11 -12 12 -14 -15 -16 16 -18 -19 -20 -21
leaf_value=-0.00022016787971369922 -0.0013413851038951957 0.00023123326147679571 0 0.00016560507059583195 0.0024837502496084197 -0.0025386014709309224 0 -0.00074078512603417039 -0.00070634628823027011 0.00084825477664929024 -0.00055310783893276836 1.7876262543722968e-06 0.0010086378302248064 0 0.00080734398981798688 0.0019693953312034237 0.00055924032877075923 -0.00087933566360654111 -0.00036189216861083845 -0.00090643927035614707
leaf_weight=21 60 115 25 20 29 28 400 22 42 109 300 87 68 20 143 26 80 26 26 58
leaf_count=21 60 115 25 20 29 28 400 22 42 109 300 87 68 20 143 26 80 26 26 58
internal_value=1.09411e-05 -0.000124782 0.000406121 -2.64822e-05 0.00116813 -0.00129903 1.47647e-05 -0.000112265 0.000374166 0.000548395 -0.000241983 0.000260208 0.000473254 -0.000883216 0.000567654 0.000805417 0.000977334 -0.000381466 -0.00110115 -0.000775327
internal_weight=1705 1265 440 280 160 134 1131 831 300 131 700 201 155 106 258 131 106 46 86 79
internal_count=1705 1265 440 280 160 134 1131 831 300 131 700 201 155 106 258 131 106 46 86 79
is_linear=0
shrinkage=0.03


end of trees

feature_importances:
Column_25=111
Column_24=97
Column_22=78
Column_23=70
Column_21=69
Column_11=63
Column_33=63
Column_19=58
Column_27=51
Column_20=47
Column_17=42
Column_28=42
Column_10=30
Column_16=30
Column_31=25
Column_13=22
Column_15=22
Column_9=20
Column_32=19
Column_29=18
Column_14=11
Column_34=11
Column_12=10
Column_30=9
Column_7=4
Column_4=2
Column_8=2

parameters:
[boosting: gbdt]
[objective: regression]
[metric: l2]
[tree_learner: serial]
[device_type: cpu]
[data_sample_strategy: bagging]
[data: ]
[valid: ]
[num_iterations: 200]
[learning_rate: 0.03]
[num_leaves: 31]
[num_threads: 40]
[seed: 42]
[deterministic: 0]
[force_col_wise: 0]
[force_row_wise: 0]
[histogram_pool_size: -1]
[max_depth: 5]
[min_data_in_leaf: 20]
[min_sum_hessian_in_leaf: 0.001]
[bagging_fraction: 0.8]
[pos_bagging_fraction: 1]
[neg_bagging_fraction: 1]
[bagging_freq: 0]
[bagging_seed: 400]
[bagging_by_query: 0]
[feature_fraction: 0.8]
[feature_fraction_bynode: 1]
[feature_fraction_seed: 30056]
[extra_trees: 0]
[extra_seed: 12879]
[early_stopping_round: 0]
[early_stopping_min_delta: 0]
[first_metric_only: 0]
[max_delta_step: 0]
[lambda_l1: 0.1]
[lambda_l2: 3]
[linear_lambda: 0]
[min_gain_to_split: 0]
[drop_rate: 0.1]
[max_drop: 50]
[skip_drop: 0.5]
[xgboost_dart_mode: 0]
[uniform_drop: 0]
[drop_seed: 17869]
[top_rate: 0.2]
[other_rate: 0.1]
[min_data_per_group: 100]
[max_cat_threshold: 32]
[cat_l2: 10]
[cat_smooth: 10]
[max_cat_to_onehot: 4]
[top_k: 20]
[monotone_constraints: ]
[monotone_constraints_method: basic]
[monotone_penalty: 0]
[feature_contri: ]
[forcedsplits_filename: ]
[refit_decay_rate: 0.9]
[cegb_tradeoff: 1]
[cegb_penalty_split: 0]
[cegb_penalty_feature_lazy: ]
[cegb_penalty_feature_coupled: ]
[path_smooth: 0]
[interaction_constraints: ]
[verbosity: -1]
[saved_feature_importance_type: 0]
[use_quantized_grad: 0]
[num_grad_quant_bins: 4]
[quant_train_renew_leaf: 0]
[stochastic_rounding: 1]
[linear_tree: 0]
[max_bin: 255]
[max_bin_by_feature: ]
[min_data_in_bin: 3]
[bin_construct_sample_cnt: 200000]
[data_random_seed: 175]
[is_enable_sparse: 1]
[enable_bundle: 1]
[use_missing: 1]
[zero_as_missing: 0]
[feature_pre_filter: 1]
[pre_partition: 0]
[two_round: 0]
[header: 0]
[label_column: ]
[weight_column: ]
[group_column: ]
[ignore_column: ]
[categorical_feature: ]
[forcedbins_filename: ]
[precise_float_parser: 0]
[parser_config_file: ]
[objective_seed: 16083]
[num_class: 1]
[is_unbalance: 0]
[scale_pos_weight: 1]
[sigmoid: 1]
[boost_from_average: 1]
[reg_sqrt: 0]
[alpha: 0.9]
[fair_c: 1]
[poisson_max_delta_step: 0.7]
[tweedie_variance_power: 1.5]
[lambdarank_truncation_level: 30]
[lambdarank_norm: 1]
[label_gain: ]
[lambdarank_position_bias_regularization: 0]
[eval_at: ]
[multi_error_top_k: 1]
[auc_mu_weights: ]
[num_machines: 1]
[local_listen_port: 12400]
[time_out: 120]
[machine_list_filename: ]
[machines: ]
[gpu_platform_id: -1]
[gpu_device_id: -1]
[gpu_device_id_list: ]
[gpu_use_dp: 0]
[num_gpu: 1]

end of parameters

pandas_categorical:null
