tree
version=v4
num_class=1
num_tree_per_iteration=1
label_index=0
max_feature_idx=36
objective=regression
feature_names=Column_0 Column_1 Column_2 Column_3 Column_4 Column_5 Column_6 Column_7 Column_8 Column_9 Column_10 Column_11 Column_12 Column_13 Column_14 Column_15 Column_16 Column_17 Column_18 Column_19 Column_20 Column_21 Column_22 Column_23 Column_24 Column_25 Column_26 Column_27 Column_28 Column_29 Column_30 Column_31 Column_32 Column_33 Column_34 Column_35 Column_36
feature_infos=[-4.9217451496242619:4.4112385844426889] [-5.1780992208122436:4.2534904896752277] [-4.9288555504102378:4.4142367576784469] [-4.9289726172840096:4.4140315160785519] [-4.9498347992689151:4.4393149096577202] [-4.9516849055307564:4.4425994251467218] [-4.9566755960717916:4.4448286209512089] [-2.0597549913064439:9.5290740279306281] [-4.9660892195845658:6.5241668327036795] [-3.853000908467461:8.4280664655413311] [-4.0682102976219507:9.0790879317895694] [-3.6500537623524907:7.91391173230509] [-4.4125298073979273:8.354903039762549] [-4.3864755675326217:8.8777706328297938] [-1.4971367430246463:7.2263502557283639] [-1.5807457366895856:5.9583901947637843] [-3.0034190211545146:3.3905188106281812] [-3.9980274279501677:5.7290983954379726] [-3.6901641152201003:4.6242492120149015] [-1.7531899638977892:3.4124664042119184] [-1.9153499802926477:2.2384154279163364] [-1.2348500769880077:7.6696048639546088] [-1.2256355995998116:2.071536015163753] [-1.5908451648976789:2.3510066931610138] [-2.0123849674761587:4.5778644407535447] [-4.4671690621940447:3.2654303124648134] [-2.5632545162086022:0.63346890823812851] [-2.2132655857969334:10.95232876618932] none [-0.20456009603276515:11.746665326902868] [-0.21423249932829327:8.8423595765027887] [-8.602760787877946:4.3928671306924727] [-7.5384820473352665:3.6607920276443555] [-17.395145370739996:8.2589492369518691] [-6.5890890642097881:2.8012718585255523] [-5.6148838359362223:2.4595111324688674] [-12.493145014734601:11.706114759618595]
tree_sizes=1599 1651 1742 1752 1752 1760 1640 1750 1484 1644 1667 1673 1574 1743 1738 1644 1934 1673 2213 1744 1746 1758 1528 1748 1748 2279 2209 1675 1766 1758 1739 1899 1666 1926 1927 2030 2192 1922 2090 1857 2105 2173 2082 2361 2393 2212 1920 2557 1129 2554 2261 2282 1044 1962 2553 1929 1740 1958 2450 2098 1657 2269 1825 1092 2478 2154 2503 2313 2151 1928 1596 1756

Tree=0
num_leaves=17
num_cat=0
split_feature=22 22 15 11 11 32 22 33 11 32 30 15 32 20 19 27
split_gain=2.52876 2.94107 1.62036 1.31032 1.22658 0.642417 0.573022 0.594359 0.250833 0.236023 0.234503 0.211336 0.176814 0.117167 0.108696 0.0138476
threshold=1.2066237277540479 0.8697372057168643 2.4643596377694195 -1.0007269389036992 0.86974381404798751 1.0548050007299872 -0.30562884789493161 0.015242800866826623 0.096407032996707748 0.1202727761696388 -0.20684375279129716 0.5008033882347106 0.12025936952467671 1.1749178502113553 -0.74009705578586227 -0.42216760580014218
decision_type=2 2 2 2 2 2 2 2 2 2 2 2 2 2 2 2
left_child=1 4 -3 10 6 9 7 -1 -8 -5 11 -2 -6 -11 -14 -13
right_child=3 2 -4 5 12 -7 8 -9 -10 13 -12 15 14 -15 -16 -17
leaf_value=0.01485193333222674 0.016249154464720805 0.027168504962451753 0.017163231597360443 0.01108770360331442 0.013069330292305423 0.0086095073933255897 0.019441215750575169 0.017260016978569024 0.017605614076006151 0.016265487820117018 0.014549134837287748 0.01807470548753504 0.016578126127383377 0.013951009012487421 0.014685997434161071 0.019912475916894167
leaf_weight=102 34 38 24 26 46 24 137 743 149 28 20 22 47 147 80 24
leaf_count=102 34 38 24 26 46 24 137 743 149 28 20 22 47 147 80 24
internal_value=0.0167428 0.0173097 0.0235398 0.0143769 0.0169963 0.0131193 0.0173594 0.0169601 0.0185142 0.0137842 0.0172007 0.017955 0.0146692 0.0142902 0.0153432 0.0192301
internal_weight=1691 1366 62 325 1304 225 1131 845 286 201 100 80 173 175 127 46
internal_count=1691 1366 62 325 1304 225 1131 845 286 201 100 80 173 175 127 46
is_linear=0
shrinkage=1


Tree=1
num_leaves=17
num_cat=0
split_feature=22 22 15 11 11 29 22 33 11 30 15 33 31 20 19 27
split_gain=2.38847 2.78182 1.5301 1.23869 1.15793 0.623469 0.540243 0.560078 0.235998 0.222451 0.200609 0.176795 0.166681 0.135211 0.10263 0.0126661
threshold=1.2066237277540479 0.8697372057168643 2.4643596377694195 -1.0007269389036992 0.86974381404798751 0.72352834593042814 -0.30562884789493161 0.015242800866826623 0.096407032996707748 -0.20684375279129716 0.5008033882347106 0.015281056841471906 0.112319090973348 1.1749178502113553 -0.66419106774974812 -0.42216760580014218
decision_type=2 2 2 2 2 2 2 2 2 2 2 2 2 2 2 2
left_child=1 4 -3 9 6 11 7 -1 -8 10 -2 13 -6 -5 -14 -12
right_child=3 2 -4 5 12 -7 8 -9 -10 -11 15 -13 14 -15 -16 -17
leaf_value=-0.0018358080960810185 -0.00048008374071906547 0.010135772634570193 0.0004091733167361882 -0.00016393265439647024 -0.0035700594794993495 -0.0074033937287681243 0.0026191513058596424 0.00050171623596355949 0.00083739382242088386 -0.0021364859119007039 0.0012966963659226892 -0.005053078774002291 -0.00032334695929894222 -0.0026648847017896366 -0.0021148655208350761 0.0030851044522391424
leaf_weight=102 34 38 24 26 46 31 137 743 149 20 22 28 57 140 70 24
leaf_count=102 34 38 24 26 46 31 137 743 149 20 22 28 57 140 70 24
internal_value=0 0.000550315 0.00660945 -0.00229994 0.000245422 -0.00352278 0.000598312 0.000210519 0.0017196 0.000444786 0.00118015 -0.00278415 -0.00201545 -0.00230078 -0.00135989 0.00242276
internal_weight=1691 1366 62 325 1304 225 1131 845 286 100 80 194 173 166 127 46
internal_count=1691 1366 62 325 1304 225 1131 845 286 100 80 194 173 166 127 46
is_linear=0
shrinkage=0.03


Tree=2
num_leaves=18
num_cat=0
split_feature=22 22 29 11 11 29 22 33 33 30 33 29 20 31 11 27 29
split_gain=2.2554 2.63125 1.44484 1.17068 1.09328 0.590102 0.509344 0.527776 0.228733 0.21102 0.167675 0.158087 0.126893 0.0999821 0.0934206 0.059199 0.056665
threshold=1.2066237277540479 0.8697372057168643 -0.20454646512394131 -1.0007269389036992 0.86974381404798751 0.72352834593042814 -0.30562884789493161 0.015242800866826623 0.083289979195948771 -0.20684375279129716 0.015281056841471906 -0.20455997353253649 1.1749178502113553 0.11233070301107437 -1.2802479796206354 -0.72251380348026317 -0.20456009576753617
decision_type=2 2 2 2 2 2 2 2 2 2 2 2 2 2 2 2 2
left_child=1 4 -3 9 6 10 7 -1 -8 14 12 16 -5 -13 15 -2 -6
right_child=3 2 -4 5 11 -7 8 -9 -10 -11 -12 13 -14 -15 -16 -17 -18
leaf_value=-0.0017823074100073429 0.00032230866677127778 0.00039826205062369504 0.00985394879012573 -0.00015952342914032008 -0.0012884175743092783 -0.0072008889729485792 0.0019610166843800981 0.00048672529048858926 -0.00068018559396097614 -0.0020807515208447432 -0.0049161566039246903 -0.0034013709224760534 -0.0025866153536370949 -0.0012236947717448306 -0.00025423548759759534 0.00256075432695247 0.0004483661966223735
leaf_weight=102 21 24 38 26 45 31 256 743 30 20 28 67 140 40 25 34 21
leaf_count=102 21 24 38 26 45 31 256 743 30 20 28 67 140 40 25 34 21
internal_value=0 0.000534243 0.00642715 -0.00223548 0.000237654 -0.00342431 0.00058061 0.000203956 0.0016694 0.000432111 -0.00270514 -0.00195908 -0.0022338 -0.00267013 0.00114897 0.00181868 -0.000696859
internal_weight=1691 1366 62 325 1304 225 1131 845 286 100 194 173 166 107 80 55 66
internal_count=1691 1366 62 325 1304 225 1131 845 286 100 194 173 166 107 80 55 66
is_linear=0
shrinkage=0.03


Tree=3
num_leaves=18
num_cat=0
split_feature=22 22 15 11 11 31 23 31 19 11 30 15 32 19 20 29 29
split_gain=2.13002 2.48901 1.36899 1.10582 1.04999 0.559212 0.522397 0.477002 0.444072 0.225739 0.200015 0.186349 0.181176 0.126631 0.0962034 0.0670605 0.00274193
threshold=1.2066237277540479 0.8697372057168643 0.8442798843894358 -1.0007269389036992 0.61983972417402777 0.42343608116002879 -0.51018011322545764 0.11232972134363235 0.28615184173760866 1.1953038592320233 -0.20684375279129716 0.5008033882347106 0.1202727761696388 -0.6166231917733761 1.1749178502113553 -0.20455992061577202 -0.036461729144244219
decision_type=2 2 2 2 2 2 2 2 2 2 2 2 2 2 2 2 2
left_child=1 4 -3 10 6 12 7 -1 -8 13 11 -2 -5 -6 -14 -11 -13
right_child=3 2 -4 5 9 -7 8 -9 -10 15 -12 16 14 -15 -16 -17 -18
leaf_value=0.00055691680818048051 -0.00047955701626031788 0.0099325107618382109 0.0008603102358523757 -0.0052094998886952036 2.9355962909566067e-05 -0.0072873640000820162 0.0015811174022897052 -0.0015620182326618129 -0.00082663615181735605 -0.00092686198428273199 -0.002026471025634395 0.0028073203274016746 -0.000436991459945397 -0.001518644436352578 -0.0025487599985627458 -0.0030118174714673508 0.0012639867940755641
leaf_weight=302 34 35 27 23 94 27 510 136 76 27 20 26 28 86 147 73 20
leaf_count=302 34 35 27 23 94 27 510 136 76 27 20 26 28 86 147 73 20
internal_value=-1.18913e-08 0.000518464 0.00624992 -0.00217316 0.000229941 -0.00332863 0.000677262 -0.000100365 0.00126114 -0.00138521 0.000418753 0.00111735 -0.00267317 -0.000706622 -0.00224079 -0.0025214 0.002316
internal_weight=1691 1366 62 325 1304 225 1024 438 586 280 100 80 198 180 175 100 46
internal_count=1691 1366 62 325 1304 225 1024 438 586 280 100 80 198 180 175 100 46
is_linear=0
shrinkage=0.03


Tree=4
num_leaves=18
num_cat=0
split_feature=22 22 15 11 11 31 23 21 35 11 30 15 31 21 20 29 21
split_gain=2.01169 2.35543 1.2955 1.04532 0.989885 0.529824 0.491627 0.551582 0.458288 0.213227 0.189727 0.176884 0.153083 0.136814 0.122825 0.0608653 0.00621987
threshold=1.2066237277540479 0.8697372057168643 2.4643596377694195 -1.0007269389036992 0.61983972417402777 0.42343608116002879 -0.51018011322545764 1.6471422827062712 -1.5369077527424038 1.3008745178989571 -0.20684375279129716 0.5008033882347106 0.11232993212454449 -0.71486871278712993 1.1749178502113553 -0.20455803853861662 0.35657155421984715
decision_type=2 2 2 2 2 2 2 2 2 2 2 2 2 2 2 2 2
left_child=1 4 -3 10 6 12 8 -8 -1 13 11 -2 -5 -6 -14 -11 -13
right_child=3 2 -4 5 9 -7 7 -9 -10 15 -12 16 14 -15 -16 -17 -18
leaf_value=0.0025702223283622194 -0.00046633681079146226 0.0093237034842008487 0.00036470016345588698 -0.0049543737637308934 -0.0018830342440103152 -0.007090604940056801 0.0015287767910343068 -0.0014967773760901763 -0.00045041950658276426 -0.00085033756634220485 -0.0019736065591240059 0.0027727490141024359 -0.00014347923423388393 -0.00018722852208417071 -0.0025206018201225609 -0.003118939880921971 0.0011793983540619197
leaf_weight=48 34 38 24 23 64 27 529 57 390 21 20 26 26 134 149 61 20
leaf_count=48 34 38 24 23 64 27 529 57 390 21 20 26 26 134 149 61 20
internal_value=-6.38604e-07 0.00050318 0.00607875 -0.00211261 0.000222445 -0.00323607 0.000656835 0.00122326 -9.73549e-05 -0.0013457 0.000406684 0.00108773 -0.00259754 -0.000770217 -0.00219265 -0.00262377 0.00225583
internal_weight=1691 1366 62 325 1304 225 1024 586 438 280 100 80 198 198 175 82 46
internal_count=1691 1366 62 325 1304 225 1024 586 438 280 100 80 198 198 175 82 46
is_linear=0
shrinkage=0.03


Tree=5
num_leaves=18
num_cat=0
split_feature=22 22 15 11 11 32 23 21 33 11 32 30 15 21 20 29 27
split_gain=1.89971 2.22818 1.22885 0.988063 0.934857 0.504384 0.472967 0.529193 0.445238 0.212345 0.181368 0.179968 0.168149 0.147563 0.108673 0.0586508 0.0120649
threshold=1.2066237277540479 0.8697372057168643 0.8442798843894358 -1.0007269389036992 0.59488914071285592 1.0548050007299872 -0.51018011322545764 1.6471422827062712 0.015281162099527902 1.1953038592320233 0.12027283530666093 -0.20684375279129716 0.18482022293752245 -0.71486871278712993 1.1749178502113553 -0.20455992061577202 -0.42216760580014218
decision_type=2 2 2 2 2 2 2 2 2 2 2 2 2 2 2 2 2
left_child=1 4 -3 11 6 10 8 -8 -1 13 -5 12 -2 -6 -12 -11 -14
right_child=3 2 -4 5 9 -7 7 -9 -10 15 14 -13 16 -15 -16 -17 -18
leaf_value=-0.0015114070241346307 -0.00052857166938317403 0.0094004315012379686 0.00080035794430878006 -0.0047083634523784413 -0.0017979874913157386 -0.0071435912880632611 0.0015112617144566419 -0.001454119227902265 0.00054190318427151248 -0.00088079085536301133 -0.00013962013206990625 -0.0019221211398101369 0.001124218530800695 -2.3674443119223441e-05 -0.0023896122926903166 -0.0028478490581834003 0.0027556082050182989
leaf_weight=135 32 35 27 31 63 24 521 57 301 27 26 20 23 127 144 73 25
leaf_count=135 32 35 27 31 63 24 521 57 301 27 26 20 23 127 144 73 25
internal_value=-1.27803e-06 0.000488269 0.00591119 -0.00205367 0.000215159 -0.00314598 0.000646822 0.00120767 -9.30196e-05 -0.0012751 -0.00255591 0.000394931 0.00105888 -0.000646346 -0.00207123 -0.00238699 0.00214484
internal_weight=1691 1366 62 325 1304 225 1014 578 436 290 201 100 80 190 170 100 48
internal_count=1691 1366 62 325 1304 225 1014 578 436 290 201 100 80 190 170 100 48
is_linear=0
shrinkage=0.03


Tree=6
num_leaves=17
num_cat=0
split_feature=22 22 15 29 16 34 23 23 35 21 15 33 10 16 33 21
split_gain=1.79387 2.10881 1.16147 0.852637 0.62488 0.550543 0.460368 0.457072 0.410691 0.329644 0.138183 0.112791 0.060022 0.0523299 0.0444377 0.0361413
threshold=1.2066237277540479 0.8697372057168643 2.4643596377694195 0.72352834593042814 1.1800577762775959 0.20453766028048961 -0.51018011322545764 -0.62129416395891301 -1.333539436921978 1.6471422827062712 -0.011060376097839225 0.015281056841471906 -0.5706312486607289 1.5818335793715834 0.015462558885928438 0.57691288352071413
decision_type=2 2 2 2 2 2 2 2 2 2 2 2 2 2 2 2
left_child=1 4 -3 5 6 7 8 12 -1 -8 13 -9 -2 -6 -12 -7
right_child=3 2 -4 -5 10 15 9 11 -10 -11 14 -13 -14 -15 -16 -17
leaf_value=0.0022816337543727755 0.0018911386349278944 0.0088219593912363062 0.00033363192464134448 -0.0060245212444237301 0 0.0021981947648435315 0.0012120185121598413 -0.0021628780242447967 -0.00053677016383825015 -0.0010926150166330338 -0.0016713663954583738 -0.0044372783014851236 -0.00019509175163693723 -0.0012906330281699245 -0.0037256241301479543 0.0003070355301024392
leaf_weight=49 20 38 24 39 55 26 588 170 426 58 56 28 21 52 20 21
leaf_count=49 20 38 24 39 55 26 588 170 426 58 56 28 21 52 20 21
internal_value=-1.99486e-06 0.00047367 0.00574936 -0.00199644 0.000207915 -0.00137994 0.000476 -0.00196661 -0.000227258 0.000996384 -0.00139935 -0.00256086 0.000813954 -0.000636171 -0.00237089 0.00148233
internal_weight=1691 1366 62 325 1304 286 1121 239 475 646 183 198 41 107 76 47
internal_count=1691 1366 62 325 1304 286 1121 239 475 646 183 198 41 107 76 47
is_linear=0
shrinkage=0.03


Tree=7
num_leaves=18
num_cat=0
split_feature=22 22 15 11 11 31 22 33 33 11 32 30 15 19 20 31 29
split_gain=1.69136 1.99494 1.103 0.897103 0.852989 0.458496 0.426641 0.495154 0.194306 0.189848 0.163261 0.15845 0.152005 0.110559 0.0794916 0.0552264 0.00196353
threshold=1.2066237277540479 0.8697372057168643 0.8442798843894358 -1.0007269389036992 0.59488914071285592 0.86742803845255312 -0.30562884789493161 0.015242800866826623 0.083289979195948771 1.1953038592320233 0.1202727761696388 -0.20684375279129716 0.5008033882347106 -0.6166231917733761 1.6314979621056405 0.11232107322945208 -0.036461729144244219
decision_type=2 2 2 2 2 2 2 2 2 2 2 2 2 2 2 2 2
left_child=1 4 -3 11 6 10 7 -1 -8 13 -5 12 -2 -6 -12 -11 -14
right_child=3 2 -4 5 9 -7 8 -9 -10 15 14 -13 16 -15 -16 -17 -18
leaf_value=-0.0016486233031792967 -0.00041959763317041704 0.008896918048984126 0.00074427522591431631 -0.0046674775116402525 3.6369147932595451e-05 -0.0067924418648084 0.0019843756411105831 0.00056299401831304253 -0.00074480407810411774 -0.0034034894387636864 -0.0012909282459458336 -0.001778482173124085 0.0025497791770171248 -0.0013718372342456508 -0.0027476250211604767 -0.0015798601200935286 0.0011279909064912277
leaf_weight=102 34 35 27 26 100 24 219 670 23 32 97 20 26 90 78 68 20
leaf_count=102 34 35 27 26 100 24 219 670 23 32 97 20 26 90 78 68 20
internal_value=-2.18768e-06 0.000459635 0.00559094 -0.00193886 0.000201093 -0.00297984 0.000613526 0.000261664 0.0017068 -0.00122228 -0.0024167 0.000392788 0.00101641 -0.000626087 -0.00199242 -0.00227468 0.00209974
internal_weight=1691 1366 62 325 1304 225 1014 772 242 290 201 100 80 190 175 100 46
internal_count=1691 1366 62 325 1304 225 1014 772 242 290 201 100 80 190 175 100 46
is_linear=0
shrinkage=0.03


Tree=8
num_leaves=15
num_cat=0
split_feature=22 22 15 29 13 34 23 27 23 32 13 21 10 18
split_gain=1.59802 1.88802 1.04174 0.767485 0.524266 0.445263 0.427112 0.346228 0.28964 0.123755 0.0844747 0.0800947 0.0547736 0.0455789
threshold=1.2066237277540479 0.8697372057168643 0.8442798843894358 1.0317686460080153 1.0938399894836666 0.20453766028048961 -0.62129416395891301 -1.5507610634774773 2.0729518720294795 0.1202727761696388 1.6904216075851854 0.63320879522597362 -0.5706312486607289 0.73156299778099176
decision_type=2 2 2 2 2 2 2 2 2 2 2 2 2 2
left_child=1 4 -3 5 7 6 12 -1 -9 -8 13 -7 -2 -6
right_child=3 2 -4 -5 10 11 9 8 -10 -11 -12 -13 -14 -15
leaf_value=-0.0026664546565152705 0.0018201657517448715 0.0086510820875042374 0.00072417982124024999 -0.0061954482438809728 -0.0014758895688573831 0.0020676481704285832 -0.0046135066409523666 0.00034041285767373542 0.0020903939934883344 -0.0020989937350278012 -0.0027483340396678873 -0.00015143603833392262 -0.00016786382603459058 -3.5566631507558314e-05
leaf_weight=29 20 35 27 31 58 29 23 1051 91 179 39 22 21 36
leaf_count=29 20 35 27 31 58 29 23 1051 91 179 39 22 21 36
internal_value=-2.84155e-06 0.000446009 0.00543795 -0.00188536 0.000194429 -0.00136281 -0.00189891 0.000400311 0.000487591 -0.00246326 -0.00156505 0.00109961 0.000791706 -0.000973365
internal_weight=1691 1366 62 325 1304 294 243 1171 1142 202 133 51 41 94
internal_count=1691 1366 62 325 1304 294 243 1171 1142 202 133 51 41 94
is_linear=0
shrinkage=0.03


Tree=9
num_leaves=17
num_cat=0
split_feature=22 22 19 31 16 23 34 23 35 21 15 32 21 10 16 33
split_gain=1.50806 1.78678 0.990007 0.719682 0.536504 0.40719 0.405214 0.409282 0.381802 0.307747 0.123423 0.121966 0.089405 0.0520857 0.0445245 0.0382689
threshold=1.2066237277540479 0.8697372057168643 0.02705887629282307 0.71086350025934542 1.1800577762775959 -0.51018011322545764 0.20453766028048961 -0.62129416395891301 -1.333539436921978 1.6471422827062712 -0.011060376097839225 0.1202727761696388 0.63320879522597362 -0.5706312486607289 1.5818335793715834 0.015462558885928438
decision_type=2 2 2 2 2 2 2 2 2 2 2 2 2 2 2 2
left_child=1 4 -3 6 5 8 7 13 -1 -7 14 -9 -8 -2 -6 -12
right_child=3 2 -4 -5 10 9 12 11 -10 -11 15 -13 -14 -15 -16 -17
leaf_value=0.0021941469687959537 0.0017726831591850065 0.0080310950119580546 0.00013424253876571758 -0.0063079548716545109 0 0.0011347631602716111 0.0020114339969004502 -0.0044129416182123382 -0.00052303330938843035 -0.0010912678825943805 -0.0015610623249263202 -0.0020370618960979091 -0.00031243581613167544 -0.00016345734035712667 -0.0011825906493447042 -0.0034871348741909729
leaf_weight=49 20 39 23 27 55 588 29 26 426 58 56 179 23 21 52 20
leaf_count=49 20 39 23 27 55 588 29 26 426 58 56 179 23 21 52 20
internal_value=-3.0995e-06 0.000432883 0.00528917 -0.00183191 0.00018808 0.000436648 -0.00135757 -0.00186696 -0.000224447 0.00092616 -0.00130092 -0.00241212 0.000968046 0.000769289 -0.000578765 -0.00221907
internal_weight=1691 1366 62 325 1304 1121 298 246 475 646 183 205 52 41 107 76
internal_count=1691 1366 62 325 1304 1121 298 246 475 646 183 205 52 41 107 76
is_linear=0
shrinkage=0.03


Tree=10
num_leaves=17
num_cat=0
split_feature=22 22 15 11 11 31 22 31 30 31 19 34 17 15 26 27
split_gain=1.42318 1.69012 0.936677 0.777052 0.76133 0.391837 0.37595 0.448126 0.182762 0.166684 0.143342 0.139263 0.136182 0.100625 0.0756131 0.0739684
threshold=1.2066237277540479 0.8697372057168643 0.8442798843894358 -1.0007269389036992 0.59488914071285592 0.86742803845255312 -0.30562884789493161 0.11241251341230356 -0.21415475864602071 0.11232610111211594 -0.60245490796042322 0.14815619123853688 -0.99364857912721061 0.18482022293752245 0.5519198412879569 0.24365892317487323
decision_type=2 2 2 2 2 2 2 2 2 2 2 2 2 2 2 2
left_child=1 4 -3 12 6 11 7 -1 -8 15 -11 -5 -2 -14 -13 -6
right_child=3 2 -4 5 9 -7 8 -9 -10 10 -12 14 13 -15 -16 -17
leaf_value=0.00052798604273775608 -0.0010518705919888374 0.0081901272456896945 0.00066941500569228088 -0.003684465469682918 -0.00055050766302535878 -0.0062778857284122051 0.0034887789536903542 -0.0015758856021832409 0.0011858792171781491 3.5648545120368775e-05 -0.0014658642726488845 -0.0007160957058274781 -0.0002459233816609614 0.0020332859090839823 -0.0022268298216039295 -0.0029966613048856912
leaf_weight=670 34 35 27 48 20 24 38 102 204 109 109 59 24 42 94 52
leaf_count=670 34 35 27 48 20 24 38 102 204 109 109 59 24 42 94 52
internal_value=-3.44966e-06 0.000420036 0.00514319 -0.0017801 0.000181883 -0.00274917 0.000571665 0.000241118 0.00159803 -0.00116267 -0.000711241 -0.002227 0.000387755 0.00118635 -0.00168846 -0.00240637
internal_weight=1691 1366 62 325 1304 225 1014 772 242 290 218 201 100 66 153 72
internal_count=1691 1366 62 325 1304 225 1014 772 242 290 218 201 100 66 153 72
is_linear=0
shrinkage=0.03


Tree=11
num_leaves=17
num_cat=0
split_feature=22 22 19 11 11 31 22 33 11 32 17 19 29 27 34 29
split_gain=1.34535 1.59931 0.888942 0.733935 0.718951 0.371576 0.371441 0.433105 0.193231 0.1321 0.128624 0.120248 0.114611 0.0969511 0.0517927 0.0506788
threshold=1.2066237277540479 0.8697372057168643 0.02705887629282307 -1.0007269389036992 0.49476201466614683 0.86742803845255312 -0.30562884789493161 0.015242800866826623 1.1953038592320233 0.1202727761696388 -0.99364857912721061 -0.6166231917733761 -0.20421500181728211 -0.72251380348026317 0.1851973190687993 -0.20455992061577202
decision_type=2 2 2 2 2 2 2 2 2 2 2 2 2 2 2 2
left_child=1 4 -3 10 6 9 7 -1 11 -5 -2 -6 -8 -12 -11 -10
right_child=3 2 -4 5 8 -7 12 -9 15 14 13 -13 -14 -15 -16 -17
leaf_value=-0.0015270017946943713 -0.0010228730717522872 0.0076007057790245325 0.00011291464147731087 -0.0041951492598344547 9.2765642674122413e-05 -0.0061104756361908385 0.0031567533366181782 0.00056501423214429334 -0.0007039336977526546 -0.0019647872839240899 -3.1008546494624827e-05 -0.0012043956078143033 0.0012883046974938434 0.0021409318292370206 -0.00014607236844123056 -0.002513332978221833
leaf_weight=100 34 39 23 26 132 24 40 638 27 155 30 115 179 36 20 73
leaf_count=100 34 39 23 26 132 24 40 638 27 155 30 115 179 36 20 73
internal_value=-3.70006e-06 0.000407994 0.00500254 -0.00173113 0.000176265 -0.00267297 0.000602192 0.00027246 -0.000984933 -0.002164 0.000375017 -0.000506381 0.00168113 0.00115178 -0.00177975 -0.00208865
internal_weight=1691 1366 62 325 1304 225 957 738 347 201 100 247 219 66 175 100
internal_count=1691 1366 62 325 1304 225 957 738 347 201 100 247 219 66 175 100
is_linear=0
shrinkage=0.03


Tree=12
num_leaves=16
num_cat=0
split_feature=22 22 11 11 11 31 27 21 31 17 34 19 14 26 27
split_gain=1.27161 1.51257 0.845019 0.694572 0.679007 0.36581 0.345322 0.301622 0.154799 0.140605 0.134475 0.128377 0.0802848 0.077 0.0678095
threshold=1.2066237277540479 0.8697372057168643 0.81568299416256107 -1.0474921928349947 0.59488914071285592 0.86742803845255312 -1.5507610634774773 1.6471422827062712 0.11232610111211594 -0.99364857912721061 0.14815619123853688 -0.60245490796042322 0.34722423113139461 0.5519198412879569 0.24365892317487323
decision_type=2 2 2 2 2 2 2 2 2 2 2 2 2 2 2
left_child=1 4 -3 9 6 10 -1 -8 14 -2 -5 -10 -11 -12 -6
right_child=3 2 -4 5 8 -7 7 -9 11 12 13 -13 -14 -15 -16
leaf_value=-0.0025150488296058027 -0.00096828144224626672 0.0078536746743563066 0.00072931402492066547 -0.0034908457262551084 -0.00051480248659778298 -0.0059475295179420053 0.00077503548659614129 -0.0013756994948790017 4.1751840777578765e-05 1.1848590256453583e-05 -0.00064599041142055814 -0.0013779717171294448 0.0023358849374311309 -0.0020972547280425804 -0.0028624594456770204
leaf_weight=29 32 34 28 48 20 24 926 59 109 26 65 109 32 98 52
leaf_count=29 32 34 28 48 20 24 926 59 109 26 65 109 32 98 52
internal_value=-3.93234e-06 0.000396271 0.00486453 -0.0016834 0.00017085 -0.00253515 0.000539069 0.000639387 -0.00109875 0.000518384 -0.00205506 -0.000663605 0.00139508 -0.00155874 -0.00229701
internal_weight=1691 1366 62 325 1304 235 1014 985 290 90 211 218 58 163 72
internal_count=1691 1366 62 325 1304 235 1014 985 290 90 211 218 58 163 72
is_linear=0
shrinkage=0.03


Tree=13
num_leaves=18
num_cat=0
split_feature=20 22 19 11 31 22 34 21 23 22 20 36 19 11 23 30 20
split_gain=1.2228 1.27639 0.829627 0.805738 0.750871 0.496707 0.524693 0.337578 0.295792 0.219167 0.163753 0.122987 0.0946968 0.0811916 0.0484033 0.0453299 0.0300875
threshold=0.4065269301941436 0.8697372057168643 0.02705887629282307 0.58425982598694448 0.54918898093464386 -0.71704105652273487 0.19725730347017692 1.6471422827062712 -0.62129416395891301 -0.92126556291532491 -0.80730800142724835 0.029896493421508605 0.031108060983012362 -0.58133380945524837 -0.66282708583500949 -0.20970145436961241 -1.6647877237652959
decision_type=2 2 2 2 2 2 2 2 2 2 2 2 2 2 2 2 2
left_child=1 3 -3 7 5 11 8 9 -7 -1 16 14 -12 -9 -2 -8 -5
right_child=4 2 -4 10 -6 6 15 13 -10 -11 12 -13 -14 -15 -16 -17 -18
leaf_value=0.0001952962681792582 -0.00058001369179408175 0.0071956350665007317 0.0002991239997558296 0.00072644228267381556 -0.005428487872376161 -0.00030813379810735726 0.001543470773068045 0 -0.0022777808457331546 0.0013293267156015871 -0.0024095703900448586 0.0023304843518554288 -0.00065665868310154306 -0.0022941106304526326 0.00070059533442836254 2.7965031517669555e-05 -0.0004840466942305543
leaf_weight=234 38 39 27 21 31 98 41 25 270 490 92 31 51 32 67 37 67
leaf_count=234 38 39 27 21 31 98 41 25 270 490 92 31 51 32 67 37 67
internal_value=-4.50763e-06 0.000601628 0.00455348 0.000328245 -0.00107304 -0.000809277 -0.00129382 0.000790799 -0.00176807 0.000969248 -0.00121289 0.000751781 -0.00183129 -0.00136095 0.000206121 0.000889275 -0.000147787
internal_weight=1691 1078 66 1012 613 582 446 781 368 724 231 136 143 57 105 78 88
internal_count=1691 1078 66 1012 613 582 446 781 368 724 231 136 143 57 105 78 88
is_linear=0
shrinkage=0.03


Tree=14
num_leaves=18
num_cat=0
split_feature=20 22 15 11 29 31 34 21 11 22 11 36 21 11 20 32 25
split_gain=1.15156 1.20768 0.795374 0.759216 0.735276 0.47622 0.487397 0.319016 0.253987 0.20609 0.158202 0.104944 0.0855778 0.0766888 0.0409825 0.0323333 0.0286169
threshold=0.4065269301941436 0.8697372057168643 0.68876453967574058 0.58425982598694448 0.72352834593042814 0.11232972134363235 0.19725730347017692 1.6471422827062712 -1.0474921928349947 -0.92126556291532491 1.3008745178989571 0.029896493421508605 -0.70639402425073439 -0.58133380945524837 0.8185626409280109 0.1202737956838512 1.1617029698827788
decision_type=2 2 2 2 2 2 2 2 2 2 2 2 2 2 2 2 2
left_child=1 3 -3 7 5 11 8 9 -7 -1 12 16 -5 -9 -8 -12 -2
right_child=4 2 -4 10 -6 6 14 13 -10 -11 15 -13 -14 -15 -16 -17 -18
leaf_value=0.00018951154953971081 0.0005575357486618819 0.0074388016873114813 0.00077981573005339924 -0.0016465098173083627 -0.0048909786221172126 2.4356826511211687e-05 0.0017982487944886087 0 -0.0020325725321318185 0.0012896895746114373 -0.0028596881867945195 0.0022667388072346939 -0.00012946087261960388 -0.0022311864731567243 0.00027792167534350468 -0.00098174798369407654 -0.00058589476812630887
leaf_weight=234 79 34 32 48 39 62 27 25 304 490 47 31 114 32 50 22 21
leaf_count=234 79 34 32 48 39 62 27 25 304 490 47 31 114 32 50 22 21
internal_value=-4.29508e-06 0.000583866 0.00442796 0.000317862 -0.00104129 -0.000750457 -0.00122139 0.000766935 -0.00167864 0.000940483 -0.00117798 0.000811385 -0.000618903 -0.00132424 0.000895966 -0.00236845 0.000278218
internal_weight=1691 1078 66 1012 613 574 443 781 366 724 231 131 162 57 77 69 100
internal_count=1691 1078 66 1012 613 574 443 781 366 724 231 131 162 57 77 69 100
is_linear=0
shrinkage=0.03


Tree=15
num_leaves=17
num_cat=0
split_feature=22 22 15 11 11 31 22 31 11 30 32 17 23 14 35 29
split_gain=1.0589 1.28058 0.72113 0.608168 0.584859 0.31725 0.316561 0.35881 0.160519 0.143799 0.125512 0.123165 0.103802 0.0722566 0.0628397 0.0399737
threshold=1.2066237277540479 0.8697372057168643 2.4643596377694195 -1.0474921928349947 0.49476201466614683 0.86742803845255312 -0.30562884789493161 0.11241251341230356 1.1953038592320233 -0.21415475864602071 0.1202727761696388 -0.99364857912721061 2.0918304728822523 0.34722423113139461 0.35879700194550329 -0.20455992061577202
decision_type=2 2 2 2 2 2 2 2 2 2 2 2 2 2 2 2
left_child=1 4 -3 11 6 10 7 -1 12 -8 -5 -2 -6 -13 -12 -10
right_child=3 2 -4 5 8 -7 9 -9 15 -11 14 13 -14 -15 -16 -17
leaf_value=0.00049974995330176767 -0.0008674937840018953 0.0068932477686463331 0.00018815740280681185 -0.0038517900802965818 -0.00069532714508139344 -0.0055137428078386522 0.0033730585513370376 -0.0014041991746019194 -0.00064603073298931119 0.0011548864604343085 -0.0017264632763191391 2.1154464094032496e-05 0.001088378099512986 0.0022346922309004831 0 -0.002281016519783359
leaf_weight=638 32 38 24 26 217 24 32 100 27 187 165 26 30 32 20 73
leaf_count=638 32 38 24 26 217 24 32 100 27 187 165 26 30 32 20 73
internal_value=-4.12318e-06 0.000360922 0.00447236 -0.00153685 0.000153327 -0.00233425 0.000537701 0.000233073 -0.000893696 0.00153372 -0.00188636 0.000521134 -0.000456222 0.00134144 -0.00153713 -0.00190037
internal_weight=1691 1366 62 325 1304 235 957 738 347 219 211 90 247 58 185 100
internal_count=1691 1366 62 325 1304 235 957 738 347 219 211 90 247 58 185 100
is_linear=0
shrinkage=0.03


Tree=16
num_leaves=20
num_cat=0
split_feature=19 11 23 29 33 30 35 11 23 32 29 23 35 19 23 23 11 33 30
split_gain=0.924861 0.711786 0.792278 0.609681 0.593741 0.945177 0.448851 0.364972 0.426324 0.263767 0.218467 0.16253 0.113339 0.106133 0.0829073 0.114831 0.0438784 0.0404744 0.032676
threshold=0.51386980483387168 0.41309077591262217 -0.51018011322545764 0.72352834593042814 0.015279356425638843 -0.21417689700905776 -1.5369077527424038 -1.2802479796206354 -0.62129416395891301 0.12027254623951213 -0.20455968374117059 -0.76207458746100998 0.35879700194550329 1.0239581426083022 1.9499712721885676 0.54971847750871372 0.88262656137719986 0.015281162063520969 -0.21131004344670964
decision_type=2 2 2 2 2 2 2 2 2 2 2 2 2 2 2 2 2 2 2
left_child=1 2 6 7 5 -4 -1 18 13 -6 -8 16 -10 -9 15 -13 -3 -16 -2
right_child=3 11 4 -5 9 -7 10 8 12 -11 -12 14 -14 -15 17 -17 -18 -19 -20
leaf_value=0.0030259204378337871 0.001800069900881499 -0.00068012186540695639 0.0057029563361804371 -0.004635992431747062 0.0016778694492845425 0.0010810944292920105 0.00050736841385578277 -0.00020020851279558562 -0.0022115303489903745 7.1781331271102468e-06 -0.0011807955484372501 -7.9720414375575874e-05 0 0.0020277615234903668 0.0011295787775624456 -0.0013157068396926503 -0.0028379990439329826 -0.00036835656506857209 0.00022368776628198765
leaf_weight=31 37 20 70 39 185 96 100 108 196 162 198 177 21 20 41 113 32 20 25
leaf_count=31 37 20 70 39 185 96 100 108 196 162 198 177 21 20 41 113 32 20 25
internal_value=-4.00891e-06 0.000414305 0.000910968 -0.00117337 0.00164529 0.00311446 -0.000229517 -0.000802762 -0.00118793 0.000913211 -0.00060492 -0.000615062 -0.00199006 0.000163476 -0.000363679 -0.000580108 -0.00214496 0.000597332 0.00125025
internal_weight=1691 1245 842 446 513 166 329 407 345 347 298 403 217 128 351 290 52 61 62
internal_count=1691 1245 842 446 513 166 329 407 345 347 298 403 217 128 351 290 52 61 62
is_linear=0
shrinkage=0.03


Tree=17
num_leaves=17
num_cat=0
split_feature=22 22 19 11 11 31 22 33 11 36 32 21 15 19 29 29
split_gain=0.943466 1.16408 0.652235 0.550262 0.526925 0.277854 0.260751 0.306253 0.166061 0.112334 0.110641 0.0937254 0.100245 0.0842729 0.0463706 0.0306899
threshold=1.2066237277540479 0.8697372057168643 0.02705887629282307 -1.0007269389036992 0.73636900287007945 0.86742803845255312 -0.30562884789493161 0.015242800866826623 -0.1129642570178553 0.02988285510399771 0.1202727761696388 0.63320879522597362 0.5008033882347106 -0.58626126009149726 -0.20450164070941726 -0.19729455666095261
decision_type=2 2 2 2 2 2 2 2 2 2 2 2 2 2 2 2
left_child=1 4 -3 11 6 10 7 -1 -8 15 -5 12 -2 -11 -12 -6
right_child=3 2 -4 5 9 -7 8 -9 -10 13 14 -13 -14 -15 -16 -17
leaf_value=-0.0013603845589444973 -0.00016228085396976052 0.0064862909976925167 5.905209299033651e-05 -0.0036711512958181314 -0.003041137578732827 -0.005243083347876867 0.0022487261040005251 0.00037194196444769606 0.00063769529592983334 -3.1036608576621137e-05 -0.00065874579111714995 -0.0012011312044411897 0.0018767841924415079 -0.0013982551533584322 -0.0018394016320029656 -0.0010782402552185185
leaf_weight=102 38 39 23 26 31 24 93 713 173 85 59 22 40 84 116 23
leaf_count=102 38 39 23 26 31 24 93 713 173 85 59 22 40 84 116 23
internal_value=-3.54685e-06 0.000340927 0.00426092 -0.00145042 0.0001429 -0.00226648 0.000419356 0.000147274 0.0012309 -0.00117174 -0.00182448 0.000369125 0.000877138 -0.000740578 -0.00147602 -0.00235847
internal_weight=1691 1366 62 325 1304 225 1081 815 266 223 201 100 78 169 175 54
internal_count=1691 1366 62 325 1304 225 1081 815 266 223 201 100 78 169 175 54
is_linear=0
shrinkage=0.03


Tree=18
num_leaves=23
num_cat=0
split_feature=20 33 30 29 31 34 11 21 23 29 23 17 31 36 20 20 23 29 20 25 11 11
split_gain=0.917215 0.858213 1.2233 0.594259 0.403148 0.430115 0.396858 0.234248 0.221943 0.167272 0.165756 0.120024 0.119598 0.0949882 0.0680747 0.0642136 0.034245 0.0290123 0.0288038 0.0265326 0.0226226 0.0144828
threshold=0.4065269301941436 0.015279688054422794 -0.21417689700905776 0.72352834593042814 0.11232972134363235 0.19725730347017692 0.58425982598694448 2.010947800889809 -0.62129416395891301 -0.20456009603274286 0.24280636650222961 0.72548245773864461 0.11232610111211594 0.029896493421508605 -0.11686978344076858 0.13926052323163526 -0.66282708583500949 -0.19235051034661313 0.8185626409280109 -0.099332293321484397 0.24987046561136855 -0.27352833173347646
decision_type=2 2 2 2 2 2 2 2 2 2 2 2 2 2 2 2 2 2 2 2 2 2
left_child=1 2 11 4 13 8 7 9 -6 -3 19 15 17 16 -14 -1 -2 -8 -7 -4 -12 -9
right_child=3 6 10 -5 5 18 12 21 -10 -11 20 -13 14 -15 -16 -17 -18 -19 -20 -21 -22 -23
leaf_value=0.0070875735551118851 -0.00045412845509902881 0.0021361619493089103 0.00032609226956653098 -0.0043917462346809251 -0.00030436786250123433 0.0016583486689254641 -0.0024731475816418729 -0.00068070872283905101 -0.0019917784832600462 0.00041614430980364912 0.0022417904773727056 0.002272509676525774 -0.00087014695316254512 0.0021531806252896783 0.00068287085552674398 0.0036744867801666256 0.00065828357525336151 -0.0007088834129263769 0.00034175485373421944 -0.00061197618963115764 0.00066915152282812269 -0.0022793550435453651
leaf_weight=32 33 55 42 39 103 27 51 20 263 542 37 20 101 31 29 27 67 20 50 58 23 21
leaf_count=32 33 55 42 39 103 27 51 20 263 542 37 20 101 31 29 27 67 20 50 58 23 21
internal_value=-4.07822e-06 0.000520646 0.00209496 -0.000929751 -0.000667718 -0.00110137 6.27524e-05 0.00043266 -0.00153137 0.000589493 0.000536277 0.00508009 -0.00108577 0.000768204 -0.00049356 0.00582741 0.000259526 -0.0020656 0.000885793 -0.000190839 0.00174714 -0.00166729
internal_weight=1691 1078 239 613 574 443 839 638 366 597 160 79 201 131 130 59 100 71 77 100 60 41
internal_count=1691 1078 239 613 574 443 839 638 366 597 160 79 201 131 130 59 100 71 77 100 60 41
is_linear=0
shrinkage=0.03


Tree=19
num_leaves=18
num_cat=0
split_feature=20 22 15 11 29 31 34 21 11 22 11 16 20 11 23 20 32
split_gain=0.864661 0.93829 0.609382 0.585821 0.562118 0.380049 0.406707 0.27299 0.232235 0.166081 0.131194 0.0903574 0.0732653 0.0675543 0.0305462 0.0280371 0.0270659
threshold=0.4065269301941436 0.8697372057168643 0.68876453967574058 0.58425982598694448 0.72352834593042814 0.11232972134363235 0.19277757582987481 1.6471422827062712 -0.29080701527896652 -0.92126556291532491 1.3008745178989571 -0.34149231316810752 -0.50663329359442655 -0.58133380945524837 -0.66282708583500949 0.8185626409280109 0.1202737956838512
decision_type=2 2 2 2 2 2 2 2 2 2 2 2 2 2 2 2 2
left_child=1 3 -3 7 5 11 8 9 -7 -1 12 -2 -5 -9 -13 -8 -12
right_child=4 2 -4 10 -6 6 15 13 -10 -11 16 14 -14 -15 -16 -17 -18
leaf_value=0.00015188430843667033 0.0020453730990799765 0.0065318073384665158 0.00068753250922475538 -1.756383017332197e-05 -0.0042694047263690405 -0.00073894621699643111 0.0015049488074992865 0 -0.0023057892640855901 0.0011405427118104624 -0.0025756142576783894 -0.00045073470843822827 -0.0013584365801328456 -0.0021186190781848769 0.00061167581090020289 0.00026814130971800879 -0.00085215014300309123
leaf_weight=234 33 34 32 104 39 190 30 25 171 490 47 32 58 32 66 52 22
leaf_count=234 33 34 32 104 39 190 30 25 171 490 47 32 58 32 66 52 22
internal_value=-3.23587e-06 0.000506182 0.00389479 0.000271372 -0.000902053 -0.000647053 -0.00106819 0.000666162 -0.00150226 0.000827076 -0.001042 0.000746741 -0.000531782 -0.00126689 0.000231979 0.000793072 -0.00212617
internal_weight=1691 1078 66 1012 613 574 443 781 361 724 231 131 162 57 98 82 69
internal_count=1691 1078 66 1012 613 574 443 781 361 724 231 131 162 57 98 82 69
is_linear=0
shrinkage=0.03


Tree=20
num_leaves=18
num_cat=0
split_feature=20 22 19 11 29 31 34 21 11 22 11 23 36 11 20 23 32
split_gain=0.813866 0.888619 0.576446 0.55644 0.531747 0.370275 0.360878 0.237216 0.225803 0.188385 0.163888 0.107721 0.0857573 0.0593875 0.0381383 0.0306283 0.0250668
threshold=0.4065269301941436 0.8697372057168643 -0.11463168299380776 0.43370376895323576 1.0317686460080153 0.11232972134363235 0.19277757582987481 1.6471422827062712 -0.29080701527896652 -0.92126556291532491 1.3008745178989571 1.9499712721885676 0.029896493421508605 -0.58133380945524837 0.8185626409280109 -0.66282708583500949 0.1202737956838512
decision_type=2 2 2 2 2 2 2 2 2 2 2 2 2 2 2 2 2
left_child=1 3 -3 7 5 12 8 9 -7 -1 11 -5 15 -9 -8 -2 -12
right_child=4 2 -4 10 -6 6 14 13 -10 -11 16 -13 -14 -15 -16 -17 -18
leaf_value=0.00014701324243840709 -0.00043132481105082358 0.0062778361114232163 0.00058412543780115591 -0.0007355522634960003 -0.0045419720737811401 -0.00071712242934998823 0.0014639047308697957 0 -0.0022530160869458321 0.0012409962125289231 -0.0025029818871617317 0.00079182391471113072 0.0020421329046983049 -0.0020568217016756533 0.00010330426220395366 0.00061935983654610549 -0.00082965337698886284
leaf_weight=220 33 35 31 185 31 190 30 25 175 437 47 49 31 27 56 67 22
leaf_count=220 33 35 31 185 31 190 30 25 175 437 47 49 31 27 56 67 22
internal_value=-3.26449e-06 0.000490911 0.00378867 0.000262322 -0.000875332 -0.000652611 -0.00106176 0.000723674 -0.00147403 0.000881549 -0.00080392 -0.000397084 0.000725821 -0.00115575 0.000644987 0.000241044 -0.00206792
internal_weight=1691 1078 66 1012 613 582 451 709 365 657 303 234 131 52 86 100 69
internal_count=1691 1078 66 1012 613 582 451 709 365 657 303 234 131 52 86 100 69
is_linear=0
shrinkage=0.03


Tree=21
num_leaves=18
num_cat=0
split_feature=20 22 15 11 31 22 34 34 23 26 21 11 23 16 20 30 32
split_gain=0.766447 0.841336 0.548762 0.524375 0.507022 0.33059 0.370949 0.230299 0.217205 0.191898 0.167104 0.155194 0.101663 0.0901064 0.0360188 0.027905 0.0231952
threshold=0.4065269301941436 0.8697372057168643 0.68876453967574058 0.43370376895323576 0.54918898093464386 -0.71704105652273487 0.19725730347017692 0.14817668741613046 -0.62129416395891301 -1.0627516843254425 1.6471422827062712 1.3008745178989571 1.9499712721885676 -0.34149231316810752 0.77401823976759276 -0.20970145436961241 0.1202737956838512
decision_type=2 2 2 2 2 2 2 2 2 2 2 2 2 2 2 2 2
left_child=1 3 -3 7 5 13 8 10 -7 -9 -1 12 -5 -2 -15 -8 -13
right_child=4 2 -4 11 -6 6 15 9 -10 -11 -12 16 -14 14 -16 -17 -18
leaf_value=0.00059981949963832325 0.0019397704424336552 0.0061879097823355654 0.00063801182255681071 -0.00071383782536221145 -0.0044299957015935115 -0.00017591871527982599 0.0013230692313835868 0.0033897161632776259 -0.001863730442762032 0.00088933350373529183 -0.0011254584544676948 -0.0024323978447914124 0.00076943964465485447 0.00058380734518615764 -0.00053190032699494618 9.6492059715092175e-05 -0.00080775054224766787
leaf_weight=528 33 34 32 185 31 98 41 45 270 84 52 47 49 66 37 37 22
leaf_count=528 33 34 32 185 31 98 41 45 270 84 52 47 49 66 37 37 22
internal_value=-3.13565e-06 0.000476375 0.00368526 0.00025387 -0.000849469 -0.000631886 -0.00102782 0.000701801 -0.0014274 0.0018415 0.000434998 -0.00078106 -0.000384771 0.000639125 0.000151007 0.000803392 -0.0020113
internal_weight=1691 1078 66 1012 613 582 446 709 368 129 580 303 234 136 103 78 69
internal_count=1691 1078 66 1012 613 582 446 709 368 129 580 303 234 136 103 78 69
is_linear=0
shrinkage=0.03


Tree=22
num_leaves=16
num_cat=0
split_feature=22 22 19 11 11 31 27 11 34 17 31 29 14 19 29
split_gain=0.693824 0.884211 0.506869 0.456673 0.412888 0.227492 0.214539 0.191046 0.101209 0.0934964 0.0763511 0.0733513 0.0586119 0.0458979 0.000219438
threshold=1.2066237277540479 0.8697372057168643 0.02705887629282307 -1.0474921928349947 0.86974381404798751 0.86742803845255312 -1.5507610634774773 -0.10817015526844113 0.14815619123853688 -0.99364857912721061 0.112319090973348 -0.20450164070941726 0.34722423113139461 -0.74819387972032525 -0.19789161445923995
decision_type=2 2 2 2 2 2 2 2 2 2 2 2 2 2 2
left_child=1 4 -3 9 6 8 -1 -8 -5 -2 14 -10 -11 -12 -6
right_child=3 2 -4 5 10 -7 7 -9 11 12 13 -13 -14 -15 -16
leaf_value=-0.0020781131568364799 -0.00066890207220401086 0.0056702990228576326 0 -0.0027880078847793972 -0.0027433368489146229 -0.0046330512166023255 0.00079130221735393468 0 -0.00017323362182577188 4.2864498457518115e-05 0 -0.0015834545469752895 0.002054988791447665 -0.0011975232522901413 -0.0012746355993592221
leaf_weight=29 32 39 23 48 26 24 558 544 56 26 46 107 32 81 20
leaf_count=29 32 39 23 48 26 24 558 544 56 26 46 107 32 81 20
internal_value=-2.65181e-06 0.000292501 0.00370906 -0.00124368 0.000119621 -0.00193564 0.000331267 0.000402856 -0.00155416 0.000535012 -0.00122905 -0.00112892 0.00124865 -0.000780301 -0.00228313
internal_weight=1691 1366 62 325 1304 235 1131 1102 211 90 173 163 58 127 46
internal_count=1691 1366 62 325 1304 235 1131 1102 211 90 173 163 58 127 46
is_linear=0
shrinkage=0.03


Tree=23
num_leaves=18
num_cat=0
split_feature=20 22 14 11 31 22 34 21 11 17 20 10 11 11 19 20 20
split_gain=0.691611 0.752954 0.493553 0.474988 0.4568 0.303176 0.340286 0.234837 0.211471 0.148043 0.122461 0.0835507 0.065325 0.0600924 0.0451112 0.0321472 0.0245324
threshold=0.4065269301941436 0.8697372057168643 0.65965295498127607 0.56824323355030115 0.54918898093464386 -0.71704105652273487 0.19277757582987481 1.6471422827062712 -0.46197577030341458 -0.77091056383207535 -0.48436109301421748 -0.53979791510963293 1.1658235505525016 -0.58133380945524837 0.089808104724633256 0.77401823976759276 0.8185626409280109
decision_type=2 2 2 2 2 2 2 2 2 2 2 2 2 2 2 2 2
left_child=1 3 -3 7 5 11 8 9 -7 -1 12 -2 -5 -9 -12 -13 -8
right_child=4 2 -4 10 -6 6 16 13 -10 -11 14 15 -14 -15 -16 -17 -18
leaf_value=-0.00015367616391248214 0.0020624762821043361 0.0062447425900027153 0.00094617103035561742 8.496903511607371e-05 -0.0042065793825861288 -0.00051678888160838852 0.0013771542213349178 0 -0.0020155383457743522 0.00095196390345743008 -0.0022195390021887175 0.00058469457001570843 -0.0011925156596116723 -0.0019920475538287843 -0.00047265204519499087 -0.00043923961690118786 0.00022517007711992068
leaf_weight=127 26 29 37 96 31 159 30 25 204 592 64 72 51 32 25 38 53
leaf_count=127 26 29 37 96 31 159 30 25 204 592 64 72 51 32 25 38 53
internal_value=-3.18178e-06 0.000452229 0.0034881 0.000241557 -0.000807223 -0.000600386 -0.00097969 0.000602193 -0.00137687 0.000752688 -0.000924382 0.000616224 -0.000353226 -0.00118888 -0.00179286 0.000202153 0.000709949
internal_weight=1691 1078 66 1012 613 582 446 776 363 719 236 136 147 57 89 110 83
internal_count=1691 1078 66 1012 613 582 446 776 363 719 236 136 147 57 89 110 83
is_linear=0
shrinkage=0.03


Tree=24
num_leaves=18
num_cat=0
split_feature=20 22 19 11 31 22 11 33 29 30 23 23 11 16 23 15 23
split_gain=0.651008 0.71359 0.470209 0.450796 0.432557 0.285891 0.309007 0.223264 0.16835 0.161868 0.144684 0.130349 0.0967257 0.079166 0.0671078 0.0386432 0.0321706
threshold=0.4065269301941436 0.8697372057168643 -0.11463168299380776 0.41309077591262217 0.54918898093464386 -0.71704105652273487 -1.0474921928349947 0.015279356425638843 -0.20456009603274286 -0.21416924471188109 1.9499712721885676 -0.58947023680709798 1.5271100599519458 -0.34149231316810752 -0.5576463096552845 -0.38568367501027095 -0.66282708583500949
decision_type=2 2 2 2 2 2 2 2 2 2 2 2 2 2 2 2 2
left_child=1 3 -3 7 5 13 14 9 -9 -1 12 -8 -5 -2 -7 -12 -15
right_child=4 2 -4 10 -6 6 11 8 -10 -11 15 -13 -14 16 -16 -17 -18
leaf_value=0.0033960299486430682 0.001818740368937142 0.0056423995028200896 0.00049365438761956551 -0.00075989800059815516 -0.0040915170040200744 0.00094120514685806767 -0.00052252646189555516 0.0021868551916294646 0.00023863364512864587 0.00098053536735191607 0.0014454487660326635 -0.0017942288094764554 -0.0025439622574618885 -0.00050362114751333141 -0.00083519486139994122 0 0.00055006280768176775
leaf_weight=38 33 35 31 219 31 76 122 41 532 89 23 227 32 37 21 38 66
leaf_count=38 33 35 31 219 31 76 122 41 532 89 23 227 32 37 21 38 66
internal_value=-3.1537e-06 0.000438634 0.00339414 0.000233466 -0.000783288 -0.00058187 -0.000950285 0.000657663 0.000393907 0.00178805 -0.000705935 -0.00136644 -0.00102652 0.000599166 0.000513105 0.000552601 0.000139712
internal_weight=1691 1078 66 1012 613 582 446 700 573 127 312 349 251 136 97 61 103
internal_count=1691 1078 66 1012 613 582 446 700 573 127 312 349 251 136 97 61 103
is_linear=0
shrinkage=0.03


Tree=25
num_leaves=24
num_cat=0
split_feature=20 33 30 32 11 33 34 11 29 29 19 23 26 29 11 15 15 17 30 29 11 17 11
split_gain=0.614588 0.64099 0.895092 0.411192 0.268509 0.220713 0.268472 0.178862 0.176169 0.267228 0.151154 0.137923 0.123383 0.0971432 0.0491153 0.0489503 0.0447935 0.0378443 0.0345893 0.0269538 0.0183775 0.0181957 0.00713062
threshold=0.4065269301941436 0.015279688054422794 -0.21417689700905776 0.90147862196556583 0.58425982598694448 0.015281162126824276 0.19277757582987481 -0.46197577030341458 -0.20456009603274286 -0.20456009569873715 -0.17738091142561793 0.24280636650222961 0.38882170738761351 -0.20455294856806353 1.6756211831551511 1.1870232528926696 0.29943856090157916 -0.2117707314524401 -0.20970145436961241 -0.19860578658826286 0.24987046561136855 0.26447944336605334 0.13629188763707337
decision_type=2 2 2 2 2 2 2 2 2 2 2 2 2 2 2 2 2 2 2 2 2 2 2
left_child=1 2 10 5 8 6 7 -2 22 -10 -1 19 16 15 -15 -6 -7 -14 -8 -4 -13 -12 -3
right_child=3 4 11 -5 13 12 18 -9 9 -11 21 20 17 14 -16 -17 -18 -19 -20 -21 -22 -23 -24
leaf_value=0.0059666185858281888 -0.00048195437070723893 0.0025832881289720531 -0.00069860769985770831 -0.0042069398477673527 -0.00062544491220473586 0.00024991154274903236 0.0011412235952346869 -0.0018719463542315746 -0.0011470667013561832 0.00048365983151999755 0.0034961889783541363 0.0020046124062035233 0.0017085314857590188 -0.0011049822234947765 -0.0030316791557099504 0.00084989051986485717 -0.001384523039935362 0.0003800612631289718 0 0.00023462571898686158 0.00057367355904828479 0.001450464886263944 0.0012129286210304901
leaf_weight=34 159 22 50 27 100 21 43 198 108 475 24 37 44 60 20 21 31 49 41 50 23 21 33
leaf_count=34 159 22 50 27 100 21 43 198 108 475 24 37 44 60 20 21 31 49 41 50 23 21 33
internal_value=-2.5329e-06 0.000426669 0.00178712 -0.000760584 3.0578e-05 -0.00057608 -0.000910585 -0.00127038 0.000335589 0.000172125 0.00434114 0.000450975 0.00041884 -0.000913559 -0.00171497 -0.000330834 -0.000692289 0.00107359 0.000575152 -0.000209622 0.00155714 0.00275434 0.00191806
internal_weight=1691 1078 239 613 839 586 441 357 638 583 79 160 145 201 80 121 52 93 84 100 60 45 55
internal_count=1691 1078 239 613 839 586 441 357 638 583 79 160 145 201 80 121 52 93 84 100 60 45 55
is_linear=0
shrinkage=0.03


Tree=26
num_leaves=23
num_cat=0
split_feature=20 33 30 31 11 31 34 23 21 19 30 23 30 21 26 11 17 30 30 23 17 16
split_gain=0.580251 0.607664 0.847444 0.389797 0.253792 0.252347 0.294415 0.177359 0.173175 0.141426 0.138704 0.13056 0.0919277 0.0753465 0.0726288 0.0548747 0.0386048 0.0254881 0.0238007 0.01796 0.0167205 0.0103459
threshold=0.4065269301941436 0.015279688054422794 -0.21417689700905776 0.54918898093464386 0.58425982598694448 0.11232972134363235 0.19725730347017692 -0.62129416395891301 2.010947800889809 -0.17738091142561793 -0.214232499328287 0.24280636650222961 -0.21423125010607966 -0.093796662555702723 0.38882170738761351 1.7356623139025269 -0.2117707314524401 -0.21307091798652059 -0.20970145436961241 0.68645348654236016 0.26447944336605334 -0.18691779641528306
decision_type=2 2 2 2 2 2 2 2 2 2 2 2 2 2 2 2 2 2 2 2 2 2
left_child=1 2 9 5 8 14 7 -7 10 -1 -3 17 13 -6 -2 -14 -16 -4 -8 -13 -11 -10
right_child=3 4 11 -5 12 6 18 -9 21 20 -12 19 15 -15 16 -17 -18 -19 -20 -21 -22 -23
leaf_value=0.0058021335195045211 -0.00045999122889735168 0.0018679631952826607 -0.00067883580190322864 -0.0038793778257334936 -0.00098386565615194571 -0.00014854954084917411 0.0012196930954391559 -0.001650106600858271 -0.00059649671105991881 0.0034029573632611164 0.00030405974585873743 0.002311980307102203 -0.0010371383159052067 0.00062722921190201295 0.0016605471960179745 -0.0029218531387007751 0.00034977265210102567 0.0002279853652196251 8.0855780700221644e-05 0.00088075063979652308 0.0014123901854036375 -0.0020126581629738211
leaf_weight=34 38 55 50 31 50 103 41 267 20 24 542 21 84 47 44 20 52 50 37 39 21 21
leaf_count=34 38 55 50 31 50 103 41 267 20 24 542 21 84 47 44 20 52 50 37 39 21 21
internal_value=-1.76819e-06 0.000415221 0.00173984 -0.000738392 2.94705e-05 -0.000546924 -0.000889965 -0.00124471 0.000326102 0.00422508 0.000461757 0.000439166 -0.000888319 -0.000177834 0.000572435 -0.00149938 0.00101296 -0.000202865 0.000739515 0.00151554 0.00268286 -0.0014778
internal_weight=1691 1078 239 613 839 582 448 370 638 79 597 160 201 97 134 104 96 100 78 60 45 41
internal_count=1691 1078 239 613 839 582 448 370 638 79 597 160 201 97 134 104 96 100 78 60 45 41
is_linear=0
shrinkage=0.03


Tree=27
num_leaves=17
num_cat=0
split_feature=22 22 11 11 11 22 23 30 31 19 32 17 29 14 33 29
split_gain=0.515624 0.673187 0.390961 0.370228 0.333421 0.206311 0.200466 0.183566 0.175833 0.133223 0.0957272 0.078399 0.0617466 0.051964 0.0431316 0.0292493
threshold=1.2066237277540479 0.8697372057168643 0.81568299416256107 -1.0474921928349947 -0.098988310007715838 -0.30562884789493161 1.9499712721885676 -0.21423249924931909 0.86742803845255312 -0.052894750987564715 0.1202727761696388 -0.99364857912721061 -0.20450164070941726 0.34722423113139461 0.015281162063520969 -0.20421500181728211
decision_type=2 2 2 2 2 2 2 2 2 2 2 2 2 2 2 2
left_child=1 4 -3 11 5 9 7 -6 10 -1 -5 -2 -12 -13 -8 -7
right_child=3 2 -4 8 6 15 14 -9 -10 -11 12 13 -14 -15 -16 -17
leaf_value=-8.1100862853598731e-05 -0.00057082055370722491 0.0052682619795605939 0.00039685623278661118 -0.0030495828996444569 -0.0018428447287463184 0.0030722629724515842 0.0012159839797790885 -0.00031817750586602631 -0.0040725855463080935 0.0009065637899143621 -0.00021351490560919046 3.819527451334328e-05 -0.0014455344217433213 0.0019400184385478497 -9.6879920226326379e-05 0.0014395444473833776
leaf_weight=259 32 34 28 26 81 20 78 542 24 222 62 26 123 32 25 77
leaf_count=259 32 34 28 26 81 20 78 542 24 222 62 26 123 32 25 77
internal_value=-1.19557e-06 0.000253001 0.00323428 -0.00107129 0.00010186 0.000639508 -0.000322941 -0.000529083 -0.00169501 0.00037134 -0.00135726 0.0005272 -0.00105859 0.00118046 0.000875302 0.00188826
internal_weight=1691 1366 62 325 1304 578 726 623 235 481 211 90 185 58 103 97
internal_count=1691 1366 62 325 1304 578 726 623 235 481 211 90 185 58 103 97
is_linear=0
shrinkage=0.03


Tree=28
num_leaves=18
num_cat=0
split_feature=20 22 11 14 29 31 34 34 11 26 29 11 23 10 23 32 20
split_gain=0.516818 0.576584 0.379265 0.376207 0.353419 0.243253 0.270259 0.196669 0.168039 0.147547 0.139448 0.122661 0.0773569 0.0622579 0.0239345 0.0196282 0.0176377
threshold=0.4065269301941436 0.8697372057168643 0.41309077591262217 0.65965295498127607 0.72352834593042814 0.11232972134363235 0.19277757582987481 0.14817668741613046 -0.29579912059436025 -1.0627516843254425 -0.20432490620486879 1.3008745178989571 1.9499712721885676 -0.53979791510963293 -0.66282708583500949 0.1202737956838512 0.82969874121811538
decision_type=2 2 2 2 2 2 2 2 2 2 2 2 2 2 2 2 2
left_child=1 2 7 -3 5 13 8 10 -7 -9 -1 12 -4 -2 -15 -13 -8
right_child=4 3 11 -5 -6 6 16 9 -10 -11 -12 15 -14 14 -16 -17 -18
leaf_value=6.4297802357973489e-05 0.0018688731742701652 0.0054583672704175117 -0.00059852874428651911 0.00081848468219395721 -0.0033682997721646512 -0.00053229971148175531 0.00122699155726337 0.003013475977117196 -0.0018643370076375349 0.00079848064332104776 0.0011372043343185216 -0.0021351577574014661 0.00066141131073183543 -0.0003321229607926829 0.00056762313145557284 -0.00065572617139667271 0.00022713724017266255
leaf_weight=426 26 29 191 37 39 189 32 45 172 82 147 47 52 35 70 22 50
leaf_count=426 26 29 191 37 39 189 32 45 172 82 147 47 52 35 70 22 50
internal_value=-1.02228e-06 0.000392416 0.000207679 0.00304938 -0.00069632 -0.000493006 -0.000830667 0.000596987 -0.00118533 0.00165783 0.000349244 -0.000653613 -0.000311939 0.000619501 0.000239035 -0.0017521 0.000682153
internal_weight=1691 1078 1012 66 613 574 443 700 361 127 573 312 243 131 105 69 82
internal_count=1691 1078 1012 66 613 574 443 700 361 127 573 312 243 131 105 69 82
is_linear=0
shrinkage=0.03


Tree=29
num_leaves=18
num_cat=0
split_feature=20 22 15 11 31 22 34 22 34 29 26 11 26 36 30 20 32
split_gain=0.48732 0.546071 0.3584 0.35812 0.337375 0.22833 0.241523 0.196713 0.185815 0.140705 0.139165 0.116165 0.0748497 0.0652661 0.0364225 0.0221173 0.0181467
threshold=0.4065269301941436 0.8697372057168643 0.68876453967574058 0.41309077591262217 0.71086350025934542 -0.71704105652273487 0.17085084673656145 1.952169046352884 0.14817668741613046 -0.20456009603274286 -1.0627516843254425 1.3008745178989571 0.38882170738761351 0.029896493421508605 -0.20618613690041007 0.78515434005769735 0.1202737956838512
decision_type=2 2 2 2 2 2 2 2 2 2 2 2 2 2 2 2 2
left_child=1 3 -3 8 5 13 7 -7 9 -1 -10 12 -5 15 -8 -2 -13
right_child=4 2 -4 11 -6 6 14 -9 10 -11 -12 16 -14 -15 -16 -17 -18
leaf_value=0.0019779929721473969 0.00045764968581686448 0.004991365210228675 0.00048769494666318805 0.0004876422915393996 -0.0037982106894254683 -0.0016988689968234585 0.00070239439898370096 1.8305356130720327e-05 0.002928721946431324 0.0001968148089642582 0.00077537169790114547 -0.0020749463123828174 -0.00064168791744635776 0.0016994501466945033 -0.00024796023832501042 -0.0004213195114925101 -0.00063841500372625892
leaf_weight=41 71 34 32 70 27 241 67 75 45 532 82 47 173 31 67 34 22
leaf_count=41 71 34 32 70 27 241 67 75 45 532 82 47 173 31 67 34 22
internal_value=-3.88292e-07 0.000381606 0.00296739 0.00020174 -0.000675606 -0.000508026 -0.000835068 -0.00128557 0.000580104 0.00033911 0.00161142 -0.000635069 -0.000302192 0.000547184 0.000210295 0.000141456 -0.00170427
internal_weight=1691 1078 66 1012 613 586 450 316 700 573 127 312 243 136 134 105 69
internal_count=1691 1078 66 1012 613 586 450 316 700 573 127 312 243 136 134 105 69
is_linear=0
shrinkage=0.03


Tree=30
num_leaves=18
num_cat=0
split_feature=20 22 19 11 31 22 34 23 20 29 23 26 33 36 15 30 23
split_gain=0.459671 0.516838 0.340442 0.339591 0.319692 0.215304 0.228155 0.195023 0.187816 0.32045 0.172474 0.127877 0.1149 0.0617591 0.0478191 0.0363296 0.0263092
threshold=0.4065269301941436 0.8697372057168643 0.02705887629282307 0.17636576903665158 0.71086350025934542 -0.71704105652273487 0.18086120364687275 -0.62129416395891301 0.1615327238118443 -0.20432490620486879 1.9499712721885676 -0.63869653618454991 0.015281162035664304 0.029896493421508605 -0.30217101900039306 -0.20970145436961241 -0.66282708583500949
decision_type=2 2 2 2 2 2 2 2 2 2 2 2 2 2 2 2 2
left_child=1 3 -3 8 5 13 7 -7 9 -1 12 -10 -5 16 -12 -8 -2
right_child=4 2 -4 10 -6 6 15 -9 11 -11 14 -13 -14 -15 -16 -17 -18
leaf_value=-0.00022269842569869365 -0.00043315860842888399 0.0045798034843589578 0.0001279571162071079 -0.00011103180800833238 -0.0036956588640809059 -3.3011941017933409e-05 0.00095507862168364211 -0.0016504033489771126 0.0033978957543996245 0.001375913050410128 0.0014068479305754103 0.0010335953079418025 -0.0012402566751679748 0.0016529651728479245 0 -8.4759884750220304e-05 0.00050702443656378557
leaf_weight=289 38 39 27 153 27 98 47 241 30 179 42 85 188 31 46 64 67
leaf_count=289 38 39 27 153 27 98 47 241 30 179 42 85 188 31 46 64 67
internal_value=0 0.000371114 0.00288682 0.000196043 -0.000655673 -0.000492402 -0.000810061 -0.001196 0.000668046 0.000387236 -0.000438637 0.0017465 -0.000747703 0.000531892 0.000711196 0.000342763 0.000136409
internal_weight=1691 1078 66 1012 613 586 450 339 583 468 429 115 341 136 88 111 105
internal_count=1691 1078 66 1012 613 586 450 339 583 468 429 115 341 136 88 111 105
is_linear=0
shrinkage=0.03


Tree=31
num_leaves=20
num_cat=0
split_feature=11 23 19 22 35 22 14 23 23 19 30 23 11 14 27 11 27 17 19
split_gain=0.410372 0.432551 0.422628 0.529888 0.314768 0.214263 0.183416 0.168313 0.219226 0.157452 0.127998 0.0959298 0.0509503 0.044985 0.0401497 0.0398883 0.058812 0.0372565 0.0219696
threshold=0.49476201466614683 -0.51018011322545764 0.28615184173760866 0.8697372057168643 -1.5369077527424038 1.3016557784945137 -0.12963660525702209 -0.59783076004189695 -0.57167041314591438 1.0239581426083022 1.3469197297613229 -0.76207458746100998 -0.54787379579666073 -0.66360384274683082 0.37245794097095475 1.2201374363081332 -0.29841637970845186 0.59270233028079777 0.089808104724633256
decision_type=2 2 2 2 2 2 2 2 2 2 2 2 2 2 2 2 2 2 2
left_child=1 4 3 6 10 11 -3 9 -9 -6 -1 18 -4 -14 -7 17 -17 -13 -2
right_child=5 2 12 -5 7 14 -8 8 -10 -11 -12 15 13 -15 -16 16 -18 -19 -20
leaf_value=0.0032507071137428283 -0.0019836780188564698 0.001401284898755397 0.00015382072376147939 0.0046578555860017478 -0.00019877424171603779 -0.003621014642027708 0.00015644879182075442 -0.00266522958168858 -0.00054821880403659626 0.0020225828213151541 0 -0.00034678606560839141 -1.5691458806395524e-05 -0.0016149504491728848 -0.001332575324357354 0 -0.0013907021472352693 0.00046224386121432933 -0.00053840502511916884
leaf_weight=27 43 284 33 35 274 23 180 54 234 29 20 142 27 56 25 48 58 75 24
leaf_count=27 43 284 33 35 274 23 180 54 234 29 20 142 27 56 25 48 58 75 24
internal_value=0 0.000275359 0.000842366 0.0012227 -0.000267911 -0.000788381 0.000928906 -0.000463272 -0.000978852 2.17718e-05 0.00200905 -0.000534905 -0.000758112 -0.00114829 -0.00263644 -0.000301937 -0.0007725 -5.10407e-05 -0.00155409
internal_weight=1691 1253 615 499 638 438 464 591 288 303 47 390 116 83 48 323 106 217 67
internal_count=1691 1253 615 499 638 438 464 591 288 303 47 390 116 83 48 323 106 217 67
is_linear=0
shrinkage=0.03


Tree=32
num_leaves=17
num_cat=0
split_feature=19 22 21 14 15 23 23 23 23 26 35 15 31 10 34 16
split_gain=0.383898 0.483405 0.324523 0.319961 0.198382 0.157551 0.219038 0.145703 0.13586 0.109025 0.199083 0.137558 0.0655718 0.0343394 0.0194959 0.011964
threshold=0.51386980483387168 0.8697372057168643 0.76819823685490607 0.65965295498127607 0.5008033882347106 -1.0377021599114733 -0.51018011322545764 -0.58003093638071312 -1.1906188268189222 0.61715909484809428 0.18514169852941323 0.77804577231121319 0.10888630503167855 -0.21124469027969139 0.17085084673656145 -0.55726035687616637
decision_type=2 2 2 2 2 2 2 2 2 2 2 2 2 2 2 2
left_child=1 4 9 -3 5 8 -7 -4 -1 10 11 -2 -6 -14 15 -9
right_child=2 3 7 -5 12 6 -8 14 -10 -11 -12 -13 13 -15 -16 -17
leaf_value=0.00025407118289731445 0.00048347476929536842 0.0049231162145733833 -0.0036622266583144669 0.00070044002502358377 -0.0023780446368455886 -0.00049897871638076685 0.00047018121014488464 -0.00059221772915159818 0.0034905715826153753 0.0012701847618949171 -0.0016523457578993563 -0.0012865801718927774 9.0383861690941371e-05 -0.00093152779205357304 -0.00020500978801156513 -0.0018671084975993091
leaf_weight=27 160 29 36 39 22 295 695 22 22 34 84 49 38 78 20 41
leaf_count=27 160 29 36 39 22 295 695 22 22 34 84 49 38 78 20 41
internal_value=0 0.00026934 -0.000753571 0.00267547 0.000121337 0.000266197 0.000177735 -0.00207787 0.00188243 -0.000248039 -0.000445439 4.2001e-05 -0.00093049 -0.000577714 -0.00125202 -0.00151452
internal_weight=1691 1245 446 68 1177 1039 990 119 49 327 293 209 138 116 83 63
internal_count=1691 1245 446 68 1177 1039 990 119 49 327 293 209 138 116 83 63
is_linear=0
shrinkage=0.03


Tree=33
num_leaves=20
num_cat=0
split_feature=20 22 19 21 15 13 17 31 26 26 22 29 32 36 26 23 21 20 17
split_gain=0.379796 0.443315 0.29184 0.277227 0.250641 0.140017 0.15407 0.136606 0.143698 0.198606 0.120096 0.091933 0.0837185 0.0731692 0.0706629 0.106127 0.0519201 0.0188595 0.000361531
threshold=0.4065269301941436 0.8697372057168643 -0.025568935353389836 0.76819823685490607 0.14935753780909963 0.33837499504004226 -0.77091056383207535 0.11232972127747186 0.61715909484809428 0.51930021450788832 -0.47602572033189178 -0.20456009603276051 0.1202737956838512 0.029896492365826716 0.51930021450788832 -0.55710692105949 0.0091100663664041449 0.77401823976759276 -0.54301302565206189
decision_type=2 2 2 2 2 2 2 2 2 2 2 2 2 2 2 2 2 2 2
left_child=1 4 -3 7 5 6 -1 13 9 -9 12 -7 -6 17 15 -5 -12 -2 -15
right_child=3 2 -4 14 10 11 -8 8 -10 -11 16 -13 -14 18 -16 -17 -18 -19 -20
leaf_value=-0.00023756150465041787 0.00030432676672887971 0.0043870148962506881 0.00030174166163090958 -0.0039592777447354406 -0.0020102586209110609 0.0016065779809394606 0.00094824584757438211 0.00016144314640695299 0.0012159743805314064 -0.0012822839532579695 0.00066541128932498387 -0.00037568147374939708 0 0.0017446884599424176 -0.00058972751863492544 -0.0013397586942709822 -0.00055491466472910639 -0.00066663160564244862 0.00070846314832527675
leaf_weight=121 46 36 30 28 70 20 436 130 33 228 47 215 24 28 31 44 79 25 20
leaf_count=121 46 36 30 28 70 20 436 130 33 228 47 215 24 28 31 44 79 25 20
internal_value=0 0.000337396 0.00266741 -0.000595927 0.000175049 0.000426258 0.000685397 -0.000296948 -0.000570966 -0.00075273 -0.000709419 -0.000176249 -0.00150483 0.000570708 -0.00199771 -0.00251608 -7.15693e-05 -1.01848e-05 0.00143882
internal_weight=1691 1078 66 613 1012 792 557 510 391 358 220 235 94 119 103 72 126 71 48
internal_count=1691 1078 66 613 1012 792 557 510 391 358 220 235 94 119 103 72 126 71 48
is_linear=0
shrinkage=0.03


Tree=34
num_leaves=20
num_cat=0
split_feature=11 20 22 31 22 11 21 23 17 31 17 27 21 19 36 11 27 36 21
split_gain=0.371773 0.386075 0.575822 0.20283 0.183888 0.165818 0.165517 0.143203 0.134136 0.0872582 0.0743788 0.0504168 0.0481437 0.0481203 0.0439689 0.0412735 0.035555 0.0197702 0.000230088
threshold=0.49476201466614683 0.4065269301941436 0.8697372057168643 0.11232972127747186 1.3016557784945137 -1.0474921928349947 1.6471422827062712 -0.59783076004189695 -0.77091056383207535 0.11232610111211594 -1.234796791504561 0.059720295687959439 -0.3456153584260318 0.079687461168033366 0.029911900483532813 -0.58872298089382602 0.37245794097095475 0.029896492365826716 -0.69307673005545711
decision_type=2 2 2 2 2 2 2 2 2 2 2 2 2 2 2 2 2 2 2
left_child=1 2 6 17 9 10 8 -7 -1 11 -5 -2 13 -11 -14 -8 -6 -3 -19
right_child=4 3 -4 5 16 7 15 -9 -10 12 -12 -13 14 -15 -16 -17 -18 18 -20
leaf_value=-0.00025761865648554679 -0.00017181786209006201 0.00014822620357517733 0.004240435944726834 -0.00067937584610011138 -0.0033931851046016584 -0.00013535113170630588 0 -0.0015140031430637463 0.00081009558897958986 -0.00091627126763491192 0.00093008229581796576 -0.0018044085909496061 0.0004425080567712679 0.00048841752430424097 -0.0005742025696304871 -0.0017183746312032725 -0.001231270921557942 0.00069444007141029711 0.0017237711552658985
leaf_weight=124 30 23 36 36 23 113 24 191 561 114 68 61 109 22 54 31 25 20 26
leaf_count=124 30 23 36 36 23 113 24 191 561 114 68 61 109 22 54 31 25 20 26
internal_value=0 0.000261882 0.000675206 -0.000404295 -0.000750595 -0.000663935 0.000481303 -0.00101765 0.000612175 -0.000514794 0.000341497 -0.00132077 -0.000248881 -0.000661822 8.33214e-05 -0.00104427 -0.00246467 0.00105299 0.00140738
internal_weight=1691 1253 776 477 438 408 740 304 685 390 104 91 299 136 163 55 48 69 46
internal_count=1691 1253 776 477 438 408 740 304 685 390 104 91 299 136 163 55 48 69 46
is_linear=0
shrinkage=0.03


Tree=35
num_leaves=21
num_cat=0
split_feature=11 20 35 30 31 11 19 23 21 17 35 23 10 17 11 20 27 17 36 11
split_gain=0.351462 0.363009 0.449983 0.41613 0.192336 0.156183 0.15411 0.134665 0.125153 0.109563 0.0878674 0.0858946 0.0732806 0.0702902 0.0467106 0.0585139 0.0430625 0.0348369 0.018606 0.00577799
threshold=0.49476201466614683 0.4065269301941436 0.18523628178136325 -0.21417689700905776 0.11232972127747186 -1.0474921928349947 0.75575682294792501 -0.59783076004189695 2.010947800889809 -0.77091056383207535 0.23254823682200351 -0.76207458746100998 -0.371955538255963 -1.234796791504561 1.2201374363081332 -0.11686978344076858 -0.25406940474492429 0.59270233028079777 0.029896492365826716 0.94308988793967174
decision_type=2 2 2 2 2 2 2 2 2 2 2 2 2 2 2 2 2 2 2 2
left_child=1 2 8 12 18 13 11 -7 9 -1 -5 19 -4 -6 17 -16 -8 -13 -3 -2
right_child=6 4 3 10 5 7 16 -9 -10 -11 -12 14 -14 -15 15 -17 -18 -19 -20 -21
leaf_value=-0.00053379002539440991 -0.0007157869390794076 0.00014429250879654246 0.0051273670951204921 -0.00023725667639333317 -0.00066056236869189891 -0.00013139560742801506 -0.0031484506978756849 -0.0014692854250065042 -0.0013084878722230704 0.00056714180250772971 0.0014464597876205864 -0.00029478632906977718 0.0024722533408044413 0.00090335880105160693 -0.0012694258222457121 0.0001155797428516962 -0.0011772880355427153 0.00049584081106404947 0.0013714342564914602 -0.0019236567318439482
leaf_weight=93 21 23 28 44 36 113 24 191 39 471 60 140 41 68 71 37 38 74 46 33
leaf_count=93 21 23 28 44 36 113 24 191 39 471 60 140 41 68 71 37 38 74 46 33
internal_value=0 0.000254278 0.000655107 0.00199263 -0.000391573 -0.000644542 -0.000730151 -0.000987893 0.000258457 0.00037845 0.000719401 -0.00048211 0.0037601 0.000330622 -0.000277812 -0.000777606 -0.00209657 -4.49172e-06 0.00102711 -0.00156896
internal_weight=1691 1253 776 173 477 408 438 304 603 564 104 376 69 104 322 108 62 214 69 54
internal_count=1691 1253 776 173 477 408 438 304 603 564 104 376 69 104 322 108 62 214 69 54
is_linear=0
shrinkage=0.03


Tree=36
num_leaves=23
num_cat=0
split_feature=11 23 19 22 23 17 22 19 14 29 23 20 35 30 29 17 14 19 14 21 13 11
split_gain=0.334359 0.389475 0.349062 0.37373 0.235298 0.193442 0.191439 0.158433 0.131642 0.104593 0.0794592 0.0743766 0.0742304 0.0620869 0.105187 0.0490917 0.0368831 0.035565 0.0296167 0.0237902 0.0165016 0.00128216
threshold=0.36672755625247283 -0.51018011322545764 0.25174072435346134 0.8697372057168643 -0.59783076004189695 0.3514754540189462 1.3016557784945137 -0.60245490796042322 -0.12963660525702209 -0.20455873315204534 1.9499712721885676 1.2640066525321914 0.18478931615080749 -0.21423249924931909 -0.20456008353651042 0.11891167619307887 -0.53604577066109826 2.1999944213287073 -0.70336213956084215 -0.84683136077456977 0.23685184565131526 0.8068626456839908
decision_type=2 2 2 2 2 2 2 2 2 2 2 2 2 2 2 2 2 2 2 2 2 2
left_child=1 4 3 8 7 12 10 19 -3 -9 13 -7 -6 -2 -15 18 -12 -8 -4 -1 -17 -18
right_child=6 2 15 -5 5 11 17 9 -10 -11 16 -13 -14 14 -16 20 21 -19 -20 -21 -22 -23
leaf_value=-0.0013185917226246043 -0.0015938046627184924 0.0013821115146173274 -4.2255680684162214e-05 0.0041574583808715281 -0.0005847204041100391 0.0010598301412020291 -0.0031691233867715144 -0.00017688744044025545 0.00024960530150673106 0.0010673369892374466 0.0013115772385920942 -0.00088906981229782095 -0.0018097431960160887 0.00041191437837275624 -0.0007390182621978313 0.00043905789572990645 6.1265048650966479e-05 -0.0011285586021439139 -0.0016154253302618513 0 -0.00057221355222408538 -0.0002113358330534538
leaf_weight=46 48 251 20 34 89 51 26 86 159 173 26 22 123 92 262 35 21 26 40 20 20 21
leaf_count=46 48 251 20 34 89 51 26 86 159 173 26 22 123 92 262 35 21 26 40 20 20 21
internal_value=0 0.000280167 0.000851257 0.00123337 -0.000239887 -0.000867423 -0.00063084 0.000304169 0.000955187 0.000645452 -0.000424013 0.000421106 -0.00132475 -0.000587635 -0.000430555 -0.000592474 0.000484986 -0.0023206 -0.00116564 -0.000961463 9.02221e-06 -1.33711e-05
internal_weight=1691 1169 559 444 610 285 522 325 410 259 470 73 212 402 354 115 68 52 60 66 55 42
internal_count=1691 1169 559 444 610 285 522 325 410 259 470 73 212 402 354 115 68 52 60 66 55 42
is_linear=0
shrinkage=0.03


Tree=37
num_leaves=20
num_cat=0
split_feature=11 20 22 22 29 34 33 20 29 26 11 22 13 15 15 29 19 36 7
split_gain=0.315219 0.331756 0.482783 0.181753 0.174156 0.183032 0.181421 0.145771 0.234086 0.121001 0.112498 0.0858026 0.0692855 0.0754309 0.0813167 0.0660878 0.0332726 0.00848264 0.00718634
threshold=0.36672755625247283 0.4065269301941436 0.8697372057168643 1.3016557784945137 -0.20450164070941726 0.16937163842174061 -0.10000571537514323 0.1615327238118443 -0.20432490620486879 -0.63869653618454991 -0.31106924931626662 -0.71704105652273487 1.6904216075851854 1.9549704952558655 0.22040179207210756 -0.20456009602900962 2.1999944213287073 0.029633084460022278 1.7168823218556095
decision_type=2 2 2 2 2 2 2 2 2 2 2 2 2 2 2 2 2 2 2
left_child=1 2 7 12 10 17 -7 8 -1 -9 15 -12 13 14 -2 -3 -5 -6 -14
right_child=3 4 -4 16 5 6 -8 9 -10 -11 11 -13 18 -15 -16 -17 -18 -19 -20
leaf_value=-0.00022074235399281055 -8.4059749769604478e-05 0 0.0039815807746429194 -0.0030838848884249554 -0.00097851445212549827 -0.0020882923170924186 0.00053352243312340425 0.0029840840091928836 0.0010362486591151421 0.00077520960423322488 0.00046559829922096637 -0.0014290160813368855 -0.0017602719697169958 0.0013095644732192158 -0.0010428397670219621 0.0016320337880689362 -0.00109820424685062 -0.0017779428457943142 -0.00056358501139987748
leaf_weight=337 282 31 35 26 56 27 111 31 214 94 41 37 33 22 113 62 26 93 20
leaf_count=337 282 31 35 26 56 27 111 31 214 94 41 37 33 22 113 62 26 93 20
internal_value=-2.92531e-07 0.000271591 0.000677546 -0.000612953 -0.000352415 -0.000804283 0 0.000485225 0.000265006 0.00140355 0.000389534 -0.000415732 -0.000411246 -0.000267113 -0.000371674 0.00108805 -0.00225965 -0.00152247 -0.00141665
internal_weight=1691 1169 711 522 458 287 138 676 551 125 171 78 470 417 395 93 52 149 53
internal_count=1691 1169 711 522 458 287 138 676 551 125 171 78 470 417 395 93 52 149 53
is_linear=0
shrinkage=0.03


Tree=38
num_leaves=22
num_cat=0
split_feature=11 23 19 30 35 29 19 26 30 30 26 29 32 23 11 29 11 27 27 29 11
split_gain=0.298769 0.316196 0.323473 0.251986 0.247446 0.217786 0.133524 0.12734 0.220764 0.127305 0.151808 0.116558 0.0895439 0.0779975 0.0741584 0.0543404 0.0417208 0.0470961 0.0372025 0.0271193 0.00511659
threshold=0.49476201466614683 -0.51018011322545764 -0.19357378707762579 -0.21415475864602071 -1.5369077527424038 -0.20448561998268874 0.75575682294792501 0.58453946806802559 -0.2142238201578609 -0.21423249919648649 0.51930021450788832 -0.17701835233099752 0.12027254623955475 -0.76207458746100998 0.086155147036088467 -0.20455873315204534 1.2201374363081332 -0.29841637970845186 -0.25406940474492429 -0.20456009603276223 0.94308988793967174
decision_type=2 2 2 2 2 2 2 2 2 2 2 2 2 2 2 2 2 2 2 2 2
left_child=1 4 3 5 11 -3 13 8 -6 12 -11 -1 -4 20 -5 -9 19 -18 -8 -15 -2
right_child=6 2 9 14 7 -7 18 15 -10 10 -12 -13 -14 16 -16 -17 17 -19 -20 -21 -22
leaf_value=0.0029699896477162835 -0.00066286944708554075 0.0017627247142069972 0.00031521342792160191 0.0011274803170887606 0.00057274405392672629 0.005261538552201313 -0.0029286947200695673 -0.00022956391264531041 -0.0010495509197427021 0.0015370592494227018 -0.00012381056905861606 0 -0.0013360563994859918 0.00090705866804077784 -8.9083964453654026e-05 0.00081191195318764385 0 -0.0012691380221081237 -0.0010842738124064919 -0.00012467895873468827 -0.0018146452723691859
leaf_weight=27 21 97 42 116 93 20 24 85 329 76 124 20 75 23 65 84 49 59 38 191 33
leaf_count=27 21 97 42 116 93 20 24 85 329 76 124 20 75 23 65 84 49 59 38 191 33
internal_value=-4.93753e-07 0.000233606 0.00071857 0.00142326 -0.00023037 0.0025024 -0.000674026 -0.000404096 -0.000683453 3.96123e-05 0.00050593 0.00178731 -0.000725232 -0.000442521 0.000679959 0.000275783 -0.000247628 -0.000719595 -0.00194662 0 -0.00147783
internal_weight=1691 1253 615 298 638 117 438 591 422 317 200 47 117 376 181 169 322 108 62 214 54
internal_count=1691 1253 615 298 638 117 438 591 422 317 200 47 117 376 181 169 322 108 62 214 54
is_linear=0
shrinkage=0.03


Tree=39
num_leaves=19
num_cat=0
split_feature=23 35 16 31 21 29 36 35 14 21 16 24 23 22 23 29 32 8
split_gain=0.267247 0.286337 0.268492 0.213526 0.201786 0.169848 0.146387 0.129149 0.126414 0.122704 0.107465 0.109515 0.10591 0.042131 0.0409516 0.0387456 0.0308284 0.0120113
threshold=-0.51018011322545764 -1.333539436921978 -0.65765151051069648 0.71086350025934542 0.9758275049005084 -0.20418062944357998 0.029891652046463223 0.14627034353622995 -0.90635735354507563 1.485518368910802 0.79810967223900586 -0.34529366414365842 -0.52878901978033244 -1.1027285295610256 0.9372691835863235 -0.20455843188215075 0.12027254623955475 0.090763207557490358
decision_type=2 2 2 2 2 2 2 2 2 2 2 2 2 2 2 2 2 2
left_child=1 8 4 7 5 6 -2 13 -1 10 11 -4 -9 -3 -7 -12 -6 -11
right_child=2 3 9 -5 16 14 -8 12 -10 17 15 -13 -14 -15 -16 -17 -18 -19
leaf_value=-8.6103676251419214e-05 0.0044825514282190032 -2.4860345609967815e-05 0.00098210036302705033 -0.0030741876080632208 0.00048061772148447256 -0.00021375647854802082 0.0016442717286263358 -5.0280295013527069e-05 0.002754864570232374 -0.00051625631356280515 0.00011462466367152765 2.3580176918109091e-05 -0.0012056840383664294 -0.0014812577910602047 0.0012814046964689622 -0.00064890719869364259 -0.00087698794306197668 -0.001817083723306182
leaf_weight=20 28 26 195 27 23 29 61 462 32 23 92 249 83 120 27 139 29 26
leaf_count=20 28 26 195 27 23 29 61 462 32 23 92 249 83 120 27 139 29 26
internal_value=-3.06497e-07 -0.000413675 0.000342263 -0.000574494 0.00131613 0.00188375 0.00268687 -0.000459632 0.00166254 6.88095e-05 0.000180151 0.000455029 -0.000237352 -0.00124776 0.000484779 -0.000334425 -0.000228501 -0.00132919
internal_weight=1691 770 921 718 197 145 89 691 52 724 675 444 545 146 56 231 52 49
internal_count=1691 770 921 718 197 145 89 691 52 724 675 444 545 146 56 231 52 49
is_linear=0
shrinkage=0.03


Tree=40
num_leaves=22
num_cat=0
split_feature=11 22 32 35 22 22 34 33 19 22 33 30 33 31 16 20 20 9 14 20 33
split_gain=0.27767 0.250653 0.25062 0.322949 0.166545 0.116698 0.116185 0.202257 0.112457 0.116346 0.107771 0.146357 0.0993894 0.116744 0.0750866 0.0678426 0.0445549 0.0302668 0.0154792 0.00461075 0.000497219
threshold=-0.10817015526844113 1.3016557784945137 0.12037546317857349 0.18565338822898894 0.77470515497639825 -0.46558897745255751 0.16937163842174061 -0.10000571537514323 -0.99311778812316065 -1.1068979821183478 0.015281162035664304 -0.214232499328292 0.015271578669512511 0.11233105674329213 1.6578602244307441 1.0635568473103103 0.79629044034780183 -0.1781099181620682 0.10181087221905419 1.6426340623957449 0.015203019331377314
decision_type=2 2 2 2 2 2 2 2 2 2 2 2 2 2 2 2 2 2 2 2 2
left_child=2 5 3 12 17 8 20 -8 18 -10 14 -12 -1 -14 -7 -3 -9 -5 -2 -17 -4
right_child=1 15 6 4 -6 10 7 16 9 -11 11 -13 13 -15 -16 19 -18 -19 -20 -21 -22
leaf_value=-0.0013224281205598694 0.00095569525161922405 -0.0034368799407359049 -0.0012583710423205046 0.0019875224237532719 0.0044664917169459943 0.0007449145191295274 -0.0019750056104734541 0.0016706699036766546 0.00029197694710746873 -0.0011710563542780251 0.00087064102936834013 -0.00087730906397988113 0.00038607132348275858 0.0019056527024521579 -0.00080534645560527993 -0.0004739158514725125 0.0002856638494118209 0.00018962493338040075 0 -0.001477513489377543 -0.00056213498968136263
leaf_weight=23 31 20 81 20 26 214 27 34 57 226 56 149 440 50 28 20 68 21 28 45 27
leaf_count=23 31 20 81 20 26 214 27 34 57 226 56 149 440 50 28 20 68 21 28 45 27
internal_value=-3.09592e-07 -0.000373138 0.000394778 0.000731455 0.00265418 -0.000198704 -0.000415502 0.000173081 -0.000614698 -0.000865921 0.000114883 -0.000379727 0.000460554 0.000557869 0.000545636 -0.00189624 0.000810447 0.00121055 0.000525522 -0.00124736 -0.00113124
internal_weight=1691 874 817 580 67 789 237 129 342 283 447 205 513 490 242 85 102 41 59 65 108
internal_count=1691 874 817 580 67 789 237 129 342 283 447 205 513 490 242 85 102 41 59 65 108
is_linear=0
shrinkage=0.03


Tree=41
num_leaves=23
num_cat=0
split_feature=20 33 30 21 13 29 30 31 33 26 26 10 21 34 36 30 17 20 32 21 14 20
split_gain=0.250097 0.325692 0.461019 0.206541 0.151354 0.130001 0.206508 0.108364 0.104716 0.096898 0.111651 0.0967541 0.0570734 0.054524 0.0490173 0.0252182 0.0185958 0.0158532 0.0157014 0.010967 0.00427255 0.000411882
threshold=0.4065269301941436 0.015279688054422794 -0.21416924471188109 0.9758275049005084 1.5943718736463566 -0.20456009603273653 -0.21423249924931909 0.11232972134363235 0.013440733253269789 0.61715909484809428 0.51930021450788832 -0.371955538255963 0.60596886009272244 0.14815522387773597 0.029896492365826716 -0.19853222985695793 -0.35549162874613099 0.77401823976759276 0.25386886939646758 -0.36740739805904693 0.70170686041440733 0.13926052323163526
decision_type=2 2 2 2 2 2 2 2 2 2 2 2 2 2 2 2 2 2 2 2 2 2
left_child=1 2 11 7 5 12 -7 14 15 10 -9 -1 -3 -5 17 -4 -16 -2 -11 -10 -6 -13
right_child=3 4 8 13 20 6 -8 9 19 18 -12 21 -14 -15 16 -17 -18 -19 -20 -21 -22 -23
leaf_value=0.0045549261139765868 0.00027245319038344434 0.0024822302972897885 0.0016775975879924051 -0.00049611643843352799 -0.00083551431755008907 -0.0011700850439708313 0.00018387486904565081 -1.9626210361499993e-05 0 0.0011985708875997391 -0.0010966866101435513 0.0023336129364712782 0.00061208891937242107 -0.0025749829678656535 0.0015878724543111665 0.00048230721184751009 0.00025267995662915589 -0.00061649383737572602 0 -0.00094968373841960725 -0.0021701744650094766 0.0010588814236385665
leaf_weight=28 46 21 26 22 20 119 592 150 20 25 223 33 65 47 32 72 23 25 20 40 22 20
leaf_count=28 46 21 26 22 20 119 592 150 20 25 223 33 65 47 32 72 23 25 20 40 22 20
internal_value=-1.71492e-07 0.00027298 0.00124261 -0.000484387 -3.11217e-06 8.85634e-05 -4.24998e-05 -0.000276472 0.000261772 -0.000511791 -0.000675144 0.00304246 0.00117074 -0.00200211 0.000474679 0.000869538 0.00112319 -1.23192e-05 0.000737292 -0.000677429 -0.00169936 0.00198865
internal_weight=1691 1078 239 613 839 797 711 544 158 418 373 81 86 69 126 98 55 71 45 60 42 53
internal_count=1691 1078 239 613 839 797 711 544 158 418 373 81 86 69 126 98 55 71 45 60 42 53
is_linear=0
shrinkage=0.03


Tree=42
num_leaves=22
num_cat=0
split_feature=11 23 19 22 23 30 30 34 22 17 23 19 11 23 30 30 14 14 19 22 11
split_gain=0.261703 0.292274 0.286501 0.235775 0.183407 0.16458 0.167776 0.146461 0.146445 0.126672 0.126356 0.116654 0.0917799 0.0635117 0.0525323 0.0916287 0.0430197 0.0330247 0.0281125 0.004071 0.00124012
threshold=0.36672755625247283 -0.51018011322545764 -0.19357378707762579 0.8697372057168643 -1.0377021599114733 -0.2142238201578609 -0.21423142827639788 0.16937163842174061 1.3016557784945137 -0.70879316537526671 -1.4468284098208224 0.3934320568690895 -0.1129642570178553 1.9499712721885676 -0.21423249924931909 -0.21423249631452843 -0.45631840239304894 -0.53604577066109826 2.1999944213287073 -1.1200094681476616 0.8068626456839908
decision_type=2 2 2 2 2 2 2 2 2 2 2 2 2 2 2 2 2 2 2 2 2
left_child=1 4 3 12 10 6 -6 -7 13 -4 19 -11 -3 14 -2 -16 -12 -15 -10 -1 -19
right_child=8 2 9 -5 5 7 -8 -9 18 11 16 -13 -14 17 15 -17 -18 20 -20 -21 -22
leaf_value=0 -0.0014486265982884693 0.0016478731723027662 -0.0011701874817793803 0.003964678671811858 -0.00029249703161644212 -0.0012589122219332227 0.00185490688693244 0 -0.0027955197417016686 0.00083739834443416386 0.00093173596335520198 -0.00057524893892928956 0.00042174037249806596 0.0012185274279066199 0.00083836254644940812 -0.00056621686457031478 0.0027543536177789792 3.0561966676032164e-05 -0.00096564625150620412 -0.00063891735608922313 -0.00021834048104938118
leaf_weight=20 48 127 55 28 96 224 45 134 26 163 48 72 114 26 44 310 22 21 26 21 21
leaf_count=20 48 127 55 28 96 224 45 134 26 163 48 72 114 26 44 310 22 21 26 21 21
internal_value=0 0.00024798 0.000742822 0.00144291 -0.000202011 -0.000451758 0.000396377 -0.000794629 -0.000557992 7.50634e-05 0.000876753 0.000390187 0.00109249 -0.000376051 -0.000522723 -0.000377655 0.00163531 0.000434234 -0.00203771 -0.000373353 -3.34819e-05
internal_weight=1691 1169 559 269 610 499 141 358 522 290 111 235 241 470 402 354 70 68 52 41 42
internal_count=1691 1169 559 269 610 499 141 358 522 290 111 235 241 470 402 354 70 68 52 41 42
is_linear=0
shrinkage=0.03


Tree=43
num_leaves=25
num_cat=0
split_feature=11 23 19 23 30 30 19 30 31 29 17 23 33 29 21 30 36 30 36 15 23 15 19 12
split_gain=0.248554 0.291699 0.301205 0.214807 0.186741 0.183941 0.164243 0.120628 0.118237 0.110804 0.108291 0.094707 0.0899201 0.0731742 0.0641748 0.063926 0.0601939 0.0513195 0.0475696 0.0418322 0.0357527 0.0354048 0.0300394 0.00501451
threshold=0.13629188763707337 -0.51018011322545764 -0.19357378707762579 -1.0377021599114733 -0.21417689700905776 -0.2142238201578609 0.5432202133191808 -0.21423142827639788 0.11970899610187657 -0.20451796467100786 -0.70879316537526671 -1.4468284098208224 0.015414505395347057 -0.20456009569873715 -0.36740739805904693 -0.21423249924931909 0.029911900483532813 -0.1147246554566561 0.029894593873337021 -0.32145948305291122 -0.55710692105949 0.11865765671641869 -1.3605024918959965 0.55025460443919194
decision_type=2 2 2 2 2 2 2 2 2 2 2 2 2 2 2 2 2 2 2 2 2 2 2 2
left_child=1 3 4 11 9 7 12 -5 -7 -3 -4 -1 14 -12 15 -2 -16 -14 23 -13 -20 -19 -6 -8
right_child=6 2 10 5 22 8 18 -9 -10 -11 13 19 17 -15 16 -17 -18 21 20 -21 -22 -23 -24 -25
leaf_value=-0.00018716140629840083 -0.0013147845260342054 0.0019261065404561736 -0.001041430156962532 -0.00014194953841013976 0 -0.0012506071584014765 -0.00074080214215468411 0.001760298805123076 -9.7718645517924828e-05 0.0048090875054831086 -0.00027935478878983607 0.0010060556084980539 -0.0015996240930920785 0.00089308908920144084 0.00064193482130221714 -7.2150070730713203e-05 -0.00031456965053075692 0.00026659295448581147 -0.0029033296344180902 0.0029276260454410116 -0.0012329433982395715 -0.0011861489226474709 0.0011336822655513257 0
leaf_weight=29 50 59 51 75 24 200 24 44 143 20 69 43 55 127 163 147 85 36 24 20 59 20 104 20
leaf_count=29 50 59 51 75 24 200 24 44 143 20 69 43 55 127 163 147 85 36 24 20 59 20 104 20
internal_value=0 0.000297953 0.000860141 -0.000159521 0.00169683 -0.000428985 -0.000441879 0.000562803 -0.000783642 0.0028418 0.000135003 0.00113289 -0.00020982 0.000467277 -1.03282e-05 -0.00041753 0.000302307 -0.000961952 -0.00140646 0.00176688 -0.00183526 -0.000235327 0.000918366 -0.000468229
internal_weight=1691 1008 454 554 207 462 683 119 343 79 247 92 556 196 445 197 248 111 127 63 83 56 128 44
internal_count=1691 1008 454 554 207 462 683 119 343 79 247 92 556 196 445 197 248 111 127 63 83 56 128 44
is_linear=0
shrinkage=0.03


Tree=44
num_leaves=25
num_cat=0
split_feature=11 23 22 30 30 32 23 30 11 23 30 29 20 23 11 20 30 14 31 33 30 0 29 33
split_gain=0.237418 0.267503 0.209064 0.162021 0.219691 0.177657 0.161017 0.148289 0.113023 0.101661 0.100846 0.149041 0.0806651 0.0770876 0.06737 0.0614353 0.0562082 0.0481439 0.04375 0.0389282 0.026667 0.00963978 0.00555331 0.00379693
threshold=-0.10817015526844113 -0.51018011322545764 1.3016557784945137 -0.21423192675736027 -0.21416924471188109 0.12027254623951213 -0.89665204211147997 -0.2142238201578609 -1.6394166519489757 2.0729518720294795 -0.21423249924931909 -0.20456003661719915 -0.36743203996812018 0.24280636650222961 -0.76564289167647603 1.0635568473103103 -0.21423142827639788 -0.80849322329996109 0.11231071321995563 0.015281162063520969 -0.21423249932815677 -0.1208023518453152 -0.20456009603276346 0.013241905780796216
decision_type=2 2 2 2 2 2 2 2 2 2 2 2 2 2 2 2 2 2 2 2 2 2 2 2
left_child=1 6 9 5 12 -3 17 16 -9 10 20 -12 -5 -6 -7 -4 -8 21 -19 22 -2 -1 -11 -17
right_child=2 3 15 4 13 14 7 8 -10 19 11 -13 -14 -15 -16 23 -18 18 -20 -21 -22 -23 -24 -25
leaf_value=0.00053387512743473058 -2.8369538405019294e-05 0.0020181709363272316 -0.0031962324030211436 0.0042996363967943646 -0.00040168012783113052 0.00049358366409782319 -2.9670377333576859e-05 0.00059341304664044302 -0.00099208643029117757 0.0015736584111582486 0.00060488207314113253 -0.00044342993545815957 0.0018758677481745297 0.0011748794295462384 -0.00091598492643830986 -0.00044344868615269666 0.0015256854020815806 0.0019407151858943203 0.00012721685461699963 -0.00011601672684108571 -0.0014193212772573693 -0.00025136594404466447 0.00060350845514467975 -0.0013511354593236159
leaf_weight=22 20 35 20 23 38 47 36 44 239 29 164 440 62 75 70 22 37 42 22 25 80 25 31 43
leaf_count=22 20 35 20 23 38 47 36 44 239 29 164 440 62 75 70 22 37 42 22 25 80 25 31 43
internal_value=0 0.000365724 -0.000344361 0.000989792 0.00155171 0.000222599 -9.89425e-05 -0.000415945 -0.000731449 -0.000184662 -0.000306761 -0.000152264 0.00269002 0.00062217 -0.000326564 -0.00173582 0.000748293 0.000875625 0.00139571 0.000768499 -0.00117919 6.61726e-05 0.00117264 -0.00112115
internal_weight=1691 817 874 350 198 152 467 356 283 789 704 604 85 113 117 85 73 111 64 85 100 47 60 65
internal_count=1691 817 874 350 198 152 467 356 283 789 704 604 85 113 117 85 73 111 64 85 100 47 60 65
is_linear=0
shrinkage=0.03


Tree=45
num_leaves=23
num_cat=0
split_feature=11 23 19 30 23 17 29 19 17 19 19 29 23 13 20 11 21 26 29 21 21 19
split_gain=0.229054 0.247623 0.247154 0.199975 0.160285 0.152891 0.140631 0.116431 0.109737 0.106662 0.102711 0.0794767 0.0672632 0.0613007 0.0549119 0.0468604 0.0400444 0.0967315 0.0505373 0.0183035 0.0103575 0.00967797
threshold=0.36672755625247283 -0.51018011322545764 -0.19357378707762579 -0.21415475864602071 -0.59783076004189695 0.3514754540189462 -0.20448561998268874 -0.60245490796042322 -0.70879316537526671 0.89137515722370519 0.3934320568690895 -0.20455873315204534 -0.58003093638071312 1.6904216075851854 1.2640066525321914 0.086155147036088467 -0.36740739805904693 0.51930021450788832 -0.20373385209576378 -0.84683136077456977 -0.25602603931788653 2.1999944213287073
decision_type=2 2 2 2 2 2 2 2 2 2 2 2 2 2 2 2 2 2 2 2 2 2
left_child=1 4 3 6 7 12 -3 19 -4 13 -10 -9 -6 16 -7 -5 17 -2 -18 -1 -15 -11
right_child=9 2 8 15 5 14 -8 11 10 21 -12 -13 -14 20 -16 -17 18 -19 -20 -21 -22 -23
leaf_value=-0.0011284802418905404 0.00045509543466989457 0.0016579454106294775 -0.0010910666060858758 0.00096805199913625761 -0.0024270347493954678 0.00098975795041769741 0.0045917595357269697 -0.00015311803634597638 0.00078132239106396657 -0.0022020391501650651 -0.00054334225342841816 0.0009281188653826989 -0.00083833846474959948 -0.0018310833605678957 -0.00067429143047891557 -7.7355556431799543e-05 0.00047868386451737022 -0.00098114279571713666 -0.00041295617101705926 0 -0.0006448179017204572 -0.0008893663195274962
leaf_weight=46 56 84 55 116 30 51 20 86 163 31 72 173 182 24 22 49 117 132 105 20 31 26
leaf_count=46 56 84 55 116 30 51 20 86 163 31 72 173 182 24 22 49 117 132 105 20 31 26
internal_value=0 0.000232532 0.000688068 0.00133834 -0.000181349 -0.000699983 0.0023631 0.000266549 6.71228e-05 -0.000521495 0.00036113 0.000560005 -0.00110784 -0.000357102 0.000441969 0.000643903 -0.000217339 -0.000537192 4.37458e-05 -0.000815847 -0.00128212 -0.00172768
internal_weight=1691 1169 559 269 610 285 104 325 290 522 235 259 212 465 73 165 410 188 222 66 55 57
internal_count=1691 1169 559 269 610 285 104 325 290 522 235 259 212 465 73 165 410 188 222 66 55 57
is_linear=0
shrinkage=0.03


Tree=46
num_leaves=20
num_cat=0
split_feature=15 30 21 23 22 35 30 15 14 29 10 35 20 23 26 34 12 34 8
split_gain=0.198883 0.223424 0.124711 0.135294 0.254101 0.166803 0.140983 0.109095 0.105419 0.0847257 0.0819045 0.0403473 0.0396318 0.0366301 0.0334835 0.0174189 0.0180178 0.0167687 0.00521509
threshold=0.77804577231121319 -0.20888559002397369 1.2887848900496719 -0.39070553925720503 0.8697372057168643 -1.5369077527424038 -0.21422174092631288 -0.29641047956493122 -0.12963660525702209 -0.20456009603259223 0.16850420915911665 0.18484674889786729 -0.36743203996812018 -0.56277050131532247 -1.6335951529766446 0.14817271828319309 1.2763042825169519 0.1481549292596023 -0.207504147302877
decision_type=2 2 2 2 2 2 2 2 2 2 2 2 2 2 2 2 2 2 2
left_child=2 10 3 5 8 7 -7 -1 -5 -4 11 -2 -6 -3 -11 16 -12 -16 -13
right_child=1 13 9 4 12 6 -8 -9 -10 14 15 18 -14 -15 17 -17 -18 -19 -20
leaf_value=0.00017937950333279948 -0.00012143427492992486 -0.0024649809495442443 0.00063028124946420299 0.00068935690405941275 0.0037365894488504397 0.00038541761939880529 -0.00054315347853994085 0.0031171173233052957 -0.00010874036152997559 -0.0021999620481811719 -0.00029409788323100662 0.0015706522907421457 0.0013518883811516893 -0.0010424365029903127 -0.0012558853622397471 0 -0.0014249082248082713 -0.00010109882863153788 0.00046671921075524197
leaf_weight=28 29 51 23 353 20 224 405 20 245 26 37 25 24 49 26 25 31 30 20
leaf_count=28 29 51 23 353 20 224 405 20 245 26 37 25 24 49 26 25 31 30 20
internal_value=0 -0.000747848 0.000140053 0.000221652 0.000533157 -7.03858e-05 -0.000207463 0.00157362 0.000358475 -0.000834894 -5.06069e-05 0.00066009 0.00266899 -0.00184772 -0.00128889 -0.000650313 -0.000890293 -0.000724694 0.00120235
internal_weight=1691 267 1424 1319 642 677 629 48 598 105 167 74 44 100 82 93 68 56 45
internal_count=1691 267 1424 1319 642 677 629 48 598 105 167 74 44 100 82 93 68 56 45
is_linear=0
shrinkage=0.03


Tree=47
num_leaves=27
num_cat=0
split_feature=11 23 19 19 23 30 31 11 11 17 31 17 27 21 27 30 11 29 29 32 27 19 15 20 10 27
split_gain=0.216723 0.228466 0.240389 0.172295 0.139932 0.130403 0.121785 0.10305 0.0832673 0.0911205 0.0924829 0.0787476 0.068429 0.0654694 0.0591553 0.0512225 0.0497169 0.0438739 0.0709368 0.0331089 0.0327885 0.0233037 0.00826043 0.00781299 0.00780856 0.00497313
threshold=-0.098988310007715838 -0.51018011322545764 -0.19357378707762579 0.5432202133191808 -0.89665204211147997 -0.2142238201578609 0.11232492559485825 -1.3864859465140407 1.2201374363081332 -0.59890678194090829 0.12824407196552248 -0.70879316537526671 -0.34928557834751989 0.9758275049005084 -0.29841637970845186 -0.21423142827639788 -0.49499848561166138 -0.17122454749134911 -0.20455859413683569 0.12023213507575466 -0.36364120773269831 -0.11463168299380776 0.92447336777717892 0.97446804498947392 -0.17842576192405149 0.61772153687476961
decision_type=2 2 2 2 2 2 2 2 2 2 2 2 2 2 2 2 2 2 2 2 2 2 2 2 2 2
left_child=1 4 6 8 17 15 24 -7 9 10 -2 -4 -11 19 21 -6 -13 18 -1 -5 -8 -10 -16 -15 -3 -21
right_child=3 2 11 13 5 7 20 -9 14 12 -12 16 -14 23 22 -17 -18 -19 -20 25 -22 -23 -24 -25 -26 -27
leaf_value=0 -0.0011535345328156836 0.0011116379297470512 -0.00088250084670091211 0.00017849542030133305 -2.6271700429228628e-05 0.00032996036000429956 0.0039493748362362377 -0.00098538059591098603 -0.00054723785986954515 -0.00036825156494848892 0.0008005628352984786 0.00086552775023772161 0.00042818590605537925 -0.0026208156477659939 -0.00087742840579928857 0.0014551747568155404 -0.00023173727556481026 -4.9023007275536654e-05 0.0018473476253291765 -0.0011666745414047248 0.0019324124716222284 0.0006944136808666846 -0.0019540596267786517 -0.00107241784133341 0.00017649425218785282 -0.00031758223365002777
leaf_weight=31 93 62 41 22 36 65 22 219 30 128 24 116 347 29 44 37 47 31 50 63 46 20 26 20 20 22
leaf_count=31 93 62 41 22 36 65 22 219 30 128 24 116 347 29 44 37 47 31 50 63 46 20 26 20 20 22
internal_value=0 0.000347054 0.000919662 -0.000331233 -8.18914e-05 -0.000378152 0.00182182 -0.000673579 -0.000126565 1.59664e-05 -0.000717701 0.000225029 0.000206327 -0.00122647 -0.000837351 0.000712926 0.000532596 0.000821583 0.00118034 -0.000731615 0.00276652 0 -0.00138229 -0.00214484 0.000933127 -0.000999319
internal_weight=1691 823 354 868 469 357 150 284 712 592 117 204 475 156 120 73 163 112 81 107 68 50 70 49 82 85
internal_count=1691 823 354 868 469 357 150 284 712 592 117 204 475 156 120 73 163 112 81 107 68 50 70 49 82 85
is_linear=0
shrinkage=0.03


Tree=48
num_leaves=11
num_cat=0
split_feature=13 34 21 23 16 33 29 19 33 15
split_gain=0.18934 0.186699 0.118579 0.144969 0.228649 0.159055 0.0725164 0.0340416 0.0170063 0.0117661
threshold=1.5943718736463566 1.7276557241726962 1.2887848900496719 -0.39070553925720503 -0.65765151051069648 0.1117284135891148 -0.20456009603259223 0.2244149087192864 0.015280709016701567 0.41468791302630176
decision_type=2 2 2 2 2 2 2 2 2 2
left_child=1 2 3 5 -5 -1 -4 -8 -2 -10
right_child=8 -3 6 4 -6 -7 7 -9 9 -11
leaf_value=-0.00020082397525511393 -0.00047352144013469418 -0.0023991348197062805 0.00059260328105637406 0.0016858741540899046 0.00024517279310698253 0.0014973764092186992 -0.00020706776831897771 -0.0015437192499442997 -0.00080516771800242929 -0.0022062594774453076
leaf_weight=739 24 24 23 120 561 50 32 64 23 31
leaf_count=739 24 24 23 120 561 50 32 64 23 31
internal_value=0 6.98911e-05 0.000113518 0.000189402 0.000509708 -8.41546e-05 -0.000780892 -0.00114825 -0.00141645 -0.00173592
internal_weight=1691 1613 1589 1470 681 789 119 96 78 54
internal_count=1691 1613 1589 1470 681 789 119 96 78 54
is_linear=0
shrinkage=0.03


Tree=49
num_leaves=27
num_cat=0
split_feature=11 23 19 30 23 17 29 19 17 15 19 29 33 23 26 19 19 20 11 7 23 29 19 14 27 11
split_gain=0.201923 0.206179 0.216402 0.179826 0.13525 0.137243 0.123076 0.101873 0.094855 0.0938146 0.0861808 0.0696984 0.0654244 0.0558973 0.0554301 0.0753423 0.0509484 0.0493876 0.0406333 0.0330981 0.0268939 0.0216417 0.0167596 0.0137679 0.0124359 0.00836477
threshold=0.36672755625247283 -0.51018011322545764 -0.19357378707762579 -0.21415475864602071 -0.59783076004189695 0.3514754540189462 -0.20448561998268874 -0.60245490796042322 -0.70879316537526671 0.0081446805016857499 0.3934320568690895 -0.20455873315204534 0.015462558885928438 -0.58003093638071312 0.25834320026733876 -0.69455377164854515 0.63430678665421369 1.2640066525321914 0.086155147036088467 1.3436250409921067 0.55646083495613208 -0.20456008616940138 -0.76438675537233314 -0.033533230251986568 0.39834471670343347 0.8068626456839908
decision_type=2 2 2 2 2 2 2 2 2 2 2 2 2 2 2 2 2 2 2 2 2 2 2 2 2 2
left_child=1 4 3 6 7 13 -3 23 -4 14 -10 -9 16 -6 22 21 19 -7 -5 -11 -17 -16 -2 -1 -18 -14
right_child=9 2 8 18 5 17 -8 11 10 12 -12 -13 25 -15 15 20 24 -19 -20 -21 -22 -23 -24 -25 -26 -27
leaf_value=-0.0010771916006381312 0 0.0015499971319709561 -0.0010243213213337904 0.00088538091542334245 -0.0022317134263840585 0.00096324665192514642 0.0043033056599088007 -0.00013981242021127196 0.00071167483201517543 -0.00057579286644946208 -0.00050050988932140168 0.00087099964860681215 -0.00081640968435322462 -0.0007750618176755017 0.001061195213557221 -0.00099727310947641786 -0.0020446643612275902 -0.00061083507162518799 -8.5105109350899083e-05 0.00032451210616336141 2.3175095709470596e-05 0 0.0010542500689958356 -3.5905335266660479e-05 -0.00062294468845473599 -0.0021959301556989147
leaf_weight=42 22 84 55 116 30 51 20 86 163 137 72 173 20 182 27 94 23 22 49 43 23 38 39 24 22 34
leaf_count=42 22 84 55 116 30 51 20 86 163 137 72 173 20 182 27 94 23 22 49 43 23 38 39 24 22 34
internal_value=0 0.000217637 0.000633363 0.00124177 -0.000159672 -0.000636419 0.00221333 0.000251249 5.18401e-05 -0.000490321 0.000326049 0.000526155 -0.000863281 -0.00102341 -4.4608e-05 -0.000318608 -0.000602712 0.000444006 0.000582946 -0.000342532 -0.000776108 0.000458682 0.00070264 -0.000760044 -0.00149448 -0.00180749
internal_weight=1691 1169 559 269 610 285 104 325 290 522 235 259 279 212 243 182 225 73 165 180 117 65 61 66 45 54
internal_count=1691 1169 559 269 610 285 104 325 290 522 235 259 279 212 243 182 225 73 165 180 117 65 61 66 45 54
is_linear=0
shrinkage=0.03


Tree=50
num_leaves=24
num_cat=0
split_feature=11 23 19 22 23 22 11 23 29 22 19 26 22 32 22 22 14 11 31 15 31 0 13
split_gain=0.193579 0.197327 0.217651 0.162211 0.12107 0.114576 0.0882196 0.0844299 0.0649144 0.0581202 0.0672166 0.0671429 0.0578761 0.0855995 0.05039 0.0465661 0.0448336 0.0433496 0.0346283 0.0339401 0.0224956 0.00840512 0.00437532
threshold=-0.10817015526844113 -0.51018011322545764 -0.19357378707762579 1.3016557784945137 -0.89665204211147997 0.77470515497639825 -1.3221644028874879 2.0729518720294795 -0.20455968374117059 0.8697372057168643 0.23352402907931655 0.45406096094775084 -0.50146200322876022 0.12030493744129579 1.6055013557378286 1.5689989786322194 -0.80849322329996109 -0.76564289167647603 0.11231071321995563 -0.31372771985221237 0.112319090973348 -0.1208023518453152 0.2288708353571571
decision_type=2 2 2 2 2 2 2 2 2 2 2 2 2 2 2 2 2 2 2 2 2 2 2
left_child=1 4 5 7 16 20 15 9 -8 11 -11 -2 13 -4 -5 -6 21 -14 -18 22 -3 -1 -9
right_child=3 2 12 14 6 -7 8 19 -10 10 -12 -13 17 -15 -16 -17 18 -19 -20 -21 -22 -23 -24
leaf_value=0.00045173679107800128 9.6039399578716326e-05 0.00077059451628425351 0.0022101032537009033 -0.0028624520024851611 -0.0001628969285947581 0.0035693882647901774 0.00040783038958907132 0.00062855187012633728 -0.00080893810864654373 0.0016530063551316711 -0.00025903284657064694 -0.00056283094915150073 0.00053358739996037902 -5.1006448315456501e-05 -0.00097793980818995088 0.0011728433854666285 0.0017619264449303348 -0.00048569120447386591 0.00012568838356062767 0 0.0017836969577453353 -0.00029658516831113958 0.0016816040232939563
leaf_weight=22 188 70 25 20 42 25 42 28 231 26 32 458 57 27 65 41 42 94 22 37 52 25 20
leaf_count=22 188 70 25 20 42 25 42 28 231 26 32 458 57 27 65 41 42 94 22 37 52 25 20
internal_value=0 0.000329645 0.000865596 -0.000311532 -6.86095e-05 0.00173533 -0.000344469 -0.0001703 -0.000608475 -0.000281825 0.00058805 -0.000366905 0.000205126 0.00104278 -0.00153791 0.000479939 0.000775596 -7.85507e-05 0.00127506 0.00069742 0.00125885 0 0.00119925
internal_weight=1691 817 350 874 467 147 356 789 273 704 58 646 203 52 85 83 111 151 64 85 122 47 48
internal_count=1691 817 350 874 467 147 356 789 273 704 58 646 203 52 85 83 111 151 64 85 122 47 48
is_linear=0
shrinkage=0.03


Tree=51
num_leaves=24
num_cat=0
split_feature=11 23 19 22 30 30 22 23 22 30 34 17 23 30 33 22 19 23 33 19 30 33 30
split_gain=0.184171 0.19548 0.21547 0.152863 0.138578 0.131123 0.126936 0.109235 0.106154 0.0974275 0.0945683 0.0774358 0.0682488 0.0593267 0.0561771 0.0620837 0.0418443 0.031079 0.0283955 0.0244699 0.00360089 0.00146975 0.00135162
threshold=0.13629188763707337 -0.51018011322545764 -0.19357378707762579 -1.1068979821183478 -0.21417689700905776 -0.2142238201578609 1.3016557784945137 -1.4468284098208224 -0.30562884789493161 -0.21423142827639788 0.16937163842174061 -0.70879316537526671 2.0729518720294795 -0.21423249903611877 0.015281162035664304 -0.46558897745255751 -1.440456892405382 -0.55710692105949 0.015281162063520969 -1.3605024918959965 -0.21388841587010404 0.013241905780796216 -0.21423249932829283
decision_type=2 2 2 2 2 2 2 2 2 2 2 2 2 2 2 2 2 2 2 2 2 2 2
left_child=1 3 4 7 8 9 12 -1 -3 -5 -7 -4 14 -13 15 -2 -16 -8 22 -6 -9 -19 -14
right_child=6 2 11 5 19 10 17 20 -10 -11 -12 13 18 -15 16 -17 -18 21 -20 -21 -22 -23 -24
leaf_value=-0.00023114146156454337 -0.00086643187709957014 0.0011151376158761029 -0.00089067711331881569 -0.00010450592348710276 0 -0.00095660513059109904 -0.0025619783605635165 0.0011797787177040137 0.0035539126447969821 0.0016013609578912243 3.2019312905844382e-05 -0.00027750141501976084 0.0012723090086132285 0.00077368098484869327 0.00017796548489423003 0.00028953552503612471 -0.00074877030303848553 -0.00037419015174964442 -0.00013760234420705171 0.00094682794064854551 0.0026294915421825387 -0.0011980903902701261 0.00043460040585603562
leaf_weight=28 52 41 51 75 24 235 22 24 38 44 128 70 27 126 45 171 273 21 24 104 20 26 22
leaf_count=28 52 41 51 75 24 235 22 24 38 44 128 70 27 126 45 171 273 21 24 104 20 26 22
internal_value=0 0.000256599 0.000716891 -0.000117052 0.00142461 -0.000316216 -0.000380246 0.00113556 0.00241191 0.000525512 -0.000602398 0.000101803 -0.000233507 0.00038466 -0.000353663 0 -0.000607845 -0.0015802 0.000596303 0.000751085 0.00202835 -0.000934504 0.00100066
internal_weight=1691 1008 454 554 207 482 683 72 79 119 363 247 614 196 541 223 318 69 73 128 44 47 49
internal_count=1691 1008 454 554 207 482 683 72 79 119 363 247 614 196 541 223 318 69 73 128 44 47 49
is_linear=0
shrinkage=0.03


Tree=52
num_leaves=10
num_cat=0
split_feature=13 34 21 27 16 29 26 19 19
split_gain=0.16564 0.160369 0.103697 0.116465 0.0847051 0.0639011 0.0403262 0.0281999 0.0147658
threshold=1.5943718736463566 1.7276557241726962 1.2887848900496719 -1.1591400121035793 -0.65765151051069648 -0.20456009603259223 0.58453946806802559 0.2244149087192864 0.26489748395776519
decision_type=2 2 2 2 2 2 2 2 2
left_child=1 2 3 6 -5 -4 -1 -7 -2
right_child=8 -3 5 4 -6 7 -8 -9 -10
leaf_value=-0.00092387186908389485 -0.00085905313423197507 -0.0022220525327656003 0.00055495415670492754 0.00065989863512227543 0.00011473748288631143 -0.00020467447688320782 0.0003426059849667721 -0.0014371144961037518 -0.0020484441105897227
leaf_weight=105 54 24 23 354 988 32 23 64 24
leaf_count=105 54 24 23 354 988 32 23 64 24
internal_value=0 6.58424e-05 0.000106405 0.000177473 0.000261925 -0.000729684 -0.000670766 -0.00107526 -0.00132437
internal_weight=1691 1613 1589 1470 1342 119 128 96 78
internal_count=1691 1613 1589 1470 1342 119 128 96 78
is_linear=0
shrinkage=0.03


Tree=53
num_leaves=20
num_cat=0
split_feature=11 20 22 31 11 20 29 23 22 23 31 27 35 21 19 36 27 36 27
split_gain=0.171517 0.157986 0.269193 0.103689 0.0988273 0.0942403 0.130605 0.0850007 0.0775803 0.0655174 0.0501741 0.0344594 0.0325545 0.0289192 0.0350544 0.0311237 0.0165816 0.0145573 0.00154801
threshold=0.49476201466614683 0.4065269301941436 0.8697372057168643 0.11232972127747186 -1.0474921928349947 0.1615327238118443 -0.20432490620486879 -1.4468284098208224 1.3016557784945137 -0.59783076004189695 0.11232610111211594 0.059720295687959439 0.18518827911423505 -0.3456153584260318 0.079687461168033366 0.029911900483532813 0.37245794097095475 0.029896492365826716 0.62511960941893652
decision_type=2 2 2 2 2 2 2 2 2 2 2 2 2 2 2 2 2 2 2
left_child=1 2 5 17 12 6 -1 -7 10 -6 11 -2 -5 14 -12 -15 -10 -3 -13
right_child=8 3 -4 4 9 7 -8 -9 16 -11 13 18 -14 15 -16 -17 -18 -19 -20
leaf_value=-0.00019706216717964878 -1.7865193597654891e-05 2.2415434313118629e-05 0.0028826652349760898 0.0010313448500461303 -0.00010175907094601606 -0.00059844554803820083 0.00069812817110450156 0.001361296649856836 -0.0022767944804285294 -0.0010453973980566497 -0.00069306102578486439 -0.0018007914864325094 -1.5363027311330266e-05 0.00040818554261438423 0.00050099163830280308 -0.0004430299135848671 -0.00074769015084686025 0.0010894940054253198 -0.00086226949314228605
leaf_weight=375 30 23 36 36 113 20 234 111 23 191 114 25 68 109 22 54 25 46 36
leaf_count=375 30 23 36 36 113 20 234 111 23 191 114 25 68 109 22 54 25 46 36
internal_value=0 0.000177789 0.000442637 -0.000246899 -0.000434257 0.000308735 0.000143737 0.00103301 -0.000509913 -0.000708831 -0.000353027 -0.000964258 0.000337679 -0.000149335 -0.000471679 0.000105205 -0.00163004 0.000791222 -0.00136017
internal_weight=1691 1253 776 477 408 740 609 131 438 304 390 91 104 299 136 163 48 69 61
internal_count=1691 1253 776 477 408 740 609 131 438 304 390 91 104 299 136 163 48 69 61
is_linear=0
shrinkage=0.03


Tree=54
num_leaves=27
num_cat=0
split_feature=11 23 19 19 23 30 31 11 11 17 31 17 27 36 27 26 30 29 29 27 19 21 19 33 15 16
split_gain=0.164348 0.169048 0.186659 0.128092 0.105946 0.102836 0.098422 0.0853107 0.0666947 0.0822858 0.0808334 0.0612493 0.0565609 0.0514545 0.0507008 0.0463821 0.0435359 0.0394748 0.058705 0.0392095 0.0304439 0.0216203 0.0196912 0.00876134 0.00808403 0.00484799
threshold=-0.10817015526844113 -0.51018011322545764 -0.19357378707762579 0.5432202133191808 -0.89665204211147997 -0.2142238201578609 0.11232492559485825 -1.6394166519489757 1.2201374363081332 -0.59890678194090829 0.12824407196552248 -0.70879316537526671 -0.34928557834751989 0.029893898236647492 -0.29841637970845186 -1.6335951529766446 -0.21423142827639788 -0.17122454749134911 -0.20455859413683569 -0.36364120773269831 2.1999944213287073 0.73187820833055384 -0.11463168299380776 0.015295583772304394 0.33953895875301776 -0.35801695300013275
decision_type=2 2 2 2 2 2 2 2 2 2 2 2 2 2 2 2 2 2 2 2 2 2 2 2 2 2
left_child=1 4 6 8 17 16 25 -7 9 10 -2 -4 -11 23 22 -13 -6 18 -1 -8 21 -15 -10 -5 -16 -3
right_child=3 2 11 13 5 7 19 -9 14 12 -12 15 -14 20 24 -17 -18 -19 -20 -21 -22 -23 -24 -25 -26 -27
leaf_value=0 -0.0010824807725754355 0.00094856964686468629 -0.00080030681512340202 -0.00054426545752533559 -3.1196105795410963e-05 0.00055975956110125211 0.0036830234779044982 -0.00081412485493120954 -0.00047929045583375475 -0.00032024242940947015 0.00073871811899395355 0.0014604486868278505 0.00039825145511907645 -0.001030168089528822 -0.00060823313078350004 0.00017314206738115495 0.0013292520621442233 -9.4373239430270206e-05 0.0016871200614393901 0.0016480424691903955 -0.00046729902356552579 -0.0024150508727274231 0.00066402277313982658 0.00016348718873296792 -0.0016105485950995767 0.00016360548452939836
leaf_weight=31 94 59 40 26 36 44 21 239 30 130 24 31 349 41 31 132 37 31 49 46 33 34 20 23 39 21
leaf_count=31 94 59 40 26 36 44 21 239 30 130 24 31 349 41 31 132 37 31 49 46 33 34 20 23 39 21
internal_value=0 0.000304166 0.000800285 -0.000286625 -6.40098e-05 -0.00032244 0.0016059 -0.000586397 -0.000110181 1.5895e-05 -0.000678143 0.000187457 0.00019625 -0.0010565 -0.000746886 0.000458009 0.000644124 0.000725188 0.00107085 0.00245924 -0.00141898 -0.00176518 0 -0.000164097 -0.001251 0.000792022
internal_weight=1691 817 350 874 467 356 147 283 717 597 118 203 479 157 120 163 73 111 80 67 108 75 50 49 70 80
internal_count=1691 817 350 874 467 356 147 283 717 597 118 203 479 157 120 163 73 111 80 67 108 75 50 49 70 80
is_linear=0
shrinkage=0.03


Tree=55
num_leaves=20
num_cat=0
split_feature=11 20 22 31 11 20 29 26 22 31 20 22 27 16 15 27 36 3 27
split_gain=0.156408 0.142205 0.247877 0.0939875 0.0905986 0.0858023 0.118296 0.0762937 0.0708809 0.0468235 0.046398 0.0378949 0.031633 0.0227368 0.0393853 0.0146176 0.012971 0.01067 0.00119794
threshold=0.49476201466614683 0.4065269301941436 0.8697372057168643 0.11232972127747186 -1.120882861822337 0.1615327238118443 -0.20432490620486879 -0.63869653618454991 1.3016557784945137 0.11232610111211594 0.66265723686654754 1.5689989786322194 0.059720295687959439 1.6120483501834866 1.9549704952558655 0.37245794097095475 0.029896492365826716 0.66601009636756558 0.62511960941893652
decision_type=2 2 2 2 2 2 2 2 2 2 2 2 2 2 2 2 2 2 2
left_child=1 2 5 16 11 6 -1 -7 9 12 -6 -5 -2 14 -11 -10 -3 -15 -14
right_child=8 3 -4 4 10 7 -8 -9 15 13 -12 -13 18 17 -16 -17 -18 -19 -20
leaf_value=-0.00018929930705538329 -1.5932329127363942e-05 2.0623301720031747e-05 0.0027627273728497896 -0.00024037172068371243 -0.0015038244547146669 0.0022217504031690101 0.00066253991313927076 0.00050042485591599386 -0.0021727543307620526 -0.0001402566848995197 -0.00047314911254763058 0.00089663683009400419 -0.001729533967961158 -0.00013828571333323377 0.0010562228315767633 -0.00071369226350049891 0.0010368278109069379 -0.0010493729727168101 -0.00082539123355840826
leaf_weight=375 30 23 36 42 50 32 234 99 23 211 263 53 25 34 25 25 46 29 36
leaf_count=375 30 23 36 42 50 32 234 99 23 211 263 53 25 34 25 25 46 29 36
internal_value=0 0.00016974 0.000421075 -0.000232968 -0.000411595 0.000292425 0.00013475 0.000983616 -0.000486973 -0.000336591 -0.000660001 0.000371377 -0.000927053 -0.000139527 0 -0.00155833 0.000754733 -0.000631765 -0.00130652
internal_weight=1691 1253 776 477 408 740 609 131 438 390 313 95 91 299 236 48 69 63 61
internal_count=1691 1253 776 477 408 740 609 131 438 390 313 95 91 299 236 48 69 63 61
is_linear=0
shrinkage=0.03


Tree=56
num_leaves=18
num_cat=0
split_feature=11 22 31 27 22 20 20 22 33 29 19 22 16 20 11 15 33
split_gain=0.150633 0.123651 0.119711 0.087818 0.0714718 0.170098 0.073114 0.0683634 0.0783952 0.0960271 0.0738335 0.0782025 0.0524372 0.0415535 0.0191767 0.0115552 0.00339802
threshold=-0.098988310007715838 1.3016557784945137 0.39310321108749158 -1.1591400121035793 -0.30562884789493161 0.66265723686654754 0.1615327238118443 -0.46558897745255751 0.015281162035664304 -0.20456009603135558 -0.99311778812316065 -1.1068979821183478 1.6578602244307441 1.0635568473103103 -0.8716782936116777 0.0081446805016857499 0.013241905780796216
decision_type=2 2 2 2 2 2 2 2 2 2 2 2 2 2 2 2 2
left_child=2 7 3 14 6 -6 -5 10 12 -10 15 -12 -9 -3 -1 -2 -15
right_child=1 13 -4 4 5 -7 -8 8 9 -11 11 -13 -14 16 -16 -17 -18
leaf_value=0 0.00074562408873982079 -0.0025538246413773814 -0.0015886278570276396 -0.00011882576616124572 0.0016358179808630105 6.7634929265788732e-05 0.00062138443048316463 0.00062437177035139441 0.00056924967330697275 -0.00079130829772288303 0.0002753378026724114 -0.00092588815962088469 -0.00066502916928560987 -0.00025757417242974041 -0.00089793252304662006 0 -0.0010363638733824094
leaf_weight=25 38 20 26 242 127 128 224 213 65 137 56 226 28 22 51 21 42
leaf_count=25 38 20 26 242 127 128 224 213 65 137 56 226 28 22 51 21 42
internal_value=0 -0.000276351 0.000289133 0.000359867 0.000464722 0.000870219 0.000232286 -0.000152336 8.78346e-05 -0.000336947 -0.000471112 -0.000676433 0.000455936 -0.00135418 -0.000576768 0.000447114 -0.000836951
internal_weight=1691 868 823 797 721 255 466 784 443 202 341 282 241 84 76 59 64
internal_count=1691 868 823 797 721 255 466 784 443 202 341 282 241 84 76 59 64
is_linear=0
shrinkage=0.03


Tree=57
num_leaves=20
num_cat=0
split_feature=11 20 22 20 22 31 11 22 33 20 15 35 20 22 20 27 24 27 16
split_gain=0.143217 0.133315 0.220958 0.0831669 0.117958 0.078439 0.0790371 0.07321 0.0497066 0.0397016 0.0391523 0.0462727 0.0386039 0.0352692 0.0295822 0.0203858 0.0194138 0.0143649 0.00763888
threshold=0.36672755625247283 0.4065269301941436 0.8697372057168643 0.1615327238118443 -0.47602572033189178 0.11232972127747186 -1.120882861822337 1.3016557784945137 0.015269371486262824 0.66265723686654754 0.0081446805016857499 0.18489428550027265 -0.11686978344076858 1.5689989786322194 -1.642515523185087 -0.089583432455579912 -0.94615851731282552 0.61772153687476961 -0.34149231316810752
decision_type=2 2 2 2 2 2 2 2 2 2 2 2 2 2 2 2 2 2 2
left_child=1 2 3 4 -1 18 13 10 -5 -8 14 15 -13 -7 -2 -12 -16 -9 -3
right_child=7 5 -4 8 -6 6 9 17 -10 -11 11 12 -14 -15 16 -17 -18 -19 -20
leaf_value=-0.00039371806038073138 0.00094364111013531401 0.0010833633520906524 0.0026788249642919061 -0.00013199578923209066 0.00049667910775721025 -0.00023386976423983772 -0.0014400650383904576 -0.0019757582508778617 0.0012831775611532588 -0.00044054252289847553 -0.00033305899716858101 -0.00044374821800738574 0.00093588960454959807 0.00086184244591277083 0.00042309580301476082 -0.0011307719468061303 -0.00027128375983835818 -0.00060283099518467984 0.00022267092214315197
leaf_weight=216 23 32 35 23 335 42 45 28 102 256 64 45 26 53 40 95 177 24 30
leaf_count=216 23 32 35 23 335 42 45 28 102 256 64 45 26 53 40 95 177 24 30
internal_value=0 0.000183047 0.000440827 0.000309212 0.000141973 -0.000210887 -0.000372142 -0.000413177 0.00100236 -0.000612578 -0.000282015 -0.000559183 3.83903e-05 0.00035448 -4.25055e-07 -0.000840312 -0.000125627 -0.00146409 0.000742552
internal_weight=1691 1169 711 676 551 458 396 522 125 301 470 230 71 95 240 159 217 52 62
internal_count=1691 1169 711 676 551 458 396 522 125 301 470 230 71 95 240 159 217 52 62
is_linear=0
shrinkage=0.03


Tree=58
num_leaves=26
num_cat=0
split_feature=11 23 19 23 30 30 34 19 30 23 29 33 11 19 19 15 15 15 35 15 10 36 19 23 12
split_gain=0.137432 0.147931 0.167009 0.120282 0.118523 0.113205 0.0989144 0.0860664 0.0845308 0.0715484 0.0663799 0.0573596 0.0552136 0.044262 0.0457377 0.0371456 0.036126 0.0360586 0.0353873 0.0312831 0.0311964 0.0257321 0.0211217 0.0182653 0.00428247
threshold=0.13629188763707337 -0.51018011322545764 -0.19357378707762579 -1.0377021599114733 -0.21417689700905776 -0.2142238201578609 0.16937163842174061 0.5432202133191808 -0.21423125010607966 -1.4468284098208224 -0.20451796467100786 0.015414505395347057 -0.50654319561626848 -0.60245490796042322 0.073615229072625396 -0.72650916398544374 0.11865765671641869 -0.32145948305291122 -1.1426402610063418 0.27320095781556758 -0.14438714204807843 0.029893898236647492 -1.3605024918959965 -0.55710692105949 0.55025460443919194
decision_type=2 2 2 2 2 2 2 2 2 2 2 2 2 2 2 2 2 2 2 2 2 2 2 2 2
left_child=1 3 4 9 10 8 -7 11 -5 -1 -3 13 15 19 -15 -4 18 -11 -13 -2 -14 24 -6 -23 -9
right_child=7 2 12 5 22 6 -8 21 -10 17 -12 16 20 14 -16 -17 -18 -19 -20 -21 -22 23 -24 -25 -26
leaf_value=-0.00027121306196568185 0.00054112468977081179 0.001433560465500059 0.0011439460098836571 -7.5243009386368362e-05 -6.5847564423974188e-05 -0.00097536094781169402 5.2987428673077368e-05 -0.00055715699309483169 0.0015433860400009378 0.0007335332035866525 0.0036920025982367598 0.00049848627366591244 -0.00096603782527148721 -0.00058737996238253593 0.00022583189469488509 8.3156022666279526e-05 -0.0014153116688905086 0.0024697519623391004 -0.00081509807334974576 -0.0003096175457758363 0 -0.0020871054496102289 0.00080704004567325389 -0.00087025518703552315 0
leaf_weight=29 151 59 47 79 24 215 128 22 40 43 20 27 47 155 94 92 44 20 40 45 61 26 104 59 20
leaf_count=29 151 59 47 79 24 215 128 22 40 43 20 27 47 155 94 92 44 20 40 45 61 26 104 59 20
internal_value=0 0.000220996 0.000621554 -0.000103454 0.00124463 -0.000306434 -0.000585802 -0.00032913 0.000468817 0.000861768 0.00215606 -0.00015929 7.87119e-05 0 -0.000269446 0.000479557 -0.000759774 0.00141738 -0.000244209 0.000329003 -0.000409182 -0.00102877 0.000622713 -0.00133502 -0.000294633
internal_weight=1691 1008 454 554 207 462 343 683 119 92 79 556 247 445 249 139 111 63 67 196 108 127 128 85 42
internal_count=1691 1008 454 554 207 462 343 683 119 92 79 556 247 445 249 139 111 63 67 196 108 127 128 85 42
is_linear=0
shrinkage=0.03


Tree=59
num_leaves=22
num_cat=0
split_feature=21 19 11 23 31 30 23 23 31 31 23 19 20 15 35 30 22 24 9 30 13
split_gain=0.134622 0.142314 0.114394 0.155203 0.152648 0.0986636 0.172726 0.0954293 0.0945061 0.0759392 0.0469817 0.0435638 0.0457781 0.042765 0.0362013 0.0212194 0.0201511 0.0159664 0.011911 0.0094371 0.00798184
threshold=1.0708648339169076 0.10195334113236738 0.29169036540312915 -0.39070553925720503 0.11233105674329213 -0.21422174092631288 -0.94250007275392489 -0.729711271713402 0.11241251341230356 0.11232976544898564 -0.07408443352643522 0.10195334113236738 -0.50663329359442655 0.38141723386123666 0.18473985878519408 -0.21403487413267014 -0.71704105652273487 0.35123558155586088 -0.05305384090155555 -0.20129758935908118 -0.24172105406343625
decision_type=2 2 2 2 2 2 2 2 2 2 2 2 2 2 2 2 2 2 2 2 2
left_child=2 15 3 5 9 7 -7 -1 -6 -5 13 12 -12 16 -3 20 -4 -13 -16 -15 -2
right_child=1 14 10 4 8 6 -8 -9 -10 -11 11 17 -14 19 18 -17 -18 -19 -20 -21 -22
leaf_value=-0.00023535168508120719 0 -0.00035002198258668861 -1.0622096914125397e-05 0.00051246115044419028 0.0023548526528029473 0.00080940644544858842 -0.00053974704785633091 0.0011999224101960221 0.00054307552318363873 -0.0010752246702089906 4.173445877721933e-05 0.0010190229332656597 -0.00089171921598608602 -0.00078438821004639403 -0.001152036141939461 -0.00043243192793387508 -0.00084907684445773295 0 -0.0023242207079341537 -0.0018469302421435711 0.00085219296576756541
leaf_weight=64 22 30 105 222 69 107 366 99 52 27 160 39 61 55 47 24 35 20 35 21 31
leaf_count=64 22 30 105 222 69 107 366 99 52 27 160 39 61 55 47 24 35 20 35 21 31
internal_value=0 -0.000749147 9.43769e-05 0.000279442 0.000765323 -7.95663e-07 -0.000225067 0.000624238 0.00163241 0.000317647 -0.000274388 -5.96079e-06 -0.000211015 -0.000603803 -0.0014215 0.000207959 -0.00025463 0.000686781 -0.00175203 -0.00117495 0.000559149
internal_weight=1691 189 1502 1006 370 636 473 163 121 249 496 280 221 216 112 77 140 59 82 76 53
internal_count=1691 189 1502 1006 370 636 473 163 121 249 496 280 221 216 112 77 140 59 82 76 53
is_linear=0
shrinkage=0.03


Tree=60
num_leaves=17
num_cat=0
split_feature=21 19 11 27 17 9 19 13 15 9 34 11 29 9 13 11
split_gain=0.127306 0.134847 0.108203 0.110325 0.124653 0.103857 0.0951811 0.04413 0.0377087 0.0437294 0.0340278 0.0229932 0.020171 0.0115107 0.00747379 0.00691875
threshold=1.0708648339169076 0.10195334113236738 0.29169036540312915 -1.1591400121035793 -0.77918344735588396 -0.54755366000528494 -0.27960119189933713 1.6904216075851854 1.9549704952558655 -0.53961018609274491 0.14815492925678972 -0.8716782936116777 -0.20357118417091261 -0.010120872991751175 -0.24172105406343625 1.6756211831551511
decision_type=2 2 2 2 2 2 2 2 2 2 2 2 2 2 2 2
left_child=2 12 3 11 6 -6 -5 8 9 -4 -3 -1 14 -12 -2 -9
right_child=1 10 7 4 5 -7 -8 15 -10 -11 13 -13 -14 -15 -16 -17
leaf_value=1.5787126130557479e-05 0 -0.00025023689354641425 -0.00115077189560763 0.00039356663363720979 0.0012875463711790036 0.00037223655273143388 -0.00085173380719099539 -0.00047316296120045767 0.00090627309462676451 -0.00012252116757384559 -0.0011522249838729437 -0.00092291526178412721 -0.00042090039969318446 -0.0022902686398476361 0.00082888296515653463 -0.0015330221437745623
leaf_weight=25 22 26 40 101 145 551 111 26 24 382 54 73 24 32 31 24
leaf_count=25 22 26 40 101 145 551 111 26 24 382 54 73 24 32 31 24
internal_value=0 -0.000728842 9.14365e-05 0.000271466 0.000377178 0.000571925 -0.000247287 -0.00026713 -0.000160767 -0.00023448 -0.00138342 -0.000660391 0.000201944 -0.00167232 0.000544996 -0.00109648
internal_weight=1691 189 1502 1006 908 696 212 496 446 422 112 98 77 86 53 50
internal_count=1691 189 1502 1006 908 696 212 496 446 422 112 98 77 86 53 50
is_linear=0
shrinkage=0.03


Tree=61
num_leaves=24
num_cat=0
split_feature=11 23 22 30 30 32 23 30 11 23 30 29 11 13 23 30 30 31 20 15 30 13 20
split_gain=0.120828 0.126218 0.099147 0.0897635 0.1401 0.116271 0.0825048 0.0779274 0.0732199 0.0613788 0.0704187 0.108683 0.0501913 0.0497496 0.043943 0.0368805 0.0363515 0.0513815 0.0361706 0.0276046 0.0183782 0.0048583 0.00244345
threshold=-0.10817015526844113 -0.51018011322545764 1.3016557784945137 -0.21423192675736027 -0.21416924471188109 0.12027254623951213 -0.89665204211147997 -0.2142238201578609 -1.6394166519489757 2.0729518720294795 -0.21423249924931909 -0.20456003661719915 -0.76564289167647603 -0.42059854298992211 0.24280636650222961 -0.21423142827639788 1.90951862485058 0.11231071321995563 1.0635568473103103 -0.31372771985221237 -0.21423249932815677 0.2288708353571571 1.6426340623957449
decision_type=2 2 2 2 2 2 2 2 2 2 2 2 2 2 2 2 2 2 2 2 2 2 2
left_child=1 6 9 5 13 -3 16 15 -9 10 20 -12 -7 -5 -6 -8 17 -1 -4 21 -2 -11 -20
right_child=2 3 18 4 14 12 7 8 -10 19 11 -13 -14 -15 -16 -17 -18 -19 22 -21 -22 -23 -24
leaf_value=0.0015176531267967425 0 0.0015722406763509895 -0.0023248644900690438 0.0028492726110188023 -0.00039645435821361521 0.00037651434094790602 -6.2251419545366205e-05 0.00054293185731079025 -0.00072820941570468927 0.0005136864278014869 0.00054475762232096623 -0.0003506034413820635 -0.00083427001737944827 0.0011136069313459078 0.00078844936686800786 0.0011860294262703974 -0.00037796572394385611 2.2835307699014343e-05 -0.00017860165849813945 0 -0.001158417273102418 0.0015192897894379237 -0.0008871170221245847
leaf_weight=50 20 35 20 39 38 47 36 44 239 28 164 440 70 46 75 37 20 41 20 37 80 20 45
leaf_count=50 20 35 20 39 38 47 36 44 239 28 164 440 70 46 75 37 20 41 20 37 80 20 45
internal_value=-1.68414e-08 0.000260002 -0.000246556 0.00068881 0.00110687 0.000113995 -5.73369e-05 -0.00028606 -0.000516465 -0.000135188 -0.000230804 -0.000101059 -0.000325633 0.00201405 0.000364176 0.000552808 0.000638133 0.000898302 -0.00120638 0.000603522 -0.00095957 0.00105623 -0.000730727
internal_weight=1691 817 874 350 198 152 467 356 283 789 704 604 117 85 113 73 111 91 85 85 100 48 65
internal_count=1691 817 874 350 198 152 467 356 283 789 704 604 117 85 113 73 111 91 85 85 100 48 65
is_linear=0
shrinkage=0.03


Tree=62
num_leaves=19
num_cat=0
split_feature=21 19 23 16 35 31 30 26 23 15 24 33 21 26 35 29 9 13
split_gain=0.116989 0.122651 0.0911662 0.15211 0.116091 0.0960396 0.0955366 0.143184 0.113957 0.0940411 0.0590907 0.0588726 0.0496186 0.0336066 0.0317299 0.0184356 0.00974675 0.00726074
threshold=1.0708648339169076 0.10195334113236738 -0.37209663270232879 -0.63783187661370822 -1.5369077527424038 0.11233403726208545 -0.21422174092631288 0.58453946806802559 -0.729711271713402 -0.29641047956493122 -0.46991902642930589 0.015280709016701567 -0.10650860940294983 0.5519198412879569 0.18473985878519408 -0.20357118417091261 -0.05305384090155555 -0.24172105406343625
decision_type=2 2 2 2 2 2 2 2 2 2 2 2 2 2 2 2 2 2
left_child=2 15 4 5 9 13 8 -8 -6 -1 12 -12 -5 -4 -3 17 -16 -2
right_child=1 14 3 10 6 -7 7 -9 -10 -11 11 -13 -14 -15 16 -17 -18 -19
leaf_value=0 0 -0.00031417140364646908 -0.00022682231050258941 4.2112924403343822e-05 -0.00043922788906300723 0.0025021532135558245 -0.00072117704606255333 0.00049896859116981625 0.0007540026578483069 0.0026844017518603282 0.00042035389453935507 -0.00041472393516706275 0.00097032089968464167 0.0010017913455714381 -0.0010705206986144184 -0.00040557931507808259 -0.0021649031789091069 0.00079512967352810156
leaf_weight=28 22 30 23 114 124 39 399 105 159 20 111 216 105 59 47 24 35 31
leaf_count=28 22 30 23 114 124 39 399 105 159 20 111 216 105 59 47 24 35 31
internal_value=0 -0.000698778 8.75593e-05 0.000349436 -0.00011855 0.00130084 -0.00021096 -0.000459615 0.000221561 0.00126104 0.000127172 -0.000120922 0.000507756 0.000626043 -0.00132313 0.000187432 -0.00163285 0.000516879
internal_weight=1691 189 1502 667 835 121 787 504 283 48 546 327 219 82 112 77 82 53
internal_count=1691 189 1502 667 835 121 787 504 283 48 546 327 219 82 112 77 82 53
is_linear=0
shrinkage=0.03


Tree=63
num_leaves=11
num_cat=0
split_feature=13 34 29 30 29 14 16 27 21 14
split_gain=0.111178 0.112408 0.0700004 0.153135 0.0902807 0.0448355 0.0219998 0.00981154 0.00710484 0.00606589
threshold=1.5561747017498109 1.7276557241726962 -0.20456009603274286 -0.21423249924931909 -0.20455988731834354 -0.12193004382503206 -1.1448012432005485 0.61772153687476961 0.65015817229876494 0.92752687782787424
decision_type=2 2 2 2 2 2 2 2 2 2
left_child=1 2 5 6 -5 8 -4 9 -1 -2
right_child=7 -3 3 4 -6 -7 -8 -9 -10 -11
leaf_value=0.002017001734972 -0.00066903009060770269 -0.0018591402094397279 0 0.00064569703928206239 2.6036052395430804e-05 0 -0.00093018549230479441 -0.00025699535628635203 0.00078151503354310979 -0.0016704869813031768
leaf_weight=22 32 24 29 265 1063 31 146 22 27 30
leaf_count=22 32 24 29 265 1063 31 146 22 27 30
internal_value=0 5.54202e-05 8.98003e-05 4.07918e-05 0.000153119 0.000939649 -0.000782971 -0.0010456 0.00147828 -0.00125449
internal_weight=1691 1607 1583 1503 1328 80 175 84 49 62
internal_count=1691 1607 1583 1503 1328 80 175 84 49 62
is_linear=0
shrinkage=0.03


Tree=64
num_leaves=26
num_cat=0
split_feature=11 23 19 19 36 23 30 11 22 26 33 36 23 30 17 21 16 29 30 34 30 36 29 26 19
split_gain=0.11298 0.111077 0.130298 0.0909802 0.0903911 0.0742903 0.0692379 0.065964 0.0518829 0.0705502 0.063474 0.0821809 0.0709779 0.0517052 0.0442329 0.0428932 0.0355907 0.0342695 0.0339846 0.0444693 0.0333558 0.016529 0.0163564 0.0146805 0.00843348
threshold=-0.098988310007715838 -0.51018011322545764 -0.19357378707762579 0.41873405288112753 0.029874769123944506 -0.89665204211147997 -0.2142238201578609 -1.6394166519489757 -0.46558897745255751 0.5519198412879569 0.015281162035664304 0.029909900793704754 1.9499712721885676 -0.19853222985695793 -0.70879316537526671 0.96069428488515851 -1.1090288736643206 -0.20455932504637989 1.90951862485058 0.14803998394142137 -0.21423142827639788 0.029874769123944506 -0.20345257204697506 -2.155509181457743 2.5714275304902556
decision_type=2 2 2 2 2 2 2 2 2 2 2 2 2 2 2 2 2 2 2 2 2 2 2 2 2
left_child=1 5 4 8 -3 18 20 -8 9 13 11 -10 -12 -2 -4 21 -16 -11 19 -1 -7 -5 -6 -23 -17
right_child=3 2 14 15 22 6 7 -9 10 17 12 -13 -14 -15 16 24 -18 -19 -20 -21 -22 23 -24 -25 -26
leaf_value=0.0014277103170784863 -0.00021496060234174361 0.0029671635650512247 -0.00069034068933582259 0.00016751366417156531 0.0011824663358150117 -5.5995481876799688e-05 0.00052259916557677766 -0.0006821984136922653 0.0010583901241660821 -0.00020254923853975596 -0.00070271285929391161 -6.1874578004420271e-05 0.00044734564158658793 0.0013122083130495054 0.0011067388844663087 -0.0019165840741951724 7.6333299259655172e-05 -0.0014177320854847921 -0.00037138826025994093 3.4313975203655318e-05 0.0011277530403902346 0 0.00032491985816159285 -0.0008163080596277723 -0.00063808763108175735
leaf_weight=51 147 24 41 21 81 36 44 240 108 41 122 115 73 20 41 34 122 65 20 41 37 21 45 81 20
leaf_count=51 147 24 41 21 81 36 44 240 108 41 122 115 73 20 41 34 122 65 20 41 37 21 45 81 20
internal_value=0 0.000250216 0.00064958 -0.000239516 0.00131397 -4.70795e-05 -0.000264683 -0.000481575 -7.78703e-05 -0.000399932 0.000126697 0.000474248 -0.000256772 0 0.000134605 -0.000842092 0.000368905 -0.000993743 0.000609254 0.000859012 0.000525346 -0.000476087 0.000914134 -0.000638165 -0.0015542
internal_weight=1691 823 354 868 150 469 357 284 691 273 418 223 195 167 204 177 163 106 112 92 73 123 126 102 54
internal_count=1691 823 354 868 150 469 357 284 691 273 418 223 195 167 204 177 163 106 112 92 73 123 126 102 54
is_linear=0
shrinkage=0.03


Tree=65
num_leaves=23
num_cat=0
split_feature=11 17 19 13 21 34 23 21 23 17 11 23 15 33 34 30 34 16 21 30 32 29
split_gain=0.10832 0.098151 0.110268 0.109108 0.0792418 0.0789452 0.0635993 0.0603851 0.0861603 0.0396256 0.0355338 0.0346432 0.0253984 0.0335946 0.0152069 0.0130496 0.0130059 0.0123034 0.00962725 0.00466446 0.00429242 0.00148886
threshold=0.90756703033231234 -0.77091056383207535 -0.27960119189933713 -0.56356154542645676 1.5878196342608613 0.14533091131691447 -0.07408443352643522 0.095067417005052945 -0.23994642673292724 -0.52142010352852763 -0.98026046059966099 -0.51018011322545764 0.37042930746979269 0.015279688054422794 0.18837123796180935 -0.2142261193404911 0.1481555018042813 1.3803913193034931 0.63320879522597362 -0.21423249924931909 0.11326368111846206 -0.19235051034661313
decision_type=2 2 2 2 2 2 2 2 2 2 2 2 2 2 2 2 2 2 2 2 2 2
left_child=1 2 5 7 6 20 -5 8 -3 -2 18 -7 15 -14 -9 19 -12 -15 -4 -11 -1 -17
right_child=9 3 10 4 -6 11 -8 14 -10 12 16 -13 13 17 -16 21 -18 -19 -20 -21 -22 -23
leaf_value=-0.0010162226902507244 0.0005299165671002929 0.00058082160925116181 0.0001094437541040991 -6.2691228183979158e-05 -0.0011699910805842212 0 0.00044050930224920034 0 0.0023603286805873114 -0.00028595640705063248 -0.0005812994972721208 0.0012393513931158314 0 -0.00074680391381370156 0.00081487218950254214 -0.00079911258845531837 -0.0014383488995470589 -0.0018075640969151673 -0.0006090008846860235 0.00028267655085675934 -0.00016954166332259774 -0.00018421739759147526
leaf_weight=22 20 74 32 534 40 29 378 67 42 20 47 55 22 40 24 37 74 40 23 26 22 23
leaf_count=22 20 74 32 534 40 29 378 67 42 20 47 55 22 40 24 37 74 40 23 26 22 23
internal_value=0 9.43249e-05 -0.000379434 0.00022183 8.1528e-05 0.000269734 0.000143354 0.000842416 0.0012936 -0.000604618 -0.000864924 0.000815853 -0.000733909 -0.00108306 0.000212438 -0.000349849 -0.00115176 -0.00135949 -0.000155233 0 -0.000694556 -0.000631018
internal_weight=1691 1463 304 1159 952 128 912 207 116 228 176 84 208 102 91 106 121 80 55 46 44 60
internal_count=1691 1463 304 1159 952 128 912 207 116 228 176 84 208 102 91 106 121 80 55 46 44 60
is_linear=0
shrinkage=0.03


Tree=66
num_leaves=26
num_cat=0
split_feature=11 23 31 31 31 31 32 22 31 20 22 21 23 10 31 29 15 11 29 20 15 23 23 15 16
split_gain=0.104772 0.108644 0.186009 0.0888059 0.0933714 0.0885067 0.0787255 0.0669589 0.0580075 0.0436973 0.0674713 0.0562395 0.0427454 0.0407637 0.0388915 0.0411909 0.033827 0.0331209 0.0296563 0.0263752 0.0218236 0.0193208 0.0158211 0.00194365 0.00138364
threshold=0.13629188763707337 -0.39070553925720503 0.11233105674329213 0.11234842709037531 0.11970899610187657 0.39310321108749158 0.12027254623951213 1.3016557784945137 0.11241251341230356 0.1615327238118443 -1.0957269960213722 -1.0005861065070332 2.0729518720294795 -0.371955538255963 0.11232972149748581 -0.20455952928692558 -0.42155631553280054 -0.76564289167647603 -0.20345257204697506 0.21721322526236694 -0.31372771985221237 -0.55710692105949 -0.51800124786446367 -0.71068438311959181 0.61132545863257592
decision_type=2 2 2 2 2 2 2 2 2 2 2 2 2 2 2 2 2 2 2 2 2 2 2 2 2
left_child=1 3 6 9 22 -6 18 12 13 10 -1 -11 14 -4 19 -16 -10 -8 -3 -2 23 -9 -5 -14 -23
right_child=7 2 8 4 5 -7 17 21 16 11 -12 -13 20 -15 15 -17 -18 -19 -20 -21 -22 24 -24 -25 -26
leaf_value=0.00069933717205900134 -0.00071310095527154149 0.0012304890830278524 0.0030664897139067761 -0.0012751264526862007 0.00043874025585629586 -0.0013983612794364834 0.00032832069898489861 -0.0019366274369135498 0.0013620427299599965 0.0017918870491906999 -0.00060921945957693904 0.00032335566421845991 0.00035338582265514724 0.0012478918953022608 0.00077701412598766824 -0.00018624292949271664 -0.00018277004976698661 -0.00057808642636833561 0.00021709302947957716 -0.00011571277551720557 -1.8775236123474308e-05 -0.00017014041210970153 -0.0004593854776988002 0.0012447203585635061 -0.00084308132957667105
leaf_weight=53 190 55 29 84 120 26 47 22 20 27 91 165 20 42 48 179 21 108 66 124 33 20 54 20 27
leaf_count=53 190 55 29 84 120 26 47 22 20 27 91 165 20 42 48 179 21 108 66 124 33 20 54 20 27
internal_value=0 0.000192965 0.000585216 -4.93287e-05 -0.000441493 6.9883e-05 0.00014909 -0.000287366 0.00160194 0.000274267 -0.000102747 0.000569643 -0.000179112 0.00212544 -0.000274986 1.18761e-05 0.000544102 -0.000283238 0.000720547 -0.000489981 0.000474744 -0.00116141 -0.000993766 0.000924568 -0.000644113
internal_weight=1691 1008 388 620 284 146 276 683 112 336 144 192 614 71 541 227 41 155 121 314 73 69 138 40 47
internal_count=1691 1008 388 620 284 146 276 683 112 336 144 192 614 71 541 227 41 155 121 314 73 69 138 40 47
is_linear=0
shrinkage=0.03


Tree=67
num_leaves=24
num_cat=0
split_feature=11 23 19 30 22 23 22 30 29 30 22 17 15 23 36 29 19 15 23 29 14 15 16
split_gain=0.0991822 0.103156 0.1238 0.0941976 0.0912492 0.0817484 0.0771114 0.0755773 0.0798547 0.0659626 0.0638162 0.0457867 0.0437413 0.0404776 0.0367609 0.0446322 0.0269113 0.0208556 0.0180419 0.0174875 0.00847997 0.00168681 0.00119331
threshold=0.13629188763707337 -0.51018011322545764 -0.19357378707762579 -0.21417689700905776 -1.1068979821183478 -1.4468284098208224 -0.30562884789493161 -0.2142238201578609 -0.18536627643887146 -0.21423125010607966 1.3016557784945137 -0.70879316537526671 -0.9322875836540867 2.0729518720294795 0.029896493352129336 -0.20455952928692558 -1.440456892405382 -0.31372771985221237 -0.55710692105949 -0.17490915990567943 -0.54679132730645963 -0.71068438311959181 0.61132545863257592
decision_type=2 2 2 2 2 2 2 2 2 2 2 2 2 2 2 2 2 2 2 2 2 2 2
left_child=1 4 3 6 5 -1 -3 9 -9 -6 13 -4 -13 14 16 -16 -2 21 -12 -5 -7 -15 -20
right_child=10 2 11 19 7 20 -8 8 -10 -11 18 12 -14 17 15 -17 -18 -19 22 -21 -22 -23 -24
leaf_value=-0.00028322441981834989 0.00014866975840413944 0.0007750294947525782 -0.00070651410333812223 7.2251623885676963e-05 -7.7698961766323104e-05 0.00079994861885905263 0.0028372288322212492 -0.00086834546063144029 2.8970365532313199e-06 0.0013491058714666165 -0.0018855004986003041 0.0012588866393437937 5.2313652362499848e-05 0.00034416706040096671 0.00086335860984652988 -0.00018074773993614324 -0.00058545380751593421 -1.8258917472849128e-05 -0.00016570197025556925 0.00083338961745113398 0.0022028302440606053 0.001212249408678516 -0.00082031812760978938
leaf_weight=28 45 41 51 61 79 22 38 193 170 40 22 31 165 20 43 179 274 33 20 67 22 20 27
leaf_count=28 45 41 51 61 79 22 38 193 170 40 22 31 165 20 43 179 274 33 20 67 22 20 27
internal_value=0 0.000187995 0.0005226 0.001059 -8.2163e-05 0.00088386 0.00187107 -0.000237225 -0.00045545 0.00039869 -0.00027935 5.37563e-05 0.000274326 -0.000173543 -0.000266941 1.69707e-05 -0.000472157 0.000462372 -0.00113275 0.000503522 0.00166105 0.000902269 -0.000628414
internal_weight=1691 1008 454 207 554 72 79 482 363 119 683 247 196 614 541 222 319 73 69 128 44 40 47
internal_count=1691 1008 454 207 554 72 79 482 363 119 683 247 196 614 541 222 319 73 69 128 44 40 47
is_linear=0
shrinkage=0.03


Tree=68
num_leaves=23
num_cat=0
split_feature=21 19 11 23 31 30 23 23 31 31 23 19 20 15 16 22 29 23 24 13 30 9
split_gain=0.0973269 0.101319 0.0820162 0.106602 0.118987 0.0716011 0.126353 0.0746801 0.0702764 0.0604566 0.0357634 0.0359176 0.0372833 0.0317514 0.0210108 0.0175461 0.0162291 0.0129506 0.0127679 0.00698948 0.00661386 0.000735844
threshold=1.0708648339169076 0.10195334113236738 0.29169036540312915 -0.39070553925720503 0.11233105674329213 -0.21422174092631288 -0.94250007275392489 -0.729711271713402 0.11241251341230356 0.11232976544898564 -0.07408443352643522 0.10195334113236738 -0.50663329359442655 0.38141723386123666 -1.0652189375478651 -0.71704105652273487 -0.20357118417091261 -0.55710692105949 0.35123558155586088 -0.24172105406343625 -0.20129758935908118 -0.24948381180609647
decision_type=2 2 2 2 2 2 2 2 2 2 2 2 2 2 2 2 2 2 2 2 2 2
left_child=2 16 3 5 9 7 -7 -1 -6 -5 13 12 -12 15 -3 -4 19 -16 -13 -2 -15 -19
right_child=1 14 10 4 8 6 -8 -9 -10 -11 11 18 -14 20 17 -17 -18 21 -20 -21 -22 -23
leaf_value=-0.00021798268246200325 0 -0.0001213935498997908 0 0.00041984196033716819 0.0020303208029654341 0.00069778927051970222 -0.00045542898207923729 0.0010482981372528337 0.00045682420931539541 -0.00099654382150620217 4.3420032615888723e-05 0.00092987524198334919 -0.00079793189228257681 -0.00066612890181693665 -0.0022418798736256102 -0.00076643428453979524 -0.00038710384258431278 -0.00059211452813768715 0 0.00074867543039898227 -0.0015950438631698487 -0.0012978047088878909
leaf_weight=64 22 20 105 222 69 107 366 99 52 27 160 39 61 55 20 35 24 34 20 31 21 38
leaf_count=64 22 20 105 222 69 107 366 99 52 27 160 39 61 55 20 35 24 34 20 31 21 38
internal_value=0 -0.000636389 8.08423e-05 0.000237762 0.00064042 0 -0.000185497 0.000538082 0.00140571 0.000244318 -0.00023093 0 -0.000182992 -0.000518154 -0.00120412 -0.000213701 0.000166084 -0.00139665 0.000632774 0.000477474 -0.0010116 -0.00104158
internal_weight=1691 189 1502 1006 370 636 473 163 121 249 496 280 221 216 112 140 77 92 59 53 76 72
internal_count=1691 189 1502 1006 370 636 473 163 121 249 496 280 221 216 112 140 77 92 59 53 76 72
is_linear=0
shrinkage=0.03


Tree=69
num_leaves=20
num_cat=0
split_feature=21 19 11 20 36 33 20 34 20 24 27 26 33 34 15 29 9 13 25
split_gain=0.0923547 0.0962224 0.0776406 0.0744646 0.117557 0.0740701 0.0768329 0.0697237 0.04185 0.0393945 0.0351703 0.0321364 0.0316724 0.0253029 0.0194158 0.0154151 0.00828371 0.00657609 0.00155963
threshold=1.0708648339169076 0.10195334113236738 -0.10817015526844113 -0.42868059156369481 0.029874769123944506 0.015269371486262824 0.1615327238118443 0.16937163842174061 -1.3474088654973173 -1.2041148180810246 -0.083952605261718424 0.5519198412879569 0.013440733253269789 0.14815492925678972 -0.31372771985221237 -0.20357118417091261 0.27693182125023091 -0.24172105406343625 0.28868423981228192
decision_type=2 2 2 2 2 2 2 2 2 2 2 2 2 2 2 2 2 2 2
left_child=2 15 3 4 -1 7 -7 -5 14 10 -10 -6 -11 -3 -4 17 -15 -2 -16
right_child=1 13 8 5 11 6 -8 -9 9 12 -12 -13 -14 16 18 -17 -18 -19 -20
leaf_value=0.0026594544944091468 0 -0.0001837794702050501 0.00094586339012520104 -0.00073130852807705882 -0.00027332810091320426 -0.00012176421124291187 0.00078261902425154231 0.00028395417780032221 -0.00018015022178673569 0.000254369609676636 0.0011182088527906062 0.00071778644897182986 -0.00037143715727169742 -0.0010077227615111041 0.00020711227346328085 -0.00037678108792169951 -0.0020387895140796899 0.00072819694679449585 -0.00011996444397104472
leaf_weight=25 22 26 39 131 33 134 202 104 31 76 33 109 541 59 21 24 27 31 23
leaf_count=25 22 26 39 131 33 134 202 104 31 76 33 109 541 59 21 24 27 31 23
internal_value=0 -0.000620328 7.834e-05 0.000298461 0.000853041 0.000127427 0.000415207 -0.00027148 -0.000130715 -0.000211749 0.000464633 0.000465878 -0.000288656 -0.00117367 0.000483464 0.000160865 -0.00142295 0.000465041 0
internal_weight=1691 189 1502 738 167 571 336 235 764 681 64 142 617 112 83 77 86 53 44
internal_count=1691 189 1502 738 167 571 336 235 764 681 64 142 617 112 83 77 86 53 44
is_linear=0
shrinkage=0.03


Tree=70
num_leaves=16
num_cat=0
split_feature=11 35 35 31 34 23 23 7 14 30 32 10 30 30 6
split_gain=0.0881889 0.0782654 0.0756811 0.135375 0.130027 0.0355783 0.0313023 0.0234995 0.0225502 0.0124474 0.0114706 0.00929312 0.0090122 0.00635158 0.00147449
threshold=0.90756703033231234 1.6518721919341999 0.23779294642235635 0.11246799914794135 0.14816090593700323 -0.5576463096552845 -0.49264998386217052 1.3740428272830594 0.29723109317032681 -0.21423192675736027 0.3129512295490689 1.7372561209035708 -0.20129758935908118 -0.20751397084092377 0.039389589248462073
decision_type=2 2 2 2 2 2 2 2 2 2 2 2 2 2 2
left_child=1 2 3 4 -1 -5 8 9 -2 14 12 -9 -4 -11 -8
right_child=6 -3 10 5 -6 -7 7 11 -10 13 -12 -13 -14 -15 -16
leaf_value=3.0338900441011846e-05 -4.5492960023693731e-05 -0.0013751171872420399 0.0011913466657162643 0.00015605436611804179 0.00094583300460188548 -0.00083606119900625725 8.7446869554696588e-05 0.00072987925880791055 -0.0013658350978634859 -0.0009267422958263732 0.0001275528002745257 -3.5160041748262611e-05 0.00051314792249251839 -0.00010766275741159915 -0.00021832263225223867
leaf_weight=902 21 29 57 33 164 171 21 20 54 49 36 20 71 22 21
leaf_count=902 21 29 57 33 164 171 21 20 54 49 36 20 71 22 21
internal_value=0 8.52515e-05 0.000119682 3.81415e-05 0.00017625 -0.000661143 -0.000545407 -0.000263107 -0.00105057 -0.000491579 0.000721128 0.000301827 0.000858426 -0.000728137 -3.13374e-06
internal_weight=1691 1463 1434 1270 1066 204 228 153 75 113 164 40 128 71 42
internal_count=1691 1463 1434 1270 1066 204 228 153 75 113 164 40 128 71 42
is_linear=0
shrinkage=0.03


Tree=71
num_leaves=18
num_cat=0
split_feature=21 19 11 23 33 33 29 29 30 33 15 11 34 17 29 25 12
split_gain=0.0855167 0.0896826 0.0714792 0.0817407 0.105424 0.0877402 0.0842395 0.0816724 0.0736664 0.0695076 0.0327277 0.0388268 0.0243751 0.0166424 0.0142825 0.00675626 0.00542403
threshold=1.0708648339169076 0.10195334113236738 0.56824323355030115 -0.39070553925720503 0.015280528513995721 0.17733389670830388 -0.20414914530231812 -0.17701835233099752 -0.21422174092631288 0.015281140084816409 1.9549704952558655 1.7356623139025269 0.14815492925678972 0.29643284934537734 -0.20357118417091261 0.44382666767151713 0.14261556814001239
decision_type=2 2 2 2 2 2 2 2 2 2 2 2 2 2 2 2 2
left_child=2 14 3 5 6 8 -5 -7 -1 -6 11 13 -3 -4 15 -2 -14
right_child=1 12 10 4 9 7 -8 -9 -10 -11 -12 -13 16 -15 -16 -17 -18
leaf_value=0.0003921459680337765 0.00077474032474103669 -0.00016167555238794662 -0.00060780400892778471 0.0018114812373683823 -0.0010704285077905904 0.0024089784729480744 0.00037615274626566741 -2.0357054101465182e-05 -0.00030926461715155405 0.00031987865738340965 0.0006262216802971469 -0.0013977723861621182 -0.00094070632775505403 -8.7874761047489818e-05 -0.00035896594245504179 0 -0.0018534609439472356
leaf_weight=183 26 26 88 78 33 22 83 20 470 278 26 30 53 191 24 27 33
leaf_count=183 26 26 88 78 33 22 83 20 470 278 26 30 53 191 24 27 33
internal_value=0 -0.000596878 7.54278e-05 0.0001879 0.000491431 -1.51673e-05 0.00111024 0.00126125 -0.00010723 0.000153982 -0.000305692 -0.000398988 -0.00113124 -0.000267226 0.000156152 0.000449719 -0.00137533
internal_weight=1691 189 1502 1167 472 695 161 42 653 311 335 309 112 279 77 53 86
internal_count=1691 189 1502 1167 472 695 161 42 653 311 335 309 112 279 77 53 86
is_linear=0
shrinkage=0.03


end of trees

feature_importances:
Column_11=154
Column_23=130
Column_22=118
Column_30=94
Column_19=93
Column_29=91
Column_20=78
Column_31=72
Column_15=63
Column_21=58
Column_33=52
Column_34=43
Column_17=40
Column_27=38
Column_32=33
Column_26=30
Column_36=26
Column_14=25
Column_16=25
Column_35=25
Column_13=20
Column_10=13
Column_9=8
Column_24=6
Column_12=4
Column_25=4
Column_7=3
Column_0=2
Column_8=2
Column_3=1
Column_6=1
Column_18=1

parameters:
[boosting: gbdt]
[objective: regression]
[metric: l2]
[tree_learner: serial]
[device_type: cpu]
[data_sample_strategy: bagging]
[data: ]
[valid: ]
[num_iterations: 200]
[learning_rate: 0.03]
[num_leaves: 31]
[num_threads: 40]
[seed: 42]
[deterministic: 0]
[force_col_wise: 0]
[force_row_wise: 0]
[histogram_pool_size: -1]
[max_depth: 5]
[min_data_in_leaf: 20]
[min_sum_hessian_in_leaf: 0.001]
[bagging_fraction: 0.8]
[pos_bagging_fraction: 1]
[neg_bagging_fraction: 1]
[bagging_freq: 0]
[bagging_seed: 400]
[bagging_by_query: 0]
[feature_fraction: 0.8]
[feature_fraction_bynode: 1]
[feature_fraction_seed: 30056]
[extra_trees: 0]
[extra_seed: 12879]
[early_stopping_round: 0]
[early_stopping_min_delta: 0]
[first_metric_only: 0]
[max_delta_step: 0]
[lambda_l1: 0.1]
[lambda_l2: 3]
[linear_lambda: 0]
[min_gain_to_split: 0]
[drop_rate: 0.1]
[max_drop: 50]
[skip_drop: 0.5]
[xgboost_dart_mode: 0]
[uniform_drop: 0]
[drop_seed: 17869]
[top_rate: 0.2]
[other_rate: 0.1]
[min_data_per_group: 100]
[max_cat_threshold: 32]
[cat_l2: 10]
[cat_smooth: 10]
[max_cat_to_onehot: 4]
[top_k: 20]
[monotone_constraints: ]
[monotone_constraints_method: basic]
[monotone_penalty: 0]
[feature_contri: ]
[forcedsplits_filename: ]
[refit_decay_rate: 0.9]
[cegb_tradeoff: 1]
[cegb_penalty_split: 0]
[cegb_penalty_feature_lazy: ]
[cegb_penalty_feature_coupled: ]
[path_smooth: 0]
[interaction_constraints: ]
[verbosity: -1]
[saved_feature_importance_type: 0]
[use_quantized_grad: 0]
[num_grad_quant_bins: 4]
[quant_train_renew_leaf: 0]
[stochastic_rounding: 1]
[linear_tree: 0]
[max_bin: 255]
[max_bin_by_feature: ]
[min_data_in_bin: 3]
[bin_construct_sample_cnt: 200000]
[data_random_seed: 175]
[is_enable_sparse: 1]
[enable_bundle: 1]
[use_missing: 1]
[zero_as_missing: 0]
[feature_pre_filter: 1]
[pre_partition: 0]
[two_round: 0]
[header: 0]
[label_column: ]
[weight_column: ]
[group_column: ]
[ignore_column: ]
[categorical_feature: ]
[forcedbins_filename: ]
[precise_float_parser: 0]
[parser_config_file: ]
[objective_seed: 16083]
[num_class: 1]
[is_unbalance: 0]
[scale_pos_weight: 1]
[sigmoid: 1]
[boost_from_average: 1]
[reg_sqrt: 0]
[alpha: 0.9]
[fair_c: 1]
[poisson_max_delta_step: 0.7]
[tweedie_variance_power: 1.5]
[lambdarank_truncation_level: 30]
[lambdarank_norm: 1]
[label_gain: ]
[lambdarank_position_bias_regularization: 0]
[eval_at: ]
[multi_error_top_k: 1]
[auc_mu_weights: ]
[num_machines: 1]
[local_listen_port: 12400]
[time_out: 120]
[machine_list_filename: ]
[machines: ]
[gpu_platform_id: -1]
[gpu_device_id: -1]
[gpu_device_id_list: ]
[gpu_use_dp: 0]
[num_gpu: 1]

end of parameters

pandas_categorical:null
