tree
version=v4
num_class=1
num_tree_per_iteration=1
label_index=0
max_feature_idx=35
objective=regression
feature_names=Column_0 Column_1 Column_2 Column_3 Column_4 Column_5 Column_6 Column_7 Column_8 Column_9 Column_10 Column_11 Column_12 Column_13 Column_14 Column_15 Column_16 Column_17 Column_18 Column_19 Column_20 Column_21 Column_22 Column_23 Column_24 Column_25 Column_26 Column_27 Column_28 Column_29 Column_30 Column_31 Column_32 Column_33 Column_34 Column_35
feature_infos=[-6.7564485593847614:5.6278851417826141] [-6.9438792811873675:5.4943080718533821] [-6.7617977744965918:5.6297139717630023] [-6.7617047552872913:5.630281944631653] [-6.762012559256326:5.6311347391679352] [-6.7625846968443648:5.6303388779940979] [-6.7654598286216006:5.6323374759522835] [-1.6921102701346269:9.6453127308273814] [-5.6300049659353046:6.8914760092988221] [-4.8555068721451464:3.8998736942392016] [-4.1203347653249667:3.9900121120402363] [-2.7239378446319482:4.1701401291471694] [-4.465403495240384:3.9205775102204905] [-3.9087516926414034:3.9900252785349641] [-1.7320809549613583:6.074731826690579] [-1.7997588443773125:5.2772394632614077] [-2.6276708307376055:3.0235093534441049] [-5.1473420363183706:3.119244725330713] [-2.7769297517386295:11.982614444451096] [-1.7508552632408494:3.3865473471103722] [-1.8794932890014897:2.7687908512058783] [-1.2336435046778305:7.7634612750939302] [-1.4388045989699367:2.2412930639118542] [-1.0160316400808078:2.7302542879506024] [-1.7495441226266424:2.7648236134773367] [-1.9880594153253512:5.1136103569078522] [-2.0875862949959112:2.5727084706035366] [-0.16699872565241822:11.247855345412875] [-0.66945037724881207:3.7300221895340622] [-0.49682151243777584:5.1135215431371739] [-3.43690114639268:2.9444209171075491] [-2.7629282866366811:2.6705488820772021] [-9.9865205917476896:6.3330081983522089] [-2.2488795194121547:2.858059384429632] [-2.2640352840633668:2.9960648160723453] [-6.1116742050058344:6.6399766124356354]
tree_sizes=2231 2346 2661 2114 1688 1665 2197 2248 2182 2118 1943 2306 1484 2646 1705 1465 2500 1611 1974 1620 2019 1935 1979 2264 2119 1880 2542 2398 1480 1876 1680 1429 1751 2091 1471 2024 2038 1750 1682 1752 2141 1398 1773 1767 1780 1320 1661 1682 1734 2615 1519 1696 1934 1773 1790 1686 1336 1642 1351 1695 1540 1693 1071 1624 1400 1356 1414 1217 1327 1159 1280 1658 1549 1317 1491 1261 1636 1290 1116 1295 1074 1490 1194 955 1042 1341 1232 936 1561 1085 1043 1136 1118 1404 1726 1374 919 1777 1915 1691 1314 1333 1064 1223 954 1031 1504 1582 1314 1116 1460 1221 1356 1434 1366 1386 1722 1231 1948 1585 1404 2191 1327 1727 1428 1676 1719 1242 1609 1776 1118 1538 1384 2205 1594 1378 1730 1405 1768 1602 1505 1571 1284 1580 1324 1679 1816 1629 1411 1231 1683 1518 1298 1760 1780 1362 1699 1228 1776 1552 1701 1587 2059 2073 1669 1775 1327 2042 2081 2243 2125

Tree=0
num_leaves=24
num_cat=0
split_feature=19 22 20 32 22 22 34 15 29 29 34 34 22 21 29 22 34 35 33 34 20 21 15
split_gain=0.213863 0.169878 0.192433 0.130627 0.111795 0.107679 0.106836 0.0745372 0.0610539 0.0521716 0.0502927 0.0491727 0.0469674 0.0421842 0.0405053 0.0450457 0.0248017 0.0229682 0.0263454 0.0181063 0.0357354 0.0120772 0.000325337
threshold=-0.34269933209536785 1.0947835098696681 1.1543518374741824 -0.024504174459425456 -0.53405935504081448 1.9028386207451917 -0.48595971888999551 -0.076498668237383424 -0.49591732494372215 -0.38419719510338673 0.55230497267908929 -0.15235557733974486 0.66070431807703212 -0.99694204428281974 -0.4597287254831573 -1.1378205056724753 -0.26437280293379423 0.13995674216956075 0.05225602380253673 -0.10610669738722898 -1.4840099064430536 0.46852793106901619 -0.14062776124863813
decision_type=2 2 2 2 2 2 2 2 2 2 2 2 2 2 2 2 2 2 2 2 2 2 2
left_child=3 4 10 13 14 9 7 -6 -5 -4 22 -7 -8 -1 16 -16 -2 21 -19 -15 -21 -10 -3
right_child=1 2 5 8 6 11 12 -9 17 -11 -12 -13 -14 19 15 -17 -18 18 -20 20 -22 -23 -24
leaf_value=0.012716063319184703 0.012462991580359538 0.011841942091237127 0.014011186709004139 0.01403560490468673 0.013412036761060307 0.013309753025353057 0.014126804266581748 0.012206177152864052 0.0128230822659357 0.01272335511344104 0.01255230598523964 0.011792261860047617 0.013058938187517147 0.012339635295472913 0.011197616039813316 0.012582830984793901 0.013549003084292474 0.012002485884734553 0.01305632476411187 0.012558500334617986 0.011402702709152458 0.012282849812099142 0.010937402545605027
leaf_weight=28 20 21 60 20 92 20 161 83 126 64 23 87 65 38 20 220 57 132 20 21 239 45 81
leaf_count=28 20 21 60 20 92 20 161 83 126 64 23 87 65 38 20 220 57 132 20 21 239 45 81
internal_value=0.0125523 0.0128143 0.0122856 0.0121323 0.0130807 0.012789 0.0134126 0.0128271 0.0125508 0.0133899 0.0113481 0.0121161 0.0138434 0.0117052 0.0126473 0.0124644 0.0132367 0.0124369 0.0121676 0.0115996 0.0115065 0.0126615 0.0110694
internal_weight=1743 1074 356 669 718 231 401 175 343 124 125 107 226 326 317 240 77 323 152 298 260 171 102
internal_count=1743 1074 356 669 718 231 401 175 343 124 125 107 226 326 317 240 77 323 152 298 260 171 102
is_linear=0
shrinkage=1


Tree=1
num_leaves=25
num_cat=0
split_feature=19 22 26 32 22 22 15 29 28 33 29 33 15 22 22 13 35 33 22 20 26 29 19 17
split_gain=0.201194 0.159969 0.182414 0.123135 0.114102 0.105436 0.100348 0.056928 0.054741 0.0439099 0.0386588 0.037396 0.0365784 0.0351143 0.0250907 0.0249628 0.0219585 0.0245905 0.0218554 0.0213595 0.0178726 0.00908901 0.00866629 0.00465834
threshold=-0.34269933209536785 1.0947835098696681 0.24539563548760804 -0.021802685075961226 1.9028386207451917 -0.53405935504081448 -0.90978158377366181 -0.49591732494372215 -0.6242400804724294 -0.16691543506486936 -0.47579536543816525 -0.31991794665991197 -0.30934108103366487 -1.1791886034476247 -0.80388745007671558 0.48507504578272737 0.13995674216956075 0.05225602380253673 0.42987968708667113 0.20627523545053481 1.8306537243300354 -0.060444165870510658 -0.68291100522480563 0.19269837017377092
decision_type=2 2 2 2 2 2 2 2 2 2 2 2 2 2 2 2 2 2 2 2 2 2 2 2
left_child=3 5 4 14 8 10 -7 -5 -3 -8 19 -6 -4 -12 23 -14 21 -18 20 -2 -16 -9 -20 -1
right_child=1 2 12 7 11 6 9 16 -10 -11 13 -13 15 -15 18 -17 17 -19 22 -21 -22 -23 -24 -25
leaf_value=0 0 -0.00013109981937503272 0 0.0014446041647182856 0.00051504877693234728 0.0020336646531696283 0.00030940064316183871 0.00022587796148426569 0.0012496962765049513 0.0010278802266064401 -0.0010525141607296454 -0.00073928644775349479 -0.0015943436826268832 6.3616941886017052e-05 -0.0011907587937765609 -0.00021912250854074953 -0.00052706624954261397 0.00049087049309974129 0.00015175348362359015 0.001369804852735251 -0.00038103139622859203 -0.00038583050909168692 -0.00061168403060519658 -0.00045571521271697499
leaf_weight=34 20 30 21 20 23 54 202 142 89 145 25 85 87 245 187 21 130 20 20 27 46 20 20 30
leaf_count=34 20 30 21 20 23 54 202 142 89 145 25 85 87 245 187 21 130 20 20 27 46 20 20 30
internal_value=0 0.000254432 -0.000258515 -0.00040707 0.000243391 0.00051294 0.000835327 0 0.000882342 0.000624438 9.17418e-05 -0.000438432 -0.0011499 -3.91699e-05 -0.000808368 -0.00136712 -0.00010137 -0.00036477 -0.000936569 0.000861016 -0.00105049 0.000126535 -0.000176242 -0.000199283
internal_weight=1743 1074 356 669 227 718 401 332 119 347 317 108 129 270 337 108 312 150 273 47 233 162 40 64
internal_count=1743 1074 356 669 227 718 401 332 119 347 317 108 129 270 337 108 312 150 273 47 233 162 40 64
is_linear=0
shrinkage=0.03


Tree=2
num_leaves=28
num_cat=0
split_feature=25 22 29 32 30 21 24 25 21 26 11 35 22 34 26 34 34 34 28 35 10 23 24 29 26 26 11
split_gain=0.32766 0.0887324 0.108299 0.0843885 0.109164 0.0690937 0.0645713 0.0625167 0.066016 0.0619113 0.0592967 0.0568296 0.0548211 0.0411703 0.0406063 0.0388745 0.032465 0.0290303 0.0274208 0.0239266 0.0215541 0.0208354 0.0189533 0.0152498 0.0120302 0.0111767 0.0045675
threshold=0.48580090034351203 1.2003085381767549 -0.46254866052943761 -0.023407170693417887 -0.22359694286670348 -0.77553126296572283 0.88383705676734536 -0.75032839616917657 -0.15900636177879865 0.85314503690129473 1.0463540296922329 0.14103257514927287 -0.53405935504081448 -0.48595971888999551 0.95791141116156198 0.18278554955653822 -0.98304525760826977 -0.26437280293379423 -0.50637235483317145 0.14887193332931373 -0.50385569255146812 0.058896992678204897 0.92084007099770582 -0.45542638039362876 -0.2596387090685584 0.53962914440154341 0.75180506966380845
decision_type=2 2 2 2 2 2 2 2 2 2 2 2 2 2 2 2 2 2 2 2 2 2 2 2 2 2 2
left_child=3 10 -3 5 9 17 25 23 -9 16 12 14 22 -14 -6 -13 -5 -1 21 -19 -8 -12 -2 -7 -20 -4 -11
right_child=1 2 6 4 11 7 20 8 -10 26 18 15 13 -15 -16 -17 -18 19 24 -21 -22 -23 -24 -25 -26 -27 -28
leaf_value=0.00092448935371919957 -0.00019078964056097901 0.0017908151167631149 -0.0014182164554761066 4.5145776172527491e-06 0.0007249211703546771 -0.0015896700735726992 0.0010036391471333515 -0.00090715303361124005 -1.4440233695453829e-05 -0.0016573363152834085 0 -0.00047477887274656927 0.00070147625842820042 0.001780918000001892 -0.00015127224555388756 0.00052078068252576853 -0.00078155572319387411 -0.00071320786945787916 -0.00077372473494514179 0.00017304483057380141 -0.00014495143599601256 0.0011087231070089796 0.000855575592830204 -0.00076784615141284459 0.00012519483281927101 -0.00035065097650513054 -0.00058616250153863808
leaf_weight=26 29 22 34 141 214 70 23 139 172 36 26 112 66 120 53 46 63 39 20 68 24 36 23 73 20 27 21
leaf_count=26 29 22 34 141 214 70 23 139 172 36 26 112 66 120 53 46 63 39 20 68 24 36 23 73 20 27 21
internal_value=0 0.000674829 0 -0.000249596 -1.86956e-05 -0.000512887 -0.000394708 -0.00068872 -0.000427843 -0.000502411 0.000927803 0.000272793 0.00118919 0.00143098 0.000540136 -0.000161996 -0.000231558 6.7218e-05 0.000272781 -0.00013335 0.000383619 0.000670126 0.000238904 -0.00121508 -0.000277121 -0.00103115 -0.00136173
internal_weight=1743 470 130 1273 686 587 108 454 311 261 340 425 238 186 267 158 204 133 102 107 47 62 52 143 40 61 57
internal_count=1743 470 130 1273 686 587 108 454 311 261 340 425 238 186 267 158 204 133 102 107 47 62 52 143 40 61 57
is_linear=0
shrinkage=0.03


Tree=3
num_leaves=22
num_cat=0
split_feature=25 15 32 31 19 20 29 34 24 31 35 33 23 22 23 34 22 33 10 33 35
split_gain=0.309479 0.0892232 0.0794503 0.10351 0.0627956 0.0611133 0.0820852 0.0613581 0.0543538 0.0525743 0.0493407 0.0580467 0.0479249 0.0474951 0.050829 0.0413595 0.0368815 0.0360616 0.0256926 0.0230584 0.0208448
threshold=0.48580090034351203 -0.90978158377366181 -0.023407170693417887 -0.25364854863013148 -0.48361490937516927 -0.12961476069498604 -0.46320556980523692 -0.48595971888999551 0.41513220984944588 -0.17636799550090781 0.14103257514927287 -0.1925971120315029 0.15113509317897819 -1.1378205056724753 2.1058732999453684 0.51923720156091602 1.0947835098696681 -0.21376261363023971 -1.1823115562845843 -0.58988687574458498 0.80833885997215604
decision_type=2 2 2 2 2 2 2 2 2 2 2 2 2 2 2 2 2 2 2 2 2
left_child=2 -2 4 12 18 7 -7 9 -8 -3 11 -5 16 -6 -15 -9 -4 -12 -1 -14 -20
right_child=1 5 3 10 13 6 8 15 -10 -11 17 -13 19 14 -16 -17 -18 -19 20 -21 -22
leaf_value=0 0.0017301766847570737 0.00066915051724955241 -0.00044006523692278961 0.00095083978848079453 -0.0014142072917148469 0.0014586701195512431 -0.0010798230683835949 0.0016924730722443202 0.00012194299924787197 -0.00075814893507049417 -0.00067935206691789271 4.9781682033374503e-05 0.00010845025328797585 0.00016829555663263791 -0.0008523406338518145 0.00039270111924396704 -0.0016204654181257206 0.00021573911305700251 -0.00095918638653089399 -0.00075473842839710416 0
leaf_weight=26 60 74 76 133 22 29 43 77 115 29 65 137 107 210 52 43 44 91 255 33 22
leaf_count=26 60 74 76 133 22 29 43 77 115 29 65 137 107 210 52 43 44 91 255 33 22
internal_value=0 0.000655649 -0.000242764 -1.8579e-05 -0.000498247 0.000479711 5.99729e-05 0.000812947 -0.000200513 0.000228904 0.000264259 0.000510197 -0.000491133 -0.000161627 -3.03086e-05 0.00127205 -0.000926236 -0.000144129 -0.000799277 -8.56018e-05 -0.0008836
internal_weight=1743 470 1273 686 587 410 187 223 158 103 426 270 260 284 262 120 120 156 303 140 277
internal_count=1743 470 1273 686 587 410 187 223 158 103 426 270 260 284 262 120 120 156 303 140 277
is_linear=0
shrinkage=0.03


Tree=4
num_leaves=17
num_cat=0
split_feature=25 15 21 29 26 34 26 11 28 11 22 16 11 34 10 22
split_gain=0.292357 0.08403 0.0734283 0.0706239 0.097715 0.0948902 0.0703396 0.0648993 0.0631694 0.0573859 0.0544818 0.0445737 0.0397107 0.0337175 0.0205489 0.00426855
threshold=0.48580090034351203 -0.90978158377366181 1.2495818325007877 -0.49591732494372215 0.70515181046315345 0.042537919375625184 0.24539563548760804 -0.39937482068614333 -0.34481263907458087 -0.42421159693240879 -0.18414553303065853 -0.49896052078918579 0.9602726994115075 0.22460010555030127 -1.5018858128429955 -0.30313078410629363
decision_type=2 2 2 2 2 2 2 2 2 2 2 2 2 2 2 2
left_child=3 -2 6 -1 5 11 8 -7 -3 -8 13 -5 15 -6 -12 -4
right_child=1 2 12 4 10 7 9 -9 -10 -11 14 -13 -14 -15 -16 -17
leaf_value=0.0013584439172409475 0.0016807430076102414 0.00091929587150635806 0.0020006883020120625 0.00055025687357531208 -0.00058615256200375196 -0.00095794739063540532 -0.0011897005250502842 -0.0001719190898861112 -5.7936283985402464e-05 0.00026980119515210391 -4.9591128857663031e-05 -3.3238799254889983e-05 0.00016238937946036456 0.000485462545916172 -0.0011604271089850123 0.00090319790240966772
leaf_weight=21 60 136 35 171 63 144 45 306 94 42 23 338 30 39 168 28
leaf_count=21 60 136 35 171 63 144 45 306 94 42 23 338 30 39 168 28
internal_value=0 0.000637355 0.0004663 -0.000235852 -0.000268167 -0.000116976 0.000231868 -0.000434749 0.000511426 -0.000466273 -0.000746686 0.000159004 0.00120192 -0.000145682 -0.00104496 0.0016216
internal_weight=1743 470 410 1273 1252 959 317 450 230 87 293 509 93 102 191 63
internal_count=1743 470 410 1273 1252 959 317 450 230 87 293 509 93 102 191 63
is_linear=0
shrinkage=0.03


Tree=5
num_leaves=17
num_cat=0
split_feature=21 26 22 29 15 15 34 31 31 34 11 11 34 32 34 13
split_gain=0.0959509 0.108236 0.131587 0.0956054 0.0800561 0.0649294 0.0633721 0.0548861 0.0505998 0.0468676 0.0653317 0.0470252 0.0437656 0.031787 0.024004 0.0154958
threshold=1.362733631293777 -0.073118012138834718 -0.53405935504081448 -0.4954268916519084 -0.9744732519403444 -0.38130586680707929 -0.46770303030089738 -0.12019662486696787 -0.14924623610714019 0.017480040817907602 0.017992236209770408 -0.28921582743017543 -0.41688683431315349 -0.067106789724710722 0.84621359328607781 0.34018171149577109
decision_type=2 2 2 2 2 2 2 2 2 2 2 2 2 2 2 2
left_child=1 2 9 -3 -4 8 -7 -6 -5 11 -11 -1 -2 14 -14 -15
right_child=12 3 4 5 7 6 -8 -9 -10 10 -12 -13 13 15 -16 -17
leaf_value=0.00048907949241065241 -0.00034768571041058748 0.0013972205046492699 0.0017621963783167301 0.00096725660876836612 0.0006877518884325116 -0.0012844060135803657 -0.0004043913910694818 -0.00014159384888122215 -0.00033561068285550724 -0.0008357406473388613 2.4038786223531953e-05 -0.00023321484778095685 0 0.0021623976797397644 0.0011830588696605487 0.00074772540518953912
leaf_weight=159 21 23 45 45 202 94 432 101 54 148 154 154 38 25 20 28
leaf_count=159 21 23 45 45 202 94 432 101 54 148 154 154 38 25 20 28
internal_value=0 -6.37108e-05 0.000135654 -0.000363858 0.000600709 -0.000439808 -0.00057372 0.000402821 0.000238221 -0.000124283 -0.00039155 0.000125368 0.000768859 0.00101 0.00041662 0.00154869
internal_weight=1743 1611 963 648 348 625 526 303 99 615 302 313 132 111 58 53
internal_count=1743 1611 963 648 348 625 526 303 99 615 302 313 132 111 58 53
is_linear=0
shrinkage=0.03


Tree=6
num_leaves=23
num_cat=0
split_feature=25 15 32 30 21 26 35 21 28 25 21 26 35 33 10 33 33 34 35 29 19 9
split_gain=0.268942 0.0752561 0.0694211 0.0942506 0.0671833 0.0640172 0.078576 0.0605427 0.0569024 0.0549796 0.0596337 0.0492286 0.0488851 0.0485508 0.0360622 0.0355271 0.0351035 0.0250577 0.0210223 0.0144261 0.00376698 0.00208789
threshold=0.48580090034351203 -0.90978158377366181 -0.023407170693417887 -0.22359694286670348 1.2495818325007877 0.24539563548760804 0.12448299162908005 -0.77553126296572283 -0.34481263907458087 -0.75032839616917657 -0.15900636177879865 0.85314503690129473 0.14103257514927287 -0.19521995398906633 1.0125290534090061 -0.21376261363023971 -0.73347515727915991 -0.26437280293379423 0.14887193332931373 -0.45542638039362876 0.25619417708498288 -0.92548968384834507
decision_type=2 2 2 2 2 2 2 2 2 2 2 2 2 2 2 2 2 2 2 2 2 2
left_child=2 -2 7 11 5 8 -7 17 -3 19 -11 16 13 -5 21 -14 -4 -1 -19 -9 -13 -6
right_child=1 4 3 12 14 6 -8 9 -10 10 -12 20 15 -15 -16 -17 -18 18 -20 -21 -22 -23
leaf_value=0.00087312389881317976 0.0016008373339261325 0.00087847949833468465 2.483989375953873e-05 0.00091074493820014508 0.0020839929033232771 -0.001110774573475375 0.00067292991088812844 -0.001482992779744202 -4.7420279569347798e-05 -0.00083914425342653638 0 -0.00049165654190532534 -0.000667757341827798 7.7259581549454941e-05 0 0.00021287645859039447 -0.00079454297251703042 -0.00065327253348992345 0.00017829800761488438 -0.00069312188920383426 -0.0014932225646451115 0.0010729923926668967
leaf_weight=26 60 136 141 131 20 56 31 70 94 139 172 20 67 136 22 91 63 39 68 73 37 51
leaf_count=26 60 136 141 131 20 56 31 70 94 139 172 20 67 136 22 91 63 39 68 73 37 51
internal_value=0 0.000611919 -0.000225587 -1.57527e-05 0.000449359 0.00022454 -0.000440623 -0.000464398 0.000491454 -0.000629184 -0.000384081 -0.00046553 0.000254781 0.000502885 0.00115346 -0.000147408 -0.00022156 7.75169e-05 -0.000107075 -0.00112285 -0.00123395 0.00147126
internal_weight=1743 470 1273 686 410 317 87 587 230 454 311 261 425 267 93 158 204 133 107 143 57 71
internal_count=1743 470 1273 686 410 317 87 587 230 454 311 261 425 267 93 158 204 133 107 143 57 71
is_linear=0
shrinkage=0.03


Tree=7
num_leaves=23
num_cat=0
split_feature=19 22 29 20 32 22 34 35 28 29 11 29 22 34 34 34 20 11 26 35 33 29
split_gain=0.154747 0.119299 0.146556 0.127906 0.0914532 0.0780511 0.0920061 0.0767708 0.0711536 0.0465569 0.034857 0.0325192 0.0352181 0.0242382 0.0214492 0.021286 0.0257671 0.0208257 0.0186711 0.0165208 0.0212879 0.0127775
threshold=-0.34269933209536785 1.0947835098696681 -0.46805256415936763 1.1760221598061515 -0.027354167839619994 -0.53405935504081448 -0.48595971888999551 0.13632790581816051 -0.50918522341435757 -0.49591732494372215 1.1036186593516066 -0.4597287254831573 -1.1378205056724753 0.61448819568947355 -0.26437280293379423 0.017480040817907602 -1.4840099064430536 -0.43543023641789103 0.57946199869487391 0.13995674216956075 0.05225602380253673 -0.47369645045565362
decision_type=2 2 2 2 2 2 2 2 2 2 2 2 2 2 2 2 2 2 2 2 2 2
left_child=4 5 -3 13 15 11 8 -5 -7 -6 -8 14 -13 -4 -2 18 -17 -18 -1 21 -21 -11
right_child=1 2 3 7 9 6 10 -9 -10 19 -12 12 -14 -15 -16 16 17 -19 -20 20 -22 -23
leaf_value=0.00035806490536779165 -9.9458303069695813e-05 0.0016119610924805912 -0.0013748622254838093 0.00048908217152538076 0.0012820038656177729 0.00057592493380207084 0.0012955535207164327 -0.00069495610594034747 -0.00072064888132911803 -0.00013052684296367836 0.00019415594261538771 -0.0011997399223239527 2.3692295144232729e-05 -7.7715366613119837e-05 0.0009039446797498384 3.1184576335363079e-05 -0.0014155389891350512 -0.00069101042096908179 -0.00063515732407104226 -0.00048728205008818053 0.00045383907360551149 0.00036298686913020599
leaf_weight=27 20 32 100 127 20 125 187 76 50 100 39 20 220 21 57 21 70 167 32 134 20 78
leaf_count=27 20 32 100 127 20 125 187 76 50 100 39 20 220 21 57 21 70 167 32 134 20 78
internal_value=0 0.000223857 -0.000218324 -0.000421397 -0.000356282 0.000447257 0.000724836 2.75687e-05 0.000182719 -1.3734e-05 0.00112362 8.32453e-05 -7.94676e-05 -0.00118126 0.000611864 -0.000723582 -0.000843133 -0.000932525 -0.000136912 -0.000111527 -0.000339614 7.15893e-05
internal_weight=1743 1074 356 324 669 718 401 203 175 352 226 317 240 121 77 317 258 237 59 332 154 178
internal_count=1743 1074 356 324 669 718 401 203 175 352 226 317 240 121 77 317 258 237 59 332 154 178
is_linear=0
shrinkage=0.03


Tree=8
num_leaves=23
num_cat=0
split_feature=25 15 32 31 21 21 25 21 28 15 35 33 23 29 10 34 22 34 35 32 29 9
split_gain=0.244228 0.0688076 0.0618095 0.0863832 0.0610206 0.0565758 0.0499549 0.0548003 0.0484823 0.063266 0.0407959 0.0485936 0.0378841 0.0355145 0.0334149 0.03156 0.0267683 0.0230472 0.0195908 0.0193884 0.0142285 0.00205266
threshold=0.48580090034351203 -0.90978158377366181 -0.023407170693417887 -0.25364854863013148 1.2495818325007877 -0.77553126296572283 -0.73638046939634361 -0.15900636177879865 -0.30814858380951377 -0.013606877382808089 0.14103257514927287 -0.1925971120315029 0.15113509317897819 -0.28834647384956363 1.0125290534090061 0.18278554955653822 1.0947835098696681 -0.26437280293379423 0.14887193332931373 0.043458581629954245 -0.45769609125300709 -0.92548968384834507
decision_type=2 2 2 2 2 2 2 2 2 2 2 2 2 2 2 2 2 2 2 2 2 2
left_child=2 -2 5 12 8 17 20 -8 9 -3 11 -5 16 -10 21 -12 -4 -1 -19 -14 -7 -6
right_child=1 4 3 10 14 6 7 -9 13 -11 15 -13 19 -15 -16 -17 -18 18 -20 -21 -22 -23
leaf_value=0.00084551186776109807 0.001529539701839288 0.0010802172671838272 -0.00041006804641482959 0.0008684666837884031 0.0019986142205155413 -0.001427743443160016 -0.00080099957709899169 0 7.0013156596330868e-05 0 -0.00041671444049826975 4.2134698656237952e-05 -0.00085241936484351747 -0.00098743383547004581 0 0.00048255351449039824 -0.0014351514926616181 -0.00062180454491837214 0.00018163177443456733 5.0996030840545522e-05 -0.00066983020270400782 0.0010178260422285853
leaf_weight=26 60 90 76 133 20 68 135 169 90 101 110 137 22 36 22 46 44 39 68 118 82 51
leaf_count=26 60 90 76 133 20 68 135 169 90 101 110 137 22 36 22 46 44 39 68 118 82 51
internal_value=0 0.000583242 -0.000214856 -1.65758e-05 0.000427391 -0.00044023 -0.00059964 -0.000357427 0.000212604 0.000515629 0.000241414 0.000465239 -0.000448622 -0.000224796 0.00109874 -0.000128576 -0.000836159 8.30876e-05 -9.29085e-05 -8.48949e-05 -0.00105428 0.00140447
internal_weight=1743 470 1273 686 410 587 454 304 317 191 426 270 260 126 93 156 120 133 107 140 150 71
internal_count=1743 470 1273 686 410 587 454 304 317 191 426 270 260 126 93 156 120 133 107 140 150 71
is_linear=0
shrinkage=0.03


Tree=9
num_leaves=22
num_cat=0
split_feature=19 22 29 20 32 22 34 20 33 29 24 29 22 21 34 34 29 14 24 31 20
split_gain=0.139616 0.10803 0.135744 0.117348 0.0819775 0.0706653 0.0865101 0.0621195 0.0567595 0.0465005 0.0393457 0.0295815 0.03256 0.0279539 0.021976 0.0199005 0.0150072 0.0260397 0.0186847 0.0133737 0.0080746
threshold=-0.34269933209536785 1.0947835098696681 -0.46805256415936763 1.1760221598061515 -0.054608992922429454 -0.53405935504081448 -0.48595971888999551 -0.42216411217656852 -0.31991794665991197 -0.49591732494372215 -1.1266600497489074 -0.4597287254831573 -1.1378205056724753 -0.99694204428281974 0.61448819568947355 -0.26437280293379423 -0.47725477906521147 0.12436447705721554 -1.3240094589774969 1.636307416803007 -1.4840099064430536
decision_type=2 2 2 2 2 2 2 2 2 2 2 2 2 2 2 2 2 2 2 2 2
left_child=4 5 -3 14 13 11 7 -7 -5 -6 -8 15 -13 -1 -4 -2 18 -18 -11 20 -15
right_child=1 2 3 8 9 6 10 -9 -10 16 -12 12 -14 19 -16 -17 17 -19 -20 -21 -22
leaf_value=0.00017894118510024701 -9.7899800692887405e-05 0.0015532093986868856 -0.0013158537580068529 0.00060740360352986797 0.0012302158954350846 -0.00022004493633055269 0.00026706269349545305 0.00094122463988230356 -0.00038912208044427997 -0.00080332769074011588 0.0012982714935549831 -0.001153371124346133 2.261347796678159e-05 -0.00031260069756693131 -7.2655232623219476e-05 0.00086492006405314889 -0.00017055035793702624 0.000559163825056442 -7.7600887806966062e-05 0 -0.0010157808932994843
leaf_weight=20 20 32 100 87 20 116 53 59 116 57 173 20 220 34 21 57 190 54 93 21 180
leaf_count=20 20 32 100 87 20 116 53 59 116 57 173 20 220 34 21 57 190 54 93 21 180
internal_value=0 0.000212839 -0.00020767 -0.000403412 -0.000338206 0.000425493 0.000689658 0.00016388 2.60233e-05 -6.81013e-05 0.00107621 7.86212e-05 -7.60688e-05 -0.000759211 -0.00113126 0.000583044 -0.000150361 0 -0.000383329 -0.000852908 -0.000923752
internal_weight=1743 1074 356 324 669 718 401 175 203 414 226 317 240 255 121 77 394 244 150 235 214
internal_count=1743 1074 356 324 669 718 401 175 203 414 226 317 240 255 121 77 394 244 150 235 214
is_linear=0
shrinkage=0.03


Tree=10
num_leaves=20
num_cat=0
split_feature=19 22 29 26 35 22 34 28 29 34 30 34 11 29 22 34 34 28 34
split_gain=0.131608 0.101776 0.128376 0.108497 0.074317 0.0666668 0.0814844 0.064804 0.0637268 0.0478188 0.0360702 0.0369729 0.0325992 0.0278295 0.0308925 0.0198783 0.0189551 0.0115262 0.0104549
threshold=-0.34269933209536785 1.0947835098696681 -0.46805256415936763 0.24539563548760804 0.13632790581816051 -0.53405935504081448 -0.48595971888999551 -0.50918522341435757 -0.49591732494372215 1.0529055770064721 1.5734999475755622 -0.15235557733974486 1.1036186593516066 -0.4597287254831573 -1.1378205056724753 0.61448819568947355 -0.20637528936045876 0.50712819484592331 1.2221892440331776
decision_type=2 2 2 2 2 2 2 2 2 2 2 2 2 2 2 2 2 2 2
left_child=8 5 -3 4 -4 13 7 -7 -1 10 11 -10 -8 16 -15 -5 -2 -11 -19
right_child=1 2 3 15 -6 6 12 -9 9 17 -12 -13 -14 14 -16 -17 -18 18 -20
leaf_value=0.0011981232888672664 0 0.0015106071097510199 0.00048497295172319349 -0.0012616089166549501 -0.0006790621170388475 0.00053516761771101073 0.0012105664626511402 -0.00070247331498858492 -6.2476883370363379e-05 -0.0015156709614093412 0.00061914650161398212 -0.00058695730035705654 0.00014954781614401975 -0.0011232831747392598 2.1944201752885908e-05 -7.0748031837865698e-05 0.00091420011846896478 -3.5401695733889928e-05 -0.00091342817864162795
leaf_weight=20 29 32 125 101 77 125 187 50 258 33 34 253 39 20 220 21 48 27 44
leaf_count=20 29 32 125 101 77 125 187 50 258 33 34 253 39 20 220 21 48 27 44
internal_value=0 0.000206646 -0.000201344 -0.000391907 2.31784e-05 0.000413093 0.000669701 0.000158822 -0.000328363 -0.000385301 -0.000262152 -0.000329898 0.00104493 7.5879e-05 -7.38352e-05 -0.00108724 0.00056529 -0.000977171 -0.000635043
internal_weight=1743 1074 356 324 202 718 401 175 669 649 545 511 226 317 240 122 77 104 71
internal_count=1743 1074 356 324 202 718 401 175 669 649 545 511 226 317 240 122 77 104 71
is_linear=0
shrinkage=0.03


Tree=11
num_leaves=24
num_cat=0
split_feature=19 22 24 21 32 22 34 28 34 24 28 34 21 9 35 23 33 34 21 14 35 22 21
split_gain=0.124101 0.0959045 0.116921 0.0844186 0.0737827 0.0627986 0.0768265 0.0611614 0.0449502 0.0375609 0.0369577 0.0315385 0.0285624 0.0270311 0.0269487 0.021332 0.0191321 0.0192992 0.0149833 0.014748 0.0120792 0.0151694 0.00687825
threshold=-0.34269933209536785 1.0947835098696681 0.83449970446019817 0.03304600201985413 -0.027354167839619994 -0.53405935504081448 -0.48595971888999551 -0.50918522341435757 -0.20637528936045876 -1.1266600497489074 -0.6242400804724294 0.55230497267908929 -0.99694204428281974 0.062385439621262799 0.13995674216956075 -0.99829354383065894 0.011552217724730291 -1.3356924214829229 0.10032552944643115 -0.025940535637936402 0.75322038275067771 0.42987968708667113 0.46852793106901619
decision_type=2 2 2 2 2 2 2 2 2 2 2 2 2 2 2 2 2 2 2 2 2 2 2
left_child=4 5 11 8 12 13 7 -7 -4 -8 -5 -3 -1 19 15 -6 17 -16 -15 -2 21 -14 -17
right_child=1 2 3 10 14 6 9 -9 -10 -11 -12 -13 20 18 16 22 -18 -19 -20 -21 -22 -23 -24
leaf_value=0.00019885593058404928 0.00049439243188379963 -0.0011451749887716558 0.00053606563475808459 -9.9359583435580117e-05 0.0009885124538892081 0.00051948888270908348 0.0002268137884758679 -0.00068259199840491112 -0.00074093561225786937 0.0012308000706128207 0.0010601849491130963 0 -0.00087833471516706829 -0.00033062650915748878 0.0001504305075854063 0.00018925375195034247 0.00036765173243151771 -0.00065596455138623949 0.00037129931588987671 -0.00020018265276629444 0 -7.4901786070161796e-05 -0.00021842826431260466
leaf_weight=26 130 102 30 27 25 125 53 50 81 173 89 27 235 133 27 129 24 103 28 26 23 33 44
leaf_count=26 130 102 30 27 25 125 53 50 81 173 89 27 235 133 27 129 24 103 28 26 23 33 44
internal_value=0 0.000200574 -0.000195308 0.000204382 -0.000318953 0.000401017 0.000650098 0.000153467 -0.00036446 0.00101451 0.00076938 -0.000910024 -0.000648867 7.34187e-05 -1.04198e-05 0.000210914 -0.000312693 -0.000466311 -0.000185701 0.000358169 -0.000736069 -0.000792399 6.65646e-05
internal_weight=1743 1074 356 227 669 718 401 175 111 226 116 129 317 317 352 198 154 130 161 156 291 268 173
internal_count=1743 1074 356 227 669 718 401 175 111 226 116 129 317 317 352 198 154 130 161 156 291 268 173
is_linear=0
shrinkage=0.03


Tree=12
num_leaves=15
num_cat=0
split_feature=25 15 11 21 26 35 19 28 28 29 11 33 24 22
split_gain=0.201823 0.0604019 0.0500777 0.0500593 0.0493766 0.0614615 0.0480002 0.0472804 0.0352926 0.0522686 0.0331942 0.0142322 0.00838561 0.00515357
threshold=0.48580090034351203 -0.90978158377366181 -1.9350057244032859 1.2495818325007877 0.24539563548760804 0.12448299162908005 -1.208327216375245 -0.34481263907458087 -0.66524544842049826 -0.4954268916519084 0.9602726994115075 -0.16691543506486936 -1.496690192052512 -0.30313078410629363
decision_type=2 2 2 2 2 2 2 2 2 2 2 2 2 2
left_child=2 -2 -1 4 7 -6 11 -3 -8 -10 13 -4 -13 -5
right_child=1 3 6 10 5 -7 8 -9 9 -11 -12 12 -14 -15
leaf_value=0.00089296225240589888 0.0014171254748389834 0.00077731513009044817 0 0.001728281510981584 -0.00098849102906819618 0.00058467463139608936 -0.0010455133978214759 -6.5014919093281948e-05 0.0012591724628582596 -0.00014756253110024016 5.117970249425111e-05 -0.0013162424179414907 -0.00060010253330274738 0.00070736780275981281
leaf_weight=33 60 136 23 35 56 31 36 94 21 1013 30 33 114 28
leaf_count=33 60 136 23 35 56 31 36 94 21 1013 30 33 114 28
internal_value=0 0.000530379 -0.000195131 0.000383996 0.000188432 -0.0003938 -0.000228587 0.000423778 -0.00014956 -0.000112539 0.000992625 -0.000697428 -0.000803978 0.00137277
internal_weight=1743 470 1273 410 317 87 1240 230 1070 1034 93 170 147 63
internal_count=1743 470 1273 410 317 87 1240 230 1070 1034 93 170 147 63
is_linear=0
shrinkage=0.03


Tree=13
num_leaves=28
num_cat=0
split_feature=25 22 29 32 31 21 25 21 19 30 14 26 34 17 21 26 9 11 33 19 34 35 34 33 29 34 9
split_gain=0.190713 0.0526666 0.0740836 0.048241 0.0738909 0.0495919 0.0417298 0.0469573 0.0378544 0.0330234 0.0392214 0.0329967 0.0306453 0.0282902 0.0372151 0.0266058 0.0263734 0.026299 0.0238895 0.0225034 0.0208982 0.0185418 0.0165539 0.0140795 0.0123293 0.0069111 0.00442405
threshold=0.48580090034351203 -0.31924147545088727 -0.28834647384956363 -0.023407170693417887 -0.25364854863013148 -0.77553126296572283 -0.73638046939634361 -0.15900636177879865 1.0563973023835629 0.015100401155763611 0.10638545219099883 0.078679475664399492 -0.32228259739579762 0.14332309431799492 0.091762603413375957 0.24539563548760804 0.66061522948004792 1.0526293081618401 -0.58988687574458498 -0.20178298581577506 -0.26437280293379423 0.14887193332931373 -0.76596260135127825 -0.21889901086341088 -0.45769609125300709 0.78782623284619058 0.094221974406536471
decision_type=2 2 2 2 2 2 2 2 2 2 2 2 2 2 2 2 2 2 2 2 2 2 2 2 2 2 2
left_child=3 9 15 5 11 20 24 -8 12 10 22 18 -6 14 -11 17 -12 -3 -5 -13 -1 -22 -2 -10 -7 -15 -4
right_child=1 2 26 4 8 6 7 -9 23 13 16 19 -14 25 -16 -17 -18 -19 -20 -21 21 -23 -24 -25 -26 -27 -28
leaf_value=0.00082436500383733667 0.00076483058658145039 0.0010512981134993226 -0.0011501081988756212 1.9367991798981471e-06 -0.00038108986171792785 -0.0013016824758001668 -0.00072666013329391081 1.9933163285861866e-06 0.0015971580259501934 0.00013116002814186846 0.00080284190811216825 0 0.00026080573891065832 1.8050575512461358e-05 0.0016718071461655198 -0.00015375486655945056 -0.00027453673332315191 0 -0.00072574478871505351 -0.0012924668503538617 -0.00058339982946719303 0.00020099198907895773 0.0018261795593267779 0.00027297062270343302 -0.00059478449550498373 -0.00060778312885668127 -0.0002430551563106153
leaf_weight=26 43 66 28 140 80 68 135 169 21 48 57 20 303 25 21 35 24 27 50 50 39 68 56 22 82 20 20
leaf_count=26 43 66 28 140 80 68 135 169 21 48 57 20 303 25 21 35 24 27 50 50 39 68 56 22 82 20 20
internal_value=0 0.00051584 8.36231e-05 -0.000189416 -1.37255e-05 -0.000388539 -0.000538102 -0.000315753 0.00022455 0.000761023 0.00102014 -0.000413647 0.000117037 0.000310589 0.000691841 0.000474902 0.0004495 0.000740155 -0.000182319 -0.000967144 0.000100546 -6.57487e-05 0.00143065 0.00104687 -0.000954092 -0.0002182 -0.000867522
internal_weight=1743 470 176 1273 686 587 454 304 426 294 180 260 383 114 69 128 81 93 190 70 133 107 99 43 150 45 48
internal_count=1743 470 176 1273 686 587 454 304 426 294 180 260 383 114 69 128 81 93 190 70 133 107 99 43 150 45 48
is_linear=0
shrinkage=0.03


Tree=14
num_leaves=17
num_cat=0
split_feature=25 15 29 21 21 32 35 28 15 25 11 29 30 22 25 32
split_gain=0.179956 0.054736 0.0466897 0.0466672 0.0436004 0.04265 0.0407648 0.0396299 0.0559567 0.0373691 0.0300494 0.0288253 0.0173692 0.0191013 0.0160635 0.00628254
threshold=0.48580090034351203 -0.90978158377366181 -0.49591732494372215 1.2495818325007877 -0.79388028821164502 -0.036947022462249408 0.15637920180841974 -0.30814858380951377 -0.013606877382808089 -0.73638046939634361 0.9602726994115075 -0.28834647384956363 -0.19592506636704429 -0.86734278598558168 -0.15625293953543942 0.0071849341091553319
decision_type=2 2 2 2 2 2 2 2 2 2 2 2 2 2 2 2
left_child=2 -2 -1 7 12 9 -7 8 -3 -6 15 -9 14 -14 -4 -5
right_child=1 3 4 10 5 6 -8 11 -10 -11 -12 -13 13 -15 -16 -17
leaf_value=0.0011091351248323916 0.0013459294819760889 0.00097923268612113692 -0.00044572660652047482 0.00081344590821238452 -0.00096502024522051222 4.7439494099498862e-05 -0.00052206287746157606 4.0694327994940738e-05 -1.2245050002373036e-05 -0.00032609293060273582 4.7828439755407575e-05 -0.00090776766702317842 0.00036949483893565017 -0.00040310989413410429 0.00033419178086332979 0.0018667866392777514
leaf_weight=21 60 90 77 40 132 359 157 90 101 289 30 36 183 28 27 23
leaf_count=21 60 90 77 40 132 359 157 90 101 289 30 36 183 28 27 23
internal_value=0 0.000501191 -0.000183885 0.000361428 -0.000210563 -0.000313674 -0.000122075 0.000172427 0.000447398 -0.000538908 0.000948885 -0.000221848 8.67838e-05 0.000248737 -0.000211518 0.00131083
internal_weight=1743 470 1273 410 1252 937 516 317 191 421 93 126 315 211 104 63
internal_count=1743 470 1273 410 1252 937 516 317 191 421 93 126 315 211 104 63
is_linear=0
shrinkage=0.03


Tree=15
num_leaves=15
num_cat=0
split_feature=25 15 11 21 26 35 19 28 28 29 10 34 22 9
split_gain=0.170048 0.0514934 0.0449029 0.0444125 0.043087 0.0551869 0.0421379 0.0416627 0.0322494 0.0468745 0.0287855 0.0190425 0.0066612 0.00388049
threshold=0.48580090034351203 -0.90978158377366181 -1.9350057244032859 1.2495818325007877 0.24539563548760804 0.12448299162908005 -1.208327216375245 -0.34481263907458087 -0.66524544842049826 -0.4954268916519084 1.0125290534090061 1.0000000180025095e-35 -0.80388745007671558 -0.92548968384834507
decision_type=2 2 2 2 2 2 2 2 2 2 2 2 2 2
left_child=2 -2 -1 4 7 -6 11 -3 -8 -10 13 -4 -13 -5
right_child=1 3 6 10 5 -7 8 -9 9 -11 -12 12 -14 -15
leaf_value=0.00085140602137350147 0.0013074743373408203 0.00071973575615297269 0 0.0017882511768004166 -0.00094034276418072178 0.000548278539770228 -0.00099220111043093941 -6.9732370637549259e-05 0.0011982847978360951 -0.00013385124653809887 0 -0.0002817361485329457 -0.00093654481718703254 0.00083845740839347445
leaf_weight=33 60 136 30 20 56 31 36 94 21 1013 22 37 103 51
leaf_count=33 60 136 30 20 56 31 36 94 21 1013 22 37 103 51
internal_value=0 0.00048752 -0.000178425 0.000351637 0.000167001 -0.000375986 -0.000210234 0.000387465 -0.000136002 -0.000100515 0.000924851 -0.00064966 -0.000794008 0.0012082
internal_weight=1743 470 1273 410 317 87 1240 230 1070 1034 93 170 140 71
internal_count=1743 470 1273 410 317 87 1240 230 1070 1034 93 170 140 71
is_linear=0
shrinkage=0.03


Tree=16
num_leaves=26
num_cat=0
split_feature=25 28 34 33 26 34 35 11 26 21 21 29 9 29 29 10 34 9 30 24 14 21 25 29 18
split_gain=0.160596 0.0430991 0.0642204 0.0800043 0.0429661 0.0721867 0.0556553 0.0753287 0.0437218 0.0435545 0.0407837 0.0376561 0.0334726 0.0321906 0.0303992 0.0336428 0.0265215 0.0205773 0.0185804 0.0124561 0.0266554 0.0074472 0.00644572 0.00360574 0.00264203
threshold=0.48580090034351203 -0.26111392417007689 0.10815891629492298 -0.25087233112139096 0.95791141116156198 0.042537919375625184 0.13781404245726284 -0.78414123682504544 1.8306537243300354 0.11745126285596223 -0.79388028821164502 -0.40382548569980725 1.0296444163794438 -0.36660967934751237 -0.29831765491846635 0.10793850991434738 0.22460010555030127 -0.0038337312634360338 -0.19203099215406352 0.55080992869410106 0.10638545219099883 0.45568360104190714 -1.4682243147255238 -0.39223052530706992 0.23685338294618949
decision_type=2 2 2 2 2 2 2 2 2 2 2 2 2 2 2 2 2 2 2 2 2 2 2 2 2
left_child=4 2 3 12 5 6 7 -1 22 10 -7 -11 -2 -8 15 23 18 -16 -10 20 -4 -17 -6 -3 -24
right_child=1 14 19 -5 8 9 13 -9 16 11 -12 -13 -14 -15 17 21 -18 -19 -20 -21 -22 -23 24 -25 -26
leaf_value=0.0011077995766156717 0.00087670485328577229 0.000927723872837507 0.0020264674895443019 -0.00087514460182471843 -0.00022787612670799716 0 -0.00057135788338886161 9.8798692394676274e-05 0.00012880418764857143 0.00073541111546483902 -0.00067359113283277784 -0.00053308473875949853 -5.3134302562934203e-05 0.00015384254125303649 -0.00096093621510354903 -0.00049998051815782678 0.00048285290082692101 0.0001271745347134445 -0.00079761746535304877 0.00050865333488789093 0.00045910949522629381 0.0001156623008875093 -0.0012141040947660803 0.00016925701478739147 -0.00038812811721278278
leaf_weight=89 128 51 45 34 21 108 118 274 23 52 292 29 39 90 31 29 39 20 46 26 22 25 72 20 20
leaf_count=89 128 51 45 34 21 108 118 274 23 52 292 29 39 90 31 29 39 20 46 26 22 25 72 20 20
internal_value=1.69306e-07 0.000474033 0.000696079 0.000363904 -0.000173137 -8.91127e-05 0.000134944 0.000361434 -0.000553162 -0.000360479 -0.000490969 0.000242725 0.000644804 -0.000245625 8.0907e-05 0.00034554 -8.51759e-05 -0.000495311 -0.000454644 0.00134895 0.0015964 -0.000171243 -0.000960808 0.000770135 -0.00108405
internal_weight=1743 470 294 201 1273 1052 571 363 221 481 400 81 167 208 176 125 108 51 69 93 67 54 113 71 92
internal_count=1743 470 294 201 1273 1052 571 363 221 481 400 81 167 208 176 125 108 51 69 93 67 54 113 71 92
is_linear=0
shrinkage=0.03


Tree=17
num_leaves=16
num_cat=0
split_feature=25 15 21 11 26 35 19 28 28 35 11 34 32 24 34
split_gain=0.151688 0.0461418 0.0412535 0.0407256 0.0388248 0.0505962 0.0382789 0.0377762 0.0297294 0.0344574 0.026997 0.0176798 0.00605029 0.0058581 7.15837e-05
threshold=0.48580090034351203 -0.90978158377366181 1.2495818325007877 -1.9350057244032859 0.24539563548760804 0.12448299162908005 -1.208327216375245 -0.34481263907458087 -0.66524544842049826 1.0000000180025095e-35 0.9602726994115075 -0.15235557733974486 0.0071849341091553319 -1.496690192052512 1.0974832458451045
decision_type=2 2 2 2 2 2 2 2 2 2 2 2 2 2 2
left_child=3 14 4 -1 7 -6 11 -3 -8 -10 12 -5 -4 -13 -2
right_child=1 2 10 6 5 -7 8 -9 9 -11 -12 13 -14 -15 -16
leaf_value=0.00081205459523092335 0.00079035048702588435 0.00067995601896407652 0.00074762564223952754 8.6249533210597604e-05 -0.00090224259529831036 0.00052147469402510015 -0.00094965018339168564 -7.0778004705099394e-05 -0.00037456708903773684 9.1938998026717235e-06 2.7728618805254379e-05 -0.0011840768648156276 0.0017620221299047651 -0.00055138567771664381 0.0016359179110990629
leaf_weight=33 36 136 40 20 56 31 36 94 282 752 30 33 23 117 24
leaf_count=33 36 136 40 20 56 31 36 94 282 752 30 33 23 117 24
internal_value=3.39802e-07 0.00046092 0.000331772 -0.000168042 0.000153582 -0.000361135 -0.000198436 0.000363298 -0.000127536 -9.33561e-05 0.00088412 -0.000617395 0.00122667 -0.000730674 0.00123799
internal_weight=1743 470 410 1273 317 87 1240 230 1070 1034 93 170 63 150 60
internal_count=1743 470 410 1273 317 87 1240 230 1070 1034 93 170 63 150 60
is_linear=0
shrinkage=0.03


Tree=18
num_leaves=20
num_cat=0
split_feature=25 29 26 34 11 28 34 33 35 30 12 29 10 35 9 11 11 21 29
split_gain=0.143617 0.0405186 0.0583267 0.0608625 0.0540484 0.0388048 0.0601763 0.0739439 0.0357334 0.034724 0.0343819 0.0280259 0.0311841 0.0214566 0.0186059 0.00969587 0.0088891 0.00698939 0.00314336
threshold=0.48580090034351203 -0.4954268916519084 0.70515181046315345 0.042537919375625184 -0.39937482068614333 -0.26111392417007689 0.10815891629492298 -0.25087233112139096 0.1406375035301258 1.6669714058335756 1.0336327037657009 -0.29831765491846635 0.10793850991434738 0.15637920180841974 -0.0038337312634360338 -0.53530721192225783 0.76791439066944844 0.45568360104190714 -0.39223052530706992
decision_type=2 2 2 2 2 2 2 2 2 2 2 2 2 2 2 2 2 2 2
left_child=1 -1 3 8 -5 6 7 10 -3 13 -2 12 18 -4 -13 -8 -17 -14 -7
right_child=5 2 9 4 -6 11 15 -9 -10 -11 -12 14 17 -15 -16 16 -18 -19 -20
leaf_value=0.00078780383969608101 0.00085200495983211338 0.00034329832210875429 -0.00042974880150820045 -0.00080870067910370988 -9.2061264323719405e-05 0.0008885513440602355 0.00038467654545346031 -0.00085222311413570017 -0.00017165223356492942 0.0004789128504926339 -7.8299426026536481e-05 -0.0009202207753106074 -0.00048527032785932535 -0.001059996292577125 0.00010857867043586853 0.0017246402598518344 0.000545130067869373 0.00010885395109237702 0.00016063475993502397
leaf_weight=35 126 315 177 143 306 51 20 34 185 21 41 31 29 91 20 53 20 25 20
leaf_count=35 126 315 177 143 306 51 20 34 185 21 41 31 29 91 20 53 20 25 20
internal_value=6.40943e-07 -0.000163153 -0.000194295 -7.62804e-05 -0.00033079 0.000448842 0.000659585 0.000337898 0.000146915 -0.000566783 0.000608609 7.48907e-05 0.000329653 -0.000664186 -0.000477596 0.00129131 0.00147523 -0.000166329 0.00073887
internal_weight=1743 1273 1238 949 449 470 294 201 500 289 167 176 125 268 51 93 73 54 71
internal_count=1743 1273 1238 949 449 470 294 201 500 289 167 176 125 268 51 93 73 54 71
is_linear=0
shrinkage=0.03


Tree=19
num_leaves=16
num_cat=0
split_feature=19 28 29 13 20 26 29 34 19 31 34 34 22 28 34
split_gain=0.0857357 0.0662596 0.0726734 0.0760911 0.070688 0.0712562 0.0457534 0.037381 0.0365295 0.0334518 0.0262794 0.0253573 0.0237347 0.0112324 0.00462851
threshold=-0.34269933209536785 -0.66314507837924808 -0.3701917346881422 0.18543377305900036 -0.12961476069498604 0.070138535932964555 -0.49591732494372215 1.0529055770064721 1.0201616496907688 1.6680254851479581 -1.5141820885756569 -0.15235557733974486 1.7984049618517701 0.29332853454069402 1.2221892440331776
decision_type=2 2 2 2 2 2 2 2 2 2 2 2 2 2 2
left_child=6 -2 3 8 10 -6 -1 9 -3 11 -4 -8 -5 -9 -15
right_child=1 2 4 12 5 -7 7 13 -10 -11 -12 -13 -14 14 -16
leaf_value=0.0010261284287856973 -0.00098834254951881513 0.00052842079087845478 -0.00018277935437025861 0.00015440151496421033 -2.0352261216360602e-05 -0.0010281748564130711 -3.2820174943758821e-05 -0.0015087789322435854 0.0013151538227995235 0.00084499822335317722 0.00058720596291664555 -0.00046358198587199951 -0.00075761831328272815 -0.00016587570532589636 -0.00078701739961747072
leaf_weight=20 39 212 44 171 247 85 259 22 87 22 162 264 27 35 47
leaf_count=20 39 212 44 171 247 85 259 22 87 22 162 264 27 35 47
internal_value=7.49803e-07 0.000168368 0.000217575 0.000478223 -1.89817e-05 -0.000294231 -0.000263427 -0.000312307 0.000778061 -0.000203012 0.000408126 -0.000257367 5.65828e-06 -0.000835267 -0.000572402
internal_weight=1743 1074 1035 497 538 332 669 649 299 545 206 523 198 104 82
internal_count=1743 1074 1035 497 538 332 669 649 299 545 206 523 198 104 82
is_linear=0
shrinkage=0.03


Tree=20
num_leaves=21
num_cat=0
split_feature=25 22 19 22 19 21 35 35 24 11 11 22 23 30 21 14 28 11 21 28
split_gain=0.130867 0.0505837 0.0383008 0.0378332 0.0367279 0.0343272 0.0320237 0.0496522 0.0306154 0.0405659 0.0300922 0.027226 0.0184611 0.0166572 0.0229357 0.0169654 0.0134927 0.0103409 0.00258366 0.00126436
threshold=0.52893853273917035 -0.31924147545088727 1.0563973023835629 1.0947835098696681 -1.208327216375245 1.1749626721008106 0.13632790581816051 0.037599796864436097 0.83449970446019817 -0.33312592931347745 1.5756878374177865 -1.2024711509391659 2.2193971159463204 0.015100401155763611 -0.026282245291863487 0.42936437963414936 -0.59137928370207271 1.0526293081618401 0.16026542267634389 -0.52227366179943924
decision_type=2 2 2 2 2 2 2 2 2 2 2 2 2 2 2 2 2 2 2 2
left_child=2 10 3 4 16 6 7 -4 9 -3 13 -6 -10 15 -15 -2 -1 -11 19 -5
right_child=1 8 5 18 11 -7 -8 -9 12 17 -12 -13 -14 14 -16 -17 -18 -19 -20 -21
leaf_value=0 0.0012618819952994172 -0.00088909480561885754 0.00015724649612093344 -0.00010250263360033455 -0.0010889694433983254 -0.00068193381831049913 -0.00014320719767212201 0.0016746629449362689 0.0010620408315550195 0.00059967797161901697 -7.0375682305893811e-06 -3.4924926137609365e-05 0 -8.446321812795162e-07 0.0009160001559149739 0.00036752086187994413 -0.00065925218941954009 -9.2933576278896496e-05 -0.0010845244089631658 -0.00062886706000179094
leaf_weight=28 105 48 53 23 20 22 39 34 30 31 37 871 24 44 39 40 146 30 35 44
leaf_count=28 105 48 53 23 20 22 39 34 30 31 37 871 24 44 39 40 146 30 35 44
internal_value=3.93338e-07 0.000455889 -0.000146283 -0.000205561 -0.000148008 0.000296061 0.000501966 0.000819648 1.95821e-05 -0.000250193 0.000709841 -6.55153e-05 0.000601267 0.000837744 0.000412004 0.00104788 -0.00054521 0.000223785 -0.000756512 -0.000503169
internal_weight=1743 428 1315 1167 1065 148 126 87 163 109 265 891 54 228 83 145 174 61 102 67
internal_count=1743 428 1315 1167 1065 148 126 87 163 109 265 891 54 228 83 145 174 61 102 67
is_linear=0
shrinkage=0.03


Tree=21
num_leaves=20
num_cat=0
split_feature=19 29 22 20 22 15 32 19 21 15 29 21 22 8 10 20 33 33 31
split_gain=0.0772843 0.0603231 0.0814011 0.0668528 0.0596097 0.0564471 0.0536925 0.0420296 0.0364394 0.0282917 0.0250616 0.0247938 0.0241595 0.0216105 0.0134459 0.012763 0.01942 0.0191028 0.0112068
threshold=-0.34269933209536785 -0.47579536543816525 0.96145454650013751 1.2897913520489892 -0.53405935504081448 0.35256066603677888 -0.013049864049508393 1.0201616496907688 0.03304600201985413 -0.37480211219014353 -0.49591732494372215 -1.0067280853906613 -1.1791886034476247 0.15342991864825203 -1.3013583468190939 0.22794555778250394 -0.85279362628681099 -0.16691543506486936 1.6680254851479581
decision_type=2 2 2 2 2 2 2 2 2 2 2 2 2 2 2 2 2 2 2
left_child=6 7 4 9 12 -6 11 13 -5 -4 -8 -1 -3 -2 -13 17 -17 -12 -16
right_child=1 2 3 8 5 -7 10 -9 -10 -11 15 14 -14 -15 18 16 -18 -19 -20
leaf_value=0.00021006954501609547 0.00076247133088543561 -0.00087836344709337161 0.00019195015604972189 -0.00027287091214468366 0.00077914654922898161 -1.7980125850752099e-05 0.0010002254082456879 0.0016414832577109335 0.00054444061890244479 -0.00087808079047493285 -8.4633095981296398e-05 0 4.5907675299179483e-05 -0.00030981324015495683 -0.00066865208018116211 0.00012555253155202277 -0.00073812187854580729 0.0005397196235435623 0
leaf_weight=34 34 25 20 101 256 105 20 37 87 140 133 29 245 24 294 34 46 59 20
leaf_count=34 34 25 20 101 256 105 20 37 87 140 133 29 245 24 294 34 46 59 20
internal_value=1.20818e-07 0.000159354 8.4642e-05 -0.000277862 0.000289666 0.000540816 -0.000250615 0.000872508 9.2257e-05 -0.000724851 4.5543e-05 -0.000486443 -3.73959e-05 0.000276172 -0.000565379 -2.3891e-05 -0.000343645 9.71924e-05 -0.00062215
internal_weight=1743 1074 979 348 631 361 669 95 188 160 292 377 270 58 343 272 80 192 314
internal_count=1743 1074 979 348 631 361 669 95 188 160 292 377 270 58 343 272 80 192 314
is_linear=0
shrinkage=0.03


Tree=22
num_leaves=20
num_cat=0
split_feature=25 22 29 19 26 29 21 24 11 29 19 25 30 21 14 33 26 14 9
split_gain=0.118546 0.0462664 0.0516384 0.0346349 0.0396512 0.0389798 0.042276 0.0371718 0.0280598 0.0202633 0.018941 0.0174473 0.0154439 0.0218955 0.0151339 0.0135837 0.011476 0.00928348 0.00205948
threshold=0.52893853273917035 -0.31924147545088727 -0.28834647384956363 1.0563973023835629 -0.035224585208101129 -0.4954268916519084 -0.79388028821164502 1.7225720459888498 1.5756878374177865 -0.44866756206073882 0.058911600497395612 -0.064380665886439051 0.015100401155763611 -0.026282245291863487 0.42936437963414936 -0.14275564777634528 0.24539563548760804 0.0080275725843819857 0.094221974406536471
decision_type=2 2 2 2 2 2 2 2 2 2 2 2 2 2 2 2 2 2 2
left_child=3 8 9 5 7 -1 15 11 12 -3 -8 -5 14 -14 -2 -7 -11 -6 -4
right_child=1 2 18 4 17 6 10 -9 -10 16 -12 -13 13 -15 -16 -17 -18 -19 -20
leaf_value=0.00073300540957011676 0.0012062984985920292 0.00090451332880184037 -0.0010293732097950475 0.00031699690715266538 3.0107200553175051e-05 -9.8458207507750808e-05 -0.00025520269658722188 -0.00036199081215359597 -1.3063379156665173e-05 0.00030443236421279869 -0.00062542507307506183 0.0013941848063191702 -1.2952651778989012e-05 0.00088258632072497011 0.00035254635421429263 0.00029464776582199191 -0.00044189042941882061 -0.00065505549744428952 -0.00024606303673278053
leaf_weight=35 105 39 26 36 21 172 649 20 37 55 178 40 44 39 40 133 23 31 20
leaf_count=35 105 39 26 36 21 172 649 20 37 55 178 40 44 39 40 133 23 31 20
internal_value=3.22452e-07 0.000433929 1.5941e-05 -0.000139196 0.000281045 -0.000195639 -0.000228857 0.000646334 0.00067678 0.000367979 -0.000340475 0.000953327 0.000800431 0.000389068 0.00100297 6.44218e-05 3.91102e-05 -0.00033726 -0.000785944
internal_weight=1743 428 163 1315 148 1167 1132 96 265 117 827 76 228 83 145 305 78 52 46
internal_count=1743 428 163 1315 148 1167 1132 96 265 117 827 76 228 83 145 305 78 52 46
is_linear=0
shrinkage=0.03


Tree=23
num_leaves=23
num_cat=0
split_feature=19 28 29 9 20 32 35 11 35 34 35 32 11 22 29 29 17 30 20 33 29 5
split_gain=0.0703334 0.0574682 0.0632513 0.0701182 0.0576238 0.0500981 0.0387662 0.0358649 0.0316013 0.0251861 0.0246978 0.0196007 0.0175838 0.0205672 0.0169258 0.0211853 0.0115957 0.0112935 0.00752024 0.00961077 0.00708098 0.00619022
threshold=-0.34269933209536785 -0.66314507837924808 -0.3701917346881422 -0.51585089348067614 -0.12961476069498604 -0.073823053774891928 0.51859293596943679 0.79104405886376561 0.13995674216956075 -1.5141820885756569 0.073398484472124034 0.16899881889366139 0.017992236209770408 -0.18414553303065853 -0.49591732494372215 -0.47451626984552314 0.20195467000853257 0.13677372002909635 -1.4840099064430536 1.1734369463893362 -0.43782909643191786 -0.40351227835374631
decision_type=2 2 2 2 2 2 2 2 2 2 2 2 2 2 2 2 2 2 2 2 2 2
left_child=5 -2 3 10 9 12 -5 -6 14 -4 -3 16 18 17 -7 -16 -10 -14 -1 -20 -15 -13
right_child=1 2 4 6 7 8 -8 -9 11 -11 -12 21 13 20 15 -17 -18 -19 19 -21 -22 -23
leaf_value=-9.8837791005675866e-05 -0.00092420412267425224 0.00050062878273328187 -0.00021584070140020329 0.00036426890839997211 -0.00047462242034034024 0.0009550106723023497 -0.00040671581566067673 0.00018548518201303991 -0.00077437805150502078 0.00053944910540541801 0.0014501748526285232 0.00049711982296455823 -0.00031591587516501728 -0.0011585790282520264 -0.0001861389732874203 0.00036966840233318345 -0.00010862251836159783 0.00044328499774643648 -0.0012375903054628343 -0.00045829912203682434 -0.0001593681232491508 -9.3341200480338276e-05
leaf_weight=20 39 65 44 297 234 20 67 98 79 162 68 20 28 20 120 115 51 34 60 46 22 34
leaf_count=20 39 65 44 297 234 20 67 98 79 162 68 20 28 20 120 115 51 34 60 46 22 34
internal_value=3.99369e-07 0.000152379 0.00019839 0.000441631 -2.19721e-05 -0.000238713 0.000212018 -0.0002709 -4.22929e-05 0.000362988 0.00102945 -0.000344302 -0.000595371 -0.000252555 0.000165469 7.44781e-05 -0.000544095 5.551e-05 -0.000842621 -0.000948852 -0.000747367 8.73707e-05
internal_weight=1743 1074 1035 497 538 669 364 332 439 206 133 184 230 104 255 235 130 62 126 106 42 54
internal_count=1743 1074 1035 497 538 669 364 332 439 206 133 184 230 104 255 235 130 62 126 106 42 54
is_linear=0
shrinkage=0.03


Tree=24
num_leaves=22
num_cat=0
split_feature=25 22 29 11 19 14 9 28 29 28 21 21 22 31 32 25 20 15 20 9 29
split_gain=0.108042 0.0429349 0.0478331 0.0320683 0.028914 0.0267527 0.0308823 0.0256093 0.0339997 0.0251398 0.0205473 0.0191362 0.00971345 0.00876881 0.0081327 0.010602 0.00717675 0.00491577 0.00392588 0.00164312 0.0010014
threshold=0.52893853273917035 -0.31924147545088727 -0.28834647384956363 -1.9350057244032859 -1.208327216375245 -0.11232256932254177 0.41036433624285223 -0.66524544842049826 -0.4954268916519084 -0.16294445483679337 1.6183957632198849 0.79391593983948416 -0.47315054776383531 -0.21017656345620606 -0.054608992922429454 -0.6233903734629741 0.28212136361242646 -0.10785712025923708 0.15209942962061204 0.094221974406536471 -0.45346472787687969
decision_type=2 2 2 2 2 2 2 2 2 2 2 2 2 2 2 2 2 2 2 2 2
left_child=3 5 11 -1 14 9 10 -6 -9 18 -7 13 -8 -3 15 -5 -11 -16 -2 -4 -13
right_child=1 2 19 4 7 6 12 8 -10 16 -12 20 -14 -15 17 -17 -18 -19 -20 -21 -22
leaf_value=0.00073646316050629448 0.0013980521609726017 0.00048814938240684567 -0.0009910190063046997 -0.0010183678083121777 -0.00086205087107821146 0.00023289788519549701 0.00016054362941732896 0.0010374221224337817 -9.6838577964907809e-05 -4.6580619062297042e-05 0.0013426361338701098 0.0011054083161541948 -0.00054440050798567588 -0.00020846956007648259 -0.00044069726984142453 -0.000267429941744708 0.00061459952279034516 0 0.00046639082175881969 -0.00023980413468139568 0.0003858301383443177
leaf_weight=33 70 21 26 53 36 51 25 21 1055 21 27 20 31 47 34 48 20 35 20 20 29
leaf_count=33 70 21 26 53 36 51 25 21 1055 21 27 20 31 47 34 48 20 35 20 20 29
internal_value=1.07175e-08 0.000414041 1.08917e-05 -0.000133106 -0.000159491 0.000647925 0.00030541 -9.97104e-05 -6.90983e-05 0.000961214 0.000689575 0.000350526 -0.000186685 0 -0.000524675 -0.000708342 0.000227679 -0.00019585 0.001245 -0.000760307 0.000784057
internal_weight=1743 428 163 1315 1282 265 134 1112 1076 131 78 117 56 68 170 101 41 69 90 46 49
internal_count=1743 428 163 1315 1282 265 134 1112 1076 131 78 117 56 68 170 101 41 69 90 46 49
is_linear=0
shrinkage=0.03


Tree=25
num_leaves=19
num_cat=0
split_feature=25 15 19 29 29 15 20 31 33 29 34 26 31 35 35 11 33 34
split_gain=0.102289 0.0352089 0.0317696 0.0358716 0.0338578 0.0278363 0.0310757 0.0265766 0.053864 0.0383689 0.0356309 0.0314634 0.026095 0.0250112 0.0493517 0.016456 0.00686472 0.00570668
threshold=0.52893853273917035 -0.90978158377366181 1.0563973023835629 -0.46591320384736584 -0.4954268916519084 0.19247846646783409 0.40130813643825652 -0.21017656345620606 -0.082072346742139368 -0.31149233771204576 -0.84367664475810866 -0.14979998632150079 1.636307416803007 0.13632790581816051 0.073398484472124034 1.0341107272294996 -0.24797582375410102 -0.054131732301015249
decision_type=2 2 2 2 2 2 2 2 2 2 2 2 2 2 2 2 2 2
left_child=2 -2 4 -4 -1 6 -6 10 16 -10 11 -3 -7 14 -5 -12 -9 -15
right_child=1 7 3 13 5 12 -8 8 9 -11 15 -13 -14 17 -16 -17 -18 -19
leaf_value=0.00068071821454520286 0.0011499450013638948 0.00050626853368569008 0.0013163712385296819 -7.1076618902138531e-05 1.4661407534896604e-05 -0.00055536769087730672 -0.00035555790223830468 -0.00021459172695592445 0.00063682584408306867 -0.00026497920025445395 0.0015308360884465819 -0.00069867838919162749 0.00042782137163885635 -0.00085246778790315145 0.0014304550712307292 0.0003373873916338198 -0.0011519855774111216 -8.8368609733879511e-06
leaf_weight=35 50 66 22 60 526 269 316 25 117 58 38 23 21 20 24 27 24 22
leaf_count=35 50 66 22 60 526 269 316 25 117 58 38 23 21 20 24 27 24 22
internal_value=2.15942e-07 0.000403116 -0.000129261 0.00027302 -0.000183412 -0.000214502 -0.0001215 0.000288178 6.23048e-05 0.000321659 0.000590145 0.00014964 -0.000470281 4.12153e-05 0.000357982 0.00111597 -0.000771388 -0.000507282
internal_weight=1743 428 1315 148 1167 1132 842 378 224 175 154 89 290 126 84 65 49 42
internal_count=1743 428 1315 148 1167 1132 842 378 224 175 154 89 290 126 84 65 49 42
is_linear=0
shrinkage=0.03


Tree=26
num_leaves=27
num_cat=0
split_feature=25 30 35 34 19 30 20 26 11 10 11 35 17 30 33 9 33 20 26 21 26 17 29 32 29 20
split_gain=0.0964311 0.0311793 0.0632274 0.0524652 0.0598827 0.0318637 0.0277612 0.0274901 0.0693081 0.0468602 0.0284747 0.0271556 0.0269576 0.0254898 0.0252681 0.0284849 0.0226366 0.0212135 0.0196246 0.0145274 0.011543 0.00811406 0.00706949 0.00636249 0.00485937 0.000997516
threshold=0.48580090034351203 -0.044719985627591809 0.15637920180841974 -1.3356924214829229 1.1328948853458136 0.75474840545299038 0.3037916859443956 0.24539563548760804 -0.45866774299515195 1.0125290534090061 1.0463540296922329 0.13995674216956075 0.26165798992871514 0.015100401155763611 -0.85279362628681099 0.74396720191844268 -1.5469725201683164 0.27128620244644192 0.078679475664399492 -0.79388028821164502 0.86504267783722411 0.82287326009294814 -0.3701917346881422 0.14412164003667247 -0.34169902575445649 0.63968168208991649
decision_type=2 2 2 2 2 2 2 2 2 2 2 2 2 2 2 2 2 2 2 2 2 2 2 2 2 2
left_child=1 2 3 18 -5 19 12 10 -9 20 13 23 -7 16 25 -16 -2 -15 -1 24 -10 -21 -8 -12 -3 -4
right_child=7 5 14 4 -6 6 22 8 9 -11 11 -13 -14 17 15 -17 -18 -19 -20 21 -22 -23 -24 -25 -26 -27
leaf_value=-0.00012782129863907974 0.00011052805051440372 -0.00030740854891094687 0 0.00016803775278689063 0.0013278728835993325 0.00094206520936523474 0 -0.00085072997221415677 0.00014097024465445428 -0.00040183915804796434 0 -0.0006252197707927895 -1.3417533617672124e-05 -0.00024898787503873276 -0.00082440778676776539 0.00015665881317269441 0.001200188912191045 0.00058309145624516523 -0.0010432090827009893 -0.00048444409152437049 0.0012018864254600234 -0.0010243370759611327 -0.00059155280124396079 0.00075015494562685487 0.00019222832382817206 0.000221803317811074
leaf_weight=90 29 33 20 423 43 36 35 50 21 30 26 31 65 34 133 26 99 77 30 180 46 51 57 27 26 25
leaf_count=90 29 33 20 423 43 36 35 50 21 30 26 31 65 34 133 26 99 77 30 180 46 51 57 27 26 25
internal_value=4.08319e-07 -0.000133496 -1.31459e-05 0.000141516 0.000289267 -0.000322874 -7.43396e-06 0.000367979 6.1756e-06 0.00049015 0.000521865 8.47064e-06 0.000315655 0.000687566 -0.000467525 -0.000645533 0.000984398 0.000302059 -0.000400921 -0.00052034 0.00093251 -0.000628066 -0.000392476 0.000446329 -4.01949e-05 9.99733e-05
internal_weight=1743 1273 790 586 466 483 193 470 147 97 323 84 101 239 204 159 128 111 120 290 67 231 92 53 59 45
internal_count=1743 1273 790 586 466 483 193 470 147 97 323 84 101 239 204 159 128 111 120 290 67 231 92 53 59 45
is_linear=0
shrinkage=0.03


Tree=27
num_leaves=25
num_cat=0
split_feature=25 22 29 30 35 34 19 30 12 24 26 17 29 24 17 3 22 17 22 34 28 26 25 9
split_gain=0.0916762 0.0371538 0.0425347 0.028801 0.0621882 0.0513421 0.0583601 0.0282596 0.0234631 0.0228065 0.0207899 0.0193808 0.0173747 0.0169439 0.0210296 0.016158 0.0185545 0.0145886 0.014917 0.0133157 0.0110009 0.0091399 0.00354475 0.00127781
threshold=0.52893853273917035 -0.31924147545088727 -0.28834647384956363 -0.044719985627591809 0.15637920180841974 -1.3356924214829229 1.0563973023835629 0.75474840545299038 1.5022211403146037 1.0000000180025095e-35 -0.69119859392635352 0.52799363908223784 -0.44866756206073882 0.52614125254052746 0.024435359610855949 0.84994313958544099 -0.53405935504081448 0.82287326009294814 -0.96096669068650187 -0.17012121751560169 2.4105697483857322 0.24539563548760804 -0.97438582149312536 0.094221974406536471
decision_type=2 2 2 2 2 2 2 2 2 2 2 2 2 2 2 2 2 2 2 2 2 2 2 2
left_child=3 8 12 4 5 9 -7 17 15 -1 19 -12 -3 14 -9 16 -2 18 -5 -6 -15 -14 -19 -4
right_child=1 2 23 7 10 6 -8 13 -10 -11 11 -13 21 20 -16 -17 -18 22 -20 -21 -22 -23 -24 -25
leaf_value=-0.00095338266013666626 4.3312575431939743e-05 0.00082296597445383657 -0.00093664159445927065 0.00013933460835295798 0.00026815136955119672 0.00016272976818087863 0.0012290344630988936 0.00074630320724370595 -3.5029246807635682e-05 -4.8600253558237973e-05 -0.00090099516320378342 0 0.00026249150389098916 -5.7557466967870857e-05 -5.0563353869074489e-05 0 0.00094307379744400449 -0.0013652918129414319 -0.00045507534523440139 -0.00041845936610205274 -0.00081118447994813327 -0.00040501834343180799 -0.00050011983779647069 -0.00022374578039971706
leaf_weight=40 32 39 26 36 42 423 51 40 36 80 94 21 55 68 77 33 164 22 211 50 27 23 33 20
leaf_count=40 32 39 26 36 42 423 51 40 36 80 94 21 55 68 77 33 164 22 211 50 27 23 33 20
internal_value=3.55558e-07 0.00038187 5.72194e-06 -0.000122128 -5.59736e-06 0.000146837 0.000290756 -0.000296837 0.000599388 -0.000390482 -0.000453151 -0.000720764 0.000327155 -1.5703e-05 0.000208716 0.000711216 0.000814117 -0.000482258 -0.000355808 -7.48583e-05 -0.000320634 2.0914e-05 -0.000950631 -0.000720587
internal_weight=1743 428 163 1315 801 594 474 514 265 120 207 115 117 212 117 229 196 302 247 92 95 78 55 46
internal_count=1743 428 163 1315 801 594 474 514 265 120 207 115 117 212 117 229 196 302 247 92 95 78 55 46
is_linear=0
shrinkage=0.03


Tree=28
num_leaves=15
num_cat=0
split_feature=25 15 11 21 26 11 31 19 31 34 9 20 6 26
split_gain=0.0867455 0.0426508 0.029331 0.0257976 0.0272821 0.031136 0.0271402 0.0252822 0.0242787 0.0351284 0.0221152 0.0129051 0.0088906 0.00761009
threshold=0.4007027509430085 -0.90978158377366181 -1.9350057244032859 1.2813865994370153 0.24539563548760804 -0.42421159693240879 -0.13822827644224697 1.7126645634569144 1.8267623078903794 0.017480040817907602 -0.92548968384834507 0.52049490926408659 -0.11591973745593344 1.0573443601746877
decision_type=2 2 2 2 2 2 2 2 2 2 2 2 2 2
left_child=2 11 -1 4 6 -6 -3 8 9 -4 -5 -2 -10 -12
right_child=1 3 7 10 5 -7 -8 -9 12 -11 13 -13 -14 -15
leaf_value=0.00068709574308013538 0.0012613483386439322 0.00050781846837572606 -6.5576834347952514e-05 0.0015028929397787735 -0.00084722403588239096 0.0001797366738257474 -5.4292344505541981e-05 0.00067051626704633233 0.00077286066792605973 -0.00041644457718310131 5.3047704909528998e-05 0.00015847022482194006 0 0.00078032433816406413
leaf_weight=33 50 150 595 20 50 44 138 27 25 486 53 21 30 21
leaf_count=33 50 150 595 20 50 44 138 27 25 486 53 21 30 21
internal_value=0 0.000313646 -0.000141378 0.000200106 7.94435e-05 -0.000344899 0.000230381 -0.000169166 -0.000193471 -0.000226805 0.000641907 0.000995334 0.000387815 0.000320759
internal_weight=1743 547 1196 476 382 94 288 1163 1136 1081 94 71 55 74
internal_count=1743 547 1196 476 382 94 288 1163 1136 1081 94 71 55 74
is_linear=0
shrinkage=0.03


Tree=29
num_leaves=19
num_cat=0
split_feature=25 22 29 29 26 34 11 35 22 34 34 28 26 11 33 29 35 26
split_gain=0.0822088 0.033515 0.0398079 0.0274243 0.039242 0.040593 0.0366787 0.0321442 0.0263803 0.0280495 0.0221193 0.0306821 0.0187568 0.0183281 0.0217312 0.016705 0.00971135 0.00900668
threshold=0.52893853273917035 -0.31924147545088727 -0.23540046977290388 -0.49591732494372215 0.70515181046315345 0.042537919375625184 -0.39937482068614333 0.13781404245726284 -0.18414553303065853 0.22460010555030127 -0.39717717160026383 -0.50271802227249374 -0.14979998632150079 1.0341107272294996 1.6536369291949338 -0.44866756206073882 0.15893687787765895 0.24539563548760804
decision_type=2 2 2 2 2 2 2 2 2 2 2 2 2 2 2 2 2 2
left_child=3 10 15 -1 5 7 -7 -5 9 -6 11 12 -2 14 -12 -3 -10 -17
right_child=1 2 -4 4 8 6 -8 -9 16 -11 13 -13 -14 -15 -16 17 -18 -19
leaf_value=0.00087400906207039952 0.00072050277231261125 0.00078793680996334708 -0.00074204536999265336 0.00032647807386958037 -0.00042705002631357106 -0.00061784708295412852 -4.8120414963166158e-05 -0.00014759327249832892 -0.00043766392710569877 0.00056130576365727132 0.0011916108716577582 -0.00063587051360971397 -0.00015106430936094302 0 9.9583323036635946e-05 0.00024980921489186584 -0.00099885843971424032 -0.00039513964760616154
leaf_weight=21 72 39 42 319 63 156 321 202 133 39 93 24 23 25 28 57 61 25
leaf_count=21 72 39 42 319 63 156 321 202 133 39 93 24 23 25 28 57 61 25
internal_value=5.36266e-07 0.000361901 3.77077e-06 -0.000115359 -0.000135712 -4.19175e-05 -0.000243393 0.000137155 -0.000438327 -1.53377e-05 0.000568482 0.000220832 0.000480715 0.000821555 0.000971627 0.000298532 -0.000641874 1.08782e-05
internal_weight=1743 428 163 1315 1294 998 477 521 296 102 265 119 95 146 121 121 194 82
internal_count=1743 428 163 1315 1294 998 477 521 296 102 265 119 95 146 121 121 194 82
is_linear=0
shrinkage=0.03


Tree=30
num_leaves=17
num_cat=0
split_feature=25 15 29 26 34 11 11 30 21 26 11 31 15 9 20 26
split_gain=0.0780435 0.0395738 0.0273351 0.0271264 0.0430972 0.038552 0.0276534 0.0242675 0.0237073 0.0246251 0.0285461 0.0245584 0.0230009 0.020728 0.0117339 0.00705465
threshold=0.4007027509430085 -0.90978158377366181 -0.49591732494372215 0.70515181046315345 0.042537919375625184 -0.39937482068614333 -0.78414123682504544 1.6669714058335756 1.2813865994370153 0.24539563548760804 -0.42421159693240879 -0.13822827644224697 -0.41450529095347327 -0.92548968384834507 0.52049490926408659 1.0573443601746877
decision_type=2 2 2 2 2 2 2 2 2 2 2 2 2 2 2 2
left_child=2 14 -1 4 6 -6 -4 12 9 11 -11 -3 -5 -10 -2 -15
right_child=1 8 3 7 5 -7 -8 -9 13 10 -12 -13 -14 15 -16 -17
leaf_value=0.00085106634488329286 0.0012091157849052183 0.00048034425857522542 0.00056411304912128764 0.00018643102784613694 -0.00069891495763403459 -7.6995040312817053e-05 0 0.00045348488664603793 0.0014451463766719983 -0.0008116200476981488 0.00016988094426453749 -5.3688484323310093e-05 -0.00060176343947817429 4.1462347984114394e-05 0.00014866780675947664 0.0007414018771014526
leaf_weight=21 50 150 98 31 138 286 369 21 20 50 44 138 232 53 21 21
leaf_count=21 50 150 98 31 138 286 369 21 20 50 44 138 232 53 21 21
internal_value=4.09524e-07 0.000297993 -0.000133596 -0.000155863 -6.9815e-05 -0.000289926 0.000124221 -0.000411819 0.000188403 7.24445e-05 -0.000330221 0.000216229 -0.000496525 0.000611896 0.000954745 0.000300202
internal_weight=1743 547 1196 1175 891 424 467 284 476 382 94 288 263 94 71 74
internal_count=1743 547 1196 1175 891 424 467 284 476 382 94 288 263 94 71 74
is_linear=0
shrinkage=0.03


Tree=31
num_leaves=14
num_cat=0
split_feature=25 15 11 19 32 29 34 12 29 11 34 23 22
split_gain=0.0737754 0.0373923 0.0266839 0.0234295 0.0241007 0.0307683 0.0244725 0.0196942 0.0220959 0.0159863 0.0453506 0.0319342 0.00292435
threshold=0.4007027509430085 -0.90978158377366181 -1.9350057244032859 1.7126645634569144 -0.024504174459425456 -0.16422746599832841 -0.099049230442768352 -1.216927873050105 -0.3903606233529639 0.017992236209770408 -1.3356924214829229 0.6619922651832616 -0.5092177083868924
decision_type=2 2 2 2 2 2 2 2 2 2 2 2 2
left_child=2 12 -1 4 6 -6 -4 8 -3 11 -11 -9 -2
right_child=1 7 3 -5 5 -7 -8 9 -10 10 -12 -13 -14
leaf_value=0.00066056457559655727 0.00029178141284248103 0.0014221864119172095 8.0067715236263761e-05 0.00065219039060175415 9.2272367815139471e-05 -0.00036485132734125823 -0.00042451129184180471 -0.00032865237316134598 1.2230558137941568e-05 -0.00073369121076327496 0.00044025136169019923 0.000525650643749066 0.001093201062745518
leaf_weight=33 20 21 95 27 421 187 433 140 25 30 210 50 51
leaf_count=33 20 21 95 27 421 187 433 140 25 30 210 50 51
internal_value=8.87838e-07 0.000290259 -0.000129352 -0.00015598 -0.00017949 -4.45144e-05 -0.000328136 0.000183505 0.000764794 0.000109524 0.000273917 -8.36156e-05 0.000928971
internal_weight=1743 547 1196 1163 1136 608 528 476 46 430 240 190 71
internal_count=1743 547 1196 1163 1136 608 528 476 46 430 240 190 71
is_linear=0
shrinkage=0.03


Tree=32
num_leaves=18
num_cat=0
split_feature=25 22 29 19 29 29 21 22 33 12 19 21 3 22 33 33 34
split_gain=0.069794 0.0297178 0.0356502 0.0249828 0.030634 0.0271759 0.031534 0.025869 0.0338476 0.0212893 0.0175948 0.0154998 0.0149173 0.0158395 0.0142199 0.0114376 0.0018961
threshold=0.52893853273917035 -0.31924147545088727 -0.23540046977290388 1.0563973023835629 -0.46591320384736584 -0.4954268916519084 -0.79388028821164502 1.734507881180229 -0.33772893418563726 1.5022211403146037 0.058911600497395612 0.79391593983948416 0.84994313958544099 -0.53405935504081448 -0.14275564777634528 -0.26444499332906135 0.50820650985635141
decision_type=2 2 2 2 2 2 2 2 2 2 2 2 2 2 2 2 2
left_child=3 9 11 5 -5 -1 14 -6 -9 12 -8 15 13 -2 -7 -3 -13
right_child=1 2 -4 4 7 6 10 8 -10 -11 -12 16 -14 -15 -16 -17 -18
leaf_value=0.00061944636854490169 1.8756685132809377e-05 0.00054760864370947948 -0.00070868816698590911 0.0012151726278662679 -0.00058795219795921671 -9.6051874586514069e-05 -0.00019693988241451985 0.00080112594092803956 -0.00031367821720106384 -7.3620259582709809e-05 -0.00055060983582358621 0.00016525056832672461 0 0.00085314743670015906 0.0003058885325911379 -0.00025080260240146243 0.00086186401681466527
leaf_weight=35 32 20 42 22 36 172 649 54 36 36 178 20 33 164 133 51 30
leaf_count=35 32 20 42 22 36 172 649 54 36 36 178 20 33 164 133 51 30
internal_value=1.29516e-06 0.000334376 0 -0.000105352 0.00025086 -0.000153619 -0.000181739 3.48883e-05 0.000327212 0.00052878 -0.000278392 0.000276564 0.000636138 0.000734332 7.07525e-05 0 0.000664949
internal_weight=1743 428 163 1315 148 1167 1132 126 90 265 827 121 229 196 305 71 50
internal_count=1743 428 163 1315 148 1167 1132 126 90 265 827 121 229 196 305 71 50
is_linear=0
shrinkage=0.03


Tree=33
num_leaves=22
num_cat=0
split_feature=25 15 30 35 34 19 31 26 21 17 21 26 35 34 26 9 17 20 19 23 26
split_gain=0.06639 0.0348832 0.0219158 0.0405958 0.0438764 0.0392654 0.0333944 0.022097 0.022006 0.021408 0.0212243 0.0216066 0.0226994 0.0198126 0.0189774 0.0186247 0.0107313 0.00985852 0.00821295 0.00729652 0.00649964
threshold=0.4007027509430085 -0.90978158377366181 -0.044719985627591809 0.15637920180841974 -1.2893405908286946 1.0563973023835629 1.8267623078903794 0.078679475664399492 -0.79388028821164502 0.52799363908223784 1.2813865994370153 0.24539563548760804 -1.6855551651335954 -0.011520189502798451 -0.69119859392635352 -0.92548968384834507 0.62575280214823381 0.52049490926408659 1.0201616496907688 -0.090103015823044433 1.0573443601746877
decision_type=2 2 2 2 2 2 2 2 2 2 2 2 2 2 2 2 2 2 2 2 2
left_child=2 17 3 4 7 -6 8 -1 19 14 11 12 -3 -13 -5 -12 -8 -2 -10 -4 -17
right_child=1 10 6 9 5 -7 16 -9 18 -11 15 13 -14 -15 -16 20 -18 -19 -20 -21 -22
leaf_value=-9.5256043914679941e-05 0.0011279050075923495 0.0010397707273562748 0.00022717535002011573 -0.0001071783565405306 0.00014803631205883606 0.0011342080094452415 0.00066120544670579518 -0.0010492887421346762 -0.00055081005397277893 0.00018000920559844074 0.0013638376496408295 -0.00087236215407028779 9.9253149977178849e-05 0 -0.00084747250286163758 2.6865486442277739e-05 -7.4854644096415958e-05 0.00013750756345689294 0 -0.00032428690930034711 0.00069722822587937113
leaf_weight=88 50 24 57 65 400 39 36 31 284 37 20 33 264 61 87 53 20 21 22 30 21
leaf_count=88 50 24 57 65 400 39 36 31 284 37 20 33 264 61 87 53 20 21 22 30 21
internal_value=1.41578e-06 0.000275999 -0.000122041 -1.78787e-05 0.000106865 0.000249537 -0.00028743 -0.000388067 -0.000388848 -0.00039771 0.000172694 6.26341e-05 0.00019785 -0.000314023 -0.000558456 0.00057326 0.00035704 0.000892961 -0.000507809 0 0.000275817
internal_weight=1743 547 1196 747 558 439 449 119 393 189 476 382 288 94 152 94 56 71 306 87 74
internal_count=1743 547 1196 747 558 439 449 119 393 189 476 382 288 94 152 94 56 71 306 87 74
is_linear=0
shrinkage=0.03


Tree=34
num_leaves=15
num_cat=0
split_feature=25 15 11 19 31 34 21 26 11 31 12 20 6 19
split_gain=0.0629751 0.0329255 0.0236479 0.0204876 0.0213703 0.0267989 0.0202427 0.0204388 0.0261531 0.0223789 0.017063 0.0091335 0.00832319 0.00610922
threshold=0.4007027509430085 -0.90978158377366181 -1.9350057244032859 1.7126645634569144 1.8267623078903794 0.017480040817907602 1.2813865994370153 0.24539563548760804 -0.42421159693240879 -0.13822827644224697 -0.9269102867777832 0.52049490926408659 -0.11591973745593344 0.40013080225764935
decision_type=2 2 2 2 2 2 2 2 2 2 2 2 2 2
left_child=2 11 -1 4 5 -4 7 9 -9 -3 -8 -2 -6 -12
right_child=1 6 3 -5 12 -7 10 8 -10 -11 13 -13 -14 -15
leaf_value=0.00062451484388354101 0.0010959831643322447 0.00044535171532433923 -5.5744220743827548e-05 0.00061087466552853589 0.00075221634344779884 -0.00036306574735115571 0.0013197322619228583 -0.0007670871450056163 0.00017146812420972484 -6.4532847276224981e-05 0.00057393048752633414 0.00013389798300340771 0 0
leaf_weight=33 50 150 595 27 25 486 20 50 44 138 31 21 30 43
leaf_count=33 50 150 595 27 25 486 20 50 44 138 31 21 30 43
internal_value=1.71487e-06 0.000269181 -0.000118478 -0.000143686 -0.000165816 -0.000197301 0.000168578 6.08911e-05 -0.00030512 0.000192576 0.000559855 0.000868928 0.000379481 0.000272105
internal_weight=1743 547 1196 1163 1136 1081 476 382 94 288 94 71 55 74
internal_count=1743 547 1196 1163 1136 1081 476 382 94 288 94 71 55 74
is_linear=0
shrinkage=0.03


Tree=35
num_leaves=21
num_cat=0
split_feature=25 11 35 23 20 29 26 34 11 35 26 34 34 19 26 25 33 11 26 21
split_gain=0.0596293 0.0253097 0.0363828 0.0391962 0.0235868 0.0227754 0.0314355 0.0313643 0.032701 0.0287173 0.0229601 0.0239252 0.0212103 0.0157579 0.015668 0.0136627 0.0128781 0.012876 0.0110988 0.009408
threshold=0.52893853273917035 1.0341107272294996 0.12700576049198942 0.61942083418290461 -0.75805410832208941 -0.49591732494372215 0.70515181046315345 0.042537919375625184 -0.39937482068614333 0.13781404245726284 1.8306537243300354 0.22460010555030127 -0.46770303030089738 0.049853071824092453 -0.72614558313314237 0.78145716492717066 -0.58988687574458498 1.8133619496160047 -0.076064449862779424 -0.34188427105951574
decision_type=2 2 2 2 2 2 2 2 2 2 2 2 2 2 2 2 2 2 2 2
left_child=5 2 3 4 -2 -1 7 9 -9 -7 19 -12 16 -5 -3 -14 -4 18 -16 -8
right_child=1 14 12 13 -6 6 10 8 -10 -11 11 -13 15 -15 17 -17 -18 -19 -20 -21
leaf_value=0.00080488334479741756 0.0004549989154598174 0.00053607097919157237 0.00059134816468970198 0 -0.00056457043560484128 0.00030538582566113975 0 -0.00056121772152529852 -2.3981863198127099e-05 -0.00014246861921870377 -0.00036590241985133207 0.00053517132343092405 0.00027745109189558647 0.00093670031883041633 -0.00044104223451078205 0.0013054289927601182 -0.0002607258882211602 -0.00086511033660043837 0.00026598162613809112 -0.00065432899311350032
leaf_weight=21 23 27 34 20 68 319 20 156 321 202 68 39 26 48 32 68 20 20 42 169
leaf_count=21 23 27 34 20 68 319 20 156 321 202 68 39 26 48 32 68 20 20 42 169
internal_value=2.14141e-06 0.000310122 0.000454662 0.000113151 -0.000268665 -9.63001e-05 -0.000115066 -3.08447e-05 -0.000208341 0.000126199 -0.000385837 -4.56251e-06 0.000792151 0.000656127 -3.4538e-05 0.0010694 0.000226021 -0.000240875 -6.0689e-06 -0.000582622
internal_weight=1743 428 307 159 91 1315 1294 998 477 521 296 107 148 68 121 94 54 94 74 189
internal_count=1743 428 307 159 91 1315 1294 998 477 521 296 107 148 68 121 94 54 94 74 189
is_linear=0
shrinkage=0.03


Tree=36
num_leaves=21
num_cat=0
split_feature=19 28 29 16 32 34 22 22 35 34 22 21 23 15 32 32 34 15 5 15
split_gain=0.040082 0.0415928 0.0442864 0.0552929 0.0349266 0.0330458 0.0329398 0.0423049 0.0194698 0.018488 0.018279 0.016705 0.0159085 0.0165983 0.0116279 0.0104203 0.00978793 0.0135883 0.00569726 0.00316576
threshold=-0.34269933209536785 -0.66314507837924808 -0.37544401566394675 -0.49896052078918579 -0.013049864049508393 -0.022077672350949859 1.0947835098696681 1.734507881180229 0.13995674216956075 -1.5141820885756569 -1.1791886034476247 -1.0067280853906613 -0.99119830533059938 -0.32881060588762323 0.16899881889366139 0.0024606971837450044 1.2221892440331776 -1.0019023362030872 -0.40351227835374631 -0.16309412668834031
decision_type=2 2 2 2 2 2 2 2 2 2 2 2 2 2 2 2 2 2 2 2
left_child=4 -2 3 10 11 -5 9 -8 12 -4 -3 -1 -6 -14 15 -10 17 -13 -16 -18
right_child=1 2 6 5 8 -7 7 -9 14 -11 -12 16 13 -15 18 -17 19 -19 -20 -21
leaf_value=0.00019453413320101194 -0.00079746936102726188 0 -0.00024957905285757795 -0.00027343970629873965 0.00085436062316718569 0.00035139392606414375 -0.00081706067859860395 4.8247479492252192e-05 0 0.00025650004982156755 0.00090041274277999058 -0.00083432718840776936 0.00051996410570035758 -0.00016684858935202588 0.00050302139161478561 -0.00061934595214833889 -0.0003235271206746499 -0.00023249040935833178 -5.0600263730597653e-05 -0.0011463065831689163
leaf_weight=34 39 20 76 115 34 199 88 101 26 282 154 45 49 70 20 59 24 247 34 27
leaf_count=34 39 20 76 115 34 199 88 101 26 282 154 45 49 70 20 59 24 247 34 27
internal_value=2.17849e-06 0.000117304 0.00015687 0.000364113 -0.000177877 0.000112668 -2.35437e-05 -0.000345494 5.95381e-05 0.000139573 0.000791322 -0.000368676 0.000297882 9.71982e-05 -0.000182435 -0.00040458 -0.000434378 -0.00034295 0.000117496 -0.000854156
internal_weight=1743 1074 1035 488 669 314 547 189 292 358 174 377 153 119 139 85 343 292 54 51
internal_count=1743 1074 1035 488 669 314 547 189 292 358 174 377 153 119 139 85 343 292 54 51
is_linear=0
shrinkage=0.03


Tree=37
num_leaves=18
num_cat=0
split_feature=25 15 29 8 20 31 19 29 31 32 7 25 33 17 35 32 22
split_gain=0.0554219 0.0306832 0.0217474 0.021582 0.0235771 0.0269336 0.0203326 0.0287489 0.0246617 0.0218892 0.0158596 0.0139287 0.0150047 0.0093295 0.00892399 0.0102973 0.000855878
threshold=0.4007027509430085 -0.68790088622627177 -0.49591732494372215 -0.13342098578825359 -0.77972443065405839 -0.13508469746686111 1.0201616496907688 -0.45346472787687969 1.8267623078903794 -0.077216915867770144 0.0094296777994468291 0.51410576599420144 -0.056880298840471834 0.59251669061862888 0.2934497974926209 0.11853840482445739 -0.62238232258964232
decision_type=2 2 2 2 2 2 2 2 2 2 2 2 2 2 2 2 2
left_child=2 14 -1 4 -3 -6 8 -8 9 -4 -9 -5 -13 -10 15 16 -2
right_child=1 3 6 11 5 -7 7 10 13 -11 -12 12 -14 -15 -16 -17 -18
leaf_value=0.00076637666276656085 0.0003556777462363243 0.0010185882529245955 -0.00040953392704454531 -0.00054263153754767371 0.00061550462342027234 -0.00017551369602525872 0.0010308195684105158 0.00033136706874828853 0.00071352940991831323 -0.0001036316509045716 -0.00040715269554707711 -0.00017680785812262912 0.00033166755226651025 0 0 4.6973295064399997e-06 0.0010567907492331869
leaf_weight=21 21 38 339 41 64 81 27 50 33 658 48 111 90 20 20 20 61
leaf_count=21 21 38 339 41 64 81 27 50 33 658 48 111 90 20 20 20 61
internal_value=1.8356e-06 0.000252849 -0.000110811 0.000121661 0.000366977 0.000158754 -0.000130947 0.00021658 -0.000175667 -0.000211561 -2.0033e-06 -5.38237e-05 3.76911e-05 0.000421136 0.00067197 0.000783609 0.000931422
internal_weight=1743 547 1196 425 183 145 1175 125 1050 997 98 242 201 53 122 102 82
internal_count=1743 547 1196 425 183 145 1175 125 1050 997 98 242 201 53 122 102 82
is_linear=0
shrinkage=0.03


Tree=38
num_leaves=17
num_cat=0
split_feature=25 15 11 8 21 31 19 35 11 23 25 34 35 32 3 11
split_gain=0.0523231 0.0291441 0.0208269 0.0204128 0.0217029 0.0224745 0.0185502 0.0197427 0.0337127 0.02179 0.0131525 0.0142084 0.00839582 0.00960476 0.00221796 0.00068705
threshold=0.4007027509430085 -0.68790088622627177 -1.9350057244032859 -0.13342098578825359 1.362733631293777 -0.13989385560464482 1.7126645634569144 1.0000000180025095e-35 0.54569881626432037 0.53427797218219075 0.51410576599420144 -0.026686289736947307 0.2934497974926209 0.11853840482445739 0.21966160989606581 -0.53530721192225783
decision_type=2 2 2 2 2 2 2 2 2 2 2 2 2 2 2 2
left_child=2 12 -1 4 5 -3 7 9 -9 -4 14 -12 13 15 -5 -2
right_child=1 3 6 10 -6 -7 -8 8 -10 -11 11 -13 -14 -15 -16 -17
leaf_value=0.00058946109064466625 0.00032959113000770627 0.00055580292848712745 -0.00052219945407947909 -7.897641461180604e-05 0.00099312087782600427 -0.00015858674856523674 0.0005865584645420313 3.1021938510862192e-05 -0.00039861491748479445 4.0364052166727266e-05 -0.00018772915096218571 0.00030469272562069815 0 4.5747860820720951e-06 -0.00076632887980667872 0.0010220349922203098
leaf_weight=33 20 68 213 20 37 78 27 636 214 73 104 97 20 20 21 62
leaf_count=33 20 68 213 20 37 78 27 636 214 73 104 97 20 20 21 62
internal_value=2.15585e-06 0.000246092 -0.000107245 0.000118026 0.000356674 0.0001585 -0.000131052 -0.000152242 -7.465e-05 -0.000369299 -5.23514e-05 3.61875e-05 0.000654683 0.000763029 -0.000527463 0.000906034
internal_weight=1743 547 1196 425 183 146 1163 1136 850 286 242 201 122 102 41 82
internal_count=1743 547 1196 425 183 146 1163 1136 850 286 242 201 122 102 41 82
is_linear=0
shrinkage=0.03


Tree=39
num_leaves=18
num_cat=0
split_feature=25 15 22 22 30 29 8 21 31 30 25 33 24 35 32 16 24
split_gain=0.0493307 0.0277195 0.0203867 0.0198519 0.0254019 0.0222763 0.019351 0.020497 0.0212296 0.0192331 0.0125408 0.0134614 0.00824186 0.00789733 0.00895328 0.00582812 0.000909401
threshold=0.4007027509430085 -0.68790088622627177 -1.2024711509391659 -1.0554221149406915 -0.19727304175522056 -0.49591732494372215 -0.13342098578825359 1.362733631293777 -0.13989385560464482 -1.8967919543871967 0.51410576599420144 -0.056880298840471834 0.32879184331193806 0.2934497974926209 0.11853840482445739 0.18688727291538934 0.74815933792269029
decision_type=2 2 2 2 2 2 2 2 2 2 2 2 2 2 2 2 2
left_child=2 13 -1 4 15 -5 7 8 -3 -7 -8 -12 -6 14 16 -4 -2
right_child=1 6 3 5 12 9 10 -9 -10 -11 11 -13 -14 -15 -16 -17 -18
leaf_value=-0.0010010345728824967 0.0010133685357943778 0.00053983338919187836 0 0.00074404885596595705 0.00019922108339060567 0.00038098693239086204 -0.00051541312275962391 0.00096556176193262212 -0.00015400535464976675 -0.00019628241634346558 -0.00016758497060111134 0.00031382796027126813 0.00077736897594295434 0 4.4554472172065848e-06 -0.00060871806613079481 0.00034943390666292265
leaf_weight=20 59 68 21 21 94 49 41 37 78 921 111 90 42 20 20 28 23
leaf_count=20 59 68 21 21 94 49 41 37 78 921 111 90 42 20 20 28 23
internal_value=2.39618e-06 0.000239297 -0.000103778 -8.34654e-05 0.000193036 -0.000138528 0.000114204 0.000346646 0.000153381 -0.000162953 -5.14158e-05 3.47123e-05 0.000412274 0.000637871 0.000743015 -0.000346448 0.000881343
internal_weight=1743 547 1196 1176 185 991 425 183 146 970 242 201 136 122 102 49 82
internal_count=1743 547 1196 1176 185 991 425 183 146 970 242 201 136 122 102 49 82
is_linear=0
shrinkage=0.03


Tree=40
num_leaves=22
num_cat=0
split_feature=19 29 22 20 22 34 32 33 19 8 20 34 30 21 34 19 10 15 15 19 32
split_gain=0.0328267 0.0373598 0.0421247 0.0426719 0.0327863 0.034128 0.0311644 0.0295893 0.028767 0.0184159 0.0172859 0.0344827 0.0162105 0.0152913 0.0129608 0.011189 0.0105986 0.00890694 0.0088857 0.00764493 0.00226226
threshold=-0.34269933209536785 -0.47579536543816525 1.0947835098696681 1.1760221598061515 -1.1791886034476247 -0.48595971888999551 -0.013049864049508393 -0.31991794665991197 1.0201616496907688 0.15342991864825203 -0.35715314518066149 -0.17412202125330373 -0.19203099215406352 -1.0067280853906613 0.61448819568947355 -0.91642923651827546 -1.1823115562845843 0.45812668371950377 0.51672792228614661 -0.60138116915282436 0.14412164003667247
decision_type=2 2 2 2 2 2 2 2 2 2 2 2 2 2 2 2 2 2 2 2 2
left_child=6 8 4 14 -3 -6 13 -5 9 -2 11 12 -8 -1 -4 20 -15 -13 -18 -17 -12
right_child=1 2 3 7 5 -7 10 -9 -10 -11 15 17 -14 16 -16 19 18 -19 -20 -21 -22
leaf_value=0.00019683217033240438 0.00062979083629073325 -0.00079220088620370781 -0.00079925763174945195 0.00045273368284882352 -2.0910062947867718e-05 0.00042006569648906592 0.00037454709078630673 -0.00025807354710437357 0.0013024557877331971 -0.0003681362713687122 -0.00073521165187574104 0.0010715307450831629 -0.00059481697599403555 1.9538029365167929e-05 0 0.00023648106337391904 -0.00035001783566298965 0.00022185050196879146 -0.00082133093646280021 -0.00023026897904907984 -7.661202963208779e-05
leaf_weight=34 34 25 101 87 251 372 20 122 37 24 24 40 35 34 21 67 248 32 61 53 21
leaf_count=34 34 25 101 87 251 372 20 122 37 24 24 40 35 34 21 67 248 32 61 53 21
internal_value=2.65948e-06 0.000106997 4.76326e-05 -0.000222325 0.000190525 0.00023836 -0.000160108 2.58813e-05 0.000667967 0.000169878 6.38011e-05 0.000329632 -0.000189456 -0.000340563 -0.000661947 -0.000125183 -0.000403748 0.000757875 -0.000459678 5.35457e-06 -0.000514363
internal_weight=1743 1074 979 331 648 623 669 209 95 58 292 127 55 377 122 165 343 72 309 120 45
internal_count=1743 1074 979 331 648 623 669 209 95 58 292 127 55 377 122 165 343 72 309 120 45
is_linear=0
shrinkage=0.03


Tree=41
num_leaves=14
num_cat=0
split_feature=25 14 22 29 26 23 22 12 29 33 28 31 29
split_gain=0.045448 0.0249331 0.0190518 0.0177794 0.0215919 0.0226272 0.0207136 0.0151718 0.0160109 0.0144754 0.0465198 0.0334301 0.00624226
threshold=0.4007027509430085 -0.84368804053143098 -1.2024711509391659 -0.49591732494372215 0.70515181046315345 -0.090103015823044433 -0.18414553303065853 -1.216927873050105 -0.36660967934751237 -0.050305033997028979 -0.17744839447569646 -0.21105049276266488 -0.23540046977290388
decision_type=2 2 2 2 2 2 2 2 2 2 2 2 2
left_child=2 12 -1 -4 5 -5 -6 8 -3 11 -11 -9 -2
right_child=1 7 3 4 6 -7 -8 9 -10 10 -12 -13 -14
leaf_value=-0.00096698721174312682 0.00076448480277181718 0.0010909560360347051 0.00071438942756503812 0.000121582776246357 0 -0.00018250462776732765 -0.00051435455157633112 0.00011373416854495785 0 0.00083435138730989834 -8.3078494082747717e-05 -0.00073307687816036456 6.2436609011326378e-05
leaf_weight=20 84 25 21 455 102 416 182 130 20 71 136 56 25
leaf_count=20 84 25 21 455 102 416 182 130 20 71 136 56 25
internal_value=2.47688e-06 0.000229927 -9.9362e-05 -7.96389e-05 -9.84798e-05 -2.03484e-05 -0.000324931 0.00011837 0.00062775 4.81545e-05 0.000224734 -0.000132936 0.000636236
internal_weight=1743 547 1196 1176 1155 871 284 438 45 393 207 186 109
internal_count=1743 547 1196 1176 1155 871 284 438 45 393 207 186 109
is_linear=0
shrinkage=0.03


Tree=42
num_leaves=18
num_cat=0
split_feature=25 22 29 28 29 19 29 14 15 7 30 29 34 11 29 26 15
split_gain=0.0431337 0.0211556 0.0276411 0.0193851 0.0290624 0.0297188 0.028378 0.0181543 0.0175738 0.0167711 0.0123418 0.0119604 0.0108139 0.00998616 0.00511193 0.00502577 0.00057966
threshold=0.52893853273917035 -0.31924147545088727 -0.23540046977290388 -0.66524544842049826 -0.4954268916519084 1.0563973023835629 -0.3585316309498901 0.42936437963414936 0.36651923061409214 1.6962538606118791 0.118109231718188 -0.44866756206073882 -0.81704286532549475 0.44192055442579181 -0.43425095966736077 0.24539563548760804 -0.040264573728527306
decision_type=2 2 2 2 2 2 2 2 2 2 2 2 2 2 2 2 2
left_child=3 7 11 -1 -5 8 -7 10 -6 13 12 -3 -2 -9 -12 -13 -4
right_child=1 2 16 4 5 6 -8 9 -10 -11 14 15 -14 -15 -16 -17 -18
leaf_value=-0.0007466811798512936 0.00032202735298778859 0.00063851939288101021 -0.00086485028686001894 0.00082652122678700832 -7.5493551753257439e-05 0.00076027676649391646 -5.5100057544186712e-05 -0.00068714252503021902 -0.00039056476997023051 0.00074475599289871761 -0.00013171619718195871 0.00016892184160242324 0.001023786275142093 2.5193004092434417e-05 0.00038991698940199889 -0.0003168549122721223 -0.00021293590962886809
leaf_weight=36 53 39 21 29 909 66 72 20 203 21 21 57 73 47 30 25 21
leaf_count=36 53 39 21 29 909 66 72 20 203 21 21 57 73 47 30 25 21
internal_value=2.54263e-06 0.000264713 0 -8.09194e-05 -5.81367e-05 -8.29847e-05 0.000321465 0.000428645 -0.000136598 3.65881e-05 0.000603041 0.000226461 0.000766212 -0.000164923 0.000124187 0 -0.000641486
internal_weight=1743 428 163 1315 1279 1250 138 265 1112 88 177 121 126 67 51 82 42
internal_count=1743 428 163 1315 1279 1250 138 265 1112 88 177 121 126 67 51 82 42
is_linear=0
shrinkage=0.03


Tree=43
num_leaves=18
num_cat=0
split_feature=25 11 35 23 20 28 29 19 29 21 34 26 19 25 34 11 28
split_gain=0.0407029 0.0204325 0.0313716 0.0320595 0.0183949 0.018325 0.0275018 0.0279706 0.0268321 0.0224931 0.0173299 0.0148947 0.0139549 0.0119461 0.0113566 0.0111262 0.0106871
threshold=0.52893853273917035 1.0341107272294996 0.12700576049198942 0.61942083418290461 -0.75805410832208941 -0.66524544842049826 -0.4954268916519084 1.0563973023835629 -0.3585316309498901 -0.79388028821164502 -0.46770303030089738 -0.72614558313314237 0.049853071824092453 0.78145716492717066 -0.98304525760826977 1.8133619496160047 -0.53059896231179582
decision_type=2 2 2 2 2 2 2 2 2 2 2 2 2 2 2 2 2
left_child=5 2 3 4 -2 -1 -7 9 -9 -8 14 -3 -5 -12 -4 16 -13
right_child=1 11 10 12 -6 6 7 8 -10 -11 13 15 -14 -15 -16 -17 -18
leaf_value=-0.00072600385539520239 0.00035641226686465626 0.00050295881464844567 0.00053225301943618704 0 -0.00053411471512181759 0.00080405018912279051 8.016205597132463e-05 0.00073846012904592176 -5.3513175379484888e-05 -0.00021600837768654782 0.00021329470438047728 0.00029481149896348242 0.00083102794657187418 0.0011694650838387684 -0.00026954451709499826 -0.0008364071268993227 -0.00038963782194020624
leaf_weight=36 23 27 34 20 68 29 303 66 72 809 26 35 48 68 20 20 39
leaf_count=36 23 27 34 20 68 29 303 66 72 809 26 35 48 68 20 20 39
internal_value=2.48793e-06 0.00025721 0.000387639 7.07196e-05 -0.00027293 -7.85383e-05 -5.63177e-05 -8.05498e-05 0.000311633 -0.000132618 0.000700076 -5.08915e-05 0.000564958 0.000950697 0.000184102 -0.000251539 -2.80773e-05
internal_weight=1743 428 307 159 91 1315 1279 1250 138 1112 148 121 68 94 54 94 74
internal_count=1743 428 307 159 91 1315 1279 1250 138 1112 148 121 68 94 54 94 74
is_linear=0
shrinkage=0.03


Tree=44
num_leaves=18
num_cat=0
split_feature=25 15 22 8 20 28 34 20 34 31 25 25 34 22 29 11 3
split_gain=0.0386179 0.0241996 0.0180451 0.0179763 0.0188536 0.022126 0.0158893 0.0157475 0.0425718 0.0375125 0.0127392 0.0110087 0.0109007 0.00789754 0.00619105 0.0105532 0.00199173
threshold=0.4007027509430085 -0.68790088622627177 -1.2024711509391659 -0.13342098578825359 -0.77972443065405839 -0.37125735843565971 1.2221892440331776 0.40130813643825652 -0.32228259739579762 -0.89364153257265688 -0.5223038693573131 0.51410576599420144 -0.026686289736947307 -0.73362404782545598 -0.30748751515281908 0.51598042326349292 0.21966160989606581
decision_type=2 2 2 2 2 2 2 2 2 2 2 2 2 2 2 2 2
left_child=2 14 -1 4 -3 -6 7 8 -4 -9 -8 16 -13 -12 15 -2 -5
right_child=1 3 6 11 5 -7 10 9 -10 -11 13 12 -14 -15 -16 -17 -18
leaf_value=-0.0009349296476044085 0.00084976564985699942 0.00090320042547167878 -0.00034985141863017489 -6.5501764710263708e-05 0.00052174104179903216 -0.0001909021910447981 -0.0010594829438039315 0.00041675843764349575 0.0001734657826858358 -0.00034407142375468184 -0.00048619399782037369 -0.00017952646074562812 0.00025316804361093091 0.00019076900744810699 2.1093262367815305e-05 0 -0.00072367909434251489
leaf_weight=20 77 38 183 20 69 76 23 66 548 307 27 104 97 22 25 20 21
leaf_count=20 77 38 183 20 69 76 23 66 548 307 27 104 97 22 25 20 21
internal_value=2.60612e-06 0.000212392 -9.11302e-05 9.52055e-05 0.000319975 0.000131649 -7.18929e-05 -4.01071e-05 3.74759e-05 -0.000199218 -0.000498175 -6.43566e-05 1.52327e-05 -0.000131088 0.000584539 0.000694768 -0.000497155
internal_weight=1743 547 1196 425 183 145 1176 1104 731 373 72 242 201 49 122 97 41
internal_count=1743 547 1196 425 183 145 1176 1104 731 373 72 242 201 49 122 97 41
is_linear=0
shrinkage=0.03


Tree=45
num_leaves=13
num_cat=0
split_feature=25 14 11 19 31 32 14 28 34 29 20 29
split_gain=0.0364747 0.0223974 0.0177053 0.0158506 0.0183121 0.0217233 0.0139307 0.0133028 0.0454295 0.0199716 0.008259 0.00544264
threshold=0.4007027509430085 -0.84368804053143098 -1.9350057244032859 1.7126645634569144 1.8267623078903794 -0.073823053774891928 2.615217003894553 -0.23595254370026969 0.095607903916890544 -0.28834647384956363 0.24961588011447303 -0.23540046977290388
decision_type=2 2 2 2 2 2 2 2 2 2 2 2
left_child=2 11 -1 4 5 -4 7 8 -3 -9 -6 -2
right_child=1 6 3 -5 10 -7 -8 9 -10 -11 -12 -13
leaf_value=0.00055367477747374021 0.00071081840285352939 -6.9177331185852321e-05 -0.00035078305708836758 0.00055226090885698799 0.00064020022640838038 -5.9250142839062169e-05 0.00082915407050724904 2.6735470806729168e-05 0.00076359618565928781 -0.0006991593368901786 0 4.841337402051846e-05
leaf_weight=33 84 174 361 27 35 720 20 121 82 41 20 25
leaf_count=33 84 174 361 27 35 720 20 121 82 41 20 25
internal_value=2.39878e-06 0.000206329 -8.8651e-05 -0.000110827 -0.000130634 -0.000160076 0.000100417 5.27636e-05 0.000191742 -0.000148169 0.000374659 0.000591043
internal_weight=1743 547 1196 1163 1136 1081 438 418 256 162 55 109
internal_count=1743 547 1196 1163 1136 1081 438 418 256 162 55 109
is_linear=0
shrinkage=0.03


Tree=46
num_leaves=17
num_cat=0
split_feature=25 22 29 22 28 29 26 14 7 22 21 30 33 30 24 15
split_gain=0.0346141 0.0183621 0.0242184 0.01795 0.0181262 0.0241681 0.0205782 0.0165498 0.0149379 0.0112797 0.0108601 0.0101598 0.00941981 0.00719322 0.00140567 0.000304687
threshold=0.52893853273917035 -0.31924147545088727 -0.23540046977290388 -1.2024711509391659 -0.66524544842049826 -0.4954268916519084 0.6907925886439289 0.42936437963414936 1.6962538606118791 -0.53405935504081448 0.79391593983948416 0.118109231718188 -0.26444499332906135 -0.18877741344288712 0.5138069144637406 -0.040264573728527306
decision_type=2 2 2 2 2 2 2 2 2 2 2 2 2 2 2 2
left_child=3 7 10 -1 -5 -6 -7 9 13 -2 12 -11 -3 -9 -12 -4
right_child=1 2 15 4 5 6 -8 8 -10 11 14 -13 -14 -15 -16 -17
leaf_value=-0.0009115487502320954 0 0.00046723022927408633 -0.00081646349932998417 -0.00069559265239737362 0.00077563714564894324 8.9225591568547447e-06 -0.00027803421496234168 6.3243688732335287e-05 0.00068902448704466219 0.00080688140203609405 9.3240445277289197e-05 6.7156401599812154e-05 -0.00025301284511159691 -0.00048305041969676194 0.00069517618053677416 -0.00020035002334043382
leaf_weight=20 34 20 21 36 29 945 285 34 21 112 20 31 51 33 30 21
leaf_count=20 34 20 21 36 29 945 285 34 21 112 20 31 51 33 30 21
internal_value=2.58871e-06 0.000237607 0 -7.19944e-05 -5.46402e-05 -3.23256e-05 -5.5649e-05 0.000390459 1.63383e-05 0.000556424 0.000202975 0.000671744 0 -0.00017214 0.000529912 -0.000608967
internal_weight=1743 428 163 1315 1295 1259 1230 265 88 177 121 143 71 67 50 42
internal_count=1743 428 163 1315 1295 1259 1230 265 88 177 121 143 71 67 50 42
is_linear=0
shrinkage=0.03


Tree=47
num_leaves=17
num_cat=0
split_feature=25 15 8 20 31 11 19 31 34 11 34 24 20 19 11 32
split_gain=0.0327885 0.0215964 0.0169341 0.017136 0.020207 0.0167074 0.0149515 0.0172037 0.0208436 0.0102435 0.0276678 0.0164088 0.00792348 0.00714318 0.00431065 0.00139628
threshold=0.4007027509430085 -0.68790088622627177 -0.13342098578825359 -0.77972443065405839 -0.13508469746686111 -1.9350057244032859 1.7126645634569144 1.8267623078903794 -0.14002247813956334 0.040156820946499874 -1.3356924214829229 0.7974966902298376 0.24961588011447303 -0.08905052419324265 0.51598042326349292 0.021285920537558813
decision_type=2 2 2 2 2 2 2 2 2 2 2 2 2 2 2 2
left_child=5 13 3 -3 -5 -1 7 8 -7 11 -11 -4 -9 -2 15 -15
right_child=1 2 9 4 -6 6 -8 12 -10 10 -12 -13 -14 14 -16 -17
leaf_value=0.00054021744836548651 1.6526291234185914e-05 0.00085998427478891856 -0.00057417990304732124 0.00052101710375829311 -0.00016318479373252819 -5.066160773778739e-06 0.00053851797021925451 0.00062520902494801896 -0.00027528364347796874 -0.0007696084956073069 0.00026003035519732459 0.00027002910526469347 0 0.00092883531661196173 9.0866259532049288e-05 0.00024578146506910734
leaf_weight=33 29 38 66 64 81 501 27 35 580 25 129 22 20 52 21 20
leaf_count=33 29 38 66 64 81 501 27 35 580 25 129 22 20 52 21 20
internal_value=2.59983e-06 0.000196029 8.49702e-05 0.000303548 0.000122977 -8.36335e-05 -0.000105252 -0.000124565 -0.000153177 -6.97662e-05 6.22609e-05 -0.000328216 0.000364894 0.000547588 0.000676247 0.000796519
internal_weight=1743 547 425 183 145 1196 1163 1136 1081 242 154 88 55 122 93 72
internal_count=1743 547 425 183 145 1196 1163 1136 1081 242 154 88 55 122 93 72
is_linear=0
shrinkage=0.03


Tree=48
num_leaves=18
num_cat=0
split_feature=25 22 28 19 35 22 14 21 21 22 22 33 30 34 22 35 17
split_gain=0.0311531 0.0171445 0.0172339 0.0194975 0.0235154 0.0165821 0.0156415 0.0144581 0.0123276 0.0106359 0.0103772 0.0103176 0.00948727 0.0090399 0.0083067 0.00668332 0.00184135
threshold=0.52893853273917035 -1.2024711509391659 -0.66524544842049826 -1.208327216375245 1.0000000180025095e-35 -0.31924147545088727 0.42936437963414936 1.7609060969646342 0.79391593983948416 -0.47315054776383531 -0.53405935504081448 -0.26444499332906135 0.118109231718188 -0.15235557733974486 1.5955661608261289 0.14219385313051108 -0.1205232582950609
decision_type=2 2 2 2 2 2 2 2 2 2 2 2 2 2 2 2 2
left_child=1 -1 -3 13 -5 6 10 9 11 -8 -2 -7 -12 -4 16 -13 -10
right_child=5 2 3 4 -6 8 7 -9 14 -11 12 15 -14 -15 -16 -17 -18
leaf_value=-0.00088803377520778901 0 -0.00067552930252769811 0.00016312120747550025 -0.00020899380931198696 0.00010348391185376247 0.00017408797135877032 8.4546618942364009e-05 0.00049835219552639778 -0.00018196686446342777 -0.0006523663604842318 0.00077327202090831553 -0.00062435881817713378 5.6754522525486251e-05 -0.00040578359775178449 0.00066935445796698339 0 0.000197334511772446
leaf_weight=20 34 36 20 293 792 28 26 34 20 28 112 47 31 154 27 21 20
leaf_count=20 34 36 20 293 792 28 26 34 20 28 112 47 31 154 27 21 20
internal_value=2.89529e-06 -6.77687e-05 -5.07661e-05 -2.89609e-05 1.59996e-05 0.000225926 0.000371178 7.33545e-06 0 -0.000259149 0.000532268 -0.000227633 0.000642849 -0.000321787 0.000291916 -0.000435667 0
internal_weight=1743 1315 1295 1259 1085 428 265 88 163 54 177 96 143 174 67 68 40
internal_count=1743 1315 1295 1259 1085 428 265 88 163 54 177 96 143 174 67 68 40
is_linear=0
shrinkage=0.03


Tree=49
num_leaves=28
num_cat=0
split_feature=25 11 35 23 34 30 35 34 19 28 20 33 17 12 24 20 26 17 19 28 11 25 11 33 28 24 25
split_gain=0.0295581 0.0175384 0.0260758 0.0270657 0.0166351 0.0153848 0.0429505 0.0384554 0.0358525 0.0200623 0.0239753 0.0167824 0.0160707 0.0156804 0.0152198 0.0151203 0.0136899 0.0127894 0.0123668 0.0118606 0.0115888 0.0102975 0.00990743 0.00990484 0.00962116 0.00136937 0.000452906
threshold=0.52893853273917035 1.0341107272294996 0.12700576049198942 0.61942083418290461 -0.46770303030089738 -0.044719985627591809 0.15637920180841974 -1.3356924214829229 1.0563973023835629 0.60586204915761199 0.36880265294030284 -0.85279362628681099 0.3442666975681789 0.82113043961333709 1.0000000180025095e-35 -0.75805410832208941 -0.72614558313314237 0.82287326009294814 0.049853071824092453 2.4105697483857322 0.017992236209770408 0.78145716492717066 1.8133619496160047 -0.58988687574458498 -0.53059896231179582 0.63715029523160882 -0.88132404994011593
decision_type=2 2 2 2 2 2 2 2 2 2 2 2 2 2 2 2 2 2 2 2 2 2 2 2 2 2 2
left_child=5 2 3 15 23 6 7 14 -9 17 12 25 -11 -13 -1 -2 -3 20 -5 -12 -7 -6 24 -4 -18 -8 -19
right_child=1 16 4 18 21 9 11 8 -10 10 19 13 -14 -15 -16 -17 22 26 -20 -21 -22 -23 -24 -25 -26 -27 -28
leaf_value=-0.00077707838327732183 0.00030007683396196137 0.00046353204848710447 0.00046033680446546624 0 0.000178615846446362 -0.00044749595567906991 0 0.0001681617740340839 0.0010114747227505884 0.00063190496819359905 -7.8187428309672304e-05 -0.00062134828538747816 0 0.00012565459478180852 -3.0782958697897576e-05 -0.00050018786077886076 0.00026114675487195582 -0.0011198277141619473 0.00075952579423456499 -0.0007975585870921019 0 0.0010719697713642052 -0.00081219889924092129 -0.00029467091907787579 -0.00038426896094045205 0.00023813237016217717 -0.00037545655882702424
leaf_weight=40 23 27 34 20 26 121 21 423 51 60 90 138 66 22 80 68 35 22 48 30 102 68 20 20 39 26 23
leaf_count=40 23 27 34 20 26 121 21 423 51 60 90 138 66 22 80 68 35 22 48 30 102 68 20 20 39 26 23
internal_value=2.85117e-06 0.000220139 0.000341516 5.13909e-05 0.000626124 -6.59344e-05 1.28825e-05 0.00014621 0.000270978 -0.000193925 0 -0.000352046 0.000287902 -0.000499808 -0.000316824 -0.000262887 -6.44382e-05 -0.000371984 0.000507559 -0.000297487 -0.000252434 0.000868966 -0.000256663 0.000127281 -4.17626e-05 9.0782e-05 -0.000849116
internal_weight=1743 428 307 159 148 1315 801 594 474 514 246 207 126 160 120 91 121 268 68 120 223 94 94 54 74 47 45
internal_count=1743 428 307 159 148 1315 801 594 474 514 246 207 126 160 120 91 121 268 68 120 223 94 94 54 74 47 45
is_linear=0
shrinkage=0.03


Tree=50
num_leaves=15
num_cat=0
split_feature=28 19 9 28 31 28 35 19 21 14 18 14 11 11
split_gain=0.0253281 0.0254294 0.023787 0.0296119 0.0180752 0.0203795 0.0221965 0.0173793 0.0156298 0.012705 0.0166115 0.011561 0.0107586 0.00115637
threshold=-0.66524544842049826 -0.34269933209536785 0.61926359088973071 -0.32831332882629821 1.9052330413307474 -0.65245878156775283 0.14103257514927287 1.0201616496907688 0.091762603413375957 1.3075548035757005 1.1346309979899452 2.1414372997853803 -1.4926836631587699 -0.28921582743017543
decision_type=2 2 2 2 2 2 2 2 2 2 2 2 2 2
left_child=13 4 3 7 5 6 -2 -3 -5 10 -4 -11 -7 -1
right_child=1 2 9 8 -6 12 -8 -9 -10 11 -12 -13 -14 -15
leaf_value=-0.00094977363082580273 0.00089196807819164612 0.00023467480543774095 -0.00036983127665983219 -0.00017960718046347408 0.00057895341175608333 0.0003363033458590508 -0.0001451536408825112 0.00069644852455806084 0.00025019875033406401 0.00079820073950711808 0.00022053048559396034 -5.6137660816311828e-05 -0.00024909487911774577 -0.00023391555686248466
leaf_weight=21 30 357 170 204 27 23 32 108 116 20 48 22 544 21
leaf_count=21 30 357 170 204 27 23 32 108 116 20 48 22 544 21
internal_value=2.52504e-06 2.27801e-05 0.000116035 0.000199725 -0.000121074 -0.000158475 0.000328532 0.000352113 -1.36379e-05 -0.000124633 -0.00022504 0.000310115 -0.00021844 -0.000697968
internal_weight=1743 1701 1045 785 656 629 62 465 320 260 218 42 567 42
internal_count=1743 1701 1045 785 656 629 62 465 320 260 218 42 567 42
is_linear=0
shrinkage=0.03


Tree=51
num_leaves=17
num_cat=0
split_feature=25 14 22 35 35 32 23 23 9 11 8 30 33 29 29 18
split_gain=0.0272741 0.0194086 0.0156612 0.0144837 0.0321782 0.0264042 0.0245611 0.0225476 0.0181251 0.0168656 0.0138415 0.00968932 0.0120758 0.00927535 0.00505691 0.00153987
threshold=0.4007027509430085 -0.84368804053143098 -1.2024711509391659 0.0044650878837817877 0.14103257514927287 -0.0011641414578964047 0.53427797218219075 0.14403985467891869 -0.072612301637736076 0.54569881626432037 -1.0956760404814809 -1.2931965990480281 -0.050305033997028979 -0.31934721941546734 -0.23540046977290388 -0.091745602794871345
decision_type=2 2 2 2 2 2 2 2 2 2 2 2 2 2 2 2
left_child=2 14 -1 6 5 -5 7 -4 -8 -6 13 15 -13 -3 -2 -12
right_child=1 10 3 4 9 -7 8 -9 -10 -11 11 12 -14 -15 -16 -17
leaf_value=-0.00086124009363677183 0.0006504780143631847 0.0007990366386098636 -0.00018942752800763559 2.2757769456244105e-05 -2.5767848439211079e-06 0.00057756312239742391 0.00067980736360493072 -0.00090801588172138088 -0.00014926923473184515 -0.00036524132708666107 0.00064609850748725557 -0.00024446737691668152 0.00010703728557740704 0 1.8829708461583187e-05 4.273449629545211e-05
leaf_weight=20 84 34 159 238 318 121 35 59 51 195 20 149 195 20 25 20
leaf_count=20 84 34 159 238 318 121 35 59 51 195 20 149 195 20 25 20
internal_value=2.5433e-06 0.000179098 -7.59492e-05 -5.78919e-05 1.09431e-06 0.000221277 -0.000235219 -0.000407169 0.000165979 -0.000147568 8.02378e-05 7.4354e-06 -3.7365e-05 0.000517673 0.000536775 0.000438213
internal_weight=1743 547 1196 1176 872 359 304 218 86 513 438 384 344 54 109 40
internal_count=1743 547 1196 1176 872 359 304 218 86 513 438 384 344 54 109 40
is_linear=0
shrinkage=0.03


Tree=52
num_leaves=20
num_cat=0
split_feature=25 26 26 28 19 12 28 35 34 20 16 31 34 33 33 33 21 24 21
split_gain=0.0261111 0.0156797 0.0204831 0.0144567 0.018564 0.019642 0.0340149 0.0172414 0.0331104 0.021927 0.0141204 0.0152676 0.0207383 0.0141641 0.0116417 0.00599585 0.0059873 0.00521229 0.0012434
threshold=0.52893853273917035 0.24539563548760804 1.2707186667403654 -0.66524544842049826 1.0563973023835629 0.43468086068095563 -0.49048507172363315 1.0000000180025095e-35 1.2731510438243097 0.60717619859196281 -0.38744821458973039 -0.16294826680599353 -1.3356924214829229 1.0000000180025095e-35 -0.050305033997028979 1.5247498127579087 1.4581481675807237 0.41513220984944588 0.091762603413375957
decision_type=2 2 2 2 2 2 2 2 2 2 2 2 2 2 2 2 2 2 2
left_child=3 10 16 -1 7 6 -6 9 -9 -5 15 12 -12 -13 -4 18 17 -3 -2
right_child=1 2 14 4 5 -7 -8 8 -10 -11 11 13 -14 -15 -16 -17 -18 -19 -20
leaf_value=-0.00063673665628840139 0.00046056656570994832 -0.00069868787163152144 -3.5430461107550032e-07 -0.00010487159445416971 0.0010421883673922051 -0.00026723216895602252 0 2.4771835567555105e-05 -0.00080938530750572664 -0.0007289857014962384 -0.00033443583099870014 -0.00066213266281411052 0.00060220070162810566 0.00011891800510746083 0.00079196218162542206 0.00016292526620839321 0 -1.7783669382333751e-05 0.0011565117983014454
leaf_weight=36 35 36 20 198 49 35 54 827 42 74 21 27 90 54 29 32 32 27 25
leaf_count=36 35 36 20 198 49 35 54 827 42 74 21 27 90 54 29 32 32 27 25
internal_value=2.56005e-06 0.000206885 -2.93297e-05 -6.1986e-05 -4.20162e-05 0.000278071 0.000493989 -8.39797e-05 -1.47497e-05 -0.000291677 0.000336163 0.000163552 0.000394546 -0.000120067 0.000429512 0.000648276 -0.000302511 -0.000466399 0.000839426
internal_weight=1743 428 144 1315 1279 138 103 1141 869 272 284 192 111 81 49 92 95 63 60
internal_count=1743 428 144 1315 1279 138 103 1141 869 272 284 192 111 81 49 92 95 63 60
is_linear=0
shrinkage=0.03


Tree=53
num_leaves=18
num_cat=0
split_feature=25 15 10 22 35 19 35 11 23 26 16 33 31 28 34 24 11
split_gain=0.0247902 0.0194495 0.0204688 0.0149162 0.0138466 0.0131167 0.0165645 0.0309036 0.0226093 0.0114632 0.0110582 0.00914661 0.0271763 0.0261392 0.00789632 0.00599454 0.00102207
threshold=0.4007027509430085 -0.57888578039920446 -1.0134852404366004 -1.2024711509391659 0.34994081617994371 -1.208327216375245 1.0000000180025095e-35 0.54569881626432037 0.53427797218219075 0.11724424283603214 -0.70072973443484921 -0.082072346742139368 -0.21105049276266488 -0.17744839447569646 -0.15235557733974486 -1.496690192052512 0.88309138137882615
decision_type=2 2 2 2 2 2 2 2 2 2 2 2 2 2 2 2 2
left_child=3 4 9 -1 10 14 8 -8 -7 -3 -2 12 -4 -13 -5 -16 -12
right_child=1 2 11 5 -6 6 7 -9 -10 -11 16 13 -14 -15 15 -17 -18
leaf_value=-0.00083874278977189378 0 0.00087503972436963132 2.8618372978704155e-05 0.00015469434177098064 -0.00012170182766679387 -0.00040077485949811315 0.00017596071424478714 -0.00027152150958176165 0.00016294316093925967 0 0.000775568057775187 0.00062184832769271448 -0.00077269403206614345 -0.00014552631053904239 -0.00075313526137757143 -0.00022473406300897053 0.00023372670042694411
leaf_weight=20 25 35 118 20 23 185 552 179 86 21 87 57 49 107 34 120 25
leaf_count=20 25 35 118 20 23 185 552 179 86 21 87 57 49 107 34 120 25
internal_value=2.32179e-06 0.000170723 4.58263e-05 -7.24302e-05 0.000448009 -5.47521e-05 -9.55468e-06 6.16366e-05 -0.000211109 0.000564178 0.000565641 -3.71684e-05 -0.000198337 0.000109599 -0.000293505 -0.000372664 0.000689961
internal_weight=1743 547 387 1196 160 1176 1002 731 271 56 137 331 167 164 174 154 112
internal_count=1743 547 387 1196 160 1176 1002 731 271 56 137 331 167 164 174 154 112
is_linear=0
shrinkage=0.03


Tree=54
num_leaves=18
num_cat=0
split_feature=25 11 35 23 34 28 29 19 29 21 24 26 19 25 11 28 33
split_gain=0.0235701 0.0151199 0.0241713 0.0237214 0.0148142 0.0138687 0.0216618 0.0194056 0.0223639 0.017574 0.0130094 0.0125262 0.0110976 0.00960858 0.00895696 0.00855852 0.00833631
threshold=0.52893853273917035 1.0341107272294996 0.12700576049198942 0.61942083418290461 -0.46770303030089738 -0.66524544842049826 -0.4954268916519084 1.0563973023835629 -0.353125979853956 -0.79388028821164502 -0.36193108898812426 -0.72614558313314237 0.049853071824092453 0.78145716492717066 1.8133619496160047 -0.59340128216674515 -0.58988687574458498
decision_type=2 2 2 2 2 2 2 2 2 2 2 2 2 2 2 2 2
left_child=5 2 3 10 16 -1 -7 9 -9 -8 -2 -3 -5 -6 15 -13 -4
right_child=1 11 4 12 13 6 7 8 -10 -11 -12 14 -14 -15 -16 -17 -18
leaf_value=-0.00062189366120415229 0.00029843437777194397 0.00043618800686672329 0.00041885687733333353 -2.774355444631977e-06 0.00014744032916596866 0.00072431664195028137 8.2610810874315322e-05 0.00065062151394252254 -7.06900164706796e-05 -0.00017902156880106497 -0.00046728375451828073 0.00029103246461636447 0.00069997294537503931 0.0010066543030618153 -0.00078100766796294766 -0.00032730566405371069 -0.0002716133584794791
leaf_weight=36 20 27 34 20 26 29 303 67 71 809 71 29 48 68 20 45 20
leaf_count=36 20 27 34 20 26 29 303 67 71 809 71 29 48 68 20 45 20
internal_value=2.17272e-06 0.000196389 0.000309415 3.03692e-05 0.000582774 -5.90667e-05 -3.94665e-05 -6.12723e-05 0.000264627 -0.00010501 -0.000262926 -6.67352e-05 0.000459645 0.000811837 -0.000251142 -4.41251e-05 0.00010966
internal_weight=1743 428 307 159 148 1315 1279 1250 138 1112 91 121 68 94 94 74 54
internal_count=1743 428 307 159 148 1315 1279 1250 138 1112 91 121 68 94 94 74 54
is_linear=0
shrinkage=0.03


Tree=55
num_leaves=18
num_cat=0
split_feature=25 15 10 22 35 22 30 30 29 28 19 26 26 15 11 16 28
split_gain=0.0222668 0.0181342 0.0189878 0.0140777 0.0128553 0.0122466 0.0223238 0.014473 0.0151742 0.0110151 0.0105822 0.0103825 0.00816711 0.0110466 0.00748827 0.00457623 0.0045413
threshold=0.4007027509430085 -0.57888578039920446 -1.0134852404366004 -1.2024711509391659 0.34994081617994371 -1.0554221149406915 -0.19727304175522056 -1.8967919543871967 -0.49591732494372215 -0.59340128216674515 -0.08905052419324265 0.11724424283603214 1.3585896449380115 0.82271145159142434 0.070073011533174676 0.90855530087983516 1.529825294526632
decision_type=2 2 2 2 2 2 2 2 2 2 2 2 2 2 2 2 2
left_child=3 4 11 -1 10 6 14 9 -9 -7 -2 -3 13 -4 -5 -8 -12
right_child=1 2 12 5 -6 7 15 8 -10 -11 16 -13 -14 -15 -16 -17 -18
leaf_value=-0.00081287491856061895 0 0.00083662488679769192 -0.00021639872200446899 0 -0.00011601013554116854 0.00081772883715502053 0.00044874619679918895 0.00059844810585491361 -0.00014563683907951376 0 0.00076786498315425803 0 0.0003726100200631966 0.00017323599132535936 -0.00067415632949476803 0 5.9824909265760485e-05
leaf_weight=20 27 35 215 24 23 23 113 21 921 26 90 21 33 83 25 23 20
leaf_count=20 27 35 215 24 23 23 113 21 921 26 90 21 33 83 25 23 20
internal_value=2.26396e-06 0.000161947 4.11354e-05 -6.84889e-05 0.000429621 -5.12486e-05 0.000165276 -9.50645e-05 -0.000124027 0.00037907 0.000543175 0.000540771 -3.8511e-05 -9.72645e-05 -0.000339292 0.000372051 0.000670685
internal_weight=1743 547 387 1196 160 1176 185 991 942 49 137 56 331 298 49 136 110
internal_count=1743 547 387 1196 160 1176 185 991 942 49 137 56 331 298 49 136 110
is_linear=0
shrinkage=0.03


Tree=56
num_leaves=13
num_cat=0
split_feature=28 11 31 20 15 34 30 33 11 34 33 11
split_gain=0.0220195 0.0201616 0.021725 0.0290138 0.0489662 0.0227623 0.017831 0.0426538 0.0355108 0.0131344 0.0217352 0.00121627
threshold=-0.66524544842049826 1.601888880530226 -0.12019662486696787 -1.6140318404348681 0.52559959607769946 2.1963701653983967 -0.26526960654479387 -0.27631183696508538 0.76791439066944844 -1.3889900859456545 -1.1619424304827324 -0.28921582743017543
decision_type=2 2 2 2 2 2 2 2 2 2 2 2
left_child=11 2 6 4 -4 -5 8 -8 -2 -3 -11 -1
right_child=1 9 3 5 -6 -7 7 -9 -10 10 -12 -13
leaf_value=-0.00089375172520522023 -0.0002437306946456114 -0.00096097981795901437 0.0015266240143424106 -0.00014709722489847173 -0.00013546263670329662 0.00072595735892860423 0.00079740853483989751 0.00011326491628902398 0.00043534120858321413 0.00060581255655573765 -0.0004708009280285544 -0.00020110313079203476
leaf_weight=21 207 25 24 722 31 24 107 389 100 20 52 21
leaf_count=21 207 25 24 722 31 24 107 389 100 20 52 21
internal_value=2.40301e-06 2.14039e-05 4.87492e-05 -5.89944e-05 0.000579537 -0.000112209 0.000159766 0.000270771 -1.07848e-05 -0.000388678 -0.000119471 -0.000650589
internal_weight=1743 1701 1604 801 55 746 803 496 307 97 72 42
internal_count=1743 1701 1604 801 55 746 803 496 307 97 72 42
is_linear=0
shrinkage=0.03


Tree=57
num_leaves=17
num_cat=0
split_feature=25 22 11 21 15 30 33 16 34 14 30 22 32 32 16 34
split_gain=0.0203613 0.0138042 0.013778 0.0149076 0.0199011 0.0279867 0.0152732 0.0126351 0.0140183 0.0183498 0.0143929 0.0120913 0.00653038 0.00339699 0.00286393 0.00451275
threshold=0.52893853273917035 -1.2024711509391659 1.0341107272294996 1.2495818325007877 0.16280984519388839 0.15681105938966439 0.0066562052694569872 1.7247447077341846 1.2221892440331776 -0.59329462842647873 -0.22359694286670348 -0.47315054776383531 0.0072633298199088854 0.20037410115939144 0.9596900180813458 -0.55680569133827706
decision_type=2 2 2 2 2 2 2 2 2 2 2 2 2 2 2 2
left_child=1 -1 3 4 5 -2 -6 8 10 -10 -3 13 -5 -4 -13 -16
right_child=2 7 11 12 6 -7 -8 -9 9 -11 -12 14 -14 -15 15 -17
leaf_value=-0.00079020938382524507 0.00063118100036690765 -0.00016142144917419342 0 0.00034396286893195098 -0.00072456917856984283 -9.3739786385558537e-05 0.00012554648059748987 -0.00055368555283972197 0.00028613812854746354 -0.00061477292634304348 7.3710222261706473e-05 0 0.0011825947129982524 0.00054477258189581333 -0.00065185612541708083 0
leaf_weight=20 108 319 20 44 31 72 31 39 21 70 846 25 21 21 30 25
leaf_count=20 108 319 20 44 31 72 31 39 21 70 846 25 21 21 30 25
internal_value=2.28718e-06 -5.45056e-05 0.000182905 0.000291008 0.000161893 0.000328036 -0.000267181 -3.90321e-05 -1.93875e-05 -0.000372459 6.50879e-06 -6.75847e-05 0.000699243 0.000303965 -0.000298253 -0.000414412
internal_weight=1743 1315 428 307 242 180 62 1295 1256 91 1165 121 65 41 80 55
internal_count=1743 1315 428 307 242 180 62 1295 1256 91 1165 121 65 41 80 55
is_linear=0
shrinkage=0.03


Tree=58
num_leaves=14
num_cat=0
split_feature=28 19 11 21 20 11 34 15 15 29 11 21 3
split_gain=0.0206671 0.0189533 0.0197757 0.0217183 0.0239106 0.0203378 0.00744902 0.0131505 0.00601613 0.00457678 0.00102398 0.000761563 0.000731631
threshold=-0.66524544842049826 -1.208327216375245 2.0950523087589086 -0.010991565846970777 0.37963781410628744 -0.32471434289352658 0.5757321465030345 -0.24278084996025553 -0.20330537626541936 -0.44695903396951647 -0.28921582743017543 -0.016496145467364342 -0.37628281026602456
decision_type=2 2 2 2 2 2 2 2 2 2 2 2 2
left_child=10 6 3 4 -3 -5 8 -8 11 -9 -1 -2 -10
right_child=1 2 -4 5 -6 -7 7 9 12 -11 -12 -13 -14
leaf_value=-0.00086394163500517606 -0.00043582942580374393 8.242541762998574e-05 -0.00067302835269947531 0 -0.00024937677403224969 0.0003670224261506091 0 -0.0011157740663944018 0.00026739114918746052 -0.00025967310683336104 -0.00019321250835491809 0 0
leaf_weight=21 23 646 29 240 275 337 37 24 24 25 21 20 21
leaf_count=21 23 646 29 240 275 337 37 24 24 25 21 20 21
internal_value=2.0957e-06 2.0558e-05 5.61531e-05 7.3585e-05 -1.38881e-05 0.000217731 -0.000270528 -0.000468649 -3.48754e-05 -0.000776861 -0.000630482 -0.000304075 0.000162787
internal_weight=1743 1701 1527 1498 921 577 174 86 88 49 42 43 45
internal_count=1743 1701 1527 1498 921 577 174 86 88 49 42 43 45
is_linear=0
shrinkage=0.03


Tree=59
num_leaves=17
num_cat=0
split_feature=25 15 10 11 31 33 35 35 35 19 17 29 33 31 33 22
split_gain=0.0188978 0.0161587 0.0175276 0.013523 0.0127008 0.0159693 0.0222317 0.0198013 0.0116061 0.00975449 0.00928232 0.00812472 0.00751205 0.0249124 0.0206786 0.00265787
threshold=0.4007027509430085 -0.57888578039920446 -1.0134852404366004 -1.9350057244032859 1.8267623078903794 0.29849223685743603 0.13196554660466966 0.15637920180841974 0.34994081617994371 -0.08905052419324265 0.62575280214823381 -0.40534547667793824 -0.082072346742139368 -0.21105049276266488 0.2714131097801844 -0.33937983963163004
decision_type=2 2 2 2 2 2 2 2 2 2 2 2 2 2 2 2
left_child=3 8 11 -1 5 7 -7 -5 9 -2 -6 -3 13 -4 -14 -11
right_child=1 2 12 4 10 6 -8 -9 -10 15 -12 -13 14 -15 -16 -17
leaf_value=0.0004979695851992195 0 0.00096854272950440651 2.8414667570051419e-05 6.2709122527772351e-05 0.00061730331849741142 -0.00057976799686740993 -4.917313345596683e-05 -0.00025956798207603317 -0.00011289663140017251 0.00073355349293781499 -5.9124797137211184e-05 0.00010908636926691733 0.00067464882670485943 -0.00073803768946359362 -8.0909192414765132e-05 0.00015911037075847127
leaf_weight=33 27 21 118 554 36 134 178 241 23 84 20 35 39 49 125 26
leaf_count=33 27 21 118 554 36 134 178 241 23 84 20 35 39 49 125 26
internal_value=1.58436e-06 0.000148834 3.44344e-05 -6.34631e-05 -8.32069e-05 -0.000107869 -0.000289932 -3.18366e-05 0.000401406 0.000509747 0.000334152 0.00051509 -4.17991e-05 -0.000187881 8.96939e-05 0.000632154
internal_weight=1743 547 387 1196 1163 1107 312 795 160 137 56 56 331 167 164 110
internal_count=1743 547 387 1196 1163 1107 312 795 160 137 56 56 331 167 164 110
is_linear=0
shrinkage=0.03


Tree=60
num_leaves=16
num_cat=0
split_feature=28 25 28 20 10 15 11 20 26 15 34 32 33 17 11
split_gain=0.019601 0.0189625 0.0281493 0.0259975 0.0248649 0.0300834 0.019809 0.0161492 0.0119044 0.0188763 0.00973452 0.00604597 0.00559185 0.00497708 0.000796003
threshold=-0.66524544842049826 0.02158598063376305 -0.25033878425977552 0.67218716558787017 0.76165284973126279 1.0232526063151643 2.0950523087589086 1.50649457536868 -1.2346858156140024 -0.0868294558279014 -1.6167757752178382 0.0071849341091553319 1.2609838649468472 0.44812673428972599 -0.28921582743017543
decision_type=2 2 2 2 2 2 2 2 2 2 2 2 2 2 2
left_child=14 3 6 4 5 -2 7 -3 12 -10 -5 -6 -4 -12 -1
right_child=1 2 8 10 11 -7 -8 -9 9 -11 13 -13 -14 -15 -16
leaf_value=-0.00083767471846658728 0.00015810699553320596 0.00023818582170268939 0 5.1863042698444221e-05 -0.00045665131268231605 -0.0004566471886995714 -0.00053711764384870941 0.00078473156998304394 -0.00048904975752747789 4.1173521680040997e-05 -0.00062646030075862093 0 0.0005035314388637614 0 -0.00018921247156686148
leaf_weight=21 583 376 33 20 110 77 20 63 106 114 101 43 32 23 21
leaf_count=21 583 376 33 20 110 77 20 63 106 114 101 43 32 23 21
internal_value=1.68884e-06 1.97148e-05 0.000134383 -6.64479e-05 0 8.0119e-05 0.00028076 0.000328201 -9.14133e-05 -0.000203987 -0.000433593 -0.000340838 0.000237678 -0.00053489 -0.00061434
internal_weight=1743 1701 744 957 813 660 459 439 285 220 144 153 65 124 42
internal_count=1743 1701 744 957 813 660 459 439 285 220 144 153 65 124 42
is_linear=0
shrinkage=0.03


Tree=61
num_leaves=17
num_cat=0
split_feature=28 25 28 23 20 11 29 29 35 17 35 31 26 15 29 15
split_gain=0.0186763 0.0179156 0.0264569 0.027621 0.0247109 0.0272799 0.0304342 0.0225981 0.0224241 0.020202 0.0168131 0.0140959 0.0112075 0.0178293 0.00652004 0.000674768
threshold=-0.66524544842049826 0.02158598063376305 -0.25033878425977552 0.61942083418290461 0.60717619859196281 -0.88095820474484976 -0.46805256415936763 -0.46591320384736584 0.12553737726398576 -1.0492230600352228 0.17244267758943518 -0.89364153257265688 -1.2346858156140024 -0.0868294558279014 -0.3585316309498901 0.13005990810417034
decision_type=2 2 2 2 2 2 2 2 2 2 2 2 2 2 2 2
left_child=15 4 3 8 5 9 -7 -6 -3 -2 -5 -9 14 -14 -4 -1
right_child=1 2 12 10 7 6 -8 11 -10 -11 -12 -13 13 -15 -16 -17
leaf_value=-0.00017003647468822157 0 -0.00020346741042936458 0.00043868163340812316 0.00069901760059843038 0.00042976980707142503 -0.00038375327644194949 6.2365676073483536e-05 9.965858149342237e-05 0.00031668592236300334 0.00069928067338790873 -4.5572604292020608e-05 -0.00059804107824502819 -0.00047478207206000627 3.9969986770302056e-05 -0.00010339190729934236 -0.00080350059954333117
leaf_weight=20 57 126 45 145 22 193 436 22 164 78 24 149 106 114 20 22
leaf_count=20 57 126 45 145 22 193 436 22 164 78 24 149 106 114 20 22
internal_value=1.34169e-06 1.89794e-05 0.000130478 0.000272432 -6.4715e-05 8.5269e-06 -7.09448e-05 -0.000365646 8.068e-05 0.000394038 0.000576885 -0.000490867 -8.81807e-05 -0.000197645 0.000230569 -0.000599963
internal_weight=1743 1701 744 459 957 764 629 193 290 135 169 171 285 220 65 42
internal_count=1743 1701 744 459 957 764 629 193 290 135 169 171 285 220 65 42
is_linear=0
shrinkage=0.03


Tree=62
num_leaves=10
num_cat=0
split_feature=28 22 19 34 16 30 34 24 15
split_gain=0.017808 0.016923 0.018277 0.0193697 0.0398194 0.0271765 0.00679878 0.00524738 0.000535506
threshold=-0.66524544842049826 -1.2024711509391659 -1.208327216375245 -1.3356924214829229 -0.35085571145306299 -0.62348141208583041 -0.15235557733974486 -1.496690192052512 0.13005990810417034
decision_type=2 2 2 2 2 2 2 2 2
left_child=8 -2 6 4 -4 -5 -3 -8 -1
right_child=1 2 3 5 -6 -7 7 -9 -10
leaf_value=-0.0001656007318980182 -0.00078500458395675476 0.00015866127879480302 0.00048024262979419691 0.00060070296952471826 -0.00045106537792486166 6.9010180225845727e-05 -0.00068273916382443256 -0.0001895602623784415 -0.00078228818838950236
leaf_weight=20 20 20 51 93 152 1211 34 120 22
leaf_count=20 20 20 51 93 152 1211 34 120 22
internal_value=1.21113e-06 1.84746e-05 3.1197e-05 6.65323e-05 -0.000198942 0.000110517 -0.000253831 -0.000328518 -0.000585912
internal_weight=1743 1701 1681 1507 203 1304 174 154 42
internal_count=1743 1701 1681 1507 203 1304 174 154 42
is_linear=0
shrinkage=0.03


Tree=63
num_leaves=16
num_cat=0
split_feature=28 25 28 23 20 10 15 29 15 31 14 21 29 9 15
split_gain=0.0169723 0.0162953 0.0246755 0.025885 0.0230738 0.0255925 0.0305228 0.0213487 0.0183966 0.0135358 0.0110653 0.0134065 0.00907055 0.00905073 0.000405963
threshold=-0.66524544842049826 0.02158598063376305 -0.25033878425977552 0.61942083418290461 0.60717619859196281 0.76165284973126279 1.0232526063151643 -0.46591320384736584 -0.01773633874323605 -0.89364153257265688 -0.96110037907246137 0.091762603413375957 -0.38670815424762056 0.23239009078613007 0.13005990810417034
decision_type=2 2 2 2 2 2 2 2 2 2 2 2 2 2 2
left_child=14 4 3 8 5 6 -2 -6 -3 -9 -4 -12 -7 -5 -1
right_child=1 2 10 13 7 12 -8 9 -10 -11 11 -13 -14 -15 -16
leaf_value=-0.0001612807191989344 0.00018363772351291514 0.00029983733502394897 0.00036159520008816173 0.00077261080992236536 0.00041877401417121294 -0.00056625891366275031 -0.00043771188610699022 0.00010232709545642136 -0.00016807411114389063 -0.00058001983015875378 -0.00038156054606526871 3.6229416154325005e-05 -5.1723289059046236e-05 0.00024072944740910314 -0.00076163576954975723
leaf_weight=20 536 157 36 92 22 75 77 22 133 149 127 122 76 77 22
leaf_count=20 536 157 36 92 22 75 77 22 133 149 127 122 76 77 22
internal_value=9.30072e-07 1.78253e-05 0.000124231 0.000261412 -6.19021e-05 8.74765e-06 9.89672e-05 -0.000352732 7.54809e-05 -0.00047474 -8.67083e-05 -0.000166961 -0.00033282 0.000556142 -0.00057223
internal_weight=1743 1701 744 459 957 764 613 193 290 171 285 249 151 169 42
internal_count=1743 1701 744 459 957 764 613 193 290 171 285 249 151 169 42
is_linear=0
shrinkage=0.03


Tree=64
num_leaves=14
num_cat=0
split_feature=11 35 35 23 23 28 11 29 28 34 34 34 17
split_gain=0.0170974 0.0245479 0.0207971 0.0257705 0.0208177 0.0207068 0.0202642 0.0139304 0.0133396 0.0127312 0.0111048 0.0104097 0.00356031
threshold=1.601888880530226 -1.3352665162390753 0.0044650878837817877 0.64070654968308316 -0.99119830533059938 -0.66524544842049826 0.82173614869005374 -0.37794811713110671 -0.54937841702152368 -1.3356924214829229 -0.48595971888999551 -1.0297217758828638 1.0627059326738528
decision_type=2 2 2 2 2 2 2 2 2 2 2 2 2
left_child=1 8 3 4 -3 -4 -7 -5 -1 -2 -10 -11 -13
right_child=9 2 5 7 -6 6 -8 -9 10 11 -12 12 -14
leaf_value=0.0011474279015511273 -0.00089630506119330326 0.00023713041047842518 -0.00063011965117845182 0.00057907364655032081 -0.00049516159274821698 0.00014193203961466609 -0.00018442774414696898 -6.3671572930708187e-05 -0.00025454906698154365 0.00036721522800507961 0.00052669117583606687 -0.00053848001528531309 0
leaf_weight=22 28 34 34 41 208 972 198 76 20 21 36 32 21
leaf_count=22 28 34 34 41 208 972 198 76 20 21 36 32 21
internal_value=8.14926e-07 2.62258e-05 0 -0.000199602 -0.000378389 5.96515e-05 8.38139e-05 0.00014541 0.000535457 -0.000368499 0.000198073 -0.000102688 -0.000352145
internal_weight=1743 1641 1563 359 242 1204 1170 117 78 102 56 74 53
internal_count=1743 1641 1563 359 242 1204 1170 117 78 102 56 74 53
is_linear=0
shrinkage=0.03


Tree=65
num_leaves=14
num_cat=0
split_feature=11 35 35 23 23 28 11 29 0 23 11 19 15
split_gain=0.0161846 0.0232448 0.0194884 0.024228 0.0200235 0.0195932 0.0202304 0.0131867 0.0129576 0.00568493 0.00512891 0.00257395 0.00019424
threshold=1.601888880530226 -1.3352665162390753 0.0044650878837817877 0.64070654968308316 0.14403985467891869 -0.66571214723975969 0.82173614869005374 -0.37794811713110671 -0.366508817231397 0.61942083418290461 2.0950523087589086 -0.048787832976349053 0.41140597892638525
decision_type=2 2 2 2 2 2 2 2 2 2 2 2 2
left_child=1 8 3 4 -3 -4 -7 -5 -1 10 12 -10 -2
right_child=9 2 5 7 -6 6 -8 -9 11 -11 -12 -13 -14
leaf_value=0 -0.00030221663524683279 -0.00014045768076364229 -0.00066530216668616053 0.00056288590428250082 -0.00074538594573941939 0.00013788016875221094 -0.00018698678047223051 -6.1833957668107971e-05 0.00024459115182980893 0 -0.00095634259437413314 0.001022872364825823 0
leaf_weight=27 23 159 29 41 83 975 200 76 21 39 20 30 20
leaf_count=27 23 159 29 41 83 975 200 76 21 39 20 30 20
internal_value=6.6912e-07 2.54393e-05 0 -0.000193302 -0.000366765 5.76627e-05 7.97016e-05 0.000140684 0.000520971 -0.000358609 -0.000531143 0.000789351 -0.000218686
internal_weight=1743 1641 1563 359 242 1204 1175 117 78 102 63 51 43
internal_count=1743 1641 1563 359 242 1204 1175 117 78 102 63 51 43
is_linear=0
shrinkage=0.03


Tree=66
num_leaves=14
num_cat=0
split_feature=11 35 21 35 28 23 28 7 15 34 31 34 10
split_gain=0.0154888 0.0220961 0.0191285 0.0189768 0.0210587 0.0200357 0.0125533 0.0121849 0.0161646 0.0118874 0.0156519 0.010422 9.92239e-05
threshold=1.601888880530226 -1.3352665162390753 1.3823059489877225 0.034112947075947773 -0.66571214723975969 0.64070654968308316 -0.54937841702152368 1.4741742577762602 0.39545083830112432 -1.3356924214829229 -0.51365001800567789 -0.48595971888999551 1.5959927072194817
decision_type=2 2 2 2 2 2 2 2 2 2 2 2 2
left_child=1 6 3 5 -5 -3 -1 8 -4 -2 -11 -8 -12
right_child=9 2 7 4 -6 -7 11 -9 -10 10 12 -13 -14
leaf_value=0.0011002984839677812 -0.00086091217762910796 -0.00036415698970585105 0.00054789255599956965 -0.00078896410411430731 5.5033421818295076e-05 9.4907970952245422e-05 -0.00025681279186645281 0.0010300634743382589 -0.00022263402302633042 0.00049928763543721289 -0.00053988031747526132 0.00050059436039569282 -0.00011698946063406765
leaf_weight=22 28 255 47 24 1065 113 20 20 39 21 26 36 27
leaf_count=22 28 255 47 24 1065 113 20 20 39 21 26 36 27
internal_value=2.96852e-07 2.45681e-05 0 -2.90887e-05 3.15693e-05 -0.00021548 0.000507703 0.000382894 0.000169034 -0.000351158 -9.32897e-05 0.00017994 -0.000395825
internal_weight=1743 1641 1563 1457 1089 368 78 106 86 102 74 56 53
internal_count=1743 1641 1563 1457 1089 368 78 106 86 102 74 56 53
is_linear=0
shrinkage=0.03


Tree=67
num_leaves=12
num_cat=0
split_feature=22 11 35 20 29 29 0 34 33 19 10
split_gain=0.0153512 0.0158561 0.0197 0.0192759 0.0523486 0.0229485 0.01224 0.0111938 0.016843 0.0022513 0.000162353
threshold=-1.2024711509391659 1.601888880530226 -1.3352665162390753 0.37963781410628744 -0.45542638039362876 -0.45542638039362876 -0.366508817231397 -1.3356924214829229 -1.0294445337216989 -0.048787832976349053 1.5959927072194817
decision_type=2 2 2 2 2 2 2 2 2 2 2
left_child=-1 2 6 5 -5 -4 -2 -3 -9 -8 -10
right_child=1 7 3 4 -6 -7 9 8 10 -11 -12
leaf_value=-0.00076775906113502772 0 -0.0008375842059969962 -8.6295630633940454e-05 0.00044290413730930974 -0.00026901437005104648 0.00020939571661718762 0.00022940845298580824 0.00054650633689016105 -0.00053789055380038919 0.00097767860086804071 -0.00011383074275217949
leaf_weight=20 27 28 368 111 462 602 21 20 27 30 27
leaf_count=20 27 28 368 111 462 602 21 20 27 30 27
internal_value=2.71337e-07 1.22435e-05 3.69947e-05 1.10402e-05 -0.000124307 9.42125e-05 0.000493965 -0.000342353 -9.06752e-05 0.000754985 -0.000395643
internal_weight=1743 1723 1621 1543 573 970 78 102 74 51 54
internal_count=1743 1723 1621 1543 573 970 78 102 74 51 54
is_linear=0
shrinkage=0.03


Tree=68
num_leaves=13
num_cat=0
split_feature=22 14 14 35 35 22 29 22 10 14 15 29
split_gain=0.0145569 0.0153809 0.016358 0.0204268 0.0148273 0.0280211 0.0223352 0.0339489 0.0255223 0.0222568 0.0153341 0.00813552
threshold=-1.2024711509391659 -0.96110037907246137 -1.2101774673468362 0.12553737726398576 0.15637920180841974 -0.18414553303065853 -0.30748751515281908 0.77230983311740198 -0.10343909466055123 1.3075548035757005 -0.72575744411882714 -0.22253036247226407
decision_type=2 2 2 2 2 2 2 2 2 2 2 2
left_child=-1 2 3 -2 6 10 7 -3 -8 -7 -6 -4
right_child=1 4 11 -5 5 9 8 -9 -10 -11 -12 -13
leaf_value=-0.00074773055148999337 -0.00075329108799073406 3.6856302707959834e-05 0.00065122822976211104 0.00038136474424491415 -0.00031533330232273423 -0.00057008650802329729 -0.00048399328555904267 0.00056665840378749026 3.4067827205353204e-05 0.00028322649535177086 0.0001279330117099312 0
leaf_weight=20 23 510 80 26 91 163 121 141 246 26 270 26
leaf_count=20 23 510 80 26 91 163 121 141 246 26 270 26
internal_value=1.36436e-07 1.18401e-05 0.000294928 -0.000106269 -1.47439e-05 -0.000141295 5.09048e-05 0.000158266 -0.000131168 -0.000434483 6.27577e-06 0.00050573
internal_weight=1743 1723 155 49 1568 550 1018 651 367 189 361 106
internal_count=1743 1723 155 49 1568 550 1018 651 367 189 361 106
is_linear=0
shrinkage=0.03


Tree=69
num_leaves=11
num_cat=0
split_feature=32 34 17 35 34 34 11 21 28 28
split_gain=0.0140005 0.0163617 0.0150536 0.0121826 0.0276585 0.0311361 0.0225034 0.0219071 0.018702 0.0109834
threshold=-0.69743175539591185 -0.40688001306668442 -2.1384253774634883 0.0044650878837817877 -1.3889900859456545 0.14937103215024683 0.82173614869005374 0.35354107769975618 -0.66571214723975969 -0.6335291630147607
decision_type=2 2 2 2 2 2 2 2 2 2
left_child=1 -1 -2 4 9 -6 8 -8 -5 -4
right_child=2 -3 3 6 5 -7 7 -9 -10 -11
leaf_value=-2.311693772892741e-05 0.00064594761830667269 0.00080011425613026521 -0.00018652543789939954 -0.00061391330463811758 0.0003641269498290612 -0.00023135850823712237 -0.000430432843857919 0.00016266327515653469 0.00011266489759053745 -0.00090960930753499261
leaf_weight=31 27 39 52 29 115 232 166 73 928 51
leaf_count=31 27 39 52 29 115 232 166 73 928 51
internal_value=1.61645e-07 0.000408477 -1.58333e-05 -2.96634e-05 -0.00016287 -2.40065e-05 1.82361e-05 -0.000237111 8.56727e-05 -0.00058847
internal_weight=1743 70 1673 1646 450 347 1196 239 957 103
internal_count=1743 70 1673 1646 450 347 1196 239 957 103
is_linear=0
shrinkage=0.03


Tree=70
num_leaves=13
num_cat=0
split_feature=22 11 35 29 22 11 13 34 34 33 26 9
split_gain=0.0138484 0.0145885 0.0183241 0.0180826 0.0220199 0.0208848 0.0121261 0.0102919 0.0100178 0.015548 0.00575962 0.00267166
threshold=-1.2024711509391659 1.601888880530226 -1.2082914049074323 -0.28834647384956363 0.42987968708667113 0.80229325013631769 0.24887233023567087 -0.6811410574659561 -1.3356924214829229 -1.0294445337216989 0.17505409691343146 1.4474585913115821
decision_type=2 2 2 2 2 2 2 2 2 2 2 2
left_child=-1 2 6 5 -5 -4 10 -8 -3 -10 -2 -11
right_child=1 8 3 4 -6 -7 7 -9 9 11 -12 -13
leaf_value=-0.00072936872801864926 0.00036988298182942623 -0.00079834562510011653 0.00013513405055513654 0 -0.00045141781775491334 -0.00022900738161945702 0.00016962912716271894 0.0011816211242435706 0.00052236706678472134 -0.00054551338435461125 -0.00029759553880633218 0
leaf_weight=20 20 28 911 315 143 160 28 24 20 33 20 21
leaf_count=20 20 28 911 315 143 160 28 24 20 33 20 21
internal_value=3.77534e-08 1.14956e-05 3.53065e-05 8.16766e-06 -0.000146793 7.74528e-05 0.000440262 0.000730223 -0.000328537 -8.76316e-05 0 -0.000381791
internal_weight=1743 1723 1621 1529 458 1071 92 52 102 74 40 54
internal_count=1743 1723 1621 1529 458 1071 92 52 102 74 40 54
is_linear=0
shrinkage=0.03


Tree=71
num_leaves=17
num_cat=0
split_feature=25 11 22 26 21 15 26 11 10 16 10 31 29 32 20 5
split_gain=0.0134841 0.0116753 0.0123363 0.0108053 0.0253059 0.0203391 0.010585 0.0213125 0.0241296 0.010827 0.0107199 0.0104766 0.00996652 0.0077973 0.0053786 0.00208897
threshold=0.52893853273917035 -1.7600343746969662 -1.1378205056724753 0.95791141116156198 -0.010991565846970777 -0.37480211219014353 0.24539563548760804 -0.45866774299515195 1.0125290534090061 -0.38744821458973039 -0.15676713304044479 -0.16294826680599353 -0.47885775894746757 -0.51724475214459198 -1.7440537744266826 -0.06161594159127718
decision_type=2 2 2 2 2 2 2 2 2 2 2 2 2 2 2 2
left_child=1 12 -3 4 -4 -5 9 -8 14 13 -11 -12 -1 -2 -9 -15
right_child=6 2 3 5 -6 -7 7 8 -10 10 11 -13 -14 15 -16 -17
leaf_value=0.00072323465677618509 0 -0.00067544928598217669 -9.3008961359168909e-05 0.00049416982786109048 0.00025135602637370432 -0.0003525964064073359 -0.00055787180460003367 0 -0.00043564732194962825 -0.00047242255286192119 0.00038803522278155596 -5.2192896859694832e-05 -1.9489857570632571e-06 0.00086021291284511477 0.00069834590597049693 0.00024419893489609803
leaf_weight=29 22 27 770 24 252 193 48 20 30 20 102 70 20 42 46 28
leaf_count=29 22 27 770 24 252 193 48 20 30 20 102 70 20 42 46 28
internal_value=0 -4.60783e-05 -6.60598e-05 -4.87653e-05 -4.68306e-06 -0.000239847 0.000147188 -4.46724e-05 0.000190754 0.000254372 0.000102912 0.000193906 0.000386513 0.000525652 0.000525521 0.000675065
internal_weight=1743 1315 1266 1239 1022 217 428 144 96 284 192 172 49 92 66 70
internal_count=1743 1315 1266 1239 1022 217 428 144 96 284 192 172 49 92 66 70
is_linear=0
shrinkage=0.03


Tree=72
num_leaves=16
num_cat=0
split_feature=11 35 35 35 33 34 22 34 13 34 34 33 11 26 9
split_gain=0.0129152 0.0182207 0.0175028 0.0164246 0.0289542 0.0267765 0.0142203 0.0173025 0.0112894 0.00965641 0.0093359 0.0145325 0.00904935 0.00528394 0.00250231
threshold=1.601888880530226 -1.2082914049074323 0.0044650878837817877 0.13866905162284601 -0.19521995398906633 1.4340637679736503 -0.65741008377111299 -1.3889900859456545 0.24887233023567087 -0.6811410574659561 -1.3356924214829229 -1.0294445337216989 -0.59898326191848772 0.17505409691343146 1.4474585913115821
decision_type=2 2 2 2 2 2 2 2 2 2 2 2 2 2 2
left_child=1 8 6 4 -4 -5 12 -8 13 -10 -2 -12 -3 -1 -13
right_child=10 2 3 5 -6 -7 7 -9 9 -11 11 14 -14 -15 -16
leaf_value=0.00035505798868784355 -0.00077549770798894665 -0.00089106288387511771 0.00046520014526410232 3.9277131403918344e-06 0 -0.00078176997699661217 -0.00052009904381554656 5.5503279925430499e-05 0.00015923052321698876 0.0011429267939076656 0.00050122879467823591 -0.00053044288485155748 -0.00016760619399590522 -0.00028407150598080906 0
leaf_weight=20 28 36 196 677 293 38 56 202 28 24 20 33 51 20 21
leaf_count=20 28 36 196 677 293 38 56 202 28 24 20 33 51 20 21
internal_value=0 2.21472e-05 -6.55816e-07 5.14433e-05 0.000185922 -3.67433e-05 -0.000189971 -6.24815e-05 0.000425556 0.000705367 -0.00032097 -8.65118e-05 -0.000520024 0 -0.000371749
internal_weight=1743 1641 1549 1204 489 715 345 258 92 52 102 74 87 40 54
internal_count=1743 1641 1549 1204 489 715 345 258 92 52 102 74 87 40 54
is_linear=0
shrinkage=0.03


Tree=73
num_leaves=13
num_cat=0
split_feature=22 14 14 35 35 17 22 30 33 14 29 34
split_gain=0.012671 0.0137306 0.0148643 0.0188822 0.0127178 0.0291278 0.0251005 0.0225041 0.0221382 0.0205209 0.00775584 0.00323138
threshold=-1.2024711509391659 -0.96110037907246137 -1.2101774673468362 0.12553737726398576 0.15637920180841974 1.6168137936366593 -0.18414553303065853 -0.032651642871713273 1.0000000180025095e-35 1.3075548035757005 -0.22253036247226407 0.25135681104012358
decision_type=2 2 2 2 2 2 2 2 2 2 2 2
left_child=-1 2 3 -2 5 7 8 -3 -6 -8 11 -4
right_child=1 4 10 -5 6 -7 9 -9 -10 -11 -12 -13
leaf_value=-0.00069801541320655661 -0.00072568158553734143 0.00017179895318027188 0.00022454280140054591 0.00036408110418967131 -0.00022390783731032239 -0.00076156434158512732 -0.00053985768471906642 -0.00014248019315349938 0.00024148644856050231 0.00027767371187179256 0 0.00082179337622103634
leaf_weight=20 23 707 34 26 175 35 163 276 186 26 26 46
leaf_count=20 23 707 34 26 175 35 163 276 186 26 26 46
internal_value=0 1.07018e-05 0.000278253 -0.000102103 -1.43174e-05 4.63133e-05 -0.000131607 8.03502e-05 7.65204e-06 -0.000409187 0.000479573 0.000621397
internal_weight=1743 1723 155 49 1568 1018 550 983 361 189 106 80
internal_count=1743 1723 155 49 1568 1018 550 983 361 189 106 80
is_linear=0
shrinkage=0.03


Tree=74
num_leaves=15
num_cat=0
split_feature=11 29 25 31 14 8 19 30 23 11 26 26 28 29
split_gain=0.0124071 0.0171713 0.0139994 0.0229514 0.0165392 0.014891 0.0148534 0.0128164 0.0112944 0.0192121 0.0174718 0.00815014 0.00469717 0.00453936
threshold=-1.8194364564417294 -0.47369645045565362 0.02158598063376305 1.9052330413307474 -0.61946867528978922 -1.0956760404814809 -0.08905052419324265 -2.3079923320196456 -0.99119830533059938 0.54569881626432037 -0.65871318560286019 -1.0335448201047048 -0.48730998974603107 -0.31934721941546734
decision_type=2 2 2 2 2 2 2 2 2 2 2 2 2 2
left_child=1 -1 3 8 6 13 11 -7 9 -2 -10 -4 -8 -6
right_child=2 -3 4 -5 5 7 12 -9 10 -11 -12 -13 -14 -15
leaf_value=0.00086461977568854168 0.00021970231828266705 -7.2497647462619672e-05 -0.0003395439995219931 0.00058919485590377008 0.00066127684075119233 0.00053824089776857622 0.00064926147045789545 -0.00011131355913690543 0 -0.00041544191292736549 -0.00030580120246478644 0.00027815074133898386 0.00021304179094015408 1.4497614030035268e-05
leaf_weight=32 166 24 39 38 32 25 77 450 251 53 423 30 75 28
leaf_count=32 166 24 39 38 32 25 77 450 251 53 423 30 75 28
internal_value=0 0.000428886 -1.3626e-05 -9.28737e-05 7.99949e-05 -5.13045e-06 0.000296769 -6.76868e-05 -0.000127122 4.89412e-05 -0.000188724 -2.89149e-05 0.000461666 0.000422129
internal_weight=1743 56 1687 931 756 535 221 475 893 219 674 69 152 60
internal_count=1743 56 1687 931 756 535 221 475 893 219 674 69 152 60
is_linear=0
shrinkage=0.03


Tree=75
num_leaves=13
num_cat=0
split_feature=22 19 28 34 16 20 29 34 14 25 15 3
split_gain=0.0121679 0.0128959 0.0162285 0.0157182 0.028169 0.0209339 0.00968867 0.00595438 0.00885405 0.00322449 0.00300106 0.000612114
threshold=-1.2024711509391659 -1.208327216375245 -0.66269705087201214 -1.3356924214829229 -0.35085571145306299 0.37963781410628744 -0.25526968567395164 0.38041230584057689 -0.50648011963275252 -0.6233903734629741 -0.27278240893422828 -0.37628281026602456
decision_type=2 2 2 2 2 2 2 2 2 2 2 2
left_child=-1 7 6 4 -4 -5 -3 10 -9 -10 -2 -12
right_child=1 2 3 5 -6 -7 -8 8 9 -11 11 -13
leaf_value=-0.00068366795679068444 -0.00024460387033071714 -0.00064487654168624421 0.00040360316667048372 0.0001896608973435749 -0.00039601230161613783 -6.1234492100077799e-05 0 0 -0.00081443164427764719 -0.00020654084239168487 0.00023070845037000254 0
leaf_weight=20 30 45 48 851 147 436 22 29 33 36 21 25
leaf_count=20 30 45 48 851 147 436 22 29 33 36 21 25
internal_value=0 1.07868e-05 4.00891e-05 6.28083e-05 -0.000180899 0.000102394 -0.000400745 -0.000229379 -0.000381137 -0.000560759 0 0.000121767
internal_weight=1743 1723 1549 1482 195 1287 67 174 98 69 76 46
internal_count=1743 1723 1549 1482 195 1287 67 174 98 69 76 46
is_linear=0
shrinkage=0.03


Tree=76
num_leaves=17
num_cat=0
split_feature=11 29 25 28 14 8 19 17 29 15 26 11 26 32 14 29
split_gain=0.011687 0.0162826 0.0132262 0.0181012 0.015465 0.0140251 0.0138107 0.0133648 0.011421 0.0110921 0.0131464 0.0127176 0.00766658 0.00463738 0.00433774 0.00424381
threshold=-1.8194364564417294 -0.47369645045565362 0.02158598063376305 1.8089923847210343 -0.61946867528978922 -1.0956760404814809 -0.08905052419324265 -0.016509855611994074 3.3099627635309976 -0.98762700815019056 -0.65871318560286019 -0.38028881168023715 -1.0335448201047048 0.40945744119944144 -0.34685492502965204 -0.31934721941546734
decision_type=2 2 2 2 2 2 2 2 2 2 2 2 2 2 2 2
left_child=1 -1 3 9 6 15 12 -5 -7 11 -11 -2 -4 -8 -9 -6
right_child=2 -3 4 7 5 8 13 14 -10 10 -12 -13 -14 -15 -16 -17
leaf_value=0.00084096416280205757 -0.00075112978700333491 -6.9216169623865012e-05 -0.0003278276676833879 0.00081266056502136052 0.00064179288450894609 -0.00010527874243063186 0.00050963888035492142 0.00028959839270227463 0.00052866654311163499 0.00011196137326551624 -0.00016442399719511218 0 0.0002714539991363629 0 -0.00028686687332810833 1.2294553355464045e-05
leaf_weight=32 49 24 39 29 32 452 132 20 23 193 598 21 30 20 21 28
leaf_count=32 49 24 39 29 32 452 132 20 23 193 598 21 30 20 21 28
internal_value=0 0.000416354 -1.31137e-05 -9.01862e-05 7.78284e-05 -4.29854e-06 0.00028743 0.000353166 -6.5181e-05 -0.000130804 -9.30408e-05 -0.000495077 -2.51497e-05 0.000446421 0 0.00041022
internal_weight=1743 56 1687 931 756 535 221 70 475 861 791 70 69 152 41 60
internal_count=1743 56 1687 931 756 535 221 70 475 861 791 70 69 152 41 60
is_linear=0
shrinkage=0.03


Tree=77
num_leaves=13
num_cat=0
split_feature=22 11 35 29 19 20 13 34 34 34 33 10
split_gain=0.011694 0.0122292 0.0166346 0.0150396 0.0215404 0.0197023 0.0108171 0.00805776 0.0073977 0.00483315 0.00303837 0.00165398
threshold=-1.2024711509391659 1.6585070060046758 -1.2082914049074323 -0.28834647384956363 -0.43731396737150258 0.41214329760424112 0.24887233023567087 -1.3356924214829229 -0.6811410574659561 -1.007325962042452 1.6140213533271512 1.5959927072194817
decision_type=2 2 2 2 2 2 2 2 2 2 2 2
left_child=-1 2 6 4 -4 -5 10 -3 -8 -9 -2 -11
right_child=1 7 3 5 -6 -7 8 9 -10 11 -12 -13
leaf_value=-0.00067017398462833268 -0.00020943708468668931 -0.00075371136914553316 -7.821497811395682e-05 4.6048526797309602e-05 0.00018827130090649964 -0.00033516887897576251 0.00018939829527516848 0.00021880877899694377 0.0010848025095183402 -0.0004615786323556677 0.00027391375874614586 0
leaf_weight=20 20 26 474 235 605 226 29 20 24 21 20 23
leaf_count=20 20 26 474 235 605 226 29 20 24 21 20 23
internal_value=0 1.06155e-05 3.12956e-05 5.42209e-06 6.85401e-05 -0.000135332 0.000414931 -0.000321262 0.000684829 -7.49208e-05 0 -0.000277708
internal_weight=1743 1723 1633 1540 1079 461 93 90 53 64 40 44
internal_count=1743 1723 1633 1540 1079 461 93 90 53 64 40 44
is_linear=0
shrinkage=0.03


Tree=78
num_leaves=11
num_cat=0
split_feature=22 26 17 20 29 34 19 34 11 14
split_gain=0.0110891 0.0124875 0.011738 0.0112732 0.0461417 0.0301429 0.00836638 0.00484149 0.00315763 0.000957046
threshold=-1.2024711509391659 -1.2346858156140024 -2.1384253774634883 0.37963781410628744 -0.46805256415936763 -0.32228259739579762 -0.12327265863053256 -0.6811410574659561 -0.3091844153461954 -0.59329462842647873
decision_type=2 2 2 2 2 2 2 2 2 2
left_child=-1 6 -3 5 -5 -4 8 -8 -2 -9
right_child=1 2 3 4 -6 -7 7 9 -10 -11
leaf_value=-0.00065269117893489159 -0.00022010545014927629 0.00056133524827929517 -0.0001949910422192042 0.00060847575317711739 -0.0002404946430811008 0.00015008599574012544 0 0.00067901074758265156 0.00020749138514511285 0.00012977243674686177
leaf_weight=20 29 28 338 61 482 669 20 48 27 21
leaf_count=20 29 28 338 61 482 669 20 48 27 21
internal_value=0 1.02712e-05 -1.26061e-05 -2.59701e-05 -0.000136809 3.10553e-05 0.000274718 0.000450837 0 0.00056589
internal_weight=1743 1723 1578 1550 543 1007 145 89 56 69
internal_count=1743 1723 1578 1550 543 1007 145 89 56 69
is_linear=0
shrinkage=0.03


Tree=79
num_leaves=13
num_cat=0
split_feature=28 10 29 32 32 35 23 14 35 32 12 29
split_gain=0.0111654 0.0129427 0.0157803 0.016338 0.0139466 0.0158464 0.0291383 0.0171746 0.00910136 0.00465054 0.00175749 0.000624864
threshold=-0.66524544842049826 -1.1445552412160882 -0.31934721941546734 -0.0038520214806439879 -0.69743175539591185 0.092257693743681798 0.61942083418290461 -0.98412876965175589 -0.17248094985942117 -0.040670919564587134 -1.1765099158806691 -0.3903606233529639
decision_type=2 2 2 2 2 2 2 2 2 2 2 2
left_child=11 2 3 9 8 6 -6 -7 -3 -2 -5 -1
right_child=1 4 -4 10 5 7 -8 -9 -10 -11 -12 -13
leaf_value=-0.00063562909003347164 0.00038432281684715213 0.00069246476434345827 -0.00025181742738350293 0.0010879462962970136 -0.00033287345126907958 0.00042662872342971036 0.0001407279666127579 -3.9730842997581106e-06 0 0 0.00029240186500322554 -8.7755941527733656e-05
leaf_weight=22 40 37 37 27 339 88 165 849 30 69 20 20
leaf_count=22 40 37 37 27 339 88 165 849 30 69 20 20
internal_value=0 1.39896e-05 0.000244212 0.000383259 -1.39161e-05 -3.58465e-05 -0.000171993 3.45087e-05 0.000396216 0.000139059 0.000847273 -0.000464647
internal_weight=1743 1701 193 156 1508 1441 504 937 67 109 47 42
internal_count=1743 1701 193 156 1508 1441 504 937 67 109 47 42
is_linear=0
shrinkage=0.03


Tree=80
num_leaves=10
num_cat=0
split_feature=28 29 19 30 29 16 26 34 29
split_gain=0.0106728 0.0126039 0.015484 0.018411 0.0182851 0.0364147 0.0159538 0.0147342 0.000512015
threshold=-0.66524544842049826 -0.4954268916519084 -0.34269933209536785 1.7029441147114888 -0.37544401566394675 -0.49896052078918579 -0.073118012138834718 -0.15235557733974486 -0.3903606233529639
decision_type=2 2 2 2 2 2 2 2 2
left_child=8 -2 3 7 5 -4 -6 -3 -1
right_child=1 2 4 -5 6 -7 -8 -9 -10
leaf_value=-0.00061884848356246944 0.00060380764617639217 6.2848670240340799e-06 0.00055692727618914992 0.00047608079066932465 8.425445943439142e-05 6.071526602475919e-06 -0.00023938401554960363 -0.00028590488459968194 -8.5466649142883542e-05
leaf_weight=22 29 244 171 39 335 315 221 347 20
leaf_count=22 29 244 171 39 335 315 221 347 20
internal_value=3.3233e-08 1.37881e-05 7.00373e-07 -0.000114564 7.33895e-05 0.000208254 -3.96136e-05 -0.000160799 -0.000454154
internal_weight=1743 1701 1672 630 1042 486 556 591 42
internal_count=1743 1701 1672 630 1042 486 556 591 42
is_linear=0
shrinkage=0.03


Tree=81
num_leaves=15
num_cat=0
split_feature=11 35 21 35 35 15 32 33 28 34 31 34 31 29
split_gain=0.0104742 0.0163574 0.0146598 0.0141397 0.0141571 0.0132854 0.0126143 0.0124988 0.0114773 0.00901364 0.00969059 0.00751886 0.00935796 0.00190033
threshold=1.6585070060046758 -1.2082914049074323 1.3823059489877225 1.0000000180025095e-35 0.13953001786669852 0.59360423795013462 -0.067106789724710722 -0.014229401887907443 -0.54937841702152368 -0.48595971888999551 1.6680254851479581 -1.3356924214829229 -0.45621743945533993 -0.4024010326455455
decision_type=2 2 2 2 2 2 2 2 2 2 2 2 2 2
left_child=1 8 3 5 -5 -3 13 -8 -1 -10 -11 -2 -13 -4
right_child=11 2 6 4 -6 -7 7 -9 9 10 -12 12 -14 -15
leaf_value=0.00093479018793108737 -0.00072558297227329476 -0.00032152622921119016 -0.00022372389196131663 0.00014560748655792019 -6.7850335492548045e-05 9.2159745987331461e-05 0.00015929792642470732 0.0011575871993042529 -0.00030288812331855292 0.00075383153409971525 0 0.00035705608502030375 -0.00035130006912589563 0.00013053398241754619
leaf_weight=25 26 237 23 471 664 83 39 22 20 25 23 21 43 21
leaf_count=25 26 237 23 471 664 83 39 22 20 25 23 21 43 21
internal_value=1.09753e-07 1.92174e-05 -2.26014e-06 -2.9135e-05 1.82441e-05 -0.000205079 0.000332835 0.000603597 0.000399548 0.00012933 0.000375468 -0.000307875 -6.85143e-05 0
internal_weight=1743 1653 1560 1455 1135 320 105 61 93 68 48 90 64 44
internal_count=1743 1653 1560 1455 1135 320 105 61 93 68 48 90 64 44
is_linear=0
shrinkage=0.03


Tree=82
num_leaves=12
num_cat=0
split_feature=22 26 21 7 15 29 26 19 34 19 14
split_gain=0.0104785 0.0115362 0.0108305 0.00892167 0.0127153 0.00809595 0.012333 0.00766134 0.0044479 0.00299238 0.000719742
threshold=-1.2024711509391659 -1.2346858156140024 1.3823059489877225 1.6962538606118791 0.39545083830112432 -0.49591732494372215 0.70515181046315345 -0.12327265863053256 -0.6811410574659561 -0.39604605351662364 -0.59329462842647873
decision_type=2 2 2 2 2 2 2 2 2 2 2
left_child=-1 7 5 4 -4 -3 -7 9 -9 -2 -10
right_child=1 2 3 -5 -6 6 -8 8 10 -11 -12
leaf_value=-0.00063396413119145385 0.00019705534064503867 0.00051119754669944886 0.00041260319900225271 0.00077869941891938659 -0.00021671521119536079 0 -0.00021329189180015374 0 0.0006498168082770835 -0.00021919115951224679 0.00012425071586039848
leaf_weight=20 28 20 55 22 49 1120 312 20 48 28 21
leaf_count=20 28 20 55 22 49 1120 312 20 48 28 21
internal_value=2.13945e-07 1.04025e-05 -1.1513e-05 0.000249064 9.02971e-05 -3.66538e-05 -4.74487e-05 0.000264572 0.000433075 0 0.00054337
internal_weight=1743 1723 1578 126 104 1452 1432 145 89 56 69
internal_count=1743 1723 1578 126 104 1452 1432 145 89 56 69
is_linear=0
shrinkage=0.03


Tree=83
num_leaves=9
num_cat=0
split_feature=28 11 30 22 24 29 29 11
split_gain=0.0101189 0.0126848 0.0132448 0.0127146 0.0120776 0.0247498 0.0117079 0.00068169
threshold=-0.66524544842049826 -1.7600343746969662 -0.16727788267145138 -1.1378205056724753 -1.496690192052512 -0.47233775762679658 -0.30748751515281908 -0.28921582743017543
decision_type=2 2 2 2 2 2 2 2
left_child=7 2 -2 -3 5 -5 -6 -1
right_child=1 3 -4 4 6 -7 -8 -9
leaf_value=-0.00062020391281112101 0.00084672894633629095 -0.00061379171276930726 0 -0.00074661094499710345 0.0001037412578674686 4.3743437157133136e-05 -6.7309497734967298e-05 -8.3214128433610298e-05
leaf_weight=21 30 27 28 53 912 80 571 21
leaf_count=21 30 27 28 53 912 80 571 21
internal_value=3.27625e-07 1.37641e-05 0.000438684 -1.85699e-07 9.33174e-06 -0.000258673 3.58598e-05 -0.000441823
internal_weight=1743 1701 58 1643 1616 133 1483 42
internal_count=1743 1701 58 1643 1616 133 1483 42
is_linear=0
shrinkage=0.03


Tree=84
num_leaves=10
num_cat=0
split_feature=32 17 35 26 28 32 19 28 19
split_gain=0.0100819 0.0110631 0.00990811 0.00892463 0.0137824 0.0145869 0.00599362 0.00391413 0.00367185
threshold=-0.69743175539591185 -2.1384253774634883 -0.17248094985942117 -1.2346858156140024 -0.66524544842049826 -0.021802685075961226 -0.12327265863053256 -0.49933896955241391 -0.39604605351662364
decision_type=2 2 2 2 2 2 2 2 2
left_child=2 -2 -1 6 -5 -6 8 -8 -3
right_child=1 3 -4 4 5 -7 7 -9 -10
leaf_value=0.00066516512844536925 0.00055352489124052225 0.00019189896833031524 0 -0.00061722031368347083 -0.00013735340873083826 5.0951742457723557e-05 0.00062719701611037759 0.00010935408858533359 -0.00025819351312450386
leaf_weight=37 27 27 33 35 660 808 32 54 30
leaf_count=37 27 27 33 35 660 808 32 54 30
internal_value=8.42393e-08 -1.32282e-05 0.000346815 -2.53342e-05 -4.86041e-05 -3.17766e-05 0.000194669 0.000350394 0
internal_weight=1743 1673 70 1646 1503 1468 143 86 57
internal_count=1743 1673 70 1646 1503 1468 143 86 57
is_linear=0
shrinkage=0.03


Tree=85
num_leaves=13
num_cat=0
split_feature=11 35 28 35 11 21 19 23 23 34 26 29
split_gain=0.00986458 0.0145249 0.0188053 0.0132988 0.0184354 0.0216684 0.0143526 0.0143018 0.0146814 0.0125383 0.0127168 0.00976912
threshold=2.0950523087589086 -1.1064126634351614 -0.58286395990584239 1.0000000180025095e-35 0.75180506966380845 0.35354107769975618 -1.208327216375245 0.6478017881831426 -0.98410306683053983 -0.6811410574659561 0.21283563380401491 -0.37794811713110671
decision_type=2 2 2 2 2 2 2 2 2 2 2 2
left_child=1 2 -1 7 6 -6 -5 8 -3 -4 -11 -9
right_child=-2 3 9 4 5 -7 -8 11 -10 10 -12 -13
leaf_value=0.00099167661843821398 -0.00051164210443808273 2.9732681176652992e-05 -0.00032061340244537268 -0.00021160532867576441 -0.00037073161372713542 0.00019701429816101944 0.00013713894576282163 0.00048670105539311308 -0.000462142454299245 0.00069297263492335329 -0.00010724744480103254 -7.992495032922306e-05
leaf_weight=27 30 64 34 112 182 80 878 35 166 37 21 77
leaf_count=27 30 64 34 112 182 80 878 35 166 37 21 77
internal_value=2.23755e-07 1.18152e-05 0.000328136 -1.04932e-05 3.28698e-05 -0.000185786 9.41438e-05 -0.000176839 -0.000313777 7.66555e-05 0.000363032 7.9136e-05
internal_weight=1743 1713 119 1594 1252 262 990 342 230 92 58 112
internal_count=1743 1713 119 1594 1252 262 990 342 230 92 58 112
is_linear=0
shrinkage=0.03


Tree=86
num_leaves=12
num_cat=0
split_feature=22 14 14 35 35 17 34 28 30 29 34
split_gain=0.00975325 0.0108087 0.0123202 0.0159832 0.00997807 0.0252774 0.0217618 0.0236485 0.0189665 0.00637758 0.00268517
threshold=-1.2024711509391659 -0.96110037907246137 -1.2101774673468362 0.12553737726398576 0.15637920180841974 1.6168137936366593 1.4340637679736503 0.38208442462037001 -0.032651642871713273 -0.22253036247226407 0.25135681104012358
decision_type=2 2 2 2 2 2 2 2 2 2 2
left_child=-1 2 3 -2 5 8 7 -6 -3 10 -4
right_child=1 4 9 -5 6 -7 -8 -9 -10 -11 -12
leaf_value=-0.00061163990214370878 -0.00067151763899108536 0.00015752888504646018 0.00019017308863584654 0.00032845963760437687 -0.00018399188801595774 -0.00071071966522599968 -0.00081553190990694253 0.00027021445278090967 -0.00013068411849861305 0 0.0007438863461400021
leaf_weight=20 23 707 34 26 380 35 35 135 276 26 46
leaf_count=20 23 707 34 26 380 35 35 135 276 26 46
internal_value=1.38244e-07 1.00284e-05 0.000247477 -9.48871e-05 -1.19619e-05 4.15057e-05 -0.000116039 -5.82612e-05 7.34124e-05 0.000431518 0.000560082
internal_weight=1743 1723 155 49 1568 1018 550 515 983 106 80
internal_count=1743 1723 155 49 1568 1018 550 515 983 106 80
is_linear=0
shrinkage=0.03


Tree=87
num_leaves=9
num_cat=0
split_feature=22 26 28 29 19 19 11 17
split_gain=0.00924642 0.0100168 0.0150243 0.0113052 0.0122777 0.00650072 0.00299418 0.00246009
threshold=-1.2024711509391659 -1.2346858156140024 -0.66524544842049826 -0.4954268916519084 -0.34269933209536785 -0.12327265863053256 -0.3091844153461954 -0.22547262043467267
decision_type=2 2 2 2 2 2 2 2
left_child=-1 5 -3 -4 -5 6 -2 -7
right_child=1 2 3 4 -6 7 -8 -9
leaf_value=-0.00059568410475596624 -0.00020929851054644642 -0.00060034337092503465 0.00056140029715243144 -0.0001154825503799018 5.8633930758868144e-05 0 0.00020760313547216354 0.00049368580524543565
leaf_weight=20 29 35 29 595 919 22 27 67
leaf_count=20 29 35 29 595 919 22 27 67
internal_value=0 9.64211e-06 -1.06555e-05 1.91897e-06 -7.90908e-06 0.000246545 0 0.000401718
internal_weight=1743 1723 1578 1543 1514 145 56 89
internal_count=1743 1723 1578 1543 1514 145 56 89
is_linear=0
shrinkage=0.03


Tree=88
num_leaves=16
num_cat=0
split_feature=11 35 35 11 21 24 28 35 29 34 20 34 33 21 12
split_gain=0.00922334 0.0127314 0.0131284 0.0124562 0.0181007 0.0147896 0.0122863 0.0115362 0.0181166 0.00968179 0.00969025 0.0072239 0.0122788 0.00638436 0.0015028
threshold=1.601888880530226 -1.1064126634351614 1.0000000180025095e-35 0.75180506966380845 0.35354107769975618 -1.496690192052512 -0.54937841702152368 -0.14601857702457113 -0.40720196249793666 -0.50208871701886026 0.36880265294030284 -1.3356924214829229 -1.0294445337216989 0.44345103436630912 1.472671220412874
decision_type=2 2 2 2 2 2 2 2 2 2 2 2 2 2 2
left_child=1 6 7 5 -5 -4 -1 8 -3 -8 -11 -2 -13 -9 -14
right_child=11 2 3 4 -6 -7 9 13 -10 10 -12 12 14 -15 -16
leaf_value=0.00089604402927216133 -0.00067014917991905197 0.00038621793644103621 -0.00024368680704348736 -0.00033551247361266986 0.00023328460200355039 0.00013160949184717161 -0.00037625058505522167 -0.00056357890111885349 -0.0002051547720973544 0.00072730255464557554 0 0.0004771921782875839 -0.00048995437177138464 0 -1.559989521448532e-05
leaf_weight=25 28 60 98 156 65 892 20 77 167 25 29 20 28 27 26
leaf_count=25 28 60 98 156 65 892 20 77 167 25 29 20 28 27 26
internal_value=0 1.90678e-05 -4.65513e-07 4.34061e-05 -0.000153943 9.08138e-05 0.000343792 -0.000168905 -3.28025e-05 9.06171e-05 0.000326865 -0.000270859 -6.05917e-05 -0.000428688 -0.000327035
internal_weight=1743 1641 1542 1211 221 990 99 331 227 74 54 102 74 104 54
internal_count=1743 1641 1542 1211 221 990 99 331 227 74 54 102 74 104 54
is_linear=0
shrinkage=0.03


Tree=89
num_leaves=11
num_cat=0
split_feature=11 29 22 14 14 35 19 33 34 29
split_gain=0.0090812 0.0144356 0.0108345 0.0110415 0.0113828 0.0149713 0.00851468 0.0161073 0.00735466 0.00600033
threshold=-1.8194364564417294 -0.47369645045565362 -1.1378205056724753 -0.96110037907246137 -1.2101774673468362 0.12553737726398576 -1.208327216375245 -0.1259276310809225 0.5757321465030345 -0.22253036247226407
decision_type=2 2 2 2 2 2 2 2 2 2
left_child=1 -1 -2 4 5 -4 8 -8 -5 -6
right_child=2 -3 3 6 9 -7 7 -9 -10 -11
leaf_value=0.00077007700376146063 -0.00056702517188574758 -8.4649001662101997e-05 -0.00064924747649078751 0 0.00053942549431483338 0.00031797062944929953 -9.9114453831938514e-05 0.00010822447516263557 -0.00043189577801249244 0
leaf_weight=32 28 24 23 78 80 26 712 635 79 26
leaf_count=32 28 24 23 78 80 26 712 635 79 26
internal_value=0 0.00036724 -1.13058e-05 0 0.000237657 -8.96017e-05 -2.59316e-05 0 -0.000232871 0.000414762
internal_weight=1743 56 1687 1659 155 49 1504 1347 157 106
internal_count=1743 56 1687 1659 155 49 1504 1347 157 106
is_linear=0
shrinkage=0.03


Tree=90
num_leaves=10
num_cat=0
split_feature=32 34 17 26 11 26 19 34 10
split_gain=0.00886184 0.011955 0.010074 0.00792397 0.0163011 0.0171097 0.0117642 0.0129108 0.00862839
threshold=-0.69743175539591185 -0.40688001306668442 -2.1384253774634883 -0.65871318560286019 1.8859695723334988 -0.36130945888468086 0.017643686642516653 -0.26437280293379423 0.61733972489899969
decision_type=2 2 2 2 2 2 2 2 2
left_child=1 -1 -2 6 5 -5 7 -4 -8
right_child=2 -3 3 4 -6 -7 8 -9 -10
leaf_value=-3.2527431232772543e-05 0.00052785106789669963 0.00066236760873081421 0.0001717401312595806 -0.00030367803910308046 -0.00071420211798644499 4.5525688448279403e-06 0.00046832021225525649 -0.00017332077051043955 0
leaf_weight=31 27 39 175 190 32 903 92 210 44
leaf_count=31 27 39 175 190 32 903 92 210 44
internal_value=0 0.000324843 -1.27511e-05 -2.43823e-05 -7.0463e-05 -4.69756e-05 6.92288e-05 -8.62779e-06 0.000306644
internal_weight=1743 70 1673 1646 1125 1093 521 385 136
internal_count=1743 70 1673 1646 1125 1093 521 385 136
is_linear=0
shrinkage=0.03


Tree=91
num_leaves=11
num_cat=0
split_feature=22 14 14 35 17 34 33 30 29 29
split_gain=0.00866325 0.00937283 0.010702 0.0090644 0.0230937 0.0202042 0.0221601 0.0176214 0.00340634 0.00186152
threshold=-1.2024711509391659 -0.96110037907246137 -1.2901151962205077 0.15637920180841974 1.6168137936366593 1.4340637679736503 -0.0045285135614879833 -0.032651642871713273 -0.22253036247226407 -0.44974499192027112
decision_type=2 2 2 2 2 2 2 2 2 2
left_child=-1 2 -2 4 7 6 -5 -3 9 -4
right_child=1 3 8 5 -6 -7 -8 -9 -10 -11
leaf_value=-0.00057692478402801182 -0.00022249606253594279 0.00015134093916936429 0.00013229831452367871 -0.00027581989673933595 -0.00067912034582849102 -0.00078463991939727409 0.00011437195262624298 -0.00012634972464862799 0 0.00056592287089006271
leaf_weight=20 28 707 38 230 35 35 285 276 28 61
leaf_count=20 28 707 38 230 35 35 285 276 28 61
internal_value=0 9.05596e-06 0.000230253 -1.12981e-05 3.95631e-05 -0.000110566 -5.46852e-05 7.01831e-05 0.000355979 0.000437679
internal_weight=1743 1723 155 1568 1018 550 515 983 127 99
internal_count=1743 1723 155 1568 1018 550 515 983 127 99
is_linear=0
shrinkage=0.03


Tree=92
num_leaves=11
num_cat=0
split_feature=11 29 22 14 14 35 24 29 21 29
split_gain=0.00842805 0.013596 0.0101648 0.00982321 0.0102204 0.0140874 0.00819866 0.02008 0.0109929 0.00544197
threshold=-1.8194364564417294 -0.47369645045565362 -1.1378205056724753 -0.96110037907246137 -1.2101774673468362 0.12553737726398576 -1.496690192052512 -0.47233775762679658 -0.010991565846970777 -0.22253036247226407
decision_type=2 2 2 2 2 2 2 2 2 2
left_child=1 -1 -2 4 5 -4 7 -5 -8 -6
right_child=2 -3 3 6 9 -7 8 -9 -10 -11
leaf_value=0.00074506330947125604 -0.00054944663328839643 -8.2135943333721818e-05 -0.0006282856527787562 -0.00069819697339294675 0.00051077282874485903 0.00030963145492594397 -7.4246516241260833e-05 2.3581018019964935e-05 9.734511164064486e-05 0
leaf_weight=32 28 24 23 51 80 26 807 76 570 26
leaf_count=32 28 24 23 51 80 26 807 76 570 26
internal_value=0 0.000353552 -1.11557e-05 0 0.000223926 -8.37714e-05 -2.46852e-05 -0.000252613 -9.86181e-07 0.000392078
internal_weight=1743 56 1687 1659 155 49 1504 127 1377 106
internal_count=1743 56 1687 1659 155 49 1504 127 1377 106
is_linear=0
shrinkage=0.03


Tree=93
num_leaves=14
num_cat=0
split_feature=28 10 28 29 34 35 23 11 29 20 28 29 4
split_gain=0.0083656 0.0101819 0.0133551 0.010829 0.0199659 0.0145169 0.0271284 0.0155115 0.0100101 0.00846102 0.00817677 0.00441637 0.000439579
threshold=-0.66182907497228138 -1.1445552412160882 -0.63271219627949882 2.4758403650908503 -0.6811410574659561 0.092257693743681798 0.61942083418290461 0.82173614869005374 -0.22669038045450426 1.2897913520489892 -0.57286249061640515 -0.31492577311892817 -0.23609244175107147
decision_type=2 2 2 2 2 2 2 2 2 2 2 2 2
left_child=8 2 -2 5 10 6 -3 -7 12 11 -5 -4 -1
right_child=1 3 9 4 -6 7 -8 -9 -10 -11 -12 -13 -14
leaf_value=-0.00016683593824004322 0.00087392540354854777 -0.00031621788217024932 7.4404105076812107e-05 0.0003193879592905028 0.00089663154115392403 0.00010822031693248216 0.00016064981358741479 -0.0001760419188792314 8.4436133174739509e-05 0.00052086737604044818 -0.00039848248740850854 -0.00035365022082502645 -0.00070948021923522315
leaf_weight=23 23 334 105 24 30 702 146 221 26 31 26 24 28
leaf_count=23 23 334 105 24 30 702 146 221 26 31 26 24 28
internal_value=0 1.54633e-05 0.000225369 -8.82258e-06 0.000321161 -3.04173e-05 -0.000164863 3.6568e-05 -0.000298537 9.93655e-05 0 0 -0.000543178
internal_weight=1743 1666 183 1483 80 1403 480 923 77 160 50 129 51
internal_count=1743 1666 183 1483 80 1403 480 923 77 160 50 129 51
is_linear=0
shrinkage=0.03


Tree=94
num_leaves=18
num_cat=0
split_feature=8 14 21 35 4 35 35 23 18 18 11 20 4 21 24 19 21
split_gain=0.00812977 0.0101278 0.00984197 0.00968515 0.0150135 0.00944087 0.0188104 0.0113226 0.00934761 0.00909557 0.00719756 0.0134274 0.00637825 0.00725023 0.00496754 0.00164558 0.00107048
threshold=1.0037365796357867 1.3075548035757005 1.3823059489877225 -1.266220605022611 0.78055730026961323 0.034112947075947773 0.13953001786669852 0.64070654968308316 0.032057646522276703 0.97912148693220302 0.73590548437698977 -0.90974636464587311 -0.021474586152169486 -0.33515640021436277 -0.57161483629350029 -0.059859880911701302 -0.021389194767981904
decision_type=2 2 2 2 2 2 2 2 2 2 2 2 2 2 2 2 2
left_child=2 9 3 4 8 7 -7 -5 -1 12 11 -4 15 -14 -3 -2 -11
right_child=1 14 10 5 -6 6 -8 -9 -10 16 -12 -13 13 -15 -16 -17 -18
leaf_value=0.00078567185745139238 1.2481211939302733e-05 -4.4589125267836631e-07 0.00081251965706821434 -0.00026907221372157438 -0.00028012047467753287 0.00018843895212199548 -7.5247528789882141e-05 8.2684248272033232e-05 0 0.00021571373832209601 -3.6763262218580786e-05 0 -6.6513992613181461e-05 -0.0007732373042672406 0.00052792221183240741 -0.00025255696150214551 0
leaf_weight=43 29 20 40 237 22 404 587 107 28 20 23 33 31 53 20 23 23
leaf_count=43 29 20 40 237 22 404 587 107 28 20 23 33 31 53 20 23 23
internal_value=0 -0.000168384 2.58752e-05 3.68066e-06 0.000296359 -1.50848e-05 2.94755e-05 -0.000151245 0.000519642 -0.000272051 0.0003156 0.000463162 -0.00039374 -0.000558193 0.000212371 -5.75833e-05 4.81867e-05
internal_weight=1743 219 1524 1428 93 1335 991 344 71 179 96 73 136 84 40 52 43
internal_count=1743 219 1524 1428 93 1335 991 344 71 179 96 73 136 84 40 52 43
is_linear=0
shrinkage=0.03


Tree=95
num_leaves=14
num_cat=0
split_feature=22 26 20 15 22 34 15 32 34 6 34 15 11
split_gain=0.00800333 0.0085274 0.00890097 0.0231598 0.0220408 0.0208111 0.0333733 0.0280679 0.0194066 0.00519275 0.00238014 0.00210774 0.000463937
threshold=-1.2024711509391659 -1.2346858156140024 0.37963781410628744 0.87014920444924904 1.866433655303618 -0.32228259739579762 -0.61055310369671134 -0.00070275303778574358 -0.1788527068491452 -0.34332569010096176 -1.3889900859456545 -1.1032727929480863 -0.3213629971959267
decision_type=2 2 2 2 2 2 2 2 2 2 2 2 2
left_child=-1 9 5 8 -5 6 -3 -7 -4 12 -11 -12 -2
right_child=1 2 3 4 -6 7 -8 -9 -10 10 11 -13 -14
leaf_value=-0.0005546629287342986 -0.00012829239459097154 0.00033819005212357655 7.0504063655382331e-05 0.00079301516021571471 -0.00025762920213863249 1.632656717340859e-05 -0.00031890510012983045 0.00045867149979136765 -0.00031797911324587825 0 0 0.00050162516791158569 3.001937141641974e-05
leaf_weight=20 21 88 160 43 22 499 261 179 326 20 20 62 22
leaf_count=20 21 88 160 43 22 499 261 179 326 20 20 62 22
internal_value=0 8.5787e-06 -1.00104e-05 -0.000108457 0.000397617 4.00568e-05 -0.000143226 0.000139022 -0.000184301 0.000227252 0.000342494 0.000412437 0
internal_weight=1743 1723 1578 551 65 1027 349 678 486 145 102 82 43
internal_count=1743 1723 1578 551 65 1027 349 678 486 145 102 82 43
is_linear=0
shrinkage=0.03


Tree=96
num_leaves=9
num_cat=0
split_feature=28 30 11 34 22 19 34 25
split_gain=0.00783504 0.00953605 0.00951418 0.0111946 0.00988231 0.00950584 0.00971118 0.00487922
threshold=-0.66182907497228138 -0.34763632882281653 -1.7600343746969662 0.017480040817907602 -1.1378205056724753 -1.208327216375245 -1.3356924214829229 -0.70680710952607295
decision_type=2 2 2 2 2 2 2 2
left_child=1 -1 3 -2 -4 7 -7 -6
right_child=2 -3 4 -5 5 6 -8 -9
leaf_value=8.3236891655893665e-05 0.00082429544428097351 -0.00052785410078811561 -0.00053805651845177638 0 -0.00035029676584914945 -0.00015281390237422394 7.1570344109406531e-05 0
leaf_weight=26 25 51 27 33 87 193 1222 79
leaf_count=26 25 51 27 33 87 193 1222 79
internal_value=0 -0.000288628 1.52282e-05 0.000383038 0 1.1485e-05 3.85911e-05 -0.000198402
internal_weight=1743 77 1666 58 1608 1581 1415 166
internal_count=1743 77 1666 58 1608 1581 1415 166
is_linear=0
shrinkage=0.03


Tree=97
num_leaves=18
num_cat=0
split_feature=24 29 20 29 34 26 34 29 32 16 31 22 17 32 20 30 13
split_gain=0.00774608 0.0194272 0.00981757 0.034734 0.0328839 0.0257954 0.0255675 0.0283382 0.0220979 0.021736 0.021436 0.0235906 0.00920554 0.00901059 0.00773199 0.00602227 0.00224548
threshold=-1.496690192052512 -0.47233775762679658 0.37963781410628744 -0.46591320384736584 -0.18392305144978086 0.078679475664399492 -0.32228259739579762 -0.48325810710849476 -0.25676491778473431 -0.58915556932623236 -0.17759597854410514 -1.1791886034476247 -0.11444442967571343 -0.049102388118523528 -0.37340588692963833 -0.15080530447412344 0.43164509991136996
decision_type=2 2 2 2 2 2 2 2 2 2 2 2 2 2 2 2 2
left_child=1 15 6 12 5 -5 7 -2 -6 -9 14 -12 -4 16 -8 -1 -3
right_child=2 13 3 4 8 -7 10 9 -10 -11 11 -13 -14 -15 -16 -17 -18
leaf_value=-8.3798821084201335e-05 -0.00095752076296643765 0 1.5700529775183109e-05 0.00032092035245203244 -3.7777641003145312e-05 -0.00047526251624027888 0.00075769179663246692 0.00046771576177949707 -0.0005345296402692397 -0.00015070082631896131 -0.00071955111318893611 0.00014175682691471486 0.00078576283666622281 0.00045331602817667383 0.00026593744910080982 -0.00088151748334309326 -0.00035289326957046378
leaf_weight=24 30 25 32 162 156 42 67 60 203 258 27 415 44 32 109 34 23
leaf_count=24 30 25 32 162 156 42 67 60 203 258 27 415 44 32 109 34 23
internal_value=0 -0.000211991 1.98706e-05 -6.86516e-05 -0.00015469 0.000137995 8.15544e-05 -0.000118134 -0.00032906 -2.1392e-05 0.000198859 7.79052e-05 0.00051241 6.00961e-05 0.00047946 -0.000620963 -0.000154472
internal_weight=1743 138 1605 639 563 204 966 348 359 318 618 442 76 80 176 58 48
internal_count=1743 138 1605 639 563 204 966 348 359 318 618 442 76 80 176 58 48
is_linear=0
shrinkage=0.03


Tree=98
num_leaves=20
num_cat=0
split_feature=8 14 15 29 21 35 35 35 23 21 28 22 11 5 33 17 23 24 24
split_gain=0.00767391 0.00913566 0.0102297 0.0198669 0.00891142 0.00899232 0.0115626 0.0150635 0.0120178 0.011269 0.0184056 0.0069371 0.0228161 0.00836472 0.00596185 0.00595521 0.00552884 0.00440795 0.00261583
threshold=1.0037365796357867 1.3075548035757005 0.062858663551228419 -0.39784365972393126 1.3823059489877225 -0.8090314928860457 1.0000000180025095e-35 0.13953001786669852 0.6478017881831426 0.40614145477795244 -0.56664339381718254 -0.25274589617537885 0.30311809793382682 -0.070804246608934682 0.35819093471528107 0.57100989472450381 0.034063657927996656 -0.57161483629350029 -0.7627970764836961
decision_type=2 2 2 2 2 2 2 2 2 2 2 2 2 2 2 2 2 2 2
left_child=4 2 14 -4 5 9 8 -8 -7 10 -1 12 -6 -13 16 -11 -2 -3 -5
right_child=1 17 3 18 11 6 7 -9 -10 15 -12 13 -14 -15 -16 -17 -18 -19 -20
leaf_value=0.0011332243289126872 -7.5603195654347217e-05 0 -0.0010334813930345948 0.00015264370703421855 0.0012464466485721261 -0.00033026997170350597 0.00015859308495891052 -7.1420558643235286e-05 8.0945037983509382e-05 0.00012389860828856895 0.0001049924638426791 0.00042123908607289199 0 -0.00033841636378525032 -0.00039211213122689514 -0.00047183007287347447 0.00040493065438886332 0.00049390458443161582 -0.00026467192286285212
leaf_weight=23 44 20 34 20 20 185 441 587 80 30 62 22 30 24 29 20 29 20 23
leaf_count=23 44 20 34 20 20 185 441 587 80 30 62 22 30 24 29 20 29 20 23
internal_value=0 -0.000163721 -0.000262377 -0.000520118 2.50201e-05 3.7944e-06 -1.85919e-05 2.45172e-05 -0.000195419 0.000235688 0.000446458 0.000300766 0.000535512 0 -2.99348e-05 -7.10083e-05 8.42688e-05 0.000195502 -8.05793e-06
internal_weight=1743 219 179 77 1524 1428 1293 1028 265 135 85 96 50 46 102 50 73 40 43
internal_count=1743 219 179 77 1524 1428 1293 1028 265 135 85 96 50 46 102 50 73 40 43
is_linear=0
shrinkage=0.03


Tree=99
num_leaves=17
num_cat=0
split_feature=11 25 35 34 13 35 28 35 34 23 30 34 30 34 34 12
split_gain=0.00744137 0.0102377 0.00885476 0.0130593 0.0129512 0.00709039 0.0108881 0.00936828 0.0176666 0.00721745 0.00662572 0.00656813 0.00924641 0.00552038 0.00493843 0.00116925
threshold=1.601888880530226 0.83371018211429548 0.12700576049198942 -0.46770303030089738 0.73942241252469432 -0.8090314928860457 -0.60264141097995572 -0.030470143814066247 1.2731510438243097 0.6478017881831426 -0.27232276335788524 -1.3356924214829229 -0.59747679455848279 -0.50208871701886026 1.1360355774003865 1.472671220412874
decision_type=2 2 2 2 2 2 2 2 2 2 2 2 2 2 2 2
left_child=1 5 10 -4 -5 6 -1 9 -9 -7 -3 -2 -13 -8 -12 -14
right_child=11 2 3 4 -6 7 13 8 -10 -11 14 12 15 -15 -16 -17
leaf_value=0.00074647110345813417 -0.00062228874894489929 0.00043824836581014094 -0.00011239122728763434 0.00097621412588549505 0.00011384985435870475 -0.00030824134036229223 -0.00029054073746926311 3.4818643190849869e-05 -0.00051161694366185526 1.2256772989961683e-05 -0.00028755060401824067 0.00041813610300786151 -0.00042792322367895391 0.00020373074828120347 0.00017061834644526244 -2.4437016167212222e-06
leaf_weight=24 28 22 23 39 41 167 26 1037 53 73 56 20 27 58 22 27
leaf_count=24 28 22 23 39 41 167 26 1037 53 73 56 20 27 58 22 27
internal_value=0 1.67837e-05 0.000215264 0.000406493 0.000590487 -9.54341e-06 0.000217627 -3.06892e-05 4.17277e-06 -0.000199463 0 -0.000243665 -4.27776e-05 1.1516e-05 -0.000119753 -0.00027914
internal_weight=1743 1641 203 103 80 1438 108 1330 1090 240 100 102 74 84 78 54
internal_count=1743 1641 203 103 80 1438 108 1330 1090 240 100 102 74 84 78 54
is_linear=0
shrinkage=0.03


Tree=100
num_leaves=13
num_cat=0
split_feature=22 24 29 28 29 11 13 29 32 28 21 4
split_gain=0.00728252 0.00785749 0.0186413 0.0087479 0.012794 0.0254567 0.0175738 0.0085524 0.00838399 0.0055973 0.00263405 0.000313695
threshold=-1.2024711509391659 -1.496690192052512 -0.47233775762679658 -0.66182907497228138 -0.30748751515281908 0.54569881626432037 -0.24001436490858905 -0.22669038045450426 -0.049102388118523528 -0.59137928370207271 0.25934983324920086 -0.23609244175107147
decision_type=2 2 2 2 2 2 2 2 2 2 2 2
left_child=-1 2 9 7 5 -5 -6 11 10 -2 -4 -3
right_child=1 3 8 4 6 -7 -8 -9 -10 -11 -12 -13
leaf_value=-0.00052900860867584527 -8.091816210394931e-05 -0.00014284934545867142 0 0.00020564603379043015 -0.00029973694934364627 -0.00014670798653193236 4.980052737896792e-05 7.6098176526258985e-05 0.00044148961861750909 -0.00085700708357743102 -0.00033736906850244852 -0.0006519717543400944
leaf_weight=20 24 23 21 714 188 236 370 26 32 34 27 28
leaf_count=20 24 23 21 714 188 236 370 26 32 34 27 28
internal_value=0 8.25846e-06 -0.000203818 2.89625e-05 4.67974e-05 0.00011478 -6.35903e-05 -0.00027148 6.21166e-05 -0.000604821 -0.000143068 -0.000498615
internal_weight=1743 1723 138 1585 1508 950 558 77 80 58 48 51
internal_count=1743 1723 138 1585 1508 950 558 77 80 58 48 51
is_linear=0
shrinkage=0.03


Tree=101
num_leaves=13
num_cat=0
split_feature=11 35 28 34 26 35 11 31 24 15 23 23
split_gain=0.00712029 0.010426 0.015207 0.0101838 0.0109716 0.00907731 0.0136749 0.0128561 0.0117563 0.00934942 0.0131268 0.00991801
threshold=2.0950523087589086 -1.1064126634351614 -0.58286395990584239 -0.6811410574659561 0.21283563380401491 1.0000000180025095e-35 0.75180506966380845 -0.22486608110829262 -1.496690192052512 0.69688779674716439 -0.99119830533059938 0.034063657927996656
decision_type=2 2 2 2 2 2 2 2 2 2 2 2
left_child=1 2 -1 -4 -5 9 8 -8 -7 10 -3 -11
right_child=-2 5 3 4 -6 6 7 -9 -10 11 -12 -13
leaf_value=0.00087270374390063809 -0.00043556316552514381 0.00031674640391278881 -0.00030640463220156934 0.00062159044846775934 -0.00011911560778389683 -0.00021803913852845385 0.00027873465321450071 -0.00025952120061817493 0.00011582985357581797 -0.00016237598351542649 -0.00032215329041393085 0.00043288791088853031
leaf_weight=27 30 26 34 37 21 98 41 221 892 46 228 42
leaf_count=27 30 26 34 37 21 98 41 221 892 46 228 42
internal_value=0 9.27628e-06 0.000277451 4.91355e-05 0.000311555 -9.34934e-06 2.61174e-05 -0.000161768 7.92002e-05 -0.00014698 -0.000242147 9.36652e-05
internal_weight=1743 1713 119 92 58 1594 1252 262 990 342 254 88
internal_count=1743 1713 119 92 58 1594 1252 262 990 342 254 88
is_linear=0
shrinkage=0.03


Tree=102
num_leaves=10
num_cat=0
split_feature=32 34 17 26 15 34 11 26 34
split_gain=0.00704651 0.0101664 0.00779938 0.00659993 0.0139869 0.0152198 0.0134341 0.0147477 0.00981747
threshold=-0.69743175539591185 -0.40688001306668442 -2.1384253774634883 -0.65871318560286019 -0.8319764753624378 1.2147357421005729 1.8859695723334988 -0.36130945888468086 1.111889019442333
decision_type=2 2 2 2 2 2 2 2 2
left_child=1 -1 -2 4 8 -6 7 -5 -4
right_child=2 -3 3 6 5 -7 -8 -9 -10
leaf_value=-3.418477092568269e-05 0.00046331810553092514 0.00060201508831232784 -0.00025294743692837749 -0.00028112525509543253 0.00025469759308554467 -0.00033160491747133035 -0.0006493341810801731 4.8767620703664759e-06 0.00030471273218732206
leaf_weight=31 27 39 148 190 306 39 32 903 28
leaf_count=31 27 39 148 190 306 39 32 903 28
internal_value=0 0.000289347 -1.17189e-05 -2.21591e-05 6.30252e-05 0.000177512 -6.43311e-05 -4.27362e-05 -0.000143849
internal_weight=1743 70 1673 1646 521 345 1125 1093 176
internal_count=1743 70 1673 1646 521 345 1125 1093 176
is_linear=0
shrinkage=0.03


Tree=103
num_leaves=12
num_cat=0
split_feature=22 14 14 9 34 31 25 35 28 11 9
split_gain=0.0069105 0.00781637 0.00900971 0.00740225 0.0115696 0.0143581 0.0110434 0.00918681 0.00182024 0.00174698 0.00115136
threshold=-1.2024711509391659 -0.96110037907246137 -1.2570064012710811 0.6502939034766374 -1.3889900859456545 -0.22366112884806277 1.8425678808917672 0.15637920180841974 -0.60264141097995572 0.37276027116573957 0.89944876843326571
decision_type=2 2 2 2 2 2 2 2 2 2 2
left_child=-1 2 -2 6 10 -6 7 -3 -4 -10 -5
right_child=1 3 8 4 5 -7 -8 -9 9 -11 -12
leaf_value=-0.00051570451972277271 -0.00014916321269303902 6.3544661656573538e-05 0 -0.00011640389918371194 0.00023616427805444055 -0.00019470154726534221 0.0005073142297986168 -0.00011526241215444573 0.00049914937116124697 8.037383434192805e-05 -0.00071953991582267914
leaf_weight=20 35 794 20 20 96 213 38 378 66 34 29
leaf_count=20 35 794 20 20 96 213 38 378 66 34 29
internal_value=0 7.70889e-06 0.000209832 -1.07243e-05 -0.000131241 -5.02413e-05 2.26958e-05 3.17457e-06 0.000340013 0.00039238 -0.000551972
internal_weight=1743 1723 155 1568 358 309 1210 1172 120 100 49
internal_count=1743 1723 155 1568 358 309 1210 1172 120 100 49
is_linear=0
shrinkage=0.03


Tree=104
num_leaves=9
num_cat=0
split_feature=28 11 34 22 14 14 9 15
split_gain=0.00668156 0.00857916 0.00983085 0.00832947 0.00750053 0.00858033 0.00712162 0.00091419
threshold=-0.66524544842049826 -1.7600343746969662 0.017480040817907602 -1.1378205056724753 -0.96110037907246137 -1.2570064012710811 0.6502939034766374 0.13005990810417034
decision_type=2 2 2 2 2 2 2 2
left_child=7 2 -2 -3 5 -5 -6 -1
right_child=1 3 -4 4 6 -7 -8 -9
leaf_value=-1.3308020445275234e-05 0.00077339299748252542 -0.00049765289469214623 0 -0.0001450415913714096 2.1524645832578537e-05 0.00033131130218006123 -0.00013348180723948833 -0.00051583046430721876
leaf_weight=20 25 27 33 35 1120 120 341 22
leaf_count=20 25 27 33 35 1120 120 341 22
internal_value=0 1.02799e-05 0.000359874 -8.72079e-07 6.48187e-06 0.000204049 -1.28043e-05 -0.000360041
internal_weight=1743 1701 58 1643 1616 155 1461 42
internal_count=1743 1701 58 1643 1616 155 1461 42
is_linear=0
shrinkage=0.03


Tree=105
num_leaves=10
num_cat=0
split_feature=22 26 28 29 21 19 15 19 15
split_gain=0.00648742 0.00700577 0.0110976 0.00869631 0.00891288 0.00473171 0.00309093 0.00257838 0.00156302
threshold=-1.2024711509391659 -1.2346858156140024 -0.66524544842049826 -0.4954268916519084 0.99024994188718973 -0.12327265863053256 -0.58857349995172548 -0.39604605351662364 -1.1234653596821103
decision_type=2 2 2 2 2 2 2 2 2
left_child=-1 5 -3 -4 -5 7 8 -2 -7
right_child=1 2 3 4 -6 6 -8 -9 -10
leaf_value=-0.0004998655385621216 0.00018231778945999161 -0.00051619234112379334 0.00049210154232787314 -3.9305605415102535e-05 0.00016500565690206971 1.5085492725357526e-05 0 -0.00020400119563865083 0.00053686439719561295
leaf_weight=20 28 35 29 1293 221 20 21 28 48
leaf_count=20 28 35 29 1293 221 20 21 28 48
internal_value=0 7.29159e-06 -9.3908e-06 1.14389e-06 -7.23718e-06 0.000205623 0.000338091 0 0.000432775
internal_weight=1743 1723 1578 1543 1514 145 89 56 68
internal_count=1743 1723 1578 1543 1514 145 89 56 68
is_linear=0
shrinkage=0.03


Tree=106
num_leaves=15
num_cat=0
split_feature=32 34 32 20 34 30 29 24 34 22 24 21 29 18
split_gain=0.00640544 0.00939179 0.00758223 0.0163759 0.0297513 0.0392571 0.0200512 0.0185129 0.0146811 0.0129239 0.0118823 0.014941 0.0122459 0.00605556
threshold=-0.69743175539591185 -0.40688001306668442 -0.021802685075961226 -0.12961476069498604 -0.1788527068491452 -0.20145248724881062 -0.3701917346881422 0.27945449100479081 -0.2768464471143634 -1.1791886034476247 -1.496690192052512 0.091762603413375957 -0.46959954594657843 0.34209470664093317
decision_type=2 2 2 2 2 2 2 2 2 2 2 2 2 2
left_child=1 -1 9 4 5 -4 -6 13 -9 -2 12 -12 -11 -5
right_child=2 -3 3 7 6 -7 -8 8 -10 10 11 -13 -14 -15
leaf_value=-3.2113921056460474e-05 -0.00078009452887999942 0.00057668909104540941 0.00025615125155456579 -0.00044126858557010562 0.00024561440071165403 -0.00053915622944843426 0.0010419045249582268 0.00020902670966500454 -0.00015719944675836493 -0.0008155598661675564 -0.00011987097050984378 0.00018306475403052864 -3.495357943506076e-05 0
leaf_weight=31 21 39 155 117 116 83 45 220 167 33 400 226 55 35
leaf_count=31 21 39 155 117 116 83 45 220 167 33 400 226 55 35
internal_value=0 0.000275741 -1.13127e-05 4.30773e-05 0.00018991 -1.20147e-05 0.000501461 -6.05318e-05 4.33053e-05 -8.46828e-05 -5.6867e-05 -5.38342e-06 -0.000377884 -0.000339982
internal_weight=1743 70 1673 938 399 238 161 539 387 735 714 626 88 152
internal_count=1743 70 1673 938 399 238 161 539 387 735 714 626 88 152
is_linear=0
shrinkage=0.03


Tree=107
num_leaves=17
num_cat=0
split_feature=8 25 11 14 15 32 26 26 14 16 15 35 34 25 19 14
split_gain=0.00643833 0.0100474 0.01042 0.00823227 0.00976398 0.00938657 0.00689468 0.0112474 0.0109868 0.0118503 0.00855265 0.00788818 0.00777761 0.00657435 0.00416522 0.00201782
threshold=1.0037365796357867 1.7974363070382788 0.31562719927741562 1.3075548035757005 0.062858663551228419 0.078825343029965175 -0.65871318560286019 -0.38092751259094654 -0.39349329590993515 -1.1099550891387497 -0.3931732633099419 0.13995674216956075 -0.25578607781893936 0.3865939541803966 0.52091580192225184 -0.03020010510000342
decision_type=2 2 2 2 2 2 2 2 2 2 2 2 2 2 2 2
left_child=1 6 -3 4 13 -6 8 12 9 -1 -9 -10 -8 15 -5 -2
right_child=3 2 -4 14 5 -7 7 10 11 -11 -12 -13 -14 -15 -16 -17
leaf_value=-0.00036739475402551206 -0.00028957570910785894 0.00089324658631812772 0 0 -0.00075721853275840362 0 0 0.00020553078519078551 0.00051186810591735124 8.4808887159779401e-05 -3.8609099955046338e-05 5.6835457772737543e-05 -0.00042638232394957035 0.0003097794234927278 0.00047945249954279027 0
leaf_weight=62 53 21 32 20 46 31 78 157 79 260 646 90 99 29 20 20
leaf_count=62 53 21 32 20 46 31 78 157 79 260 646 90 99 29 20 20
internal_value=0 2.24746e-05 0.000417718 -0.000150423 -0.000244655 -0.000495577 5.37753e-06 -3.84094e-05 9.85485e-05 0 5.9896e-06 0.000292203 -0.000253245 -1.79154e-05 0.000189148 -0.000194659
internal_weight=1743 1524 53 219 179 77 1471 980 491 322 803 169 177 102 40 73
internal_count=1743 1524 53 219 179 77 1471 980 491 322 803 169 177 102 40 73
is_linear=0
shrinkage=0.03


Tree=108
num_leaves=13
num_cat=0
split_feature=11 35 35 11 21 24 29 11 35 0 26 34
split_gain=0.00619852 0.00895808 0.00880845 0.0123661 0.0153636 0.0105779 0.00896193 0.0120028 0.0100416 0.00690354 0.00330193 0.000732868
threshold=2.0950523087589086 -1.1064126634351614 1.0000000180025095e-35 0.75180506966380845 0.35354107769975618 -1.496690192052512 -0.42059955583531022 0.76791439066944844 -0.13873843784841708 -0.38172547220680403 0.65509966583614154 -0.6811410574659561
decision_type=2 2 2 2 2 2 2 2 2 2 2 2
left_child=1 9 6 5 -5 -4 8 -8 -3 -1 11 -11
right_child=-2 2 3 4 -6 -7 7 -9 -10 10 -12 -13
leaf_value=-1.6982864834762246e-05 -0.0004066600486297499 0.00036120006801119368 -0.0002045351567339281 -0.00030901361083511254 0.00016657574013077532 0.00011158509452854264 -0.00035799649601682811 9.4721540414344612e-05 -0.00023129062184930912 0.00017180420613787588 0 0.00066846984384679473
leaf_weight=36 30 54 98 182 80 892 191 58 39 28 20 35
leaf_count=36 30 54 98 182 80 892 191 58 39 28 20 35
internal_value=0 8.41018e-06 -8.72275e-06 2.61903e-05 -0.000152233 7.67478e-05 -0.000144345 -0.000240767 8.20229e-05 0.000257066 0.000407261 0.000511027
internal_weight=1743 1713 1594 1252 262 990 342 249 93 119 83 63
internal_count=1743 1713 1594 1252 262 990 342 249 93 119 83 63
is_linear=0
shrinkage=0.03


Tree=109
num_leaves=11
num_cat=0
split_feature=11 29 22 14 35 35 33 22 22 29
split_gain=0.00599075 0.0103807 0.00684452 0.00741954 0.00799388 0.0119118 0.00767731 0.0201138 0.0192964 0.00233272
threshold=-1.8194364564417294 -0.47369645045565362 -1.1378205056724753 -0.96110037907246137 0.084512466623249419 -0.25491281571093077 -0.1259276310809225 1.734507881180229 1.755945494662954 -0.47199878087482611
decision_type=2 2 2 2 2 2 2 2 2 2
left_child=1 -1 -2 4 5 -4 7 -5 -8 -6
right_child=2 -3 3 6 9 -7 8 -9 -10 -11
leaf_value=0.00064224866798114294 -0.00045159064880722472 -7.0848726761242776e-05 0.00030141408717388227 -0.00015088643826210736 0 -0.00054494636954041198 9.6244125762630408e-05 0.00032956600965020657 -0.00039504640437132101 0.00041779144590809873
leaf_weight=32 28 24 26 658 21 25 687 83 76 83
leaf_count=32 28 24 26 658 21 25 687 83 76 83
internal_value=0 0.000297725 -9.78749e-06 0 0.000194 -6.51387e-05 -2.20262e-05 -9.19264e-05 4.20363e-05 0.000347378
internal_weight=1743 56 1687 1659 155 51 1504 741 763 104
internal_count=1743 56 1687 1659 155 51 1504 741 763 104
is_linear=0
shrinkage=0.03


Tree=110
num_leaves=15
num_cat=0
split_feature=8 25 11 32 34 11 22 26 28 28 19 11 17 22
split_gain=0.00592081 0.00934545 0.00993725 0.00706727 0.0116277 0.00948466 0.0123868 0.00636302 0.0083641 0.00972924 0.00368793 0.00284018 0.00199127 0.00178373
threshold=1.0037365796357867 1.7974363070382788 0.31562719927741562 -0.069389411630969511 -1.3889900859456545 -0.16003201336959891 -0.35377552189760481 -1.2346858156140024 -0.66524544842049826 -0.61129496285408347 -0.12327265863053256 -0.3091844153461954 -0.22547262043467267 0.1287396838729695
decision_type=2 2 2 2 2 2 2 2 2 2 2 2 2 2
left_child=1 7 -3 13 -5 -6 -7 10 -9 -10 11 -1 -12 -2
right_child=3 2 -4 4 5 6 -8 8 9 -11 12 -13 -14 -15
leaf_value=-0.00018533279904750088 -0.00052780684321769513 0.00086678723758086562 0 -0.00060415381239503261 -0.00032959178084274757 -1.3196266290394521e-05 0.00059832867459044792 -0.00049189578750520016 0.00013861491161534551 -4.8651103080162413e-05 0 0.00023230068792084541 0.00042152483511308675 -3.3961049075255031e-05
leaf_weight=29 42 21 32 23 29 55 45 29 332 977 23 24 57 25
leaf_count=29 42 21 32 23 29 55 45 29 332 977 23 24 57 25
internal_value=0 2.16436e-05 0.000402851 -0.000144157 -8.3906e-06 8.64201e-05 0.000242276 5.08151e-06 -1.26642e-05 0 0.000202007 0 0.000326885 -0.000395746
internal_weight=1743 1524 53 219 152 129 100 1471 1338 1309 133 53 80 67
internal_count=1743 1524 53 219 152 129 100 1471 1338 1309 133 53 80 67
is_linear=0
shrinkage=0.03


Tree=111
num_leaves=12
num_cat=0
split_feature=22 14 14 9 34 31 25 35 29 8 9
split_gain=0.00583649 0.00619171 0.00764591 0.00638956 0.0105508 0.0126615 0.00877692 0.00786238 0.00404155 0.00193879 0.000850468
threshold=-1.2024711509391659 -0.96110037907246137 -1.2570064012710811 0.6502939034766374 -1.3889900859456545 -0.22366112884806277 1.8425678808917672 0.15637920180841974 -0.22253036247226407 0.3108319767413637 0.89944876843326571
decision_type=2 2 2 2 2 2 2 2 2 2 2
left_child=-1 2 -2 6 10 -6 7 -3 9 -4 -5
right_child=1 3 8 4 5 -7 -8 -9 -10 -11 -12
leaf_value=-0.00047423515825167944 -0.00014033838170335482 5.983368212341022e-05 0.0001965574137866497 -0.00010843881762222103 0.00022455313196405769 -0.00018003527396791063 0.00045380963323206255 -0.00010549249906538834 0 0.00063673141691833739 -0.00067824236096930687
leaf_weight=20 35 794 60 20 96 213 38 378 27 33 29
leaf_count=20 35 794 60 20 96 213 38 378 27 33 29
internal_value=0 6.81517e-06 0.000186814 -9.39129e-06 -0.000121481 -4.3772e-05 2.15177e-05 3.82536e-06 0.00030772 0.000399015 -0.000523036
internal_weight=1743 1723 155 1568 358 309 1210 1172 120 93 49
internal_count=1743 1723 155 1568 358 309 1210 1172 120 93 49
is_linear=0
shrinkage=0.03


Tree=112
num_leaves=14
num_cat=0
split_feature=11 30 34 20 29 34 29 11 34 34 34 33 9
split_gain=0.00571487 0.00794142 0.00963401 0.00694217 0.0326168 0.0222726 0.01522 0.0339517 0.0229513 0.00544762 0.00542914 0.0089918 0.00110284
threshold=1.601888880530226 -1.8967919543871967 -0.64697693224445385 0.37963781410628744 -0.45431641013668306 -0.78274087958840532 -0.45542638039362876 -0.97070302729664981 -0.46770303030089738 -0.022077672350949859 -1.3356924214829229 -1.0294445337216989 1.4474585913115821
decision_type=2 2 2 2 2 2 2 2 2 2 2 2 2
left_child=1 2 -1 6 9 -6 7 -3 -8 -5 -2 -12 -13
right_child=10 3 -4 4 5 -7 8 -9 -10 -11 11 12 -14
leaf_value=0 -0.00055762245151357004 0.00035089609853623962 0.00068910346227451505 0 0.00011140194195578136 -0.00032717382461774192 -0.00012563502722943355 -0.00027696223053072055 0.00026438232363049487 0.00045991892405773357 0.00042709762784247488 -0.00037090706316909443 0
leaf_weight=37 28 102 31 20 136 337 184 273 429 92 20 33 21
leaf_count=37 28 102 31 20 136 337 184 273 429 92 20 33 21
internal_value=0 1.41137e-05 0.000324466 0 -8.15579e-05 -0.000194862 4.8559e-05 -9.68187e-05 0.000142402 0.000363462 -0.000214163 -2.85818e-05 -0.00026358
internal_weight=1743 1641 68 1573 585 473 988 375 613 112 102 74 54
internal_count=1743 1641 68 1573 585 473 988 375 613 112 102 74 54
is_linear=0
shrinkage=0.03


Tree=113
num_leaves=14
num_cat=0
split_feature=22 24 29 32 29 11 33 10 21 21 26 28 21
split_gain=0.00571991 0.00606208 0.0167209 0.00743522 0.0069247 0.0240827 0.0183439 0.0157902 0.0129154 0.0115933 0.010571 0.00488694 0.00231502
threshold=-1.2024711509391659 -1.496690192052512 -0.47233775762679658 -0.049102388118523528 -0.30748751515281908 0.82173614869005374 -0.1259276310809225 -0.25877378842757481 -0.73761015305759037 0.35354107769975618 -0.65871318560286019 -0.59137928370207271 0.25934983324920086
decision_type=2 2 2 2 2 2 2 2 2 2 2 2 2
left_child=-1 2 11 12 5 6 -3 8 -6 -7 -9 -2 -4
right_child=1 4 3 -5 7 9 -8 10 -10 -11 -12 -13 -14
leaf_value=-0.00046955063890503804 -6.4228383358567949e-05 -1.4533075561710824e-05 4.7307403001468564e-06 0.00042738049242512459 4.9046212943751727e-05 -0.00039959986705589105 0.00026417961752722252 0.00025564591914571043 -0.00044272862951006065 9.5982485450529659e-05 -5.850225791963704e-05 -0.00079611431733025485 -0.00030559935393685008
leaf_weight=20 24 345 21 32 58 122 479 143 132 50 256 34 27
leaf_count=20 24 345 21 32 58 122 479 143 132 50 256 34 27
internal_value=0 6.67631e-06 -0.000179337 7.1131e-05 2.50692e-05 7.44886e-05 0.000144229 -5.33857e-05 -0.000278635 -0.000239217 4.76921e-05 -0.000560498 -0.000118715
internal_weight=1743 1723 138 80 1585 996 824 589 190 172 399 58 48
internal_count=1743 1723 138 80 1585 996 824 589 190 172 399 58 48
is_linear=0
shrinkage=0.03


Tree=114
num_leaves=14
num_cat=0
split_feature=12 14 14 15 25 32 28 29 24 25 29 32 4
split_gain=0.00546621 0.00839221 0.00950562 0.00890525 0.00749942 0.00755582 0.00662124 0.00711561 0.00688236 0.00543148 0.00465386 0.00276156 0.000297146
threshold=1.0336327037657009 1.3075548035757005 2.4673732316049248 0.062858663551228419 1.7974363070382788 0.0072633298199088854 -0.66571214723975969 -0.4954268916519084 0.95167591618967295 0.3865939541803966 -0.37248930127473517 -0.096322472894019642 0.33477435369531877
decision_type=2 2 2 2 2 2 2 2 2 2 2 2 2
left_child=4 3 -3 9 6 -6 -1 -8 -9 11 -5 -2 -12
right_child=1 2 -4 10 5 -7 7 8 -10 -11 12 -13 -14
leaf_value=-0.00041803936409996821 0 0.00065989676490426058 -0.00012989796695183031 -0.00090702324593439694 0 0.00071135589754807633 0.00046040165988961234 -2.2720681973807317e-05 0.00015527155683914252 0.00024040818217410041 0 -0.00031306653025737769 -0.00030610978546946382
leaf_weight=29 34 20 21 21 31 25 29 1172 230 32 22 54 23
leaf_count=29 34 20 21 21 31 25 29 1172 230 32 22 54 23
internal_value=0 -0.000136072 0.000205911 -0.0002294 2.08608e-05 0.000353398 5.35685e-06 1.68859e-05 4.61315e-06 -4.3779e-05 -0.000506837 -0.000184605 -0.000212566
internal_weight=1743 227 41 186 1516 56 1460 1431 1402 120 66 88 45
internal_count=1743 227 41 186 1516 56 1460 1431 1402 120 66 88 45
is_linear=0
shrinkage=0.03


Tree=115
num_leaves=14
num_cat=0
split_feature=22 24 29 20 29 34 34 33 33 17 32 28 35
split_gain=0.00537865 0.00569424 0.0159938 0.00928742 0.0281192 0.0275403 0.0258059 0.0330862 0.0163419 0.00799007 0.00703324 0.00444467 0.00156544
threshold=-1.2024711509391659 -1.496690192052512 -0.47233775762679658 0.37963781410628744 -0.46591320384736584 -0.18392305144978086 -0.20637528936045876 -0.14943911602153068 -0.18899836550331037 -0.11444442967571343 -0.049102388118523528 -0.59137928370207271 0.28644363542063978
decision_type=2 2 2 2 2 2 2 2 2 2 2 2 2
left_child=-1 2 11 6 9 -6 7 -3 -8 -5 12 -2 -4
right_child=1 3 10 4 5 -7 8 -9 -10 -11 -12 -13 -14
leaf_value=-0.00045557265647727511 -6.4684800687246017e-05 -0.00014470506992898929 0 0 0.00012783448309262207 -0.00029903890365238323 0.0007463728481800192 0.00091170747028081678 0.00016544728456408344 0.00071382874041855168 0.00041710024704225363 -0.00077354103589203911 -0.00025778674895709922
leaf_weight=20 24 426 20 32 204 359 51 25 444 44 32 34 28
leaf_count=20 24 426 20 32 204 359 51 25 444 44 32 34 28
internal_value=0 6.2406e-06 -0.000173984 2.41203e-05 -6.1379e-05 -0.000139206 8.50457e-05 -7.39001e-05 0.00023546 0.00046057 7.03096e-05 -0.000547008 -0.000112996
internal_weight=1743 1723 138 1585 639 563 946 451 495 76 80 58 48
internal_count=1743 1723 138 1585 639 563 946 451 495 76 80 58 48
is_linear=0
shrinkage=0.03


Tree=116
num_leaves=18
num_cat=0
split_feature=9 34 31 14 28 28 21 26 9 35 34 34 14 29 24 15 26
split_gain=0.00552576 0.0115997 0.0132477 0.0124449 0.00807695 0.0121024 0.0111873 0.0184122 0.0113798 0.00901078 0.0130704 0.00797811 0.00754175 0.0070598 0.00597661 0.00411629 0.00108711
threshold=0.61926359088973071 -1.3889900859456545 -0.22366112884806277 1.3075548035757005 -0.66571214723975969 -0.61129496285408347 -0.010991565846970777 0.36153749716310485 0.44502280913897801 0.13866905162284601 -1.5739250971999883 -1.3243845175724662 0.18097901198681979 -0.3903606233529639 0.18077978639049616 1.6884304091127793 0.033848866244377974
decision_type=2 2 2 2 2 2 2 2 2 2 2 2 2 2 2 2 2
left_child=4 16 12 13 -1 9 8 -8 -7 10 -6 -11 14 -4 -3 -5 -2
right_child=1 2 3 15 5 6 7 -9 -10 11 -12 -13 -14 -15 -16 -17 -18
leaf_value=-0.00048520389055080998 -0.0001965895403012506 0.0006149716780150346 -0.00037140028229835779 0.00054618061240762467 -0.00011530251218041835 -0.00013611038711622937 0.00038235327822462432 -3.1415196317226449e-05 0.00031583369097587332 0.00027904902783358983 0.0004522583599626262 -0.00018024159727082873 -2.3910817441568855e-05 0 0 0 -0.00077194006133662625
leaf_weight=23 30 46 141 21 36 545 143 253 49 55 156 79 38 68 20 20 20
leaf_count=23 30 46 141 21 36 545 143 253 49 55 156 79 38 68 20 20 20
internal_value=0 -9.65212e-05 -2.53278e-05 -0.000150935 2.96708e-05 4.20269e-05 -7.4359e-06 0.000112234 -9.24039e-05 0.000200053 0.000330319 0 0.000244342 -0.000252434 0.000436594 0.000280213 -0.000514001
internal_weight=1743 404 354 250 1339 1316 990 396 594 326 192 134 104 209 66 41 50
internal_count=1743 404 354 250 1339 1316 990 396 594 326 192 134 104 209 66 41 50
is_linear=0
shrinkage=0.03


Tree=117
num_leaves=12
num_cat=0
split_feature=34 30 34 35 34 33 35 34 34 28 28
split_gain=0.00535681 0.00559338 0.01172 0.00974086 0.0121203 0.0154776 0.0142765 0.010573 0.0146859 0.00539116 0.0040049
threshold=2.1963701653983967 -1.8967919543871967 -0.64697693224445385 1.0000000180025095e-35 1.4340637679736503 0.97665940646054861 0.20807116705757175 -1.4958532776498381 0.14937103215024683 -0.57286249061640515 -0.6335291630147607
decision_type=2 2 2 2 2 2 2 2 2 2 2
left_child=1 2 9 7 5 -5 -6 10 -9 -1 -3
right_child=-2 3 -4 4 6 -7 -8 8 -10 -11 -12
leaf_value=0.00022744544470915571 0.00041943017946970135 -0.0001384096281158976 0.00066335064196027817 1.2754773732880326e-06 6.7128875204260733e-05 0.00035731346842506897 -0.0008308319116767961 0.00020195745898978968 -0.00021078064627992615 -0.00033733740320092008 -0.00071599277334574328
leaf_weight=27 24 40 31 1058 20 122 29 111 219 26 36
leaf_count=27 24 40 31 1058 20 122 29 111 219 26 36
internal_value=0 -6.43216e-06 0.000225224 -2.0556e-05 1.94601e-05 4.14349e-05 -0.000423897 -0.000148277 -6.23728e-05 0 -0.000466776
internal_weight=1743 1719 84 1635 1229 1180 49 406 330 53 76
internal_count=1743 1719 84 1635 1229 1180 49 406 330 53 76
is_linear=0
shrinkage=0.03


Tree=118
num_leaves=20
num_cat=0
split_feature=8 32 34 11 22 20 34 33 32 29 30 29 34 28 33 29 17 22 29
split_gain=0.00529314 0.00658758 0.00940063 0.00844567 0.00764706 0.00627274 0.0167132 0.028344 0.0269114 0.0273173 0.0228323 0.0157066 0.026772 0.0206104 0.0173431 0.00871844 0.00496965 0.00156037 0.000196766
threshold=1.0037365796357867 -0.069389411630969511 -1.3889900859456545 -0.39937482068614333 -0.43058714063086073 0.37963781410628744 -0.18392305144978086 -0.11587967131935027 -0.012186921221588048 -0.12356253697872356 -0.18791886496011032 -0.46591320384736584 -0.26437280293379423 -0.64426598659438694 1.0655361842197486 -0.35590028915460931 -0.264796797160743 0.1287396838729695 -0.39784365972393126
decision_type=2 2 2 2 2 2 2 2 2 2 2 2 2 2 2 2 2 2 2
left_child=5 17 -3 -4 -5 6 7 10 9 -8 -1 16 13 -13 -14 -10 -7 18 -2
right_child=1 2 3 4 -6 11 8 -9 15 -11 -12 12 14 -15 -16 -17 -18 -19 -20
leaf_value=2.8965932092609393e-05 -0.00067093602597713474 -0.00054268197310515314 -0.00039427389577031133 -2.2920055373106149e-05 0.00042786421824157945 0 -3.6423835108353984e-05 0.00094635811487229235 0.00034157058592754761 0.0008391144951007195 -0.00042595046321703621 -0.00016345890182016705 -0.00043522854028822216 0.00047070915421125274 0 0.00099014720847541557 0.00058842881195820304 -3.0446839161283728e-05 -0.00012714495173903466
leaf_weight=265 22 23 21 48 60 27 340 20 117 32 146 75 214 96 123 33 36 25 20
leaf_count=265 22 23 21 48 60 27 340 20 117 32 146 75 214 96 123 33 36 25 20
internal_value=0 -0.000136649 -5.06956e-06 7.82117e-05 0.000205284 2.01247e-05 6.85898e-05 -6.43721e-05 0.000183827 3.70017e-05 -0.000127304 -5.54729e-05 -0.00011596 0.000177301 -0.000273841 0.000520482 0.00036991 -0.000379289 -0.000504394
internal_weight=1743 219 152 129 108 1524 953 431 522 372 411 571 508 171 337 150 63 67 42
internal_count=1743 219 152 129 108 1524 953 431 522 372 411 571 508 171 337 150 63 67 42
is_linear=0
shrinkage=0.03


Tree=119
num_leaves=16
num_cat=0
split_feature=9 34 31 14 25 10 28 28 29 26 14 22 19 26 23
split_gain=0.00539302 0.0103285 0.0120607 0.0115174 0.00773049 0.0075052 0.00705838 0.00886336 0.0111443 0.00704586 0.00691567 0.00552346 0.00298076 0.00101723 0.000883553
threshold=0.61926359088973071 -1.3889900859456545 -0.22366112884806277 1.0112059960978257 1.8425678808917672 0.76165284973126279 -0.66571214723975969 -0.61129496285408347 -0.23540046977290388 1.1032565733161579 0.11469459701824641 -0.2788088371731659 -0.0024876589659301594 0.033848866244377974 0.058896992678204897
decision_type=2 2 2 2 2 2 2 2 2 2 2 2 2 2 2
left_child=4 13 10 5 6 -4 -1 9 -9 -8 14 -5 -12 -2 -3
right_child=1 2 3 11 -6 -7 7 8 -10 -11 12 -13 -14 -15 -16
leaf_value=-0.00046953313152950545 -0.00018106483181277739 0.0005717843661198123 0 -3.0254407036725589e-05 0.00043753890145751764 -0.00039036734907008986 0.00022442225876920108 3.7694956774934225e-05 -0.00019882600383826706 -0.00014621311981919343 0.00016862243014978818 0.00049591444817281545 -0.00027881245829164977 -0.00073902008682489391 8.7409454902323577e-05
leaf_weight=23 30 35 74 20 38 128 274 730 231 43 23 28 22 20 24
leaf_count=23 30 35 74 20 38 128 274 730 231 43 23 28 22 20 24
internal_value=0 -9.54012e-05 -2.7607e-05 -0.000147658 2.92664e-05 -0.000253829 1.40617e-05 2.6186e-05 -1.64885e-05 0.000163872 0.000228988 0.000228971 0 -0.000490049 0.000436901
internal_weight=1743 404 354 250 1339 202 1301 1278 961 317 104 48 45 50 59
internal_count=1743 404 354 250 1339 202 1301 1278 961 317 104 48 45 50 59
is_linear=0
shrinkage=0.03


Tree=120
num_leaves=14
num_cat=0
split_feature=22 24 20 34 33 24 33 11 25 26 15 28 28
split_gain=0.00510736 0.00533446 0.00810454 0.0234281 0.0303623 0.0161622 0.0143117 0.0126746 0.0124267 0.00769812 0.00447961 0.00609541 0.00162306
threshold=-1.2024711509391659 -1.496690192052512 0.37963781410628744 -0.20637528936045876 -0.14943911602153068 0.83449970446019817 -0.18899836550331037 -0.42421159693240879 -0.023638871944800157 2.3453106123390852 0.10584632027159012 -0.46622344742157812 -0.58902006886268043
decision_type=2 2 2 2 2 2 2 2 2 2 2 2 2
left_child=-1 9 3 4 -3 7 -5 -4 -7 10 11 -2 -12
right_child=1 2 5 6 -6 8 -8 -9 -10 -11 12 -13 -14
leaf_value=-0.00044393793347737064 -0.00042162390759356479 -0.00013888591956986288 -0.00038776092558088268 0.00070335729738386953 0.00087274114228785035 -0.00024565979146185175 0.00015766841101594155 0 0.00018982518530472953 0.00025827270550187674 -3.9411367680877436e-05 0.0002057681126647036 -0.00055938420433704642
leaf_weight=20 20 426 167 51 25 69 444 149 254 22 22 30 44
leaf_count=20 20 426 167 51 25 69 444 149 254 22 22 30 44
internal_value=0 6.07793e-06 2.34364e-05 8.04149e-05 -7.08046e-05 -5.62254e-05 0.000223813 -0.00021064 8.61889e-05 -0.000168273 -0.000278852 0 -0.000438788
internal_weight=1743 1723 1585 946 451 639 495 316 323 138 116 50 66
internal_count=1743 1723 1585 946 451 639 495 316 323 138 116 50 66
is_linear=0
shrinkage=0.03


Tree=121
num_leaves=23
num_cat=0
split_feature=9 34 31 14 19 31 29 16 10 20 28 32 25 29 10 29 14 14 15 19 26 24
split_gain=0.00523885 0.00972064 0.0116197 0.0108747 0.00750132 0.0143586 0.0141762 0.0156933 0.0133626 0.0131418 0.00961807 0.00846652 0.0121277 0.00977601 0.00719889 0.00686119 0.00655163 0.00651007 0.00383509 0.00274857 0.000900281 0.000644603
threshold=0.61926359088973071 -1.3889900859456545 -0.22366112884806277 1.3075548035757005 -0.35981039981728463 1.9622404684898866 -0.38670815424762056 0.26350367547080972 0.055729530216404498 -0.64970249666224411 -0.59573697657105129 -0.012186921221588048 -0.73638046939634361 -0.48448313636253498 0.76165284973126279 -0.43094019041634818 0.11469459701824641 0.5764196612402458 1.6884304091127793 -0.0024876589659301594 0.033848866244377974 0.13144243408334885
decision_type=2 2 2 2 2 2 2 2 2 2 2 2 2 2 2 2 2 2 2 2 2 2
left_child=4 20 16 14 5 11 8 9 17 -8 -9 13 -13 -1 -4 -10 21 -6 -5 -18 -2 -3
right_child=1 2 3 18 6 -7 7 10 15 -11 -12 12 -14 -15 -16 -17 19 -19 -20 -21 -22 -23
leaf_value=-0.00057866166874818081 -0.00017489260939195943 0.00053489841059100153 0 0.00051228296663612127 0.0004106973148104498 0.00064756828895770017 0.00044295106391008531 0.00053736584378321739 -0.00020918161034261666 -0.00022494573602945691 8.0188753028564579e-06 0.00049076213956207289 -5.8117349173749287e-05 -0.00010152882450551519 -0.00037471687444572599 0.0002773128765307971 0.00016184515118388492 0 0 -0.00026778159285429867 -0.00071864062264237721 6.1173545080237083e-05
leaf_weight=51 30 38 78 21 214 21 24 52 75 266 99 41 178 242 131 34 23 42 20 22 20 21
leaf_count=51 30 38 78 21 214 21 24 52 75 266 99 41 178 242 131 34 23 42 20 22 20 21
internal_value=0 -9.4191e-05 -2.81108e-05 -0.000146039 2.8683e-05 -5.50492e-05 8.77614e-05 -2.06704e-05 0.000226023 -0.000155463 0.000216708 -9.32971e-05 3.63707e-05 -0.000199737 -0.000241226 -2.7282e-05 0.000223481 0.000344526 0.000254363 0 -0.000477362 0.00042579
internal_weight=1743 404 354 250 1339 533 806 441 365 290 151 512 219 293 209 109 104 256 41 45 50 59
internal_count=1743 404 354 250 1339 533 806 441 365 290 151 512 219 293 209 109 104 256 41 45 50 59
is_linear=0
shrinkage=0.03


Tree=122
num_leaves=13
num_cat=0
split_feature=22 14 14 9 34 29 35 35 30 29 29 9
split_gain=0.00499721 0.00507761 0.00662193 0.00571809 0.00748253 0.00770314 0.00747569 0.0192052 0.0136501 0.00375621 0.00213352 0.000566171
threshold=-1.1791886034476247 -0.96110037907246137 -1.2570064012710811 0.6502939034766374 -1.3889900859456545 -0.36205421330861814 0.15637920180841974 0.27307558034698737 -0.032651642871713273 -0.22253036247226407 -0.44974499192027112 0.89944876843326571
decision_type=2 2 2 2 2 2 2 2 2 2 2 2
left_child=-1 2 -2 6 11 -6 8 -8 -3 10 -4 -5
right_child=1 3 9 4 5 -7 7 -9 -10 -11 -12 -13
leaf_value=-0.00034470685010121481 -0.00013057422464120654 0.00016588122135987264 5.7678774540388097e-05 -7.6643202667701582e-05 -0.00018285894275236464 0.0001097580111906965 -0.00032941017267405759 8.6915542278967963e-05 -9.027584103772476e-05 0 0.00049327029551627223 -0.00058825172750948693
leaf_weight=34 35 536 34 20 174 135 164 228 268 27 59 29
leaf_count=34 35 536 34 20 174 135 164 228 268 27 59 29
internal_value=0 7.68259e-06 0.000170555 -6.93324e-06 -0.000113037 -4.55751e-05 2.25281e-05 -8.08456e-05 7.67599e-05 0.000283817 0.000372051 -0.000453593
internal_weight=1743 1709 155 1554 358 309 1196 392 804 120 93 49
internal_count=1743 1709 155 1554 358 309 1196 392 804 120 93 49
is_linear=0
shrinkage=0.03


Tree=123
num_leaves=18
num_cat=0
split_feature=10 17 35 35 26 32 35 34 14 34 21 28 21 22 33 33 34
split_gain=0.00481859 0.0122434 0.0107904 0.0149874 0.0122225 0.00674422 0.0100883 0.0134403 0.0130355 0.0075303 0.00467403 0.00286662 0.00281358 0.00411972 0.00350236 0.00168973 0.00114496
threshold=-0.76101988973051105 -1.0875312371084895 0.16269562207497149 0.060404282757687347 0.30283252276450751 -0.69743175539591185 0.10140111740028342 1.4340637679736503 0.32491168398700276 -0.30601542748165717 0.44345103436630912 -0.55373617456818625 0.091762603413375957 -0.75417817178283231 0.67461774223925686 -0.76755435976394992 -0.31938879302718198
decision_type=2 2 2 2 2 2 2 2 2 2 2 2 2 2 2 2 2
left_child=2 -2 3 12 16 9 8 -8 -7 -3 -6 15 13 -1 -14 -4 -5
right_child=1 5 11 4 10 6 7 -9 -10 -11 -12 -13 14 -15 -16 -17 -18
leaf_value=7.2794942008652555e-05 -0.00051910903073042972 0 0 0.00088363262724417888 0.00028561390465564238 -0.00025668617212946525 6.5444294417395051e-05 -0.00045204096392696187 8.0937784125513219e-05 0.00057326532221978178 -0.00019628361671970322 0 0.00032741676803325881 -0.00031464857550421378 -2.4835363523168268e-05 -0.00043486759489046802 0.00034205516200339379
leaf_weight=26 41 27 21 36 36 296 799 44 138 34 26 20 34 50 40 35 40
leaf_count=26 41 27 21 36 36 296 799 44 138 34 26 20 34 50 40 35 40
internal_value=0 -2.5599e-05 9.66904e-05 0.000185904 0.00040863 -7.11182e-06 -2.42942e-05 3.33811e-05 -0.000142647 0.000289994 3.76418e-05 -0.000197627 -3.39099e-06 -0.000146396 0.0001045 -0.000309877 0.00066038
internal_weight=1743 1379 364 288 138 1338 1277 843 434 61 62 76 150 76 74 56 76
internal_count=1743 1379 364 288 138 1338 1277 843 434 61 62 76 150 76 74 56 76
is_linear=0
shrinkage=0.03


Tree=124
num_leaves=14
num_cat=0
split_feature=22 24 29 20 29 34 33 34 15 26 35 33 29
split_gain=0.00476706 0.00496589 0.015231 0.00767882 0.0243635 0.023543 0.0281172 0.0230485 0.0130707 0.00655857 0.00623159 0.00252625 0.001683
threshold=-1.1791886034476247 -1.496690192052512 -0.47233775762679658 0.37963781410628744 -0.46805256415936763 -0.20637528936045876 -0.14943911602153068 -0.20637528936045876 0.45812668371950377 -0.79156395994072781 0.12782379426575699 -0.14678127792342135 -0.37653992672556597
decision_type=2 2 2 2 2 2 2 2 2 2 2 2 2
left_child=-1 2 11 5 9 6 -3 -6 -7 -5 -4 -2 -12
right_child=1 3 10 4 7 8 -8 -9 -10 -11 12 -13 -14
leaf_value=-0.00033679713936824655 -7.3848205113317812e-05 -0.00013579469531981299 0.0004250761923558457 4.7324329339475746e-06 0.00012359663584388838 0.00030967840786833554 0.00083717484444579377 -0.00026617905092582959 -4.6893490811168509e-05 0.00069915692620845719 -0.0002351110835284503 -0.00069761702439819385 2.4144562928995577e-05
leaf_weight=34 22 426 29 30 202 378 25 367 103 40 30 36 21
leaf_count=34 22 426 29 30 202 378 25 367 103 40 30 36 21
internal_value=0 7.38475e-06 -0.000160497 2.43156e-05 -5.28489e-05 8.04297e-05 -7.00772e-05 -0.000122638 0.000227307 0.000455067 7.73885e-05 -0.000525463 -7.73925e-05
internal_weight=1743 1709 138 1571 639 932 451 569 481 70 80 58 51
internal_count=1743 1709 138 1571 639 932 451 569 481 70 80 58 51
is_linear=0
shrinkage=0.03


Tree=125
num_leaves=17
num_cat=0
split_feature=9 34 30 30 30 28 28 21 15 9 35 30 34 5 28 21
split_gain=0.00482752 0.00862549 0.00873182 0.0101582 0.0103701 0.00689902 0.0102957 0.0105202 0.017117 0.00990793 0.00728311 0.0117304 0.00709269 0.00514982 0.00428657 0.000830248
threshold=0.61926359088973071 -1.3889900859456545 -0.20145248724881062 -0.17827548414524 -0.065376002641897926 -0.66571214723975969 -0.61129496285408347 -0.010991565846970777 0.48258000761654901 0.44502280913897801 0.13866905162284601 -0.18468156494394386 -1.3243845175724662 -0.24278422028917163 -0.65245878156775283 0.30094081805487516
decision_type=2 2 2 2 2 2 2 2 2 2 2 2 2 2 2 2
left_child=5 15 13 -4 -5 -1 10 9 -9 -8 11 -7 -12 -3 -15 -2
right_child=1 2 3 4 -6 6 7 8 -10 -11 12 -13 -14 14 -16 -17
leaf_value=-0.00044753591576591139 -0.00015042725043576865 -9.9521698560028397e-05 -0.0005594909910245665 0.00025644331138589355 -0.00017983529586523985 0.00044327354727526351 -0.00012973437633776694 0.00026112088606805627 -0.00013738643695689637 0.00029071769741103009 0.00026705159903865242 -3.533765969849708e-05 -0.00016553914286762336 0 0.00046214728556744951 -0.00067202486837049955
leaf_weight=23 29 23 39 67 149 141 545 253 143 49 55 51 79 22 54 21
leaf_count=23 29 23 39 67 149 141 545 253 143 49 55 51 79 22 54 21
internal_value=0 -9.03706e-05 -2.7559e-05 -0.000127452 -2.91504e-05 2.75808e-05 3.9158e-05 -6.23222e-06 0.000109746 -8.87389e-05 0.000184918 0.00030217 0 0.00019651 0.00032445 -0.000451741
internal_weight=1743 404 354 255 216 1339 1316 990 396 594 326 192 134 99 76 50
internal_count=1743 404 354 255 216 1339 1316 990 396 594 326 192 134 99 76 50
is_linear=0
shrinkage=0.03


Tree=126
num_leaves=18
num_cat=0
split_feature=10 17 35 35 23 32 35 34 14 34 28 21 22 2 14 26 21
split_gain=0.0046322 0.0113208 0.00986761 0.0137233 0.0128698 0.00622797 0.0093667 0.0125754 0.0121849 0.00718676 0.00273713 0.00250699 0.00390905 0.00261624 0.00244914 0.00188586 0.000870908
threshold=-0.76101988973051105 -1.0875312371084895 0.16269562207497149 0.060404282757687347 -0.98410306683053983 -0.69743175539591185 0.10140111740028342 1.4340637679736503 0.32491168398700276 -0.30601542748165717 -0.55373617456818625 0.091762603413375957 -0.75417817178283231 -0.931478652186152 0.072587698487648775 0.80488313291667979 -0.40916385597948673
decision_type=2 2 2 2 2 2 2 2 2 2 2 2 2 2 2 2 2
left_child=2 -2 3 11 15 9 8 -8 -7 -3 16 12 -1 -13 -6 -5 -4
right_child=1 5 10 4 14 6 7 -9 -10 -11 -12 13 -14 -15 -16 -17 -18
leaf_value=7.5942147579365231e-05 -0.00049996001009342515 0 -1.4837733987304837e-06 0.00019176432623099835 0.00039013999551978137 -0.00024839547589236522 6.2588506116924945e-05 -0.00043791971932365955 7.7557738950882258e-05 0.00055530793701827124 0 0.00033476855956749725 -0.0003016886333715311 0 0.0009997531923178868 -0.00013629511613398788 -0.00041319520955772273
leaf_weight=26 41 27 24 28 60 296 799 44 138 34 20 25 50 49 23 27 32
leaf_count=26 41 27 24 28 60 296 799 44 138 34 20 25 50 49 23 27 32
internal_value=0 -2.5279e-05 9.46217e-05 0.000180095 0.000393108 -7.41035e-06 -2.40007e-05 3.14583e-05 -0.000138065 0.000277868 -0.00018584 -1.35504e-07 -0.000136547 0.000100863 0.000622935 0 -0.000296642
internal_weight=1743 1379 364 288 138 1338 1277 843 434 61 76 150 76 74 83 55 56
internal_count=1743 1379 364 288 138 1338 1277 843 434 61 76 150 76 74 83 55 56
is_linear=0
shrinkage=0.03


Tree=127
num_leaves=12
num_cat=0
split_feature=34 10 29 15 26 17 11 33 24 34 34
split_gain=0.00459516 0.00474878 0.0124116 0.00906934 0.0100057 0.00891896 0.00877204 0.0285497 0.0149559 0.00516306 0.000936068
threshold=2.1963701653983967 -0.75019588307323415 -0.31934721941546734 -0.92572651751790136 0.28925653122633171 -1.0875312371084895 -0.38912392344030361 -0.19521995398906633 1.6732346936817029 0.13748078936724312 -0.94695739987899108
decision_type=2 2 2 2 2 2 2 2 2 2 2
left_child=1 2 3 -1 -5 -3 7 -7 -8 10 -4
right_child=-2 5 9 4 -6 6 8 -9 -10 -11 -12
leaf_value=-0.00033266063093248272 0.0003882809905335307 -0.00046708812918846629 -0.00010447275274953639 0.00042854266166945709 2.6544149870005639e-05 0.00016573781352043662 4.9238396549059111e-05 -0.00036902784541138273 -0.00068953623801469804 -0.00045701436001108957 0.00014014376149862071
leaf_weight=20 24 39 31 132 125 143 937 212 22 37 21
leaf_count=20 24 39 31 132 125 143 937 212 22 37 21
internal_value=0 -6.14678e-06 8.70746e-05 0.000191428 0.000247119 -3.37133e-05 -1.7538e-05 -0.000145652 2.70745e-05 -0.000200752 0
internal_weight=1743 1719 366 277 257 1353 1314 355 959 89 52
internal_count=1743 1719 366 277 257 1353 1314 355 959 89 52
is_linear=0
shrinkage=0.03


Tree=128
num_leaves=16
num_cat=0
split_feature=22 11 32 34 33 29 33 22 25 35 22 10 21 31 22
split_gain=0.00466441 0.0047345 0.0137541 0.00957025 0.012481 0.00787632 0.0130121 0.0266579 0.017534 0.0129717 0.0126777 0.00706895 0.00547316 0.00652097 0.00224629
threshold=-1.1791886034476247 1.0341107272294996 0.0065382985205623845 -1.3356924214829229 -1.4709029889050296 -0.28834647384956363 -0.1259276310809225 1.755945494662954 -0.90683612758630927 -1.266220605022611 0.42987968708667113 1.251850385976164 0.052006556973920225 0.017662105960682503 0.96145454650013751
decision_type=2 2 2 2 2 2 2 2 2 2 2 2 2 2 2
left_child=-1 5 12 11 -5 6 7 -2 -8 -7 -11 -4 13 -3 -14
right_child=1 2 3 4 -6 9 8 -9 -10 10 -12 -13 14 -15 -16
leaf_value=-0.00033337223185918519 -0.00012157874911013668 -0.00071607180681337217 2.9764271453202047e-05 0.00078996140775270762 1.617296789576263e-05 0.00042867874192306768 -0.0001289481616197154 0.000802368338778615 0.00025952405613260054 -2.4516619154605536e-06 -0.00037852286375965918 -0.00060563209885731344 -0.00019068934513250663 -0.00010795629612752236 0.00013507488819595889
leaf_weight=34 370 44 23 27 74 37 122 27 456 275 122 21 41 47 23
leaf_count=34 370 44 23 27 74 37 122 27 456 275 122 21 41 47 23
internal_value=0 7.08336e-06 -9.81806e-05 9.58301e-05 0.000268694 3.17815e-05 8.04961e-05 -4.56946e-05 0.000172122 -7.05944e-05 -0.000127492 -0.000228964 -0.000297035 -0.000447374 -2.80356e-05
internal_weight=1743 1709 300 145 101 1409 975 397 578 434 397 44 155 91 64
internal_count=1743 1709 300 145 101 1409 975 397 578 434 397 44 155 91 64
is_linear=0
shrinkage=0.03


Tree=129
num_leaves=18
num_cat=0
split_feature=9 34 31 14 15 28 28 21 15 8 35 30 34 14 15 24 34
split_gain=0.00451502 0.00773435 0.0101909 0.0100011 0.00741473 0.00649771 0.00940927 0.00952217 0.0154918 0.00954721 0.00658796 0.0110642 0.00649083 0.00602535 0.00532527 0.00506727 0.000741152
threshold=0.61926359088973071 -1.3889900859456545 -0.22366112884806277 1.0112059960978257 -0.12607721183817922 -0.66571214723975969 -0.61129496285408347 -0.010991565846970777 0.45812668371950377 0.32336588180724452 0.13866905162284601 -0.18468156494394386 -1.3243845175724662 0.18097901198681979 1.6884304091127793 0.18077978639049616 -1.6021425572541594
decision_type=2 2 2 2 2 2 2 2 2 2 2 2 2 2 2 2 2
left_child=5 16 13 4 -4 -1 10 9 -9 -8 11 -7 -12 15 -5 -3 -2
right_child=1 2 3 14 -6 6 7 8 -10 -11 12 -13 -14 -15 -16 -17 -18
leaf_value=-0.00043460216231715795 -6.6104488712880985e-05 0.00054478911004428353 -8.3176926127325333e-05 0.00051082964013848039 -0.00050819600840905366 0.00042583213683853195 -0.00013955411475884223 0.00025022917953810252 -0.00012732817880601647 0.00017729153110121842 0.00025631886909731891 -3.8116165187804854e-05 -0.00015738670463835615 -2.6514757558044677e-05 -2.7063024333781605e-06 0 -0.0005696053195206332
leaf_weight=23 21 46 138 24 64 141 501 251 145 93 55 51 79 38 24 20 29
leaf_count=23 21 46 138 24 64 141 501 251 145 93 55 51 79 38 24 20 29
internal_value=0 -8.77494e-05 -2.77314e-05 -0.000138568 -0.000237937 2.63197e-05 3.76199e-05 -5.64113e-06 0.000104545 -8.42802e-05 0.000176968 0.000288521 0 0.000207081 0.000210183 0.000380359 -0.000430451
internal_weight=1743 404 354 250 202 1339 1316 990 396 594 326 192 134 104 48 66 50
internal_count=1743 404 354 250 202 1339 1316 990 396 594 326 192 134 104 48 66 50
is_linear=0
shrinkage=0.03


Tree=130
num_leaves=11
num_cat=0
split_feature=22 26 28 23 29 15 11 24 15 15
split_gain=0.00433941 0.00444544 0.00736545 0.00610117 0.0196881 0.0174531 0.00317537 0.00427262 0.00348024 0.00422166
threshold=-1.1791886034476247 -1.2346858156140024 -0.66365051851020185 0.10501604292859154 -0.46651569535429599 0.35256066603677888 -0.3213629971959267 0.69882198561554298 -0.55174544655576252 -0.8113834746615004
decision_type=2 2 2 2 2 2 2 2 2 2
left_child=-1 6 -3 5 -5 -4 7 -2 9 -8
right_child=1 2 3 4 -6 -7 8 -9 -10 -11
leaf_value=-0.00032190011925617787 0.00021154477305826731 -0.00036187682658633358 0.0001286868591089384 0.00043361172861628366 -0.00014418831360754269 -0.00015065695076999175 1.8043011960604151e-05 -0.00025748851470228649 0 0.00071454287827428845
leaf_weight=34 37 48 718 55 474 269 25 28 31 24
leaf_count=34 37 48 718 55 474 269 25 28 31 24
internal_value=0 6.46421e-06 -6.56001e-06 3.40763e-06 -7.63691e-05 4.92975e-05 0.000164502 0 0.00028755 0.00043842
internal_weight=1743 1709 1564 1516 529 987 145 65 80 49
internal_count=1743 1709 1564 1516 529 987 145 65 80 49
is_linear=0
shrinkage=0.03


Tree=131
num_leaves=16
num_cat=0
split_feature=9 25 32 18 14 21 24 24 25 22 22 18 32 24 11
split_gain=0.00440256 0.00653494 0.00723649 0.00599514 0.00650609 0.00978598 0.00574635 0.0113217 0.0115107 0.0070291 0.00905219 0.00636235 0.00340929 0.00210943 0.00205803
threshold=0.87643583452807827 1.7974363070382788 0.0072633298199088854 1.2303983211668965 1.3075548035757005 -0.36329140907473262 0.95167591618967295 1.7102377079120632 -0.023638871944800157 1.0947835098696681 0.77230983311740198 0.23685338294618949 0.44669804862420032 0.15611111023692245 1.388608991612305
decision_type=2 2 2 2 2 2 2 2 2 2 2 2 2 2 2
left_child=1 6 -3 4 5 13 9 8 -8 10 -1 -11 -7 -2 -5
right_child=3 2 -4 14 -6 12 7 -9 -10 11 -12 -13 -14 -15 -16
leaf_value=-1.4317520322900809e-05 0.00022807313204510136 0 0.00075059765860762285 0.00028435094590531664 0.00015181599460158715 -0.0005146954165368609 -0.00010506591292591218 -0.00027431403250791065 0.00038350811718882301 -0.00036241481770881481 0.00039086294034495952 9.6940239736189427e-05 0 -9.8214409946634858e-05 0
leaf_weight=1019 22 32 20 33 31 90 48 39 144 90 49 24 20 59 23
leaf_count=1019 22 32 20 33 31 90 48 39 144 90 49 24 20 59 23
internal_value=0 2.03878e-05 0.000342326 -0.000109221 -0.000184862 -0.000256473 5.72127e-06 0.000143146 0.000246243 -1.88986e-05 2.51388e-06 -0.000240061 -0.000436888 0 0.000133947
internal_weight=1743 1465 52 278 222 191 1413 231 192 1182 1068 114 110 81 56
internal_count=1743 1465 52 278 222 191 1413 231 192 1182 1068 114 110 81 56
is_linear=0
shrinkage=0.03


Tree=132
num_leaves=14
num_cat=0
split_feature=34 32 20 34 30 29 24 34 22 34 34 18 28
split_gain=0.00420752 0.00448509 0.0115969 0.0221578 0.0319938 0.0175011 0.0127787 0.0107539 0.0100666 0.00993682 0.0143984 0.00479859 0.00343949
threshold=2.1963701653983967 -0.021802685075961226 -0.12961476069498604 -0.1788527068491452 -0.19203099215406352 -0.3701917346881422 0.27945449100479081 -0.2768464471143634 -1.1791886034476247 -0.46770303030089738 -0.26437280293379423 0.34209470664093317 -0.52529246323782364
decision_type=2 2 2 2 2 2 2 2 2 2 2 2 2
left_child=1 8 3 4 -3 -5 11 -8 -1 12 -11 -4 -10
right_child=-2 2 6 5 -6 -7 7 -9 9 10 -12 -13 -14
leaf_value=-0.00067324936561635696 0.00037122471941014129 0.00020377590268121017 -0.0003730131700773199 0.00019199014793537509 -0.00054227910540017492 0.00094193928531108491 0.00017773578763519715 -0.00013577768612121227 0 0.00064215613034903068 -2.9704457097453471e-05 0 -0.00048788970435323956
leaf_weight=21 24 167 117 113 71 44 220 166 23 27 663 35 52
leaf_count=21 24 167 117 113 71 44 220 166 23 27 663 35 52
internal_value=0 -6.18913e-06 3.62632e-05 0.000160943 -1.03185e-05 0.000434638 -5.01163e-05 3.51893e-05 -6.03295e-05 -3.70339e-05 0 -0.000282591 -0.000357994
internal_weight=1743 1719 933 395 238 157 538 386 786 765 690 152 75
internal_count=1743 1719 933 395 238 157 538 386 786 765 690 152 75
is_linear=0
shrinkage=0.03


Tree=133
num_leaves=23
num_cat=0
split_feature=9 19 31 29 35 23 22 13 20 28 32 29 10 14 19 14 31 17 33 15 31 1
split_gain=0.00431139 0.00606094 0.0133789 0.011752 0.0141761 0.0194368 0.0193194 0.0123145 0.0118197 0.0076288 0.00731167 0.00943609 0.00664002 0.00475672 0.00839004 0.00541104 0.00527736 0.0061366 0.00549912 0.00391316 0.00248281 0.000465738
threshold=0.61926359088973071 -0.35981039981728463 1.9622404684898866 -0.38670815424762056 0.15317937622980157 0.61942083418290461 0.77230983311740198 0.24222343808524524 -0.72554862482413573 -0.58902006886268043 -0.012186921221588048 -0.48448313636253498 -0.37679375413124833 1.3075548035757005 0.094141263565501468 2.1414372997853803 -0.062645593168063382 1.1322489841247887 -0.11587967131935027 -0.14769235859155569 -0.21334394078608065 0.29764029587809721
decision_type=2 2 2 2 2 2 2 2 2 2 2 2 2 2 2 2 2 2 2 2 2 2
left_child=1 2 10 4 6 -6 -3 8 -5 -9 11 -1 -12 14 16 -15 18 -18 -2 20 -16 -21
right_child=13 3 -4 7 5 -7 -8 9 -10 -11 12 -13 -14 15 19 -17 17 -19 -20 21 -22 -23
leaf_value=-0.00055660005660805221 0 0.00010802994429968455 0.00062896032872959034 0.00048529624779020315 0.00018497150580388616 -0.00060149991007056082 0.00069642900059698138 0.00047450713136952663 -0.0001957336903291434 0 -0.00012620108795258252 -8.9199331107463832e-05 0.00019423035552205897 0.00048647200574095432 6.9177016824612333e-05 -5.2278246316644873e-05 0 -0.00056971734720822752 0.00045269159888848662 -9.7261837607220497e-05 -0.00026929275569818857 -0.00057651508933700187
leaf_weight=51 117 152 21 20 89 37 87 53 277 91 101 242 118 23 26 24 64 25 27 21 29 48
leaf_count=51 117 152 21 20 89 37 87 53 277 91 101 242 118 23 26 24 64 25 27 21 29 48
internal_value=0 2.55991e-05 -4.93251e-05 7.88531e-05 0.000204839 -3.13381e-05 0.000340592 -1.93434e-05 -0.000135479 0.000197654 -8.64724e-05 -0.000185508 3.32295e-05 -8.58663e-05 -0.00012829 0.000164735 -7.78201e-06 -0.000196857 9.03011e-05 -0.000325573 -6.22627e-05 -0.000482452
internal_weight=1743 1339 533 806 365 126 239 441 297 144 512 293 219 404 357 47 233 89 144 124 55 69
internal_count=1743 1339 533 806 365 126 239 441 297 144 512 293 219 404 357 47 233 89 144 124 55 69
is_linear=0
shrinkage=0.03


Tree=134
num_leaves=16
num_cat=0
split_feature=10 29 17 15 22 17 29 34 15 14 14 22 28 34 34
split_gain=0.00420313 0.0114484 0.00809375 0.00785265 0.00701776 0.0080085 0.00663748 0.0121861 0.00659232 0.0148407 0.00764781 0.00524675 0.00510879 0.00478194 0.000877449
threshold=-0.75019588307323415 -0.31934721941546734 -1.0875312371084895 -0.92572651751790136 -0.29821962174479749 -1.3532947520166958 2.4758403650908503 -0.6811410574659561 0.13709815482731563 1.0112059960978257 -0.27889769982308626 1.866433655303618 -0.57286249061640515 0.13748078936724312 -0.94695739987899108
decision_type=2 2 2 2 2 2 2 2 2 2 2 2 2 2 2
left_child=1 3 -2 -1 5 -5 8 12 10 -10 -4 -6 -8 14 -3
right_child=2 13 6 4 11 -7 7 -9 9 -11 -12 -13 -14 -15 -16
leaf_value=-0.00028370722485124132 -0.00043636658451785999 -9.5841952866655499e-05 -4.1413988838515551e-05 7.1247478839583076e-06 3.6701549400518427e-06 0.00066678295290616683 0.00026405001447536052 0.00070822187360681708 -0.00025428048746611501 0.00012370568852557607 0.00014917336646140292 0.00049177469327024975 -0.00031375638299580499 -0.00043388791016768665 0.00014103648861055261
leaf_weight=21 39 31 582 36 144 58 22 29 277 126 271 23 26 37 21
leaf_count=21 39 31 582 36 144 58 22 29 277 126 271 23 26 37 21
internal_value=0 8.88744e-05 -2.45499e-05 0.000187608 0.000239687 0.00045311 -9.30297e-06 0.000252068 -2.82718e-05 -0.000128671 1.5942e-05 9.60333e-05 0 -0.000187275 0
internal_weight=1743 371 1372 282 261 94 1333 77 1256 403 853 167 48 89 52
internal_count=1743 371 1372 282 261 94 1333 77 1256 403 853 167 48 89 52
is_linear=0
shrinkage=0.03


Tree=135
num_leaves=14
num_cat=0
split_feature=8 32 34 11 22 25 11 34 14 14 20 22 29
split_gain=0.00411162 0.00553215 0.00628254 0.00693814 0.00623902 0.00519297 0.00872396 0.00380132 0.00367004 0.00898171 0.0055971 0.00143276 0.000280076
threshold=1.0037365796357867 -0.069389411630969511 -1.3889900859456545 -0.39937482068614333 -0.35377552189760481 1.7974363070382788 0.31562719927741562 2.1963701653983967 -0.28649337604755298 -0.23011577276543058 0.40130813643825652 0.1287396838729695 -0.39784365972393126
decision_type=2 2 2 2 2 2 2 2 2 2 2 2 2
left_child=5 11 -3 -4 -5 7 -7 8 10 -10 -1 12 -2
right_child=1 2 3 4 -6 6 -8 -9 9 -11 -12 -13 -14
leaf_value=1.2607343799843474e-05 -0.00061767363969236614 -0.00044224226719234141 -0.00035952291899593548 0 0.00041179286523785615 0.00073476389615098018 0 0.00035751990984297461 0.00045680108780312974 1.3123707272999976e-05 -0.00015497528169270433 -1.0849910754976522e-05 -9.7319624487958518e-05
leaf_weight=407 22 23 21 56 52 21 32 24 42 716 282 25 20
leaf_count=407 22 23 21 56 52 21 32 24 42 716 282 25 20
internal_value=0 -0.000120783 0 6.56699e-05 0.000182856 1.73902e-05 0.000301943 4.50888e-06 -4.793e-09 4.33535e-05 -5.20216e-05 -0.000342628 -0.00045956
internal_weight=1743 219 152 129 108 1524 53 1471 1447 758 689 67 42
internal_count=1743 219 152 129 108 1524 53 1471 1447 758 689 67 42
is_linear=0
shrinkage=0.03


Tree=136
num_leaves=18
num_cat=0
split_feature=9 34 31 14 10 28 28 21 26 9 35 34 34 14 24 20 26
split_gain=0.00409046 0.0068636 0.00905205 0.00863734 0.00581314 0.00561763 0.00842633 0.00845336 0.0128289 0.00882208 0.0059633 0.0101399 0.00603636 0.00519094 0.0043424 0.0040149 0.000840324
threshold=0.61926359088973071 -1.3889900859456545 -0.22366112884806277 1.0112059960978257 0.76165284973126279 -0.66571214723975969 -0.61129496285408347 -0.010991565846970777 0.36153749716310485 0.44502280913897801 0.13866905162284601 -1.5739250971999883 -1.4565155244563328 0.18097901198681979 0.18077978639049616 -0.30297733935073873 0.033848866244377974
decision_type=2 2 2 2 2 2 2 2 2 2 2 2 2 2 2 2 2
left_child=5 16 13 4 -4 -1 10 9 -9 -8 11 -7 -12 14 -3 -5 -2
right_child=1 2 3 15 -6 6 7 8 -10 -11 12 -13 -14 -15 -16 -17 -18
leaf_value=-0.00040268462162035019 -0.00012638084511590105 0.00050717863996456165 0 0 -0.00034416161435709569 -0.00011305393322478406 -0.00011828404118064331 0.00032401335066058217 -1.9409235070611427e-05 0.00027831254048774453 0.00026836974150948941 0.00038228978736343667 -0.0001384804222078835 -1.7385156446125173e-05 0 0.00044974606442782614 -0.00062535250753812169
leaf_weight=23 30 46 74 24 128 36 545 143 253 49 49 156 85 38 20 24 20
leaf_count=23 30 46 74 24 128 36 545 143 253 49 49 156 85 38 20 24 20
internal_value=0 -8.3489e-05 -2.64044e-05 -0.000131261 -0.000223986 2.50849e-05 3.57344e-05 -5.04554e-06 9.85894e-05 -7.93089e-05 0.000167611 0.000273718 0 0.000194231 0.000355008 0.000190352 -0.000406673
internal_weight=1743 404 354 250 202 1339 1316 990 396 594 326 192 134 104 66 48 50
internal_count=1743 404 354 250 202 1339 1316 990 396 594 326 192 134 104 66 48 50
is_linear=0
shrinkage=0.03


Tree=137
num_leaves=14
num_cat=0
split_feature=22 14 35 35 24 29 35 33 20 22 28 29 26
split_gain=0.00399091 0.00418174 0.00558341 0.00907655 0.00382588 0.0124834 0.00737072 0.00559243 0.0205877 0.0114527 0.00311164 0.0023852 0.00220627
threshold=-1.2024711509391659 -0.96110037907246137 0.084512466623249419 -0.25491281571093077 -1.496690192052512 -0.47233775762679658 0.12782379426575699 -0.043783452927414902 0.3037916859443956 1.734507881180229 -0.59137928370207271 -0.47199878087482611 -0.74818792104265375
decision_type=2 2 2 2 2 2 2 2 2 2 2 2 2
left_child=-1 2 3 -2 5 10 -7 9 -9 -6 -3 -4 -13
right_child=1 4 11 -5 7 6 -8 8 -10 -11 -12 12 -14
leaf_value=-0.00039293409641022269 0.00025460639412129489 -6.8236625559317551e-05 0 -0.00048045445725853958 -9.0791359579136288e-05 0.00044218670331399831 -0.00012570862143355258 0.00024187280159124408 -9.0155584791765177e-05 0.00026710350952335334 -0.00071124006680432046 6.4095145990722795e-05 0.0005054519407555689
leaf_weight=20 26 24 21 25 701 28 48 324 327 85 31 37 46
leaf_count=20 26 24 21 25 701 28 48 324 327 85 31 37 46
internal_value=0 4.8549e-06 0.000153028 -5.68359e-05 -8.14694e-06 -0.000162149 5.4388e-05 4.1174e-06 7.08579e-05 -4.7417e-05 -0.000500423 0.000282687 0.000352685
internal_weight=1743 1723 155 51 1568 131 76 1437 651 786 55 104 83
internal_count=1743 1723 155 51 1568 131 76 1437 651 786 55 104 83
is_linear=0
shrinkage=0.03


Tree=138
num_leaves=18
num_cat=0
split_feature=9 34 35 28 35 21 13 15 35 33 18 18 34 22 22 34 20
split_gain=0.0039804 0.00786197 0.00597563 0.0106108 0.0069555 0.0102477 0.00611409 0.0112183 0.00960589 0.00537403 0.00490002 0.00479412 0.00473414 0.00726268 0.00454861 0.00424006 6.88967e-05
threshold=0.87643583452807827 -1.3889900859456545 -0.8090314928860457 -0.58286395990584239 0.75322038275067771 0.17127481433723438 -0.79236806041278851 0.13709815482731563 0.1657634027255063 0.2516048204172216 -0.016135131694369965 0.97912148693220302 -0.64697693224445385 -0.35377552189760481 -0.62238232258964232 0.30998797328785099 0.52049490926408659
decision_type=2 2 2 2 2 2 2 2 2 2 2 2 2 2 2 2 2
left_child=2 -2 3 -1 6 14 8 -8 -4 11 -11 15 -5 -14 -6 -3 -12
right_child=1 9 4 12 5 -7 7 -9 -10 10 16 -13 13 -15 -16 -17 -18
leaf_value=0.00064607973298493688 -0.00053118622883089944 -0.00013002839663828669 0.00017842470230515015 -0.00026166421350564865 0.00020974035209028757 0.00071657741925647029 5.9564452041312193e-06 -0.00021371404995854866 -0.00024554180545753547 0 -0.00052558141008921672 0.00032085782527289491 0.0005299276758544898 -8.2068953232374007e-06 -0.00021557839691419811 0.00031120706199789822 -7.3809223978415768e-05
leaf_weight=34 32 94 245 28 55 26 625 294 52 39 29 44 28 47 31 20 20
leaf_count=34 32 94 245 28 55 26 625 294 52 39 29 44 28 47 31 20 20
internal_value=0 -0.000103865 1.93725e-05 0.000205791 0 0.000222748 -2.1319e-05 -6.15319e-05 9.24818e-05 -3.05006e-05 -0.000222197 5.97846e-05 1.79795e-05 0.00016689 2.06211e-05 -2.09828e-05 -0.000413773
internal_weight=1743 278 1465 137 1328 112 1216 919 297 246 88 158 103 75 86 114 49
internal_count=1743 278 1465 137 1328 112 1216 919 297 246 88 158 103 75 86 114 49
is_linear=0
shrinkage=0.03


Tree=139
num_leaves=16
num_cat=0
split_feature=22 11 32 34 33 17 35 33 23 33 30 16 19 23 28
split_gain=0.0037908 0.00405976 0.0116601 0.00796328 0.010871 0.00669266 0.00577835 0.015452 0.0243202 0.0178311 0.0135906 0.0139351 0.00492253 0.00480364 0.00291225
threshold=-1.1791886034476247 1.0341107272294996 0.0065382985205623845 -1.3356924214829229 -1.4709029889050296 0.49610929702309109 0.092257693743681798 -0.014229401887907443 0.6478017881831426 -0.24226206243160062 -2.1866904050610461 -0.78460945493596379 0.6145244455606097 2.1058732999453684 -0.39719982125888725
decision_type=2 2 2 2 2 2 2 2 2 2 2 2 2 2 2
left_child=-1 6 12 5 -5 -4 10 9 -9 -8 -2 -12 14 -14 -3
right_child=1 2 3 4 -6 -7 7 8 -10 -11 11 -13 13 -15 -16
leaf_value=-0.00030082404024024315 0.00056076112892187665 -0.00055883877963662661 3.103747773760308e-05 0.00073089528325945134 7.2855065364500955e-06 -0.00059035346025358086 0.00013394842951522834 0.00034223819283833295 -0.00029557946119762834 -0.00021146262108959489 0.00011138245590194032 -0.0002112011932138409 0.00024321128157969032 -0.000316706437841416 -0.00012595930411933093
leaf_weight=34 27 55 24 27 74 20 284 300 58 246 178 316 26 23 51
leaf_count=34 27 55 24 27 74 20 284 300 58 246 178 316 26 23 51
internal_value=0 6.08571e-06 -9.12474e-05 8.61333e-05 0.000245075 -0.000207237 2.90841e-05 7.68315e-05 0.000228997 -2.10338e-05 -4.6546e-05 -8.89597e-05 -0.000274656 0 -0.000387289
internal_weight=1743 1709 300 145 101 44 1409 888 358 530 521 494 155 49 106
internal_count=1743 1709 300 145 101 44 1409 888 358 530 521 494 155 49 106
is_linear=0
shrinkage=0.03


Tree=140
num_leaves=16
num_cat=0
split_feature=8 33 30 35 18 25 11 24 10 20 31 15 25 18 20
split_gain=0.00378166 0.00509363 0.00860539 0.0072204 0.00524797 0.00456076 0.00810771 0.00395974 0.013923 0.011081 0.00830078 0.00739993 0.00342371 0.00120473 0.000407715
threshold=1.0037365796357867 0.2516048204172216 -0.17569260605783413 1.0729339562943234 0.69957894175604496 1.7974363070382788 0.31562719927741562 1.7102377079120632 -0.21170638596574159 1.5390000588666337 0.22501270027519518 0.35256066603677888 -0.14913316180214939 0.012336384293146945 -0.24880153352081613
decision_type=2 2 2 2 2 2 2 2 2 2 2 2 2 2 2
left_child=5 2 4 13 -2 7 -7 9 -9 11 -11 -1 -4 -3 -6
right_child=1 3 12 -5 14 6 -8 8 -10 10 -12 -13 -14 -15 -16
leaf_value=2.9640569825369647e-05 -0.0003686078512511978 -0.00010612289728921426 0 1.7355235526338215e-05 0.00012715707428287713 0.00070078537912922909 0 0.00015464285029156597 -0.0008138213177292567 0.00055289535223032691 0 -0.00014181721133695485 0.00053636689555631686 -0.00065155555675072327 0
leaf_weight=1061 52 23 21 25 21 21 32 21 20 55 31 283 25 32 20
leaf_count=1061 52 23 21 25 21 21 32 21 20 55 31 283 25 32 20
internal_value=0 -0.000116107 0 -0.000302141 -0.000169892 1.64013e-05 0.000283141 4.19869e-06 -0.000272874 1.47909e-05 0.000339522 -4.47079e-06 0.000318605 -0.000492477 2.19039e-05
internal_weight=1743 219 139 80 93 1524 53 1471 41 1430 86 1344 46 55 41
internal_count=1743 219 139 80 93 1524 53 1471 41 1430 86 1344 46 55 41
is_linear=0
shrinkage=0.03


Tree=141
num_leaves=16
num_cat=0
split_feature=3 30 34 26 16 29 29 21 33 19 28 0 4 3 8
split_gain=0.00370539 0.00441015 0.00761005 0.00530395 0.0069077 0.0132864 0.011538 0.00582815 0.00740977 0.00647928 0.00316157 0.00310594 0.00250124 0.00292666 0.00231588
threshold=-1.2024883067906444 -1.8967919543871967 -0.64697693224445385 -0.65871318560286019 -0.79050380295366229 -0.3903606233529639 -0.46375621916134169 -1.0250770531431894 -0.15767317946286266 -0.08905052419324265 -0.57286249061640515 0.96123059116911369 0.39395568171494433 -1.6401762915943603 -1.2688965985418574
decision_type=2 2 2 2 2 2 2 2 2 2 2 2 2 2 2
left_child=11 2 10 7 5 -5 -6 8 -3 -9 -2 12 13 14 -1
right_child=1 3 -4 4 6 -7 -8 9 -10 -11 -12 -13 -14 -15 -16
leaf_value=0.00023604952097957719 0.00017649341116193681 0 0.00054164765439568057 0.00029520756668134705 -0.00030964512232987382 -0.00017832787262421008 -3.8966853159448897e-05 -9.1052164592552744e-05 0.00058866126602668753 0.00014505550380704084 -0.00026124093680118674 0.00043666133329529189 -0.00011216328832570735 0.00034996513654569802 -0.00014209163766606029
leaf_weight=21 27 25 31 117 195 86 630 239 35 179 25 26 38 35 34
leaf_count=21 27 25 31 117 195 86 630 239 35 179 25 26 38 35 34
internal_value=0 -1.40866e-05 0.000190652 -2.7715e-05 -6.73347e-05 8.03579e-05 -0.000107459 5.11436e-05 0.000321184 3.24342e-06 0 0.000138669 4.66243e-05 0.000147381 0
internal_weight=1743 1589 83 1506 1028 203 825 478 60 418 52 154 128 90 55
internal_count=1743 1589 83 1506 1028 203 825 478 60 418 52 154 128 90 55
is_linear=0
shrinkage=0.03


Tree=142
num_leaves=13
num_cat=0
split_feature=22 3 14 14 26 26 35 29 11 16 29 22
split_gain=0.00363893 0.00380297 0.0046186 0.00511433 0.00423054 0.00878477 0.00610172 0.00337839 0.00418566 0.00304717 0.00288209 0.00076653
threshold=-1.1791886034476247 -1.2024883067906444 -0.96110037907246137 -1.3279300326170884 -0.65871318560286019 -0.34273571221981292 0.13995674216956075 -0.31492577311892817 0.31562719927741562 -1.4326415357591671 -0.23540046977290388 -0.25274589617537885
decision_type=2 2 2 2 2 2 2 2 2 2 2 2
left_child=-1 7 3 -3 6 -6 -4 8 9 -2 -5 -9
right_child=1 2 4 10 5 -7 -8 11 -10 -11 -12 -13
leaf_value=-0.00029460861810602602 0 -0.0002038132475427119 0.00018181874294104461 0.00029839002836721937 -0.00025194522740074505 -1.4365744147874079e-05 -3.9573887568240247e-05 3.7442700095617992e-05 0 0.00047304758136481814 0 -0.00015569272823631763
leaf_weight=34 23 21 184 104 176 805 240 23 24 55 30 24
leaf_count=34 23 21 184 104 176 805 240 23 24 55 30 24
internal_value=0 6.09725e-06 -6.01046e-06 0.000145112 -2.50867e-05 -6.06765e-05 5.00788e-05 0.000150216 0.000248219 0.000355494 0.000224958 -4.60387e-06
internal_weight=1743 1709 1560 155 1405 981 424 149 102 78 134 47
internal_count=1743 1709 1560 155 1405 981 424 149 102 78 134 47
is_linear=0
shrinkage=0.03


Tree=143
num_leaves=16
num_cat=0
split_feature=11 29 29 20 34 20 34 17 15 33 29 28 15 16 29
split_gain=0.00353222 0.00664554 0.00484978 0.0344606 0.0224875 0.00895273 0.0147178 0.0173251 0.0121956 0.0120178 0.0149718 0.0121073 0.00866855 0.00677421 0.000237714
threshold=-1.8194364564417294 -0.47369645045565362 -0.48223894414230134 -0.69304314132618206 -0.32228259739579762 0.3037916859443956 -0.46770303030089738 0.024435359610855949 -0.099817475682682275 -0.30619935309548496 -0.46591320384736584 -0.646291902650869 -0.680119509832671 -0.95234331281763984 -0.4912130868367291
decision_type=2 2 2 2 2 2 2 2 2 2 2 2 2 2 2
left_child=1 -1 3 13 -5 6 8 -8 -4 11 -11 -7 -6 -2 -15
right_child=2 -3 5 4 12 9 7 -9 -10 10 -12 -13 -14 14 -16
leaf_value=0.00050653002166322302 0 -4.7793920617550605e-05 8.2727140179171936e-05 -0.00061854314535856247 0 -0.00013871585761268264 0.00036317752169621786 1.9050446470308239e-05 -0.00030365574431030675 0.00028625946621554357 -0.00024263869569342256 0.00030216120941529474 0.00056769058296027753 -0.00028967332105653791 -0.00088936185672798226
leaf_weight=32 21 24 136 22 41 90 229 352 136 48 362 120 64 23 43
leaf_count=32 21 24 136 22 41 90 229 352 136 48 362 120 64 23 43
internal_value=0 0.000227765 -8.36567e-06 -0.000141707 0.000154838 9.22248e-06 7.39615e-05 0.000160993 -0.00010076 -7.49577e-05 -0.000171825 9.98369e-05 0.000357338 -0.000598659 -0.000745538
internal_weight=1743 56 1687 214 127 1473 853 581 272 620 410 210 105 87 66
internal_count=1743 56 1687 214 127 1473 853 581 272 620 410 210 105 87 66
is_linear=0
shrinkage=0.03


Tree=144
num_leaves=13
num_cat=0
split_feature=22 14 35 14 3 21 26 26 35 2 29 26
split_gain=0.00356014 0.00349764 0.00491319 0.00820657 0.00405956 0.00414188 0.00413012 0.00812219 0.00604134 0.00308524 0.00227973 0.00211885
threshold=-1.2024711509391659 -0.96110037907246137 0.084512466623249419 -1.2101774673468362 -1.1052857649296619 0.97251256194783098 -0.65871318560286019 -0.32927161072178684 0.13995674216956075 0.14823962286366965 -0.47199878087482611 -0.74818792104265375
decision_type=2 2 2 2 2 2 2 2 2 2 2 2
left_child=-1 2 3 -2 5 9 8 -8 -6 -3 -4 -12
right_child=1 4 10 -5 6 -7 7 -9 -10 -11 11 -13
leaf_value=-0.00037120166307558189 -0.00052798432036829386 0.00016602864004078849 0 0.00018260953463066149 0.00017982720951652977 0.00042726605310370881 -0.00024283530131043464 -1.571453827870885e-05 -4.1531358273277872e-05 -9.9034746417489192e-05 5.0152612708916417e-05 0.00047854020941304047
leaf_weight=20 20 79 21 31 183 32 180 795 237 62 37 46
leaf_count=20 20 79 21 31 183 32 180 795 237 62 37 46
internal_value=0 4.49949e-06 0.000140085 -5.43503e-05 -7.23573e-06 0.000125747 -2.61078e-05 -6.13283e-05 4.84169e-05 2.90076e-05 0.000262321 0.000330867
internal_weight=1743 1723 155 51 1568 173 1395 975 420 141 104 83
internal_count=1743 1723 155 51 1568 173 1395 975 420 141 104 83
is_linear=0
shrinkage=0.03


Tree=145
num_leaves=17
num_cat=0
split_feature=9 34 31 14 17 26 20 15 28 35 24 15 14 24 10 21
split_gain=0.00343802 0.00580357 0.00791162 0.00801949 0.005789 0.00521047 0.00676381 0.0197226 0.0064637 0.0110728 0.00937192 0.00460381 0.0044891 0.003851 0.00335209 0.000725787
threshold=0.61926359088973071 -1.3889900859456545 -0.22366112884806277 1.0112059960978257 1.4184503962100652 2.4544034014851435 -1.4406692617791155 0.45812668371950377 -0.61129496285408347 0.13781404245726284 1.007180437535214 1.6884304091127793 0.18097901198681979 0.18077978639049616 -0.76101988973051105 0.30094081805487516
decision_type=2 2 2 2 2 2 2 2 2 2 2 2 2 2 2 2
left_child=5 15 12 4 -4 6 7 -1 9 -8 -10 -5 13 -3 -9 -2
right_child=1 2 3 11 -6 -7 8 14 10 -11 -12 -13 -14 -15 -16 -17
leaf_value=0.00079319642619229849 -9.9700803578798498e-05 0.00047483720881472423 -0.00011186157539818771 0.00046859404341214234 -0.00057599436372638097 -0.00038136965295092927 0.0002982755334295299 0.00025039101793410497 -7.9853478559534607e-05 -3.4409150537196331e-05 0.00016463838326295413 -4.0364786465134824e-06 -9.628714658547098e-06 0 -0.00017409533097480351 -0.00056863203881948713
leaf_weight=37 29 46 168 24 34 24 165 20 713 163 168 24 38 20 49 21
leaf_count=37 29 46 168 24 34 24 165 20 713 163 168 24 38 20 49 21
internal_value=0 -7.67975e-05 -2.35825e-05 -0.000122123 -0.000211903 2.27372e-05 3.324e-05 0.000260861 1.02116e-05 0.000125071 -2.94366e-05 0.000187119 0.000182038 0.000331491 -4.08283e-06 -0.000374294
internal_weight=1743 404 354 250 202 1339 1315 106 1209 328 881 48 104 66 69 50
internal_count=1743 404 354 250 202 1339 1315 106 1209 328 881 48 104 66 69 50
is_linear=0
shrinkage=0.03


Tree=146
num_leaves=19
num_cat=0
split_feature=9 34 35 23 33 35 28 34 30 34 34 35 33 18 18 34 29 23
split_gain=0.00333751 0.00665352 0.00538069 0.0103576 0.0102759 0.00730556 0.0140348 0.0182153 0.0136368 0.0129487 0.0104605 0.00773444 0.00462149 0.00433721 0.00414386 0.00348451 0.00246713 0.00114289
threshold=0.87643583452807827 -1.3889900859456545 0.75322038275067771 0.6478017881831426 1.0798237472627188 0.15637920180841974 -0.46954133927780695 -1.4958532776498381 -0.032651642871713273 1.4340637679736503 -1.5391619054033632 -0.12096320622176961 0.2516048204172216 -0.016135131694369965 0.97912148693220302 0.30998797328785099 -0.3968482622307376 0.034063657927996656
decision_type=2 2 2 2 2 2 2 2 2 2 2 2 2 2 2 2 2 2
left_child=2 -2 5 4 17 8 7 -7 10 -8 -1 -10 14 -14 15 -3 -15 -4
right_child=1 12 3 -5 -6 6 9 -9 11 -11 -12 -13 13 16 -16 -17 -18 -19
leaf_value=-0.0001579987147862055 -0.00048878998363922747 -0.00011848536790372595 0 -0.00023595015066842149 0.00087869927247187919 0.00018776571277815559 0.00012868855074774899 -0.00051978569887552195 0 -0.00054409430683028466 0.0001717150955152996 -0.00030130514324252437 0 -0.00062928101082332431 0.00029884479916159144 0.00028052026291539809 -4.4251190591603515e-05 0.00023515734530144157
leaf_weight=90 32 94 34 25 25 36 194 116 194 26 578 119 39 22 44 20 27 28
leaf_count=90 32 94 34 25 25 36 194 116 194 26 578 119 39 22 44 20 27 28
internal_value=0 -9.53149e-05 1.75257e-05 0.000214547 0.000380884 0 -0.00011189 -0.000332462 4.37129e-05 2.94749e-05 0.000122314 -0.000114111 -2.68105e-05 -0.000205279 5.59291e-05 -1.74454e-05 -0.000385761 0.000102707
internal_weight=1743 278 1465 112 87 1353 372 152 981 220 668 313 246 88 158 114 49 62
internal_count=1743 278 1465 112 87 1353 372 152 981 220 668 313 246 88 158 114 49 62
is_linear=0
shrinkage=0.03


Tree=147
num_leaves=17
num_cat=0
split_feature=22 11 32 9 29 33 22 34 20 34 34 28 35 20 23 29
split_gain=0.00337629 0.00333063 0.0103955 0.00697509 0.0064735 0.0110826 0.0204684 0.0127368 0.0108966 0.0125872 0.00511019 0.00428384 0.00414164 0.00350895 0.00344335 0.00296344
threshold=-1.1791886034476247 1.0341107272294996 0.0065382985205623845 1.0296444163794438 -0.28834647384956363 -0.1259276310809225 1.755945494662954 -0.13346137008646444 -0.68220798016019757 0.16811574403000648 -1.3243845175724662 -0.58286395990584239 0.19117744024003913 0.17376975195258115 2.1058732999453684 -0.46805256415936763
decision_type=2 2 2 2 2 2 2 2 2 2 2 2 2 2 2 2
left_child=-1 4 13 11 5 6 -2 -7 12 -10 -5 -4 -6 15 -15 -3
right_child=1 2 3 10 8 7 -8 -9 9 -11 -12 -13 -14 14 -16 -17
leaf_value=-0.00028419546875473419 -0.00011262180551518429 -0.00067482654320011879 0.00043837563914389142 -0.00048444243615655144 0.00056448525923368485 0.00073676294182865496 0.00069554154165089128 0.00011326179881479633 0 -0.00034896786216268076 1.2572821535504768e-05 0 0 0.00017552596688474295 -0.00028921184610897818 -0.00019087182715396388
leaf_weight=34 370 26 51 20 26 31 27 547 243 141 47 27 24 27 23 79
leaf_count=34 370 26 51 20 26 31 27 547 243 141 47 27 24 27 23 79
internal_value=0 5.41927e-06 -8.25232e-05 8.42613e-05 2.64039e-05 7.07589e-05 -4.53542e-05 0.000155497 -6.61783e-05 -0.000126651 -0.000107336 0.000283756 0.000322525 -0.000256172 0 -0.000353902
internal_weight=1743 1709 300 145 1409 975 397 578 434 384 67 78 50 155 50 105
internal_count=1743 1709 300 145 1409 975 397 578 434 384 67 78 50 155 50 105
is_linear=0
shrinkage=0.03


Tree=148
num_leaves=14
num_cat=0
split_feature=22 24 29 20 29 33 31 25 33 17 35 28 29
split_gain=0.00319356 0.00333291 0.0128124 0.0053593 0.0189862 0.0171334 0.0179672 0.0159927 0.0133074 0.00577876 0.00480904 0.00245709 0.00118539
threshold=-1.1791886034476247 -1.496690192052512 -0.47233775762679658 0.37963781410628744 -0.45431641013668306 -0.14275564777634528 -0.2035056245265425 -0.97438582149312536 -0.58988687574458498 -0.11444442967571343 0.12782379426575699 -0.59137928370207271 -0.42166779555660511
decision_type=2 2 2 2 2 2 2 2 2 2 2 2 2
left_child=-1 2 11 5 9 6 -3 -7 -6 -5 -4 -2 -12
right_child=1 3 10 4 8 7 -8 -9 -10 -11 12 -13 -14
leaf_value=-0.00027636088894654974 -6.0363379669272236e-05 6.3837362706368485e-05 0.00038770268001462682 0 8.7914370401959767e-05 -5.030003145921827e-05 -0.00031920951873649867 0.0003304520678804735 -0.00022727642763836328 0.00045491162804781293 -0.00021675005959812552 -0.00064733390854923307 2.3496120411436483e-07
leaf_weight=34 24 356 29 43 161 129 152 295 364 71 22 34 29
leaf_count=34 24 356 29 43 161 129 152 295 364 71 22 34 29
internal_value=0 5.31242e-06 -0.000131815 1.94922e-05 -4.45397e-05 6.66045e-05 -4.61054e-05 0.000208045 -0.000124986 0.000294 8.42802e-05 -0.000468544 -4.46525e-05
internal_weight=1743 1709 138 1571 639 932 508 424 525 114 80 58 51
internal_count=1743 1709 138 1571 639 932 508 424 525 114 80 58 51
is_linear=0
shrinkage=0.03


Tree=149
num_leaves=12
num_cat=0
split_feature=11 29 29 20 34 22 20 33 33 22 16
split_gain=0.00333054 0.0061006 0.00465307 0.0317959 0.0204834 0.00798449 0.0101336 0.0173391 0.010293 0.00772409 0.00604002
threshold=-1.8194364564417294 -0.47369645045565362 -0.48223894414230134 -0.69304314132618206 -0.32228259739579762 -1.1378205056724753 0.3037916859443956 -0.14943911602153068 -0.30619935309548496 1.0000000180025095e-35 -0.95234331281763984
decision_type=2 2 2 2 2 2 2 2 2 2 2
left_child=1 -1 3 10 -5 -4 7 -7 -8 -6 -2
right_child=2 -3 5 4 9 6 8 -9 -10 -11 -12
leaf_value=0.00048778856433928018 0 -3.8622472887962225e-05 -0.00050819197832466809 -0.00059128125982359052 0.00015195547332304754 -4.9278401733595586e-05 9.2317904586310199e-05 0.00021981945041926062 -0.00015867302348466868 0.00085080657806247469 -0.00071739567265562381
leaf_weight=32 21 24 23 22 84 390 210 440 410 21 66
leaf_count=32 21 24 23 22 84 390 210 440 410 21 66
internal_value=0 0.000220844 -8.42418e-06 -0.000139029 0.000145057 8.76177e-06 2.00587e-05 9.00523e-05 -6.88094e-05 0.000339254 -0.000578074
internal_weight=1743 56 1687 214 127 1473 1450 830 620 105 87
internal_count=1743 56 1687 214 127 1473 1450 830 620 105 87
is_linear=0
shrinkage=0.03


Tree=150
num_leaves=17
num_cat=0
split_feature=9 34 31 26 20 15 28 35 24 30 31 5 28 30 9 21
split_gain=0.00329303 0.0050997 0.0072675 0.00495081 0.00583632 0.0181096 0.00589101 0.0098188 0.00885303 0.00439337 0.00787707 0.00408276 0.00409578 0.00332941 0.00315233 0.000587039
threshold=0.61926359088973071 -1.3889900859456545 -0.22737034109551776 2.4544034014851435 -1.4406692617791155 0.45812668371950377 -0.61129496285408347 0.13781404245726284 1.007180437535214 -0.17827548414524 -0.12019662486696787 -0.24278422028917163 -0.65245878156775283 -0.19203099215406352 -0.68835199329959817 0.30094081805487516
decision_type=2 2 2 2 2 2 2 2 2 2 2 2 2 2 2 2
left_child=3 15 11 4 5 -1 7 -6 -8 13 -11 -3 -13 -4 -7 -2
right_child=1 2 9 -5 6 14 8 -9 -10 10 -12 12 -14 -15 -16 -17
leaf_value=0.00075457500513293775 -9.096334159499974e-05 -5.9157515189536536e-05 -3.6165464155869003e-05 -0.00037186940702506235 0.00028332911408506331 0.00018300668875453994 -7.6231346092845838e-05 -2.8861266927806244e-05 0.00016144610813353212 0.00030474137246016072 -0.00013773261656853974 0 0.00045686035905279879 -0.00064721037849085406 -0.00020206706769531593 -0.0005382032266134047
leaf_weight=37 29 23 31 24 165 27 713 163 168 41 168 22 48 21 42 21
leaf_count=37 29 23 31 24 165 27 713 163 168 41 168 22 48 21 42 21
internal_value=0 -7.5513e-05 -2.4947e-05 2.1888e-05 3.21807e-05 0.000243855 1.05891e-05 0.000120267 -2.71203e-05 -0.000113282 -3.36965e-05 0.000187503 0.000308744 -0.000359321 -8.37246e-06 -0.00035524
internal_weight=1743 404 354 1339 1315 106 1209 328 881 261 209 93 70 52 69 50
internal_count=1743 404 354 1339 1315 106 1209 328 881 261 209 93 70 52 69 50
is_linear=0
shrinkage=0.03


Tree=151
num_leaves=16
num_cat=0
split_feature=8 33 31 17 13 29 24 10 20 31 20 11 34 14 34
split_gain=0.00316914 0.00440502 0.00642286 0.0053619 0.00469952 0.00442448 0.00398831 0.0124081 0.00857133 0.00671788 0.00660146 0.0115794 0.0112764 0.00195266 3.57613e-06
threshold=1.0037365796357867 0.2516048204172216 -0.19237528112352612 0.49610929702309109 0.76145713622675493 -0.37248930127473517 1.7102377079120632 -0.21170638596574159 1.5390000588666337 0.19080166875562196 0.37963781410628744 -0.42966186316984994 -0.19005209589273545 0.22324302104168633 -0.94695739987899108
decision_type=2 2 2 2 2 2 2 2 2 2 2 2 2 2 2
left_child=6 2 4 -4 -2 -3 8 -8 10 14 12 -12 -1 -6 -10
right_child=1 5 3 -5 13 -7 7 -9 9 -11 11 -13 -14 -15 -16
leaf_value=-5.869742060631113e-05 -0.00049785727031528956 -0.00048261689944192768 0 0.00061288006919557635 9.1491261045174553e-05 0 0.00013604792399564755 -0.00077269469076038703 0.0001597164085206504 0 -0.00026046839905116936 3.7980614484447875e-05 0.0001450203136105138 -0.0002179849481182308 0.00065071607514453878
leaf_weight=427 22 42 24 20 48 38 21 20 23 33 197 247 526 25 30
leaf_count=427 22 42 24 20 48 38 21 20 23 33 197 247 526 25 30
internal_value=0 -0.000106855 0 0.000284851 -0.000141673 -0.000279831 1.44176e-05 -0.000261519 2.45778e-05 0.00031062 4.19809e-06 -8.85873e-05 5.0707e-05 0 0.000511183
internal_weight=1743 219 139 44 95 80 1524 41 1483 86 1397 444 953 73 53
internal_count=1743 219 139 44 95 80 1524 41 1483 86 1397 444 953 73 53
is_linear=0
shrinkage=0.03


Tree=152
num_leaves=13
num_cat=0
split_feature=34 32 22 34 34 34 29 34 26 15 35 28
split_gain=0.00309438 0.00373031 0.00770881 0.00814593 0.0114081 0.00708011 0.0198018 0.0219746 0.0112604 0.0108007 0.0096616 0.00239543
threshold=2.1963701653983967 -0.021802685075961226 -1.1791886034476247 -0.46770303030089738 -0.26437280293379423 0.26753147628953811 -0.16422746599832841 0.96932007405758858 0.88022242661754724 -0.45634510054296101 0.13846986588552307 -0.52529246323782364
decision_type=2 2 2 2 2 2 2 2 2 2 2 2
left_child=1 2 -1 11 -5 8 7 -7 10 -10 -3 -4
right_child=-2 5 3 4 -6 6 -8 -9 9 -11 -12 -13
leaf_value=-0.00059332808389444831 0.00031760683681608903 0.00014862114343462354 0 0.0005705607647454599 -2.7429758491802499e-05 0.00076929749656032493 -0.00038432218400954175 -0.00019883442740179955 0.00030226821127428627 -0.00035629338399879629 -7.6555149706500846e-05 -0.00043489903266943821
leaf_weight=21 24 402 23 27 663 64 26 23 20 122 276 52
leaf_count=21 24 402 23 27 663 64 26 23 20 122 276 52
internal_value=0 -5.96828e-06 -5.54543e-05 -3.45229e-05 0 3.25599e-05 0.000251965 0.000481925 0 -0.000238514 5.26177e-05 -0.000325156
internal_weight=1743 1719 786 765 690 933 113 87 820 142 678 75
internal_count=1743 1719 786 765 690 933 113 87 820 142 678 75
is_linear=0
shrinkage=0.03


Tree=153
num_leaves=18
num_cat=0
split_feature=9 34 31 14 14 26 21 24 29 28 9 29 5 28 20 33 26
split_gain=0.00312996 0.00475184 0.0066886 0.00622979 0.00499891 0.00457097 0.00561749 0.00818135 0.0128271 0.00783945 0.00773663 0.00491404 0.0038186 0.00383108 0.00355767 0.00323327 0.000492686
threshold=0.61926359088973071 -1.3889900859456545 -0.22737034109551776 1.0112059960978257 -0.35718140218385791 2.4544034014851435 -0.010991565846970777 -1.496690192052512 -0.353125979853956 -0.61129496285408347 0.44502280913897801 -0.45666158626907932 -0.24278422028917163 -0.65245878156775283 -0.30297733935073873 -0.30619935309548496 0.033848866244377974
decision_type=2 2 2 2 2 2 2 2 2 2 2 2 2 2 2 2 2
left_child=5 16 12 4 -4 6 9 11 -9 15 -11 -8 -3 -14 -5 -1 -2
right_child=1 2 3 14 -6 -7 7 8 -10 10 -12 -13 13 -15 -16 -17 -18
leaf_value=0.00025883212076287769 -9.3263657111575308e-05 -5.7502557609181017e-05 -1.0226123513364972e-05 0 -0.00033356113003173957 -0.00035698248497727843 -0.00040265115473885087 0.0002973502242917907 -1.8147729179223198e-05 -0.00011112194665369926 0.00025940667644541607 3.3531446563074491e-05 0 0.00043963871134773772 0.00040642252150509093 1.4461320299174502e-06 -0.00052906896445252332
leaf_weight=99 30 23 106 26 105 24 37 256 179 545 49 29 22 48 24 121 20
leaf_count=99 30 23 106 26 105 24 37 256 179 545 49 29 22 48 24 121 20
internal_value=0 -7.39181e-05 -2.47574e-05 -0.00010975 -0.000187567 2.10237e-05 3.09957e-05 0.000110472 0.00016144 -1.44743e-05 -7.43814e-05 -0.000174392 0.000178496 0.000296311 0.00015406 0.000132647 -0.00034427
internal_weight=1743 404 354 261 211 1339 1315 501 435 814 594 66 93 70 50 220 50
internal_count=1743 404 354 261 211 1339 1315 501 435 814 594 66 93 70 50 220 50
is_linear=0
shrinkage=0.03


Tree=154
num_leaves=19
num_cat=0
split_feature=9 34 35 23 33 25 30 32 28 35 34 33 28 6 14 21 22 23
split_gain=0.00303399 0.00543487 0.00508795 0.00932371 0.00954355 0.00655072 0.00881917 0.0142548 0.00649246 0.0160022 0.0106782 0.00377408 0.00345173 0.00411446 0.00343753 0.004 0.00263953 0.00115451
threshold=0.87643583452807827 -1.3889900859456545 0.75322038275067771 0.6478017881831426 1.0798237472627188 0.012036226446999863 -0.22359694286670348 -0.012186921221588048 -0.57286249061640515 -0.62508341952136848 -0.15235557733974486 0.2516048204172216 -0.65440360113768725 0.16088239074798874 1.3575532283367178 -0.36329140907473262 1.734507881180229 0.034063657927996656
decision_type=2 2 2 2 2 2 2 2 2 2 2 2 2 2 2 2 2 2
left_child=2 -2 5 4 17 6 16 -8 9 -7 -10 12 -3 -14 15 -13 -1 -4
right_child=1 11 3 -5 -6 8 7 -9 10 -11 -12 14 13 -15 -16 -17 -18 -19
leaf_value=-0.00033863781932554304 -0.00044868518433400562 -0.00020258247901074354 0 -0.00021590704183160726 0.0008458826716856233 0.00086732315607368948 -0.00011882188016024882 0.00017239873488761076 -0.00024737035820966615 7.8649872116426939e-05 0.00010086861581521117 0 0 0.00030893927797928959 1.4501942890799701e-05 -0.00047567985955604609 0 0.00022986088017182
leaf_weight=109 32 29 34 25 25 27 402 237 106 162 286 23 71 58 24 41 24 28
leaf_count=109 32 29 34 25 25 27 402 237 106 162 286 23 71 58 24 41 24 28
internal_value=0 -9.14823e-05 1.60656e-05 0.000207638 0.000365819 0 -5.73917e-05 -5.83671e-06 7.56585e-05 0.000218734 0 -2.81227e-05 4.49813e-05 0.000126702 -0.0001895 -0.000308001 -0.000277437 9.59851e-05
internal_weight=1743 278 1465 112 87 1353 772 639 581 189 392 246 158 129 88 64 133 62
internal_count=1743 278 1465 112 87 1353 772 639 581 189 392 246 158 129 88 64 133 62
is_linear=0
shrinkage=0.03


Tree=155
num_leaves=14
num_cat=0
split_feature=34 4 9 21 15 31 34 21 21 7 35 35 7
split_gain=0.00292646 0.00317309 0.00509271 0.00715079 0.0120597 0.00370943 0.00845121 0.00692368 0.00771192 0.00646759 0.00432764 0.0015874 0.000976914
threshold=2.1963701653983967 -1.2022754502346886 -0.92548968384834507 0.023259902195354978 0.5326995491121197 -0.12019662486696787 0.61448819568947355 -0.92843922563148362 -0.10824092306682077 -0.56451179485686354 0.082253303498070127 0.12212666293061433 -0.31569382358753068
decision_type=2 2 2 2 2 2 2 2 2 2 2 2 2
left_child=1 2 11 12 -5 6 9 10 -9 -3 -7 -1 -4
right_child=-2 5 3 4 -6 7 -8 8 -10 -11 -12 -13 -14
leaf_value=-0.00019449696853989735 0.00030863501297103037 0.00013677665786159001 0.00013550298545473755 0.00097915174639318136 0 0.00047773698388066675 0.00050659938739432446 -0.0002170366429490011 -2.4189780459588891e-06 -5.2056065675928682e-05 0 5.3682172122145332e-05 -0.00012199497696646074
leaf_weight=37 24 225 23 22 22 25 28 301 357 571 59 25 24
leaf_count=37 24 225 23 22 22 25 28 301 357 571 59 25 24
internal_value=0 -5.99641e-06 0.000120382 0.000266558 0.000528239 -2.04624e-05 2.05677e-05 -6.9953e-05 -0.000105673 0 0.000169368 -5.0412e-05 0
internal_weight=1743 1719 153 91 44 1566 824 742 658 796 84 62 47
internal_count=1743 1719 153 91 44 1566 824 742 658 796 84 62 47
is_linear=0
shrinkage=0.03


Tree=156
num_leaves=17
num_cat=0
split_feature=10 29 17 15 26 15 29 34 19 14 17 33 30 17 34 34
split_gain=0.00286761 0.00881371 0.00634252 0.00585257 0.00693096 0.00477905 0.0132642 0.0167099 0.0123148 0.007319 0.00851769 0.00592678 0.00476388 0.00418967 0.00386786 0.000493254
threshold=-0.75019588307323415 -0.31934721941546734 -1.0875312371084895 -0.92572651751790136 0.28925653122633171 0.13709815482731563 -0.37544401566394675 -1.5391619054033632 1.8264037897431924 -0.28649337604755298 1.8343509468468082 0.74872954027939265 -0.1397829161197007 -1.0492230600352228 0.13748078936724312 -0.94695739987899108
decision_type=2 2 2 2 2 2 2 2 2 2 2 2 2 2 2 2
left_child=1 3 -2 -1 13 9 8 -8 -7 11 -11 -4 -6 -5 15 -3
right_child=2 14 5 4 12 6 7 -9 -10 10 -12 -13 -14 -15 -16 -17
leaf_value=-0.00023913835841813123 -0.00038546780155905124 -7.1094631460522672e-05 -8.692083781960223e-05 0.00012006033115176253 -0.00015914904656980571 -0.00033219124579610576 -0.00045775795729859965 0.0002133529804562439 0.00034091257356340068 0.00020659141251603004 -0.00032829402446245346 0.00011920604210590571 0.0001978168585224074 0.00053645359688006067 -0.00038975504747650118 0.00010647332438384182
leaf_weight=21 39 31 444 69 55 203 37 167 21 274 23 164 70 67 37 21
leaf_count=21 39 31 444 69 55 203 37 167 21 274 23 164 70 67 37 21
internal_value=0 7.27666e-05 -2.08985e-05 0.000160234 0.000206084 -7.14509e-06 -9.11596e-05 7.2269e-05 -0.0002522 2.94537e-05 0.000152301 -2.60985e-05 1.72655e-05 0.000353929 -0.000167957 0
internal_weight=1743 371 1372 282 261 1333 428 204 224 905 297 608 125 136 89 52
internal_count=1743 371 1372 282 261 1333 428 204 224 905 297 608 125 136 89 52
is_linear=0
shrinkage=0.03


Tree=157
num_leaves=12
num_cat=0
split_feature=22 14 14 3 26 26 19 0 4 28 18
split_gain=0.00285249 0.00312576 0.00438156 0.0034771 0.0034286 0.00705625 0.00458729 0.00266517 0.00217106 0.00186062 0.00305472
threshold=-1.2024711509391659 -0.96110037907246137 -1.2570064012710811 -1.2024883067906444 -0.65871318560286019 -0.34273571221981292 0.017643686642516653 0.96123059116911369 0.39395568171494433 -0.59911043487555926 -0.44555967450495654
decision_type=2 2 2 2 2 2 2 2 2 2 2
left_child=-1 2 -2 7 6 -6 -5 8 -3 -4 -11
right_child=1 3 9 4 5 -7 -8 -9 -10 10 -12
leaf_value=-0.00033271951106903343 -0.00010414839905723439 0.00013397926120100296 0 -9.2754279945323812e-06 -0.00022539489026196665 -1.3893800127515327e-05 0.00020128974273862424 0.00039942741379591414 -0.00010952476989591448 7.7314691785115556e-06 0.00042581873948376779
leaf_weight=20 35 88 21 306 180 812 118 26 38 43 56
leaf_count=20 35 88 21 306 180 812 118 26 38 43 56
internal_value=0 3.49513e-06 0.000131825 -7.50845e-06 -2.40174e-05 -5.585e-05 4.3302e-05 0.000124419 3.64465e-05 0.000225902 0.000279205
internal_weight=1743 1723 155 1568 1416 992 424 152 126 120 99
internal_count=1743 1723 155 1568 1416 992 424 152 126 120 99
is_linear=0
shrinkage=0.03


Tree=158
num_leaves=19
num_cat=0
split_feature=9 34 35 21 25 30 32 15 28 23 23 33 18 18 34 23 29 10
split_gain=0.00281744 0.00504255 0.0047492 0.00900445 0.00591708 0.00812912 0.0131767 0.00773473 0.00930971 0.00632037 0.00477631 0.00353011 0.00379018 0.00345104 0.00261581 0.00252177 0.00195044 0.00139885
threshold=0.87643583452807827 -1.3889900859456545 0.75322038275067771 0.17127481433723438 0.012036226446999863 -0.22359694286670348 -0.012186921221588048 0.71843250665050251 -0.59983074862576891 -0.99119830533059938 0.6478017881831426 0.2516048204172216 -0.016135131694369965 0.97912148693220302 0.30998797328785099 1.7440161364423334 -0.3968482622307376 -0.14079232222235302
decision_type=2 2 2 2 2 2 2 2 2 2 2 2 2 2 2 2 2 2
left_child=2 -2 4 10 5 15 -7 9 -9 -6 17 13 -13 14 -3 -1 -14 -4
right_child=1 11 3 -5 7 6 -8 8 -10 -11 -12 12 16 -15 -16 -17 -18 -19
leaf_value=-0.00032543719504662602 -0.00043218477830024701 -0.00011121255994573601 0 0.00066259741993492528 0.00045151754233841622 -0.00011351571400966213 0.0001665127805797965 0.00069113498358982681 0 0 -0.00029601213905754354 0 -0.00057180235792882736 0.00026740760682150721 0.0002292316960899726 0 -3.4127753321081398e-05 0.00027652601617778283
leaf_weight=109 32 94 23 26 26 402 237 35 45 475 23 39 22 44 20 24 27 40
leaf_count=109 32 94 23 26 26 402 237 35 45 475 23 39 22 44 20 24 27 40
internal_value=0 -8.79448e-05 1.57111e-05 0.000200795 0 -5.43604e-05 -4.68971e-06 7.20921e-05 0.000343136 2.10744e-05 9.84383e-06 -2.64499e-05 -0.000182845 4.38066e-05 -2.14982e-05 -0.000265577 -0.000352286 0.00017534
internal_weight=1743 278 1465 112 1353 772 639 581 80 501 86 246 88 158 114 133 49 63
internal_count=1743 278 1465 112 1353 772 639 581 80 501 86 246 88 158 114 133 49 63
is_linear=0
shrinkage=0.03


Tree=159
num_leaves=16
num_cat=0
split_feature=8 24 13 20 15 20 28 31 4 20 29 11 14 13 19
split_gain=0.00266643 0.00376927 0.0114348 0.00756762 0.00601914 0.0104001 0.0103115 0.0059856 0.00341738 0.00426359 0.00580083 0.00352844 0.00249618 0.00208186 0.00135038
threshold=1.0037365796357867 1.7102377079120632 -0.24001436490858905 1.5390000588666337 0.35256066603677888 -1.4840099064430536 -0.59340128216674515 0.19080166875562196 -0.70360039175370248 -0.38965862867861517 -0.43727270114523142 0.21789898059862409 0.14952670022900899 1.354443554852333 1.5798000003112176
decision_type=2 2 2 2 2 2 2 2 2 2 2 2 2 2 2
left_child=1 3 -3 4 5 -1 -6 14 -2 11 -11 -10 -13 -12 -5
right_child=8 2 -4 7 6 -7 -8 -9 9 10 13 12 -14 -15 -16
leaf_value=0.00043200421278316787 0.00014804940213798543 0.00012225564042455517 -0.00074581574162205114 0.00018619463709183037 8.8072290433224338e-05 1.4147850769333572e-05 -0.00025162613881068183 0 -0.00065340304562821984 0.00027548900475774549 -0.00030588473021780373 8.3825269015505857e-06 -0.00029291807870807438 0 0.00075019097838388842
leaf_weight=55 29 21 20 33 120 1034 188 33 22 35 42 27 33 31 20
leaf_count=55 29 21 20 33 120 1034 188 33 22 35 42 27 33 31 20
internal_value=0 1.32747e-05 -0.000254992 2.321e-05 3.92847e-06 3.91278e-05 -0.000110057 0.000292024 -9.79682e-05 -0.00015278 0 -0.000313278 -0.000115771 -0.000175348 0.000481382
internal_weight=1743 1524 41 1483 1397 1089 308 86 219 190 108 82 60 73 53
internal_count=1743 1524 41 1483 1397 1089 308 86 219 190 108 82 60 73 53
is_linear=0
shrinkage=0.03


Tree=160
num_leaves=17
num_cat=0
split_feature=10 29 17 15 26 15 29 34 19 14 17 33 34 28 34 34
split_gain=0.00268682 0.00816988 0.00579931 0.0054709 0.0063671 0.00442388 0.0119844 0.015521 0.0113425 0.00690555 0.00793891 0.00554642 0.0041961 0.00374281 0.00360662 0.000421481
threshold=-0.75019588307323415 -0.31934721941546734 -1.0875312371084895 -0.92572651751790136 0.28925653122633171 0.13709815482731563 -0.37544401566394675 -1.5391619054033632 1.8264037897431924 -0.28649337604755298 1.8343509468468082 0.74872954027939265 -0.31482224338705217 -0.51893652180696648 0.13748078936724312 -0.94695739987899108
decision_type=2 2 2 2 2 2 2 2 2 2 2 2 2 2 2 2
left_child=1 3 -2 -1 12 9 8 -8 -7 11 -11 -4 -5 -6 15 -3
right_child=2 14 5 4 13 6 7 -9 -10 10 -12 -13 -14 -15 -16 -17
leaf_value=-0.00022913979261647907 -0.00036869913762036178 -6.4015767971474868e-05 -8.4453812163384098e-05 0.00060683630506924171 -0.00011520153034176804 -0.0003179489338793961 -0.00044312277828867082 0.00020358442656990302 0.00032603862008545549 0.00020035606665305255 -0.0003145786864826313 0.00011479823014720031 0.00016779737688530554 0.00019733778435262277 -0.00037466647132969224 9.9999965430470176e-05
leaf_weight=21 39 31 444 44 63 203 37 167 21 274 23 164 92 62 37 21
leaf_count=21 39 31 444 44 63 203 37 167 21 274 23 164 92 62 37 21
internal_value=0 7.06502e-05 -2.00243e-05 0.00015504 0.000199567 -6.77251e-06 -8.76754e-05 6.70746e-05 -0.000240848 2.83481e-05 0.000147732 -2.54984e-05 0.000341454 1.73723e-05 -0.00016047 0
internal_weight=1743 371 1372 282 261 1333 428 204 224 905 297 608 136 125 89 52
internal_count=1743 371 1372 282 261 1333 428 204 224 905 297 608 136 125 89 52
is_linear=0
shrinkage=0.03


Tree=161
num_leaves=16
num_cat=0
split_feature=22 15 14 28 16 34 26 33 34 28 29 15 29 21 17
split_gain=0.00269071 0.00298873 0.0219035 0.0111304 0.00897356 0.00835268 0.0198447 0.0116039 0.0114646 0.00979146 0.00514527 0.00336861 0.00227224 0.0011118 0.000371107
threshold=-1.2024711509391659 -0.52371656154083068 -0.35231735586647944 -0.36783376251976924 -1.1099550891387497 -0.19005209589273545 0.070138535932964555 -0.24226206243160062 -0.1594460562256079 -0.63008041414162153 -0.48062467933158309 0.57524710804066037 -0.4703580491863581 -0.8201804180340857 -0.2790522428165198
decision_type=2 2 2 2 2 2 2 2 2 2 2 2 2 2 2
left_child=-1 2 4 12 13 6 7 -3 14 -10 -6 -8 -4 -2 -7
right_child=1 5 3 -5 10 8 11 -9 9 -11 -12 -13 -14 -15 -16
leaf_value=-0.0003229742925614118 -1.2837354542820576e-05 8.803028975840955e-05 0.00018531492859340056 0 -0.0002034993905799638 0.00012125475911180609 -0.00052258632426583056 -0.00047519466702549443 0.00048829531770509978 -1.9776917980591666e-05 8.221080382704174e-05 -0.00014850153986747464 0.0008366072093275315 -0.00043219342288818767 0.00067728834740817543
leaf_weight=20 25 272 23 26 61 20 93 34 33 607 351 68 44 44 22
leaf_count=20 25 272 23 26 61 20 93 34 33 607 351 68 44 44 22
internal_value=0 3.60711e-06 6.07901e-05 0.000475726 -1.56898e-05 -2.24392e-05 -0.000121459 1.1735e-05 4.12201e-05 3.9109e-06 3.15149e-05 -0.000388487 0.00067341 -0.000328785 0.000504913
internal_weight=1743 1723 574 93 481 1149 467 306 682 640 412 161 67 69 42
internal_count=1743 1723 574 93 481 1149 467 306 682 640 412 161 67 69 42
is_linear=0
shrinkage=0.03


Tree=162
num_leaves=21
num_cat=0
split_feature=10 23 35 23 33 35 35 22 23 14 26 25 26 35 10 4 6 32 34 21
split_gain=0.00266615 0.00719918 0.00607275 0.021564 0.0180891 0.0100439 0.0154371 0.0128215 0.0118595 0.00901775 0.00447019 0.00432056 0.00394294 0.00445104 0.00360725 0.00312495 0.00243715 0.00206723 0.00173394 0.00133726
threshold=0.76165284973126279 -0.21072207032405577 0.3103117693281276 0.53427797218219075 0.65744350828778486 0.15637920180841974 0.12700576049198942 0.77230983311740198 0.64070654968308316 0.084834620591673918 1.7819815568648707 1.0000000180025095e-35 -0.07502014282138135 -1.8633157547261159 0.35339572073392367 -0.40517849456587979 -0.31425360881081038 -0.045775189138339029 0.26753147628953811 -0.93944861729237383
decision_type=2 2 2 2 2 2 2 2 2 2 2 2 2 2 2 2 2 2 2 2
left_child=2 10 5 4 11 6 8 -8 -1 16 15 -4 13 -3 -6 -2 -7 -11 -15 -17
right_child=1 12 3 -5 14 9 7 -9 -10 17 -12 -13 -14 18 -16 19 -18 -19 -20 -21
leaf_value=-9.9390660437477746e-05 0 0.00040539576873330901 -9.5157326085609372e-05 -0.00044806077080563857 0.0010292230466260545 -0.00019802880152602193 0.00010733466291199683 0.00069172304722946133 0.0001823454386065697 -2.5122016372219855e-05 6.4519034873228515e-05 0.0002455624210133912 -0.00018764001585077494 -6.2107997751402054e-05 0.00031730405610142046 -3.1452687234074494e-05 3.0435550288827044e-05 -0.00059604928613192889 0.00017822296741679765 -0.00038372267296191771
leaf_weight=557 28 38 57 36 28 56 168 47 170 20 29 58 35 64 35 33 95 47 38 104
leaf_count=557 28 38 57 36 28 56 168 47 170 20 29 58 35 64 35 33 95 47 38 104
internal_value=0 -7.19754e-05 1.85222e-05 0.000164788 0.000310681 -6.23724e-06 3.36798e-05 0.000256607 -2.89219e-05 -0.000190413 -0.000200059 5.31345e-05 5.41394e-05 0.000138232 0.000711568 -0.00026474 -3.70196e-05 -0.000476861 1.38958e-06 -0.00032279
internal_weight=1743 369 1374 214 178 1160 942 215 727 218 194 115 175 140 63 165 151 67 102 137
internal_count=1743 369 1374 214 178 1160 942 215 727 218 194 115 175 140 63 165 151 67 102 137
is_linear=0
shrinkage=0.03


Tree=163
num_leaves=21
num_cat=0
split_feature=10 29 15 22 15 29 34 11 19 22 29 28 22 26 29 21 21 34 25 34
split_gain=0.00271776 0.00757683 0.00508692 0.00578599 0.00502457 0.0102684 0.0176301 0.0127028 0.010897 0.00710088 0.00829238 0.0106726 0.00741727 0.00840376 0.00566008 0.00439955 0.00415346 0.00337787 0.000432238 0.000371455
threshold=-0.75019588307323415 -0.31934721941546734 -0.92572651751790136 -0.29821962174479749 0.13709815482731563 -0.37544401566394675 -1.5391619054033632 -0.45866774299515195 1.8264037897431924 -0.53405935504081448 -0.48120280947643379 -0.17744839447569646 -0.62238232258964232 -0.64383181026293623 -0.49355857812567727 -0.5614601152336578 0.42143225104452858 0.13748078936724312 -0.0444918501589621 -0.94695739987899108
decision_type=2 2 2 2 2 2 2 2 2 2 2 2 2 2 2 2 2 2 2 2
left_child=1 2 -1 15 9 8 18 -8 14 12 -11 -12 13 -2 -6 -4 -5 19 -7 -3
right_child=4 17 3 16 5 6 7 -9 -10 10 11 -13 -14 -15 -16 -17 -18 -19 -20 -21
leaf_value=-0.00021524892353045287 4.9957984494718376e-05 -5.545670833945383e-05 0.0002060825876326923 0.00021232170213888923 4.6622968531902061e-05 -0.00012014048630953767 -0.0003593924675452789 0.0003033073771249818 0.0003150087296380662 -0.00041540935586975971 0.00024622222274082214 -7.0911037699494052e-05 -0.00045134230114199451 -0.00025199678192724625 -0.00036513419037030034 0.00081486920656069462 -6.499863325720758e-05 -0.00035804610522272923 -0.00060617267267985483 9.7840015339897929e-05
leaf_weight=21 344 31 74 88 20 25 25 149 21 20 287 122 37 104 194 20 79 37 24 21
leaf_count=21 344 31 74 88 20 25 25 149 21 20 287 122 37 104 194 20 79 37 24 21
internal_value=0 7.10603e-05 0.000152406 0.000195461 -2.01349e-05 -0.00010193 3.23413e-05 0.000186665 -0.000240752 1.778e-05 0.000108764 0.000144516 -5.67253e-05 -1.46968e-05 -0.000312715 0.000387736 6.46552e-05 -0.000150644 -0.000437127 0
internal_weight=1743 371 282 261 1372 458 223 174 235 914 429 409 485 448 214 94 167 89 49 52
internal_count=1743 371 282 261 1372 458 223 174 235 914 429 409 485 448 214 94 167 89 49 52
is_linear=0
shrinkage=0.03


Tree=164
num_leaves=17
num_cat=0
split_feature=9 28 28 29 25 17 15 14 25 0 14 0 25 23 11 19
split_gain=0.00262506 0.00410166 0.00604318 0.00643645 0.0168068 0.0140568 0.00425044 0.00570117 0.00558441 0.00325976 0.00380077 0.0028415 0.0031675 0.00203375 0.0019882 0.000408975
threshold=0.61926359088973071 -0.66571214723975969 -0.61129496285408347 -0.23540046977290388 -0.97438582149312536 0.49610929702309109 0.63093475572243518 0.35345177943438294 -0.13579152149733806 1.4840503538689132 -1.0276061931842648 0.060171745844674135 -1.313230158478548 -0.21072207032405577 0.76791439066944844 -0.016579216794564658
decision_type=2 2 2 2 2 2 2 2 2 2 2 2 2 2 2 2
left_child=1 -1 6 4 -4 -5 7 -3 -8 10 -2 13 -13 -12 -11 -16
right_child=9 2 3 5 -6 -7 8 -9 -10 14 11 12 -14 -15 15 -17
leaf_value=-0.00034533747903501188 0.00019411478206837692 0.00014081569228518572 -0.00024094087767398197 -0.00025922939407303547 0.00010833950949983629 0.00031409948597998166 0 -0.00020843949932803182 0.00061054395000208282 0.00027059376840903005 -0.00013703896528398938 2.9220251934020773e-05 -0.00025323923498163012 0.00011938601426999621 3.300377030245726e-05 -0.00011936213490844237
leaf_weight=23 23 213 150 194 605 41 34 44 35 30 55 21 184 49 21 21
leaf_count=23 23 213 150 194 605 41 34 44 35 30 55 21 184 49 21 21
internal_value=0 1.94122e-05 2.88324e-05 -5.27829e-06 3.43093e-05 -0.000143898 0.000140642 6.77674e-05 0.000356274 -6.75446e-05 -0.000111486 -0.000145496 -0.000209877 0 9.14266e-05 0
internal_weight=1743 1339 1316 990 755 235 326 257 69 404 332 309 205 104 72 42
internal_count=1743 1339 1316 990 755 235 326 257 69 404 332 309 205 104 72 42
is_linear=0
shrinkage=0.03


Tree=165
num_leaves=18
num_cat=0
split_feature=10 34 30 11 17 22 17 31 34 11 34 34 33 22 11 34 22
split_gain=0.00258816 0.00632512 0.0119859 0.00682334 0.0078819 0.00570126 0.00506561 0.0039544 0.00969862 0.00828828 0.0157433 0.0144251 0.00627119 0.00352921 0.00326069 0.00403838 0.00315635
threshold=-0.75019588307323415 0.80177277247707013 -0.13593905547511184 -1.1088148506358586 -1.4363972138992189 1.5593950602589126 -1.0875312371084895 -0.12019662486696787 0.44191053087441462 -0.1883026623936189 1.4340637679736503 1.3509650326134224 -0.27631183696508538 -0.45672803658676492 -1.8194364564417294 0.029561066313050059 1.6711824702015605
decision_type=2 2 2 2 2 2 2 2 2 2 2 2 2 2 2 2 2
left_child=1 2 14 -4 -5 -3 -2 8 12 11 -11 -9 -8 -10 15 -1 -16
right_child=6 5 3 4 -6 -7 7 9 13 10 -12 -13 -14 -15 16 -17 -18
leaf_value=0.00041114241006453672 -0.00034583232139370274 -0.00041606936136419636 0 3.6141881141632503e-05 0.00070486065159922745 7.7976411646172228e-05 8.8815634067980273e-05 -0.00032430349565416763 4.5871145919793171e-05 8.9783435958662241e-05 -0.00052822298777471409 0.00017156232754291523 -9.9542673057465654e-05 0.00075048855234585374 -0.000171721331385833 -2.8059144382891439e-05 0.0001686061256889092
leaf_weight=28 39 38 32 36 56 25 373 196 24 352 38 61 269 20 116 20 20
leaf_count=28 39 38 32 36 56 25 373 196 24 352 38 61 269 20 116 20 20
internal_value=0 6.93232e-05 0.000131197 0.000356372 0.000484172 -0.000179932 -1.96702e-05 -7.12695e-06 4.03757e-05 -6.20622e-05 1.83613e-05 -0.000194448 5.14585e-06 0.000457442 -7.79061e-06 0.000178432 -9.75316e-05
internal_weight=1743 371 308 124 92 63 1372 1333 686 647 390 257 642 44 184 48 136
internal_count=1743 371 308 124 92 63 1372 1333 686 647 390 257 642 44 184 48 136
is_linear=0
shrinkage=0.03


Tree=166
num_leaves=13
num_cat=0
split_feature=24 13 20 19 22 29 20 22 32 29 22 31
split_gain=0.00253994 0.00849999 0.00732587 0.00623181 0.0044268 0.00658831 0.0193299 0.00902188 0.00417179 0.00786571 0.00534492 0.00263265
threshold=1.7102377079120632 -0.093290209560284068 1.5390000588666337 1.7126645634569144 1.0947835098696681 -0.48325810710849476 -0.69304314132618206 -0.53405935504081448 -0.011751542295230736 -0.38152959365258038 1.755945494662954 -0.12019662486696787
decision_type=2 2 2 2 2 2 2 2 2 2 2 2
left_child=2 -2 4 11 5 6 -1 -7 9 -6 -10 -4
right_child=1 -3 3 -5 8 7 -8 -9 10 -11 -12 -13
leaf_value=-0.00047752356880336768 7.8803337211461931e-05 -0.00062332063961774106 0.0002234315905146874 0.00058803582791505118 0.00029148161582634203 -4.6753178173512122e-05 8.3588574655819688e-05 0.00011703704530559661 -0.00036686015003848998 -0.00024023164098168937 9.8313407930122128e-06 -0.00012378435540003627
leaf_weight=88 24 22 36 32 45 540 122 637 90 49 30 28
leaf_count=88 24 22 36 32 45 540 122 637 90 49 30 28
internal_value=0 -0.000213374 5.69056e-06 0.000257149 -7.96997e-06 9.7199e-06 -0.000140874 3.9421e-05 -0.000134998 0 -0.000250354 2.80077e-05
internal_weight=1743 46 1697 96 1601 1387 210 1177 214 94 120 64
internal_count=1743 46 1697 96 1601 1387 210 1177 214 94 120 64
is_linear=0
shrinkage=0.03


Tree=167
num_leaves=22
num_cat=0
split_feature=10 31 35 34 35 23 31 35 35 34 23 28 34 32 17 34 21 21 21 12 23
split_gain=0.00276098 0.00722691 0.0102507 0.00901098 0.0056692 0.0200385 0.0118278 0.00906205 0.0136802 0.0117942 0.0103273 0.00591382 0.011279 0.00389479 0.00486547 0.00330434 0.00324301 0.00306664 0.00247718 0.00432792 0.000815259
threshold=0.76165284973126279 -0.22366112884806277 0.1451913891926476 -1.3356924214829229 0.3103117693281276 0.53427797218219075 1.3921705792056995 0.15637920180841974 0.12700576049198942 -0.17412202125330373 0.64070654968308316 -0.46227627532364662 -1.1793418498499886 -0.049102388118523528 1.2532471619151988 -0.39717717160026383 -0.46054088250463426 0.27219404584299423 1.0104336712443318 1.5275765478110344 0.53427797218219075
decision_type=2 2 2 2 2 2 2 2 2 2 2 2 2 2 2 2 2 2 2 2 2
left_child=4 3 -3 17 7 6 15 8 10 -10 -1 12 -9 16 -15 -6 -4 -2 19 -5 -13
right_child=1 2 13 18 5 -7 -8 11 9 -11 -12 20 -14 14 -16 -17 -18 -19 -20 -21 -22
leaf_value=-9.15658243855822e-05 0 -0.00076763146710940276 0 0.00045934047576309621 0 -0.00042910846020095052 0.00091222767806094544 0.00023294012071868483 5.9533775664987136e-05 0.00055712465354008597 0.00017128423014168683 8.3347797621867019e-05 -0.00043678428478701137 -0.0001208228640719496 0.00031185347928150902 0.00029364480717454587 -0.00030709808605914826 -0.00049725508516775853 0 0 -9.3762472276284826e-05
leaf_weight=557 27 23 23 54 69 36 24 20 144 71 170 52 109 49 35 85 82 20 31 25 37
leaf_count=557 27 23 23 54 69 36 24 20 144 71 170 52 109 49 35 85 82 20 31 25 37
internal_value=0 -7.29219e-05 -0.00019002 6.7046e-05 1.91832e-05 0.000160414 0.000301354 -4.63851e-06 3.31577e-05 0.000243022 -2.55407e-05 -0.000179767 -0.00030729 -9.32078e-05 2.95131e-05 0.000171433 -0.000217255 -0.000241953 0.00022854 0.000314904 0
internal_weight=1743 369 212 157 1374 214 178 1160 942 215 727 218 129 189 84 154 105 47 110 79 89
internal_count=1743 369 212 157 1374 214 178 1160 942 215 727 218 129 189 84 154 105 47 110 79 89
is_linear=0
shrinkage=0.03


Tree=168
num_leaves=22
num_cat=0
split_feature=10 31 35 34 35 23 31 35 35 34 23 14 32 17 17 21 21 21 12 6 32
split_gain=0.00263093 0.00679945 0.00970855 0.00854511 0.00535293 0.0190048 0.011162 0.00851308 0.0129318 0.0110817 0.00972957 0.00796977 0.00364972 0.00460421 0.00320516 0.00309377 0.0028997 0.00233643 0.00409237 0.00207533 0.00157544
threshold=0.76165284973126279 -0.22366112884806277 0.1451913891926476 -1.3356924214829229 0.3103117693281276 0.53427797218219075 1.3921705792056995 0.15637920180841974 0.12700576049198942 -0.17412202125330373 0.64070654968308316 0.044780019377877976 -0.049102388118523528 1.2532471619151988 -0.89596266632439958 -0.46054088250463426 0.27219404584299423 1.0104336712443318 1.5275765478110344 -0.31425360881081038 -0.045775189138339029
decision_type=2 2 2 2 2 2 2 2 2 2 2 2 2 2 2 2 2 2 2 2 2
left_child=4 3 -3 16 7 6 14 8 10 -10 -1 19 15 -14 -6 -4 -2 18 -5 -9 -13
right_child=1 2 12 17 5 -7 -8 11 9 -11 -12 20 13 -15 -16 -17 -18 -19 -20 -21 -22
leaf_value=-8.8833564376519851e-05 0 -0.00074725971353025388 0 0.0004462855279562063 -6.6978101728287017e-05 -0.00041722545532796247 0.0008879016294247574 -0.00018066394179875621 5.7784211987864743e-05 0.00054108849802759248 0.00016623481393985117 -1.6910062701793748e-05 -0.00011740729424099508 0.00030323647411148019 0.00023065340671138385 -0.00029821030516040457 -0.00048428322600565208 0 0 3.3790302713822135e-05 -0.0005402055082600922
leaf_weight=557 27 23 23 54 23 36 24 54 144 71 170 20 49 35 131 82 20 31 25 95 49
leaf_count=557 27 23 23 54 23 36 24 54 144 71 170 20 49 35 131 82 20 31 25 95 49
internal_value=0 -7.10684e-05 -0.00018474 6.42599e-05 1.88441e-05 0.000156072 0.000293588 -4.22989e-06 3.23245e-05 0.000236398 -2.46413e-05 -0.000174054 -9.00535e-05 2.77909e-05 0.000166663 -0.00021026 -0.000235986 0.000221955 0.00030583 -2.62263e-05 -0.000437217
internal_weight=1743 369 212 157 1374 214 178 1160 942 215 727 218 189 84 154 105 47 110 79 149 69
internal_count=1743 369 212 157 1374 214 178 1160 942 215 727 218 189 84 154 105 47 110 79 149 69
is_linear=0
shrinkage=0.03


Tree=169
num_leaves=23
num_cat=0
split_feature=10 29 15 22 15 29 34 11 14 16 22 31 34 22 35 24 20 33 34 24 25 34
split_gain=0.00272671 0.00668045 0.00471138 0.00514422 0.004258 0.00887848 0.0159436 0.0111641 0.0093254 0.00728042 0.00624376 0.00812381 0.0177219 0.00672861 0.0137519 0.00593757 0.00507971 0.00423839 0.00310301 0.0029312 0.000369784 0.00029995
threshold=-0.75019588307323415 -0.31934721941546734 -0.92572651751790136 -0.29821962174479749 0.13709815482731563 -0.37544401566394675 -1.5391619054033632 -0.45866774299515195 1.3075548035757005 -0.50847196924492033 -0.53405935504081448 -0.11747887629203237 0.071789256511073499 -0.62238232258964232 0.23437424140241589 -0.20158469398989551 -0.30297733935073873 -0.043783452927414902 0.13748078936724312 -1.4350185016685781 -0.0444918501589621 -0.94695739987899108
decision_type=2 2 2 2 2 2 2 2 2 2 2 2 2 2 2 2 2 2 2 2 2 2
left_child=1 2 -1 17 10 8 20 -8 9 -6 13 12 -12 14 -2 -13 -10 -4 21 -5 -7 -3
right_child=4 18 3 19 5 6 7 -9 16 -11 11 15 -14 -15 -16 -17 -18 -19 -20 -21 -22 -23
leaf_value=-0.00020328797757247229 -0.00014352064615666502 -3.9534224703161532e-05 0.00011720071118003847 -0.00010186463559600156 0 -0.00010925783004079546 -0.00033244580806474132 0.00028620821111783365 -0.00010188597167790348 -0.00041371276205202998 6.2787962023691795e-05 0.0001007794022723101 0.00070126405521295958 -0.00043106728772982021 0.00019965407897608301 -0.00022851892360606805 0.00044082632308825852 0.00062536755761123327 -0.00033450160402280743 0.00015098949477332642 -0.00057855798045380251 9.5047042275837141e-05
leaf_weight=21 289 31 55 45 38 25 25 149 24 151 196 97 51 37 159 85 22 39 37 122 24 21
leaf_count=21 289 31 55 45 38 25 25 149 24 151 196 97 51 37 159 85 22 39 37 122 24 21
internal_value=0 7.14579e-05 0.000147959 0.000189573 -1.98962e-05 -9.51883e-05 2.88269e-05 0.000176244 -0.000224356 -0.000321179 1.47487e-05 0.000100304 0.000213452 -5.49319e-05 -1.45545e-05 -3.80093e-05 0.000107546 0.000371784 -0.000135251 6.46128e-05 -0.000416929 0
internal_weight=1743 371 282 261 1372 458 223 174 235 189 914 429 247 485 448 182 46 94 89 167 49 52
internal_count=1743 371 282 261 1372 458 223 174 235 189 914 429 247 485 448 182 46 94 89 167 49 52
is_linear=0
shrinkage=0.03


Tree=170
num_leaves=22
num_cat=0
split_feature=10 30 9 35 21 28 35 35 19 14 16 14 14 22 17 26 17 22 14 34 26
split_gain=0.00265971 0.00576041 0.00525193 0.0052443 0.0103924 0.00935929 0.00872053 0.0109172 0.0109938 0.0071096 0.00699386 0.00483244 0.00627701 0.00625254 0.0124788 0.00459741 0.00512758 0.00469759 0.00298642 0.00201396 0.00165087
threshold=0.62862476677807477 -1.8967919543871967 0.6502939034766374 0.3103117693281276 0.10032552944643115 0.53622852563339474 0.15637920180841974 0.12972107253256818 -0.70102883257774684 0.044780019377877976 -0.79050380295366229 1.1741659029626388 2.0819155459144842 -0.2788088371731659 1.4184503962100652 -1.0089290112717475 -0.47746353858870166 -0.62238232258964232 -1.0077349382783842 -0.70046927474781528 0.98308667019526796
decision_type=2 2 2 2 2 2 2 2 2 2 2 2 2 2 2 2 2 2 2 2 2
left_child=3 2 -2 6 15 -6 7 10 -9 19 -1 13 -13 18 -15 17 -17 -5 -3 -8 -11
right_child=1 11 -4 4 5 -7 9 8 -10 20 -12 12 -14 14 -16 16 -18 -19 -20 -21 -22
leaf_value=0.00010833308358795864 0.00056049905673843687 0.00022874175529513093 0 0 6.9598075772066427e-06 0.0010006717776920161 0.00019354689592475315 -6.547841939767349e-05 0.00039320007084341036 -0.00053657679477240889 -8.4804680815453787e-05 0.00044989404510706663 -0.00010112453783928815 -0.00013662935881558985 -0.00095248769402503971 -0.00012452244074759823 0.00028808657060634636 -0.00050973432150203731 -9.118484602913668e-05 -9.3162797154170717e-05 -2.7241059917723753e-05
leaf_weight=254 20 24 25 21 24 20 20 56 130 47 469 27 32 100 22 28 73 21 189 119 22
leaf_count=254 20 24 25 21 24 20 20 56 130 47 469 27 32 100 22 28 73 21 189 119 22
internal_value=0 -6.40428e-05 0.000228169 2.10817e-05 0.000167009 0.000557518 -1.05176e-06 3.64541e-05 0.000240383 -0.000177366 -1.26532e-05 -0.000106446 0.000112217 -0.000154487 -0.00032708 1.7318e-05 0.000144561 -0.000211243 -3.85716e-05 -2.75654e-05 -0.000423748
internal_weight=1743 439 45 1304 187 44 1117 909 186 208 723 394 59 335 122 143 101 42 213 139 69
internal_count=1743 439 45 1304 187 44 1117 909 186 208 723 394 59 335 122 143 101 42 213 139 69
is_linear=0
shrinkage=0.03


end of trees

feature_importances:
Column_34=278
Column_29=227
Column_22=175
Column_35=175
Column_11=154
Column_28=146
Column_26=123
Column_21=117
Column_15=113
Column_33=108
Column_14=103
Column_19=100
Column_25=99
Column_20=87
Column_32=80
Column_31=71
Column_24=64
Column_30=64
Column_23=60
Column_17=58
Column_9=55
Column_10=50
Column_16=23
Column_8=22
Column_18=18
Column_13=15
Column_12=14
Column_3=11
Column_4=10
Column_0=7
Column_5=7
Column_7=7
Column_6=6
Column_2=2
Column_1=1

parameters:
[boosting: gbdt]
[objective: regression]
[metric: l2]
[tree_learner: serial]
[device_type: cpu]
[data_sample_strategy: bagging]
[data: ]
[valid: ]
[num_iterations: 200]
[learning_rate: 0.03]
[num_leaves: 31]
[num_threads: 40]
[seed: 42]
[deterministic: 0]
[force_col_wise: 0]
[force_row_wise: 0]
[histogram_pool_size: -1]
[max_depth: 5]
[min_data_in_leaf: 20]
[min_sum_hessian_in_leaf: 0.001]
[bagging_fraction: 0.8]
[pos_bagging_fraction: 1]
[neg_bagging_fraction: 1]
[bagging_freq: 0]
[bagging_seed: 400]
[bagging_by_query: 0]
[feature_fraction: 0.8]
[feature_fraction_bynode: 1]
[feature_fraction_seed: 30056]
[extra_trees: 0]
[extra_seed: 12879]
[early_stopping_round: 0]
[early_stopping_min_delta: 0]
[first_metric_only: 0]
[max_delta_step: 0]
[lambda_l1: 0.1]
[lambda_l2: 3]
[linear_lambda: 0]
[min_gain_to_split: 0]
[drop_rate: 0.1]
[max_drop: 50]
[skip_drop: 0.5]
[xgboost_dart_mode: 0]
[uniform_drop: 0]
[drop_seed: 17869]
[top_rate: 0.2]
[other_rate: 0.1]
[min_data_per_group: 100]
[max_cat_threshold: 32]
[cat_l2: 10]
[cat_smooth: 10]
[max_cat_to_onehot: 4]
[top_k: 20]
[monotone_constraints: ]
[monotone_constraints_method: basic]
[monotone_penalty: 0]
[feature_contri: ]
[forcedsplits_filename: ]
[refit_decay_rate: 0.9]
[cegb_tradeoff: 1]
[cegb_penalty_split: 0]
[cegb_penalty_feature_lazy: ]
[cegb_penalty_feature_coupled: ]
[path_smooth: 0]
[interaction_constraints: ]
[verbosity: -1]
[saved_feature_importance_type: 0]
[use_quantized_grad: 0]
[num_grad_quant_bins: 4]
[quant_train_renew_leaf: 0]
[stochastic_rounding: 1]
[linear_tree: 0]
[max_bin: 255]
[max_bin_by_feature: ]
[min_data_in_bin: 3]
[bin_construct_sample_cnt: 200000]
[data_random_seed: 175]
[is_enable_sparse: 1]
[enable_bundle: 1]
[use_missing: 1]
[zero_as_missing: 0]
[feature_pre_filter: 1]
[pre_partition: 0]
[two_round: 0]
[header: 0]
[label_column: ]
[weight_column: ]
[group_column: ]
[ignore_column: ]
[categorical_feature: ]
[forcedbins_filename: ]
[precise_float_parser: 0]
[parser_config_file: ]
[objective_seed: 16083]
[num_class: 1]
[is_unbalance: 0]
[scale_pos_weight: 1]
[sigmoid: 1]
[boost_from_average: 1]
[reg_sqrt: 0]
[alpha: 0.9]
[fair_c: 1]
[poisson_max_delta_step: 0.7]
[tweedie_variance_power: 1.5]
[lambdarank_truncation_level: 30]
[lambdarank_norm: 1]
[label_gain: ]
[lambdarank_position_bias_regularization: 0]
[eval_at: ]
[multi_error_top_k: 1]
[auc_mu_weights: ]
[num_machines: 1]
[local_listen_port: 12400]
[time_out: 120]
[machine_list_filename: ]
[machines: ]
[gpu_platform_id: -1]
[gpu_device_id: -1]
[gpu_device_id_list: ]
[gpu_use_dp: 0]
[num_gpu: 1]

end of parameters

pandas_categorical:null
