tree
version=v4
num_class=1
num_tree_per_iteration=1
label_index=0
max_feature_idx=35
objective=regression
feature_names=Column_0 Column_1 Column_2 Column_3 Column_4 Column_5 Column_6 Column_7 Column_8 Column_9 Column_10 Column_11 Column_12 Column_13 Column_14 Column_15 Column_16 Column_17 Column_18 Column_19 Column_20 Column_21 Column_22 Column_23 Column_24 Column_25 Column_26 Column_27 Column_28 Column_29 Column_30 Column_31 Column_32 Column_33 Column_34 Column_35
feature_infos=[-6.7643864077606937:5.6367207302998548] [-6.9521002332932671:5.502962342572574] [-6.7646976934960676:5.6354057778586997] [-6.7659528046548623:5.635894476489133] [-6.7664966690879558:5.6359219290353142] [-6.7658471548665684:5.6355532399023369] [-6.7766603454198426:5.6412438965085903] [-1.6929449356139825:9.6651415190609207] [-5.6369670577645392:6.9052152862463503] [-4.859155077545255:3.9084520412628363] [-4.1248618349632347:3.998884131702892] [-2.7286608164874151:4.1809612324870349] [-4.4691015648611243:3.9290561174138969] [-3.9135676453438264:3.9993899985724011] [-1.7350820392610542:6.0906892481863633] [-1.800791373161686:5.290053243639302] [-2.629757331317196:3.0308049524550342] [-5.1551691715773069:3.1270756172491607] [-2.7817991883476356:12.010382478930634] [-1.7548490141030946:3.3765743085047433] [-1.8782501286551085:2.7448584834971728] [-1.2345215302893933:7.7807905932229549] [-1.438337758655293:2.2148637659729293] [-1.0154555324522887:2.6826108306651397] [-1.7499516376227509:2.7436350564994432] [-1.9932320442574909:5.1228303037619947] [-2.0919049299169425:2.5799736885201145] [-0.1665573079503393:11.276909497108267] [-0.67274597187616236:3.7360221738328776] [-0.49997336062761494:5.1192758350414858] [-3.4456749307971952:2.9519375594752262] [-2.7702596970531443:2.6770312354051242] [-10.010961249710219:6.3497198016197469] [-2.2557061591017629:2.8627477014227334] [-2.2708729941183017:2.9982586167065937] [-6.127809224062208:6.6560349125536158]
tree_sizes=2370 2556 2185 2219 1965 2325 2080 2094 2381 2476 2053 1521 1808 2109 2466 1939 2186 2405 2365 1316 2419 1195 2423 1336 2115 2033 2358 1910 2006 2437 2292 2282 2398 2349 1822 1934 1339 2321 2207 2207 1225 2239 2109 1716 2302 2271 2023 1885 2324 2116 1225 2245 2265 1486 1661 1458 1229 1569 1377 1528 1645 1571 1753 1760 1433

Tree=0
num_leaves=25
num_cat=0
split_feature=31 20 31 19 33 15 35 19 29 22 34 20 21 19 15 22 35 35 11 11 32 29 33 32
split_gain=0.0983455 0.07112 0.0779181 0.0637486 0.0577645 0.0539114 0.0469961 0.0403406 0.0480868 0.0474852 0.0395555 0.0389984 0.0370491 0.0354983 0.0350639 0.0280633 0.0273099 0.0251433 0.0191617 0.024791 0.0149881 0.0120102 0.00953008 0.00651808
threshold=-0.12080930440779668 -0.13784910100337536 -0.22309372290321641 -0.64994382066300971 -0.27337605837170509 -0.16532511117691565 -0.37133728705581581 -0.12916071006783533 -0.47763270957399129 1.2749686637806545 0.055512047282784652 -0.89220248760164977 -0.97650348338365989 1.2954522737992218 0.97475525801299068 1.5738561833103046 0.10502895047670913 0.091785365158663854 1.0629057094860406 0.053630192383245394 -0.0048890596712959826 -0.34696946046742166 -0.16904773109820584 0.004099095703704079
decision_type=2 2 2 2 2 2 2 2 2 2 2 2 2 2 2 2 2 2 2 2 2 2 2 2
left_child=1 3 6 11 -4 -6 13 12 -9 17 14 23 21 -3 -5 -11 -8 -10 19 -14 -12 -2 -13 -1
right_child=7 2 4 10 5 -7 16 8 9 15 20 22 18 -15 -16 -17 -18 -19 -20 -21 -22 -23 -24 -25
leaf_value=0.0073065498825041616 0.007905468138010123 0.0077580084873323327 0.0097488193350748729 0.0083126787596299063 0.0084559612507667994 0.0072448035131725264 0.0069033907579606098 0.0089688428699204268 0.0076806572147638608 0.0066789924835504617 0.0085442763152250665 0.0087737255684357668 0.0073222032595504161 0.0089716385024717262 0.0094932786538915355 0.0076789621596531485 0.0076467216112197558 0.0083093682721176818 0.0068112733801187026 0.007898002452082253 0.010032388323517294 0.0087593011482948162 0.0079229120406971894 0.0079229120406971894
leaf_weight=55 24 47 22 180 135 39 68 32 85 37 21 35 234 32 27 106 180 145 49 110 27 20 22 20
leaf_count=55 24 47 22 180 135 39 68 32 85 37 21 35 234 32 27 106 180 145 49 110 27 20 22 20
internal_value=0.00792291 0.00813878 0.0079158 0.00844554 0.00837883 0.00816065 0.00762755 0.00768968 0.00791344 0.0078073 0.00871995 0.00792291 0.00749059 0.0082334 0.00850119 0.00737944 0.0074212 0.00806402 0.00739516 0.00749587 0.00951501 0.00825836 0.00848461 0.00746763
internal_weight=1752 910 523 387 196 174 327 842 405 373 255 132 437 79 207 143 248 230 393 344 48 44 57 75
internal_count=1752 910 523 387 196 174 327 842 405 373 255 132 437 79 207 143 248 230 393 344 48 44 57 75
is_linear=0
shrinkage=1


Tree=1
num_leaves=27
num_cat=0
split_feature=31 20 31 19 33 26 35 19 29 22 20 17 19 26 30 10 35 22 33 23 29 15 15 33 29 32
split_gain=0.0930906 0.0674083 0.0735446 0.0603128 0.0547971 0.0598471 0.0443543 0.038011 0.0455095 0.0448654 0.0368839 0.0337619 0.0336262 0.0271032 0.0270119 0.0341808 0.0256889 0.0242396 0.0219833 0.020108 0.0177484 0.0104854 0.010247 0.00896468 0.00819074 0.00615912
threshold=-0.12080930440779668 -0.13784910100337536 -0.22309372290321641 -0.64994382066300971 -0.27337605837170509 -0.76787197617396019 -0.37133728705581581 -0.12916071006783533 -0.47763270957399129 1.2749686637806545 -0.89220248760164977 0.97910904520207276 1.2954522737992218 0.21423503828348064 0.49357380960143643 -1.1819847231315943 0.10502895047670913 -1.1071806018656456 -1.749612669745277 1.0000000180025095e-35 -0.3795008338905001 -0.081010687639316029 0.2272842628185707 -0.16904773109820584 -0.35604971854471135 0.004099095703704079
decision_type=2 2 2 2 2 2 2 2 2 2 2 2 2 2 2 2 2 2 2 2 2 2 2 2 2 2
left_child=1 3 6 10 -4 -6 12 14 -9 17 25 18 -3 -11 15 -2 -8 -10 -5 20 -16 -13 -17 -12 -21 -1
right_child=7 2 4 11 5 -7 16 8 9 13 23 21 -14 -15 19 22 -18 -19 -20 24 -22 -23 -24 -25 -26 -27
leaf_value=-0.00059882769399073675 0.000242712495761225 -0.00016025326917646452 0.0017777033659815786 6.0134443861898026e-05 0.0010170899313890326 -0.00013465730974081258 -0.00099022797516498564 0.0010172424542717635 -0.00063460394539870319 -0.0002295804104299653 0.00082730419356008295 0.00042461160052334891 0.0010199613782178076 -0.0012047834316859158 -0.0002366511911047961 -0.00057282737351779355 -0.00026804053026717152 0.00026141691394828402 0.0010769601481862097 -6.2382978861153646e-05 0.00049509084819800262 -0.00037599841805174947 -0.0011566159115172921 0 -0.00075744821497813813 0
leaf_weight=55 29 47 22 29 56 118 68 32 27 105 35 30 32 38 52 157 180 203 174 39 56 22 60 22 44 20
leaf_count=55 29 47 22 29 56 118 68 32 27 105 35 30 32 38 52 157 180 203 174 39 56 22 60 22 44 20
internal_value=0 0.00021025 -6.68111e-06 0.000508903 0.000443002 0.000230027 -0.000286884 -0.000226688 -9.2489e-06 -0.000112705 0 0.000775808 0.000301049 -0.000528704 -0.00041995 -0.000629528 -0.00048748 0.00013654 0.000949254 -0.000128998 0.00011887 2.93131e-05 -0.000761451 0.000546812 -0.000479304 -0.000442245
internal_weight=1752 910 523 387 196 174 327 842 405 373 132 255 79 143 437 246 248 230 203 191 108 52 217 57 83 75
internal_count=1752 910 523 387 196 174 327 842 405 373 132 255 79 143 437 246 248 230 203 191 108 52 217 57 83 75
is_linear=0
shrinkage=0.03


Tree=2
num_leaves=23
num_cat=0
split_feature=25 28 32 22 26 23 22 10 34 25 34 21 34 20 11 10 29 11 18 18 28 29
split_gain=0.184662 0.078249 0.0671464 0.0895212 0.0559224 0.0540025 0.0494838 0.0493977 0.0466255 0.0381325 0.0306379 0.0284583 0.0258737 0.0254248 0.0208855 0.0203592 0.0192436 0.0189829 0.0169943 0.0140994 0.0106692 0.00635378
threshold=0.52797365406857288 -0.32188812753695961 -0.022245537988513472 -1.180619176829045 0.91061236132264967 -0.59171876167841653 -0.87105249676730911 1.269360144704218 -0.29340164477897934 -0.62579730035064662 -0.20968002896177326 1.2145053494962079 0.75650484508929872 -1.1939438422409594 -0.1799480365141666 0.149615800307171 -0.38449842166517662 0.19619287838070237 -0.10746688895579688 0.20958286771507706 -0.61695629246895878 -0.44223645227086361
decision_type=2 2 2 2 2 2 2 2 2 2 2 2 2 2 2 2 2 2 2 2 2 2
left_child=2 7 3 -1 5 10 17 12 -7 -8 -4 14 15 18 16 -2 -3 -5 -6 -13 -9 -16
right_child=1 11 4 6 13 8 9 20 -10 -11 -12 19 -14 -15 21 -17 -18 -19 -20 -21 -22 -23
leaf_value=-0.0022640619997097095 0.00047636077084492158 0 -0.0002981526086758822 0.00063314986629197127 -0.00059688426748471103 0.00021180188620399513 -0.0008771201775060061 -0.00043478159443735163 -0.00044519454175857463 -0.0002705497170775013 0.00078703559461505484 0.0010589352780953048 0.0020461724880668848 -0.00095175765649500204 -0.00010294184002093969 0.0011936106118933046 -0.00094356404406328984 -0.00012378049909822503 0.00032811451122458828 0 0.00043285296242380434 0.00046359089163460718
leaf_weight=20 94 25 22 54 29 261 139 25 150 361 138 26 24 63 22 100 42 50 35 21 20 31
leaf_count=20 94 25 22 54 29 261 139 25 150 361 138 26 24 63 22 100 42 50 35 21 20 31
internal_value=0 0.000537995 -0.000175626 -0.000401237 2.26408e-05 0.000153866 -0.000323727 0.000857809 -2.222e-05 -0.000449366 0.000616676 1.04391e-05 0.00104251 -0.000534215 -0.000217179 0.000873852 -0.000570023 0.000247936 -5.42081e-05 0.000629754 0 0.000181938
internal_weight=1752 430 1322 624 698 571 604 263 411 500 160 167 218 127 120 194 67 104 64 47 45 53
internal_count=1752 430 1322 624 698 571 604 263 411 500 160 167 218 127 120 194 67 104 64 47 45 53
is_linear=0
shrinkage=0.03


Tree=3
num_leaves=23
num_cat=0
split_feature=25 28 14 32 22 32 22 25 20 35 15 25 34 31 15 29 16 16 28 11 11 11
split_gain=0.174746 0.0738144 0.0666178 0.0633128 0.0849479 0.0512807 0.0466201 0.0358551 0.0334733 0.0333957 0.0326341 0.0253789 0.0235664 0.0409465 0.0233841 0.0324032 0.0188609 0.0149806 0.0149169 0.0125409 0.0100005 0.00770844
threshold=0.52797365406857288 -0.32188812753695961 -0.58083639017051281 -0.022245537988513472 -1.180619176829045 0.0046612454204955434 -0.87105249676730911 -0.62579730035064662 -0.89220248760164977 -0.54880949268378298 -0.66455744596264699 -0.9098174988833051 -1.4619667355470312 -0.2280752015013521 0.89929710481424452 -0.30115438812393036 0.31145039431110538 1.1994728539356139 -0.62046839176675561 0.76592796630266136 -0.59047429066103685 0.040792308810042054
decision_type=2 2 2 2 2 2 2 2 2 2 2 2 2 2 2 2 2 2 2 2 2 2
left_child=3 2 17 4 -1 8 16 -8 20 18 -10 -11 -4 -14 15 21 -6 -2 -7 -16 -5 -3
right_child=1 14 12 5 6 9 7 -9 10 11 -12 -13 13 -15 19 -17 -18 -19 -20 -21 -22 -23
leaf_value=-0.002204999572556952 0.0018036184228956698 -9.6566617708991864e-05 -0.00017286236683382108 7.6390018328451189e-05 0.00062464127179517068 0.00097408105361347001 -0.00085136248975169106 -0.00026250011468147307 -1.9533471498442321e-05 0.00042088317814724228 0.00079372806242061452 -0.00036934973204979518 0.001151470178381814 0.00010585091356770136 0.001112861412131916 -0.00091881172535144466 -0.0001304793945285228 0.00051286222828639434 3.9138593641109764e-05 0 -0.00066305768155846103 0.00041410560523116483
leaf_weight=20 62 52 33 23 54 23 139 361 54 35 140 340 70 77 20 35 50 21 57 20 26 40
leaf_count=20 62 52 33 23 54 23 139 361 54 35 140 340 70 77 20 35 50 21 57 20 26 40
internal_value=0 0.000523373 0.000834008 -0.000170824 -0.000389903 2.15809e-05 -0.000314258 -0.000436269 0.000374582 -0.000161613 0.000555278 -0.000284903 0.000471598 0.000636836 1.04375e-05 -0.000172457 0.000240085 0.00154121 0.000369571 0.000632415 -0.000273895 9.99513e-05
internal_weight=1752 430 263 1322 624 698 604 500 243 455 194 375 180 147 167 127 104 83 80 40 49 92
internal_count=1752 430 263 1322 624 698 604 500 243 455 194 375 180 147 167 127 104 83 80 40 49 92
is_linear=0
shrinkage=0.03


Tree=4
num_leaves=20
num_cat=0
split_feature=25 22 22 26 29 11 34 14 26 34 14 28 16 26 28 15 34 10 34
split_gain=0.165126 0.0699847 0.0503143 0.0577884 0.0485662 0.045991 0.0470273 0.0400645 0.0362447 0.0235745 0.0229698 0.0225028 0.0193746 0.0192915 0.0113175 0.00816297 0.00665317 0.00494685 0.00453134
threshold=0.52797365406857288 -0.31096406045529595 -1.180619176829045 0.96116281183266061 -0.46447100347309866 1.5855401088594332 0.16760402365727564 -0.59923622345083938 1.8360744552751598 0.2142002578528916 1.3589290845303623 -0.16516986077518594 -0.0062899490217144622 0.24687597267345088 -0.26354675089277374 0.28594437023700908 -0.36992315017113486 0.17376465104041366 0.35355880385131822
decision_type=2 2 2 2 2 2 2 2 2 2 2 2 2 2 2 2 2 2 2
left_child=2 7 -1 5 -3 6 -4 11 17 -10 12 16 -9 18 -15 -7 -2 -5 -6
right_child=1 4 3 8 13 15 -8 10 9 -11 -12 -13 -14 14 -16 -17 -18 -19 -20
leaf_value=-0.0012667231514194124 0.0010095806988273661 0.0011593307729065418 0.00017899841179745972 -0.0010920441891175022 0.0003073738535217542 -0.0013209725691205154 -0.00023288896259135786 -6.9487670560427491e-05 -0.00047800023927508539 0.00039934430014026089 0.0012498480590498622 0.00020027507959014692 0.00055839768406332419 -0.00014261064483948489 -0.0011285598308875642 -0.00023061672359219064 0.0020998431430198253 -0.00039329143345821652 -0.00016470904161542421
leaf_weight=34 41 22 594 83 32 25 425 59 69 39 31 20 110 31 26 20 29 33 29
leaf_count=34 41 22 594 83 32 25 425 59 69 39 31 20 110 31 26 20 29 33 29
internal_value=0 0.000509012 -0.000165806 -0.000131544 -2.17226e-05 -3.57131e-05 4.09548e-06 0.000773066 -0.000567039 -0.000131924 0.000498944 0.00131422 0.000324365 -0.000289997 -0.000676283 -0.000943571 0.00157009 -0.000933397 3.88656e-05
internal_weight=1752 430 1322 1288 140 1064 1019 290 224 108 200 90 169 118 57 45 70 116 61
internal_count=1752 430 1322 1288 140 1064 1019 290 224 108 200 90 169 118 57 45 70 116 61
is_linear=0
shrinkage=0.03


Tree=5
num_leaves=24
num_cat=0
split_feature=31 20 24 31 24 15 34 15 11 22 22 26 15 23 26 33 34 35 29 18 29 29 32
split_gain=0.0761327 0.0574931 0.0681948 0.0767549 0.0584029 0.0393814 0.0354957 0.0391807 0.0352516 0.0279667 0.0300819 0.0430399 0.040781 0.0270731 0.0379441 0.0326861 0.0229418 0.0172744 0.0138113 0.0131374 0.0108384 0.00719896 0.00480152
threshold=-0.12080930440779668 -0.13784910100337536 0.26970686287752477 -0.23959721820303653 -1.1544900128551923 0.45462214080283719 0.055512047282784652 0.97475525801299068 -0.1799480365141666 -1.1071806018656456 -0.19284841775862979 0.6730775890666576 1.0000000180025095e-35 -0.10144481202269699 -1.2098519136583097 -0.030875865896314962 -0.32578634805613144 0.13800299806844735 -0.49085700977474861 -0.0042024468339176974 0.90883089241696757 -0.46282169072166385 -0.0022671170762537051
decision_type=2 2 2 2 2 2 2 2 2 2 2 2 2 2 2 2 2 2 2 2 2 2 2
left_child=1 4 16 5 17 -4 7 -6 -5 -2 13 12 -12 15 -15 -11 20 18 -1 -18 -3 -13 -8
right_child=9 2 3 8 6 -7 22 -9 -10 10 11 21 -14 14 -16 -17 19 -19 -20 -21 -22 -23 -24
leaf_value=-0.00018354457613338341 -0.0010403449977748093 -0.001087047083336074 -0.00031670405723002542 0.0011075575693950824 0.00035102707711334583 0.00064213436043405146 0.00075775278685614469 0.0016453275846110449 4.067744102436475e-05 -0.00040542640037671406 -0.00051338204769799177 -0.0011664915640269302 0.00026968947593584367 0.00032836082064147001 -0.00042792523615608672 0.00048581952143102782 -0.0004821686921811595 -0.00056372465377085303 0.00045552808177940862 0.00028805876059757011 -8.2779699835278407e-05 -0.00050206362294114145 0.0020402692576753905
leaf_weight=44 33 61 190 89 176 44 21 24 49 43 116 51 113 79 193 148 38 35 66 32 20 66 21
leaf_count=44 33 61 190 89 176 44 21 24 49 43 116 51 113 79 193 148 38 35 66 32 20 66 21
internal_value=0 0.00019025 -9.68603e-06 0.000202845 0.000466137 -0.000117905 0.000748613 0.000543141 0.00075894 -0.00020489 -0.000163399 -0.000373758 -0.000115554 0 -0.000196174 0.000266542 -0.000546505 0 0.000175264 -9.16008e-05 -0.000886607 -0.000838608 0.00155895
internal_weight=1752 910 523 372 387 234 242 200 138 842 809 346 229 463 272 191 151 145 110 70 81 117 42
internal_count=1752 910 523 372 387 234 242 200 138 842 809 346 229 463 272 191 151 145 110 70 81 117 42
is_linear=0
shrinkage=0.03


Tree=6
num_leaves=22
num_cat=0
split_feature=25 14 32 22 15 26 23 34 22 28 15 25 19 28 14 20 34 16 18 30 16
split_gain=0.150452 0.0649561 0.0564453 0.0766755 0.0504129 0.0482332 0.0476866 0.0433548 0.04174 0.0404726 0.0315293 0.0311994 0.0290877 0.0240589 0.0223049 0.0221439 0.0177311 0.0174022 0.0155046 0.0150707 0.00773761
threshold=0.52797365406857288 -0.59923622345083938 -0.022245537988513472 -1.180619176829045 0.81756493561156973 0.91061236132264967 -0.59171876167841653 -0.29340164477897934 -0.87105249676730911 -0.31068078935190024 0.35159904087652299 -0.62579730035064662 0.36347208545157006 -0.60297924499466848 0.25194783787262537 -1.1939438422409594 -0.13664091761371627 0.31145039431110538 -0.10746688895579688 -0.19642519164940511 0.54727696040171925
decision_type=2 2 2 2 2 2 2 2 2 2 2 2 2 2 2 2 2 2 2 2 2
left_child=2 9 3 -1 12 6 10 -8 17 19 -4 -10 16 -6 -14 18 -3 -5 -7 -2 -15
right_child=1 4 5 8 13 15 7 -9 11 -11 -12 -13 14 20 -16 -17 -18 -19 -20 -21 -22
leaf_value=-0.002090205696289954 0.0008705664549634092 0 0.00086999976699960152 0.00060035408277211608 0.001553944715466059 -0.00056396270568802721 0.00020570608519251848 -0.00042786019786452762 -0.00079658546158838952 4.8794856760650815e-06 0 -0.00024572542987256644 -0.00077509056332720702 0.00064771498199975622 6.4829243114218114e-05 -0.00088307663823731911 0.00071174463002327156 -0.00012348618655781842 0.00032034713132797103 0.002030495006691765 0
leaf_weight=20 45 79 107 54 29 29 261 150 139 27 53 361 53 41 45 63 53 50 35 34 24
leaf_count=20 45 79 107 54 29 29 261 150 139 27 53 361 53 41 45 63 53 50 35 34 24
internal_value=0 0.000485879 -0.000158256 -0.000365165 0.000257871 2.32092e-05 0.000145342 -1.9701e-05 -0.000293054 0.00112901 0.000580261 -0.000408666 2.74067e-06 0.000831807 -0.00036924 -0.000493513 0.000303199 0.000230611 -4.28898e-05 0.00146238 0.000411162
internal_weight=1752 430 1322 624 324 698 571 411 604 106 160 500 230 94 98 127 132 104 64 79 65
internal_count=1752 430 1322 624 324 698 571 411 604 106 160 500 230 94 98 127 132 104 64 79 65
is_linear=0
shrinkage=0.03


Tree=7
num_leaves=22
num_cat=0
split_feature=31 20 31 33 26 19 35 34 20 19 22 19 15 35 19 20 26 32 33 32 29
split_gain=0.0686403 0.0519794 0.0601672 0.049886 0.0486882 0.0457439 0.0385163 0.0332324 0.0298353 0.0296557 0.0308575 0.0294414 0.0281272 0.024226 0.0176665 0.0267596 0.0129774 0.01271 0.00725341 0.00510594 0.00472362
threshold=-0.12080930440779668 -0.13784910100337536 -0.22309372290321641 -0.27337605837170509 -0.76787197617396019 -0.64994382066300971 -0.37133728705581581 0.055512047282784652 -0.89220248760164977 -1.3537047388097931 -1.1071806018656456 1.2954522737992218 0.97475525801299068 0.10502895047670913 2.6315927360214473 0.39019826961541676 -0.65301178093227852 -0.0053076032632504112 -0.16904773109820584 0.004099095703704079 -0.4408872971003423
decision_type=2 2 2 2 2 2 2 2 2 2 2 2 2 2 2 2 2 2 2 2 2
left_child=1 5 6 -4 -5 8 11 12 19 16 -11 -3 -7 -8 15 -12 -2 -9 -10 -1 -18
right_child=9 2 3 4 -6 7 13 17 18 10 14 -13 -14 -15 -16 -17 20 -19 -20 -21 -22
leaf_value=-0.00053992491384871816 -6.2524556668530051e-05 -0.00014461879887152463 0.0016690683822333811 0.00090516963769223977 -0.00013287238460233769 0.0003058684521343284 -0.00093703509856697534 0.00048206160636618729 0.00074457785936905753 -0.00098841543666397524 3.6023732822640004e-05 0.00095693624313654641 0.0013620667714625595 -0.00023742380548272369 0.00067716023049209839 -0.00033975926651118554 -0.001130623884149827 0.0018522055669567517 0 0 -0.00025452392916802479
leaf_weight=55 31 47 22 56 118 180 68 20 35 33 419 32 27 180 23 271 45 28 22 20 20
leaf_count=55 31 47 22 56 118 180 68 20 35 33 419 32 27 180 23 271 45 28 22 20 20
internal_value=0 0.000180969 -8.86323e-06 0.000397257 0.00019394 0.0004433 -0.000262776 0.000675743 0 -0.000194223 -0.00012399 0.000283681 0.000475409 -0.000450112 -7.58182e-05 -0.000108069 -0.000689392 0.00140207 0.000492257 -0.000397311 -0.000928294
internal_weight=1752 910 523 196 174 387 327 255 132 842 746 79 207 248 713 690 96 48 57 75 65
internal_count=1752 910 523 196 174 387 327 255 132 842 746 79 207 248 713 690 96 48 57 75 65
is_linear=0
shrinkage=0.03


Tree=8
num_leaves=25
num_cat=0
split_feature=25 28 32 22 34 32 9 22 35 33 20 15 14 25 15 29 25 21 10 17 19 35 10 21
split_gain=0.139297 0.0701155 0.0524066 0.0681506 0.0497186 0.046499 0.045144 0.0447708 0.0328754 0.0324258 0.0273672 0.0296969 0.0272618 0.0267379 0.0264097 0.0334496 0.0214948 0.0191558 0.0127121 0.0111839 0.00787443 0.00786187 0.00559013 0.00525463
threshold=0.42025337327195061 -0.32188812753695961 -0.022245537988513472 -1.180619176829045 0.2507861540935406 0.0046612454204955434 0.88179215555827362 -0.87105249676730911 -0.54880949268378298 -0.27869079638187799 -0.89220248760164977 -0.66455744596264699 -0.073892038417965086 -0.9098174988833051 0.89929710481424452 -0.39058604558644133 -0.62579730035064662 0.50357658561395258 0.30935017352851607 0.14228610925096238 1.4764196787025154 0.12380502314533201 1.145829978814817 0.1340161730697286
decision_type=2 2 2 2 2 2 2 2 2 2 2 2 2 2 2 2 2 2 2 2 2 2 2 2
left_child=2 4 3 -1 6 10 9 18 17 -2 21 -12 -6 -10 15 19 -9 -7 -5 -3 -17 -4 -16 -8
right_child=1 14 5 7 12 8 23 16 13 -11 11 -13 -14 -15 22 20 -18 -19 -20 -21 -22 -23 -24 -25
leaf_value=-0.0020143575289327162 0.00090573085659554796 0.00036804662947064544 8.2773924339562643e-05 0.00054032826620325635 0.0018427674269187264 0.00073291099705639505 0 -0.00076401579746251762 0.00040396212619778357 0 -3.6749914762606893e-05 0.00074173049347186657 0.00042538093126589252 -0.00041131505337562872 0.00091313559417095455 -0.00026781528872822457 -0.00028224695435838165 -0.00017714284043759105 -6.8810029899842043e-05 -0.00029583302964376098 -0.0010540762896485186 -0.00056667876574060605 4.5608182295994903e-05 -0.0005261017057695427
leaf_weight=20 140 70 21 54 45 46 30 139 35 52 54 135 28 302 24 43 305 27 50 26 31 28 20 27
leaf_count=20 140 70 21 54 45 46 30 139 35 52 54 135 28 302 24 43 305 27 50 26 31 28 20 27
internal_value=0 0.000402448 -0.000176718 -0.000386341 0.000680263 3.35087e-06 0.000450182 -0.000310836 -0.000185235 0.000672258 0.000338936 0.000506584 0.00137684 -0.000315002 -5.3742e-06 -0.000189999 -0.000443898 0.000363136 0.000225718 0.000154427 -0.000664391 -0.000241932 0.000610716 -0.000244074
internal_weight=1752 536 1216 568 322 648 249 548 410 192 238 189 73 337 214 170 444 73 104 96 74 49 44 57
internal_count=1752 536 1216 568 322 648 249 548 410 192 238 189 73 337 214 170 444 73 104 96 74 49 44 57
is_linear=0
shrinkage=0.03


Tree=9
num_leaves=26
num_cat=0
split_feature=31 20 24 31 24 14 13 34 19 29 22 21 34 24 34 30 22 34 33 18 29 13 34 29 19
split_gain=0.0617007 0.0479076 0.0608621 0.0655234 0.0484037 0.0363115 0.030555 0.029548 0.0272221 0.0371382 0.0339994 0.0273014 0.0257832 0.0214136 0.0205255 0.0169583 0.0224681 0.0214673 0.0152848 0.0115287 0.0105016 0.0101476 0.0114083 0.00970134 0.00366571
threshold=-0.12080930440779668 -0.13784910100337536 0.26970686287752477 -0.23959721820303653 -1.1544900128551923 0.51100376306697692 1.1636663465495178 -1.5197323122669404 -0.12916071006783533 -0.47763270957399129 1.2749686637806545 -0.97650348338365989 -0.3094912476623109 0.93883384328643071 -0.32578634805613144 0.15904852422815527 0.22196216319902071 0.96803398524994611 0.79437826071733375 -0.033790626203433226 -0.34696946046742166 0.58972332165830987 -0.41052901618407495 0.90883089241696757 0.052811509593797899
decision_type=2 2 2 2 2 2 2 2 2 2 2 2 2 2 2 2 2 2 2 2 2 2 2 2 2
left_child=1 4 14 5 21 -4 7 -6 11 -10 18 20 -5 -12 23 16 -13 -17 -11 -16 -2 22 -1 -3 -8
right_child=8 2 3 12 6 -7 24 -9 9 10 13 15 -14 -15 19 17 -18 -19 -20 -21 -22 -23 -24 -25 -26
leaf_value=-0.00072795406344812366 -1.5709783028190331e-05 -0.0010294187193612742 -0.00031335493861021652 0.0012719135356738286 2.0571392278985249e-05 0.00056179017933189043 0.00021237406644504517 0.0010268631130676577 0.00092821618337184184 -8.0439303637493058e-05 -0.0010471145027716245 -0.00092534640567326859 0.00033786797502374783 -0.00018330840519965337 -0.00046138495970517401 7.0226510178626452e-05 -0.00012151989035048811 -0.00049082749845719544 0.00039168982495005442 0.00025741312935861064 0.00077698502825755298 0.00043694718190069712 0 -7.1270465769845504e-05 -0.00029088009578560518
leaf_weight=21 24 61 183 48 39 51 27 156 32 126 39 108 90 104 37 99 58 128 104 33 20 32 92 20 20
leaf_count=21 24 61 183 48 39 51 27 156 32 126 39 108 90 104 37 99 58 128 104 33 20 32 92 20 20
internal_value=0 0.00017183 -1.02064e-05 0.000190245 0.000423716 -0.000105263 0.000680883 0.000844117 -0.000183889 0 -9.32411e-05 -0.000347307 0.00070418 -0.000456115 -0.000517601 -0.000429953 -0.000669386 -0.000235371 0.000122464 -8.47743e-05 0.000307372 0 -0.000145345 -0.000839548 0
internal_weight=1752 910 523 372 387 234 242 195 842 405 373 437 138 143 151 393 166 227 230 70 44 145 113 81 47
internal_count=1752 910 523 372 387 234 242 195 842 405 373 437 138 143 151 393 166 227 230 70 44 145 113 81 47
is_linear=0
shrinkage=0.03


Tree=10
num_leaves=21
num_cat=0
split_feature=31 14 17 28 34 35 19 19 29 22 21 26 35 28 22 34 26 34 29 26
split_gain=0.0582317 0.0466165 0.0427084 0.0296565 0.0276895 0.0590114 0.0300443 0.025632 0.0351455 0.0321366 0.0257646 0.0199062 0.0188657 0.0167098 0.0228681 0.0188529 0.0121652 0.0241466 0.0100126 0.00426211
threshold=-0.12080930440779668 -0.79769043308773646 -2.1405532198731185 -0.58518847483123915 -1.340936181170562 0.1374743425700535 1.2954522737992218 -0.12916071006783533 -0.47763270957399129 1.2749686637806545 -0.97650348338365989 0.11840604075599669 0.091785365158663854 -0.21452767505635326 0.22196216319902071 0.91072920917671463 -0.12006346616179205 -0.29340164477897934 -0.34696946046742166 -0.28682012982647348
decision_type=2 2 2 2 2 2 2 2 2 2 2 2 2 2 2 2 2 2 2 2
left_child=1 3 -3 16 6 -6 -4 10 -9 12 18 -11 -10 14 -12 -15 17 -1 -2 -5
right_child=7 2 4 19 5 -7 -8 8 9 11 13 -13 -14 15 -16 -17 -18 -19 -20 -21
leaf_value=0.00080027965719560402 -1.5290851627166063e-05 0.0012863421159982681 -0.00049888266520373961 0.00047567094746045767 0.00040304139438736042 -0.00020780446819558199 0.00046270027559469726 0.00090275654005152835 -0.00021088799569406546 -0.00015566185174716203 -0.00093985827450695266 -0.00095987324084853738 0.00033225860819677744 3.3168871764262962e-05 -7.8720060243042846e-05 -0.00047133257504662775 -0.00026200790668372064 -0.00026132024193182586 0.00075671587561500133 0.001469938238837609
leaf_weight=54 24 22 142 21 311 251 31 32 85 98 99 45 145 107 50 137 21 22 20 35
leaf_count=54 24 22 142 21 311 251 31 32 85 98 99 45 145 107 50 137 21 22 20 35
internal_value=0 0.000166915 6.49014e-05 0.000641465 1.91958e-05 0.000125261 -0.000304581 -0.000178659 0 -9.09033e-05 -0.000337237 -0.000443807 0.000118524 -0.000417615 -0.00067788 -0.000240235 0.000267947 0.000456746 0.000297694 0.00119108
internal_weight=1752 910 757 153 735 562 173 842 405 373 437 143 230 393 149 244 97 76 44 56
internal_count=1752 910 757 153 735 562 173 842 405 373 437 143 230 393 149 244 97 76 44 56
is_linear=0
shrinkage=0.03


Tree=11
num_leaves=15
num_cat=0
split_feature=22 19 22 24 35 32 30 34 23 21 14 19 30 17
split_gain=0.0561006 0.061254 0.0670745 0.0760851 0.0567934 0.0411688 0.039862 0.0545539 0.0302892 0.0224977 0.0162594 0.0153321 0.0150904 0.00820639
threshold=-1.180619176829045 -0.3483319986001025 1.0767335220195979 1.2641891640357155 0.13604762821408437 -0.026786353336087778 0.015138987897578934 -1.3868277951938841 -0.99794574853601281 -1.0071469047197443 0.54870612067249724 -0.12916071006783533 0.12579666575972706 1.2014350411994525
decision_type=2 2 2 2 2 2 2 2 2 2 2 2 2 2
left_child=-1 5 6 10 -5 9 7 -3 -7 -2 -4 -8 -11 -10
right_child=1 2 3 4 -6 8 11 -9 13 12 -12 -13 -14 -15
leaf_value=-0.0011549083297770167 0.00033217274710639486 -0.00011771466219872837 -0.00077932509993809424 0.00065680406160259486 -0.00041026740869619973 0.00080184372800867992 -0.00036515277500302545 0.0006781223642967234 -0.00012466764282518332 -0.00075173727717609267 -8.8383387320610708e-05 0.00017042958893517433 -0.00026394829723552625 0.00041450218845588661
leaf_weight=34 24 90 126 119 65 37 61 357 291 145 55 182 143 23
leaf_count=34 24 90 126 119 65 37 61 357 291 145 55 182 143 23
internal_value=0 2.57308e-05 0.000169101 -0.000153335 0.000263272 -0.000197637 0.00034392 0.000511504 1.75099e-05 -0.000447063 -0.000590539 2.09744e-05 -0.000525064 -7.21616e-05
internal_weight=1752 1718 1055 365 184 663 690 447 351 312 181 243 288 314
internal_count=1752 1718 1055 365 184 663 690 447 351 312 181 243 288 314
is_linear=0
shrinkage=0.03


Tree=12
num_leaves=19
num_cat=0
split_feature=25 14 15 22 10 26 11 28 11 33 13 23 26 30 17 35 19 29
split_gain=0.12199 0.0552887 0.0415556 0.0398949 0.041881 0.0414741 0.0339267 0.032537 0.0303182 0.0257994 0.0244444 0.021442 0.0185465 0.0141812 0.0124512 0.0116558 0.00560349 0.00550697
threshold=0.52797365406857288 -0.59923622345083938 0.81756493561156973 -1.180619176829045 -1.1441660309237565 0.96116281183266061 1.5855401088594332 -0.35576119036937298 -0.12309863259481886 -0.25960689501726281 0.5112056510096159 -0.63374224307747828 -0.08278624784930598 -0.19642519164940511 -0.89573711724866445 0.18055332975259239 0.81287382097003058 -0.44033001856385773
decision_type=2 2 2 2 2 2 2 2 2 2 2 2 2 2 2 2 2 2
left_child=3 7 8 -1 12 6 -6 13 14 -10 -7 -4 16 -2 -3 -13 -5 -14
right_child=1 2 11 4 5 10 -8 -9 9 -11 -12 15 17 -15 -16 -17 -18 -19
leaf_value=-0.0011230702867630767 0.00077733482529220043 0.00012393042817711829 0 0.00029666747789209089 -4.5225260385260162e-05 -0.00076849454660957346 -0.00087073310196865341 3.1286767518688584e-05 -1.9617924311253434e-05 0.00079472219403281703 0 0.0013028133708641539 0.000246311012248043 0.0018926088260486722 -0.00055510565891461554 0.00019058168994303304 0.001101619226388603 -0.00022924654968748138
leaf_weight=34 45 24 28 33 915 143 45 28 73 54 43 46 49 33 79 20 28 32
leaf_count=34 45 24 28 33 915 143 45 28 73 54 43 46 49 33 79 20 28 32
internal_value=0 0.000437807 0.000226772 -0.000142208 -0.000111443 -0.000173618 -8.96282e-05 0.00103134 0 0.000313909 -0.000582938 0.000747616 0.00036286 0.00133884 -0.000369552 0.00103219 0.000747347 2.12446e-05
internal_weight=1752 430 324 1322 1288 1146 960 106 230 127 186 94 142 78 103 66 61 81
internal_count=1752 430 324 1322 1288 1146 960 106 230 127 186 94 142 78 103 66 61 81
is_linear=0
shrinkage=0.03


Tree=13
num_leaves=22
num_cat=0
split_feature=25 14 32 22 26 23 34 21 23 26 22 30 34 25 22 35 20 30 16 18 30
split_gain=0.115591 0.0523441 0.0427871 0.0630907 0.0377078 0.0389579 0.0377074 0.0314198 0.0346397 0.0314761 0.0307511 0.0297488 0.0253445 0.0237275 0.0232057 0.0205535 0.0190098 0.0175777 0.0155038 0.0135022 0.0118638
threshold=0.52797365406857288 -0.59923622345083938 -0.022245537988513472 -1.180619176829045 0.91061236132264967 -0.59171876167841653 -0.29340164477897934 1.2855982130754586 -0.99794574853601281 1.0000000180025095e-35 -0.87105249676730911 -0.096608573617311483 -0.20968002896177326 -0.62579730035064662 -0.31096406045529595 0.14039074639875246 -1.1939438422409594 -0.19642519164940511 0.31145039431110538 -0.10746688895579688 -0.15640348438435278
decision_type=2 2 2 2 2 2 2 2 2 2 2 2 2 2 2 2 2 2 2 2 2
left_child=2 11 3 -1 5 12 -7 9 -9 20 18 17 -4 -12 -10 -11 19 -2 -5 -6 -3
right_child=1 7 4 10 16 6 -8 8 14 15 13 -13 -14 -15 -16 -17 -18 -19 -20 -21 -22
leaf_value=-0.0018836819189398182 0.00075547228922368947 0.00055890981836291315 -0.00030445780634880067 0.00054600168257265492 -0.00050982239781296817 0.00018902738331549201 -0.00040163105532444788 0 0.0019086263287067414 -0.00062317590018440229 -0.00069118592838435364 0.00011550647806642311 0.00067773748511334552 -0.00020844100896671419 0.0003996776516939844 0.00033178668702748838 -0.00079678634715012512 0.0019737849142402409 -0.0001379391737260311 0.00031856642467410941 0
leaf_weight=20 45 79 22 54 29 261 150 32 22 73 139 32 138 361 28 21 63 29 50 35 69
leaf_count=20 45 79 22 54 29 261 150 32 22 73 139 32 138 361 28 21 63 29 50 35 69
internal_value=0 0.000426537 -0.000138059 -0.000318237 1.94102e-05 0.00012788 -2.06433e-05 0.000220869 0.00071917 3.30393e-05 -0.000252405 0.00100428 0.000521163 -0.00035193 0.00119067 -0.000375242 -0.000436898 0.00133018 0.000194498 -1.80417e-05 0.000314524
internal_weight=1752 430 1322 624 698 571 411 324 82 242 604 106 160 500 50 94 127 74 104 64 148
internal_count=1752 430 1322 624 698 571 411 324 82 242 604 106 160 500 50 94 127 74 104 64 148
is_linear=0
shrinkage=0.03


Tree=14
num_leaves=26
num_cat=0
split_feature=25 28 34 32 22 9 32 22 35 33 25 11 29 20 15 14 16 21 25 16 20 19 11 22 21
split_gain=0.110277 0.0544495 0.0425042 0.0411707 0.0571723 0.0400601 0.0377161 0.0334588 0.0290177 0.0287445 0.0237311 0.0233477 0.0242349 0.0232301 0.0262951 0.0230771 0.017902 0.0168077 0.0165856 0.0146714 0.00878266 0.00846667 0.00827953 0.00822684 0.00414983
threshold=0.42025337327195061 -0.32188812753695961 0.2507861540935406 -0.022245537988513472 -1.180619176829045 0.88179215555827362 0.0046612454204955434 -0.87105249676730911 -0.54880949268378298 -0.28366094135820114 -0.9098174988833051 0.018968990212123133 -0.39058604558644133 -0.89220248760164977 -0.66455744596264699 -0.073892038417965086 0.46881205432951967 0.50357658561395258 -0.62579730035064662 0.31145039431110538 0.67038667035191868 1.2200500924205062 -0.59047429066103685 -0.43748889719413642 0.1340161730697286
decision_type=2 2 2 2 2 2 2 2 2 2 2 2 2 2 2 2 2 2 2 2 2 2 2 2 2
left_child=3 2 5 4 -1 9 13 19 17 -2 -10 12 20 22 -15 -4 -13 -8 -9 -6 -3 -14 -5 -18 -7
right_child=1 11 15 6 7 24 8 18 10 -11 -12 16 21 14 -16 -17 23 -19 -20 -21 -22 -23 -24 -25 -26
leaf_value=-0.0018345424455145131 0.00082564103811672148 -0.0001501210864899414 0.0016759800233412533 8.3408334686492494e-05 0.00053048373554146985 0 0.00069379215077995985 -0.00067088841127303854 0.0003860428480333404 0 -0.00038059264634550757 0.00098512936473406604 -9.2483283441153254e-05 -4.8653986579952997e-05 0.00068186329046717288 0.00036559144903965774 -0.00022540052188245731 -0.00015344036193564532 -0.00024449259745918647 -0.00013403523511051218 0.00049092315381858503 -0.00091782422040837842 -0.00058606928818184757 0.00047020318686962132 -0.00051227630038047211
leaf_weight=20 138 32 45 23 54 30 46 139 35 54 302 26 28 54 135 28 34 27 305 50 31 41 26 22 27
leaf_count=20 138 32 45 23 54 30 46 139 35 54 302 26 28 54 135 28 34 27 305 50 31 41 26 22 27
internal_value=0 0.000358503 0.000603271 -0.000156811 -0.000342611 0.00039001 2.27026e-06 -0.000273024 -0.000167115 0.000600202 -0.000289444 0 -0.000257882 0.000304965 0.00046002 0.00124711 0.000376282 0.000347271 -0.000388299 0.000188165 0.000127836 -0.000642378 -0.00022745 7.03831e-06 -0.000262614
internal_weight=1752 536 322 1216 568 249 648 548 410 192 337 214 132 238 189 73 82 73 444 104 63 69 49 56 57
internal_count=1752 536 322 1216 568 249 648 548 410 192 337 214 132 238 189 73 82 73 444 104 63 69 49 56 57
is_linear=0
shrinkage=0.03


Tree=15
num_leaves=20
num_cat=0
split_feature=25 28 14 22 10 26 21 15 29 29 21 19 26 11 18 9 19 3 8
split_gain=0.104593 0.0494527 0.0440481 0.0345375 0.0360602 0.0345727 0.0329412 0.0226035 0.0211455 0.0196015 0.0164547 0.0168135 0.0143737 0.0140782 0.0107901 0.0049925 0.00342029 0.00216311 0.00167936
threshold=0.51229982930344187 -0.32188812753695961 -0.59923622345083938 -1.180619176829045 -1.1441660309237565 0.96116281183266061 0.10459845968415708 -0.37467476812440031 -0.46447100347309866 -0.22941340893021836 1.0251286316171442 1.5156291552483296 0.0025737214660456649 0.97818617824730081 0.20958286771507706 -1.6345879071978835 0.81287382097003058 -0.045696065511781368 0.84235347053823106
decision_type=2 2 2 2 2 2 2 2 2 2 2 2 2 2 2 2 2 2 2
left_child=3 2 13 -1 12 6 -6 -7 18 -10 11 17 16 -2 -12 -14 -5 -3 -4
right_child=1 10 8 4 5 7 -8 -9 9 -11 14 -13 15 -15 -16 -17 -18 -19 -20
leaf_value=-0.0010472477413210513 0.0014983551071340877 0.00018716904538159721 0.0012913874050035424 0.0002831322935332234 -0.00017229161621647843 0.00024538424771279095 0.00027442397925284845 -0.00066413907054671453 -0.00015544113932643088 0.00050312652769704828 0.00069919540792470801 -0.00075776666876460825 0.00031810674861677596 0.00033258953966476838 -2.4800442753565574e-06 -0.00012938564547473606 0.00098958789054304349 -0.00010551200002165777 0.00038845088851192721
leaf_weight=34 59 37 20 33 772 22 177 163 72 76 37 32 34 22 23 46 27 46 20
leaf_count=34 59 37 20 33 772 22 177 163 72 76 37 32 34 22 23 46 27 46 20
internal_value=0 0.000397396 0.000650507 -0.000134004 -0.00010488 -0.000162922 -8.52203e-05 -0.000537832 0.000365053 0.000166152 0 -0.000205128 0.000337835 0.00124063 0.000395291 2.92777e-05 0.000680641 0 0.000968286
internal_weight=1752 444 269 1308 1274 1134 949 185 188 148 175 115 140 81 60 80 60 83 40
internal_count=1752 444 269 1308 1274 1134 949 185 188 148 175 115 140 81 60 80 60 83 40
is_linear=0
shrinkage=0.03


Tree=16
num_leaves=23
num_cat=0
split_feature=25 14 32 26 23 34 21 21 23 26 28 34 25 29 29 26 35 18 16 28 16 28
split_gain=0.0988288 0.0455214 0.0378381 0.0335638 0.0349296 0.0350954 0.0308655 0.0287824 0.0314319 0.02743 0.0258153 0.0231018 0.018936 0.0409452 0.0316542 0.0182464 0.0182346 0.0123558 0.0122185 0.0119585 0.00470239 0.00176563
threshold=0.52797365406857288 -0.59923622345083938 -0.022245537988513472 0.91061236132264967 -0.59171876167841653 -0.29340164477897934 -0.97650348338365989 1.2855982130754586 -0.99794574853601281 1.0000000180025095e-35 -0.35576119036937298 -0.20968002896177326 -0.62579730035064662 -0.47115874307708011 -0.4339874552896773 1.6538011962246391 0.14039074639875246 -0.10746688895579688 1.1994728539356139 -0.57381853820923145 0.34784903084226526 -0.097557722795989857
decision_type=2 2 2 2 2 2 2 2 2 2 2 2 2 2 2 2 2 2 2 2 2 2
left_child=2 10 6 4 11 -6 20 9 -9 19 18 -4 14 -14 -8 -5 -11 -17 -2 -3 -1 -10
right_child=1 7 3 15 5 -7 12 8 21 16 -12 -13 13 -15 -16 17 -18 -19 -20 -21 -22 -23
leaf_value=0.00050327493963626827 0.0014541867610707413 0.00060076778802158504 -0.00028892051851842548 -0.00076082790740342296 0.00018509687875418668 -0.00038484210214194127 -0.0009692722925295432 0 0.0014058628369239157 -0.000592149406873719 2.9765103072408705e-05 0.00064549477884444991 0.0003721043639746383 -0.00038949335077416214 -0.00017039388649893228 -0.00047467075209715404 0.00030283537654031531 0.00032078023749942844 0.00031857192016832416 1.9688077670677251e-05 0 0.00049214173539257906
leaf_weight=38 57 61 22 63 261 150 105 32 29 73 28 138 75 287 97 29 21 35 21 87 22 21
leaf_count=38 57 61 22 63 261 150 105 32 29 73 28 138 75 287 97 29 21 35 21 87 22 21
internal_value=0 0.000394954 -0.000127094 2.07732e-05 0.000123304 -1.69451e-05 -0.00029659 0.000202433 0.00067894 2.23909e-05 0.000934125 0.000495655 -0.000367989 -0.000221723 -0.000608394 -0.000409342 -0.000358096 0 0.0012086 0.000286232 0.000312506 0.00112828
internal_weight=1752 430 1322 698 571 411 624 324 82 242 106 160 564 362 202 127 94 64 78 148 60 50
internal_count=1752 430 1322 698 571 411 624 324 82 242 106 160 564 362 202 127 94 64 78 148 60 50
is_linear=0
shrinkage=0.03


Tree=17
num_leaves=25
num_cat=0
split_feature=25 28 34 32 22 32 22 8 35 26 25 33 11 15 15 24 14 16 25 16 22 22 11 15
split_gain=0.0945677 0.0466027 0.0382786 0.0363122 0.0521737 0.0342246 0.0299481 0.0297877 0.0272453 0.0236552 0.0219394 0.021348 0.0211231 0.0210441 0.0294659 0.0203462 0.0196617 0.016462 0.01408 0.0132038 0.0108914 0.008088 0.00611148 0.00547179
threshold=0.42025337327195061 -0.32188812753695961 0.2507861540935406 -0.022245537988513472 -1.180619176829045 0.0046612454204955434 -0.87105249676730911 0.57971352159116107 -0.54880949268378298 0.93143824958749866 -0.88425371726850088 -0.28950250628296276 0.018968990212123133 0.33435582914674628 -0.66455744596264699 0.93883384328643071 0.043060768825152827 0.43820067212424624 -0.62579730035064662 0.31145039431110538 -0.32695700617967544 -0.43748889719413642 -0.94714868573576372 -0.36957953386815728
decision_type=2 2 2 2 2 2 2 2 2 2 2 2 2 2 2 2 2 2 2 2 2 2 2 2
left_child=3 2 7 4 -1 13 19 11 9 -7 -10 -2 15 14 -5 20 -4 -14 -8 -6 -3 -19 -15 -9
right_child=1 12 16 5 6 8 18 23 10 -11 -12 -13 17 22 -16 -17 -18 21 -20 -21 -22 -23 -24 -25
leaf_value=-0.0017443989690231238 0.00076713514736123059 -0.00013932223466690629 0.0015434328376874326 -4.5941352474920703e-05 0.00050796690769493581 0.00073515518341103888 -0.00062322082904450672 0.00021062814014658214 0.00034540690014297825 -0.00030457023607700001 -0.00036673155900123503 0 0.00095956726458721914 8.9290621985855975e-05 0.00074621365870310304 0.00027002472229235408 0.0003019931372255087 -0.0002225730707680152 -0.00022779184536892745 -0.00012001825177839974 -0.00088294327277235859 0.00045799762648172102 -0.00041650407010955471 -0.00028937058111554696
leaf_weight=20 128 55 47 55 54 48 139 21 38 25 299 46 25 37 114 39 26 34 305 50 38 23 32 54
leaf_count=20 128 55 47 55 54 48 139 21 38 25 299 46 25 37 114 39 26 34 305 50 38 23 32 54
internal_value=7.50567e-08 0.000332666 0.000559097 -0.000144524 -0.000319064 4.62378e-06 -0.000252385 0.000356259 -0.00015648 0.000341644 -0.000275268 0.000571843 0 0.000293097 0.000474665 -0.000244002 0.00117012 0.000359301 -0.000361649 0.000183114 -0.000492514 1.12122e-05 -0.000111195 -0.000108193
internal_weight=1752 536 322 1216 568 648 548 249 410 73 337 174 214 238 169 132 73 82 444 104 93 57 69 75
internal_count=1752 536 322 1216 568 648 548 249 410 73 337 174 214 238 169 132 73 82 444 104 93 57 69 75
is_linear=0
shrinkage=0.03


Tree=18
num_leaves=25
num_cat=0
split_feature=25 28 12 32 26 23 34 21 34 20 17 26 25 29 29 21 35 29 28 34 29 32 29 16
split_gain=0.089605 0.0423669 0.037292 0.0334912 0.0304308 0.0322381 0.0320183 0.0281891 0.0212526 0.0172585 0.0166848 0.0202617 0.0159428 0.0335763 0.029264 0.0145406 0.0124469 0.0153958 0.00837436 0.00812539 0.00737534 0.00598307 0.00517269 0.00416585
threshold=0.51229982930344187 -0.32188812753695961 0.93987513272452239 -0.022245537988513472 0.91061236132264967 -0.59171876167841653 -0.29340164477897934 -0.97650348338365989 -0.20968002896177326 -1.1939438422409594 -0.10554402295506359 0.29084589116440768 -0.62579730035064662 -0.47115874307708011 -0.4339874552896773 1.2145053494962079 0.22440305876362945 -0.38717025780038655 -0.6187773324138679 0.19753414135123046 -0.44223645227086361 -0.28833064948942094 -0.3795008338905001 0.34784903084226526
decision_type=2 2 2 2 2 2 2 2 2 2 2 2 2 2 2 2 2 2 2 2 2 2 2 2
left_child=3 2 10 7 5 8 -7 23 -5 22 11 -2 14 -14 -9 16 17 -3 -4 -12 -18 -17 -6 -1
right_child=1 15 18 4 9 6 -8 12 -10 -11 19 -13 13 -15 -16 21 20 -19 -20 -21 -22 -23 -24 -25
leaf_value=0.00047515748597954104 0.00073498271034303593 4.0882094689136875e-05 -0.00035194404620810275 -0.00027802590234903614 -0.00021646470332795635 0.00017276823461348799 -0.00037239658650679635 -0.00092166318159757376 0.00061542059764379945 -0.00073546450102532444 0.00068391364518426004 -7.3312032182833972e-05 0.00032701543395926002 -0.00036987348942681017 -0.0001530934419107507 0 -0.00014104714097455142 -0.00072911331914913115 0.00029821998204958316 0.0015283743772147732 0.000501053755148314 0.00071851149379629001 0.00032658576491572289 0
leaf_weight=38 79 30 32 22 44 258 150 105 138 63 52 32 73 278 97 22 22 48 33 41 27 26 20 22
leaf_count=38 79 30 32 22 44 258 150 105 138 63 52 32 73 278 97 22 22 48 33 41 27 26 20 22
internal_value=1.13416e-07 0.000368603 0.000602883 -0.000123239 1.53818e-05 0.000113729 -2.1616e-05 -0.000284583 0.000471311 -0.000393869 0.000799838 0.000479848 -0.000354191 -0.000214919 -0.000574873 0 -0.000164079 -0.000405379 0 0.00112358 0.000163566 0.000433561 0 0.00029567
internal_weight=1752 444 269 1308 695 568 408 613 160 127 204 111 553 351 202 175 127 78 65 93 49 48 64 60
internal_count=1752 444 269 1308 695 568 408 613 160 127 204 111 553 351 202 175 127 78 65 93 49 48 64 60
is_linear=0
shrinkage=0.03


Tree=19
num_leaves=13
num_cat=0
split_feature=22 19 20 15 16 29 34 33 26 21 29 29
split_gain=0.0414144 0.0436043 0.0374715 0.0553441 0.0511384 0.0493498 0.0428845 0.010071 0.0115133 0.00941989 0.00487359 0.0027218
threshold=-1.180619176829045 -1.3537047388097931 0.36864531571260889 -1.0464295798795997 -0.79398759185883627 -0.47115874307708011 -0.18718924090512359 -0.097636544381089499 -0.65301178093227852 0.27436336741376705 -0.4528221084791349 -0.46375540444472912
decision_type=2 2 2 2 2 2 2 2 2 2 2 2
left_child=-1 7 3 10 -5 9 -7 -2 -9 -4 -3 -10
right_child=1 2 5 4 -6 6 -8 8 11 -11 -12 -13
leaf_value=-0.00099104776167990394 0 0.00031804326936980945 6.1340069514699207e-06 0.0005961811356283512 1.0016708533780658e-05 0.00011723632343630122 -0.00042911833098013428 -3.6069644970592806e-05 -0.0010610681237386804 0.00095599595673847941 0.0012130797538070046 -0.00041248212708160282
leaf_weight=34 21 21 21 162 773 200 325 34 39 37 46 39
leaf_count=34 21 21 21 162 773 200 325 34 39 37 46 39
internal_value=2.23893e-07 2.32782e-05 6.90504e-05 0.00018131 0.000116357 -0.000118711 -0.000215818 -0.000489635 -0.000601945 0.000678476 0.00100106 -0.0008011
internal_weight=1752 1718 1585 1002 935 583 525 133 112 58 67 78
internal_count=1752 1718 1585 1002 935 583 525 133 112 58 67 78
is_linear=0
shrinkage=0.03


Tree=20
num_leaves=25
num_cat=0
split_feature=25 28 10 32 22 32 22 35 14 15 25 20 15 11 24 22 22 21 11 22 11 22 11 10
split_gain=0.0840933 0.0401231 0.031922 0.0313453 0.0475391 0.0311747 0.0262124 0.0256229 0.0202693 0.0207457 0.0200769 0.0199449 0.0221087 0.0190277 0.0188375 0.016235 0.0159393 0.0144716 0.0126562 0.0117189 0.0116033 0.00943541 0.00750527 0.00597783
threshold=0.42025337327195061 -0.32188812753695961 1.145829978814817 -0.022245537988513472 -1.180619176829045 0.0046612454204955434 -0.87105249676730911 -0.54880949268378298 -0.59923622345083938 0.68375929531991886 -0.9098174988833051 -0.89220248760164977 -0.66455744596264699 0.018968990212123133 0.93883384328643071 -0.49872640227425974 -0.51554479035860667 0.50357658561395258 1.1263622301283556 -0.43748889719413642 0.19619287838070237 -0.32695700617967544 -0.59047429066103685 0.49481594067534956
decision_type=2 2 2 2 2 2 2 2 2 2 2 2 2 2 2 2 2 2 2 2 2 2 2 2
left_child=3 2 8 4 -1 11 20 17 16 -10 -9 22 -13 14 21 -4 -2 -7 -8 23 -6 -3 -5 -15
right_child=1 13 15 5 6 7 18 10 9 -11 -12 12 -14 19 -16 -17 -18 -19 -20 -21 -22 -23 -24 -25
leaf_value=-0.0016588923759434532 9.5066310212132512e-05 -0.00013213936906661196 0.00047634882581136799 7.8560326517058108e-05 0.00047721047486227596 0.00065281100373724662 -0.00025275724996953568 0.00035150732325488015 0.00013706827461719515 0.00088068447512637635 -0.0003508452666075337 -4.0244544372207627e-05 0.00062560620479048927 0.00039146382198669018 0.00026713860708072644 -0.00051612392128948627 0.0012130314888199789 -0.00012698662150651216 -0.00073443074357097161 0.00075950852350797503 -0.00010916868837348202 -0.00083140952740909477 -0.00055553888221239218 -0.00023432775882763728
leaf_weight=20 21 55 20 23 54 46 377 35 112 56 302 54 135 21 39 34 79 27 67 33 50 38 26 28
leaf_count=20 21 55 20 23 54 46 377 35 112 56 302 54 135 21 39 34 79 27 67 33 50 38 26 28
internal_value=3.28187e-07 0.000314052 0.000524101 -0.00013593 -0.000298069 2.30303e-06 -0.000234198 -0.000151265 0.000658573 0.000413586 -0.000266619 0.000277891 0.000422082 0 -0.000226163 -9.01853e-05 0.00101699 0.000331291 -0.000336595 0.000346744 0.000172103 -0.000466165 -0.000212847 0
internal_weight=1752 536 322 1216 568 648 548 410 268 168 337 238 189 214 132 54 100 73 444 82 104 93 49 49
internal_count=1752 536 322 1216 568 648 548 410 268 168 337 238 189 214 132 54 100 73 444 82 104 93 49 49
is_linear=0
shrinkage=0.03


Tree=21
num_leaves=12
num_cat=0
split_feature=22 11 19 29 26 23 21 11 29 26 18
split_gain=0.0375897 0.0405871 0.0412967 0.0456996 0.0512162 0.0207474 0.0209179 0.0203151 0.0180267 0.0132763 0.00909815
threshold=-1.180619176829045 1.5855401088594332 -0.28298261666444363 -0.47115874307708011 1.5092538281242669 -0.99794574853601281 -1.0733368758228525 -0.93854100290692288 -0.4339874552896773 -0.61420159777444427 0.66485786837409033
decision_type=2 2 2 2 2 2 2 2 2 2 2
left_child=-1 2 5 7 -5 8 -7 -4 -2 -3 -11
right_child=1 9 3 4 -6 6 -8 -9 -10 10 -12
leaf_value=-0.00094392750092555538 0 0 0.0013564800824504345 6.4992966003650691e-05 0.0014031052357620661 0.00025465581457140025 -0.00023895329562575275 0.0003747555207793734 0.0010238918229192495 -0.00095148042955302747 -0.00014070154526747171
leaf_weight=34 33 23 37 810 24 82 537 67 22 53 30
leaf_count=34 33 23 37 810 24 82 537 67 22 53 30
internal_value=3.62604e-07 2.24066e-05 6.18521e-05 0.000191515 0.000111975 -0.000114216 -0.000167828 0.0007803 0.000414913 -0.000535132 -0.000708443
internal_weight=1752 1718 1612 938 834 674 619 104 55 106 83
internal_count=1752 1718 1612 938 834 674 619 104 55 106 83
is_linear=0
shrinkage=0.03


Tree=22
num_leaves=25
num_cat=0
split_feature=25 28 34 32 22 32 12 32 22 14 22 15 15 11 29 16 25 16 26 22 19 29 24 19
split_gain=0.0771701 0.0378792 0.0324882 0.0290141 0.043661 0.028987 0.0267131 0.0246128 0.0240193 0.0202995 0.0208645 0.0187606 0.025772 0.0180252 0.0187912 0.0152924 0.0118137 0.0112385 0.0111152 0.0069896 0.00659301 0.0056266 0.00559161 0.00537168
threshold=0.42025337327195061 -0.32188812753695961 0.72746962376476965 -0.022245537988513472 -1.180619176829045 0.0046612454204955434 0.96008897962822926 0.0079631076841932911 -0.87105249676730911 0.62433749112471426 1.0767335220195979 0.33435582914674628 -0.66455744596264699 0.018968990212123133 -0.38717025780038655 0.43820067212424624 -0.62579730035064662 0.31145039431110538 0.82659840992028566 -0.43748889719413642 1.2200500924205062 -0.49857652595072977 0.52753560762224094 0.0095812187029993313
decision_type=2 2 2 2 2 2 2 2 2 2 2 2 2 2 2 2 2 2 2 2 2 2 2 2
left_child=3 2 6 4 -1 11 7 -2 17 10 -7 12 -5 14 22 -15 -10 -6 -11 -17 -16 -13 -3 -8
right_child=1 13 -4 5 8 9 23 -9 16 18 -12 21 -14 15 20 19 -18 -19 -20 -21 -22 -23 -24 -25
leaf_value=-0.0015909927212025806 0.00014786085696258828 -0.00012648870049451942 0.0014088814287313391 -4.3108350327358866e-05 0.00046467928392322436 -0.00010798820463557213 0.0001444671474583447 0.00081709049571281858 -0.00056257305585764492 0.00064206191869452592 -0.00070176633547956431 0.00021468780320593275 0.00069484750576950132 0.00091050395901714045 -7.1486636049925307e-05 -0.00021698334909239282 -0.00019903296723988476 -0.00011270881176680186 -4.4507675425847988e-05 0.00041826620189329753 -0.00081705841556364703 -0.00030688303613211388 0.00037258314238064678 -0.00036003470153082162
leaf_weight=20 104 29 32 55 54 274 22 125 139 37 70 20 114 25 28 34 305 50 29 23 40 49 35 39
leaf_count=20 104 29 32 55 54 274 22 125 139 37 70 20 114 25 28 34 305 50 29 23 40 49 35 39
internal_value=5.34166e-07 0.000301134 0.000505261 -0.000129921 -0.000285932 2.90834e-06 0.000381908 0.000531934 -0.000224454 -0.000144996 -0.000242483 0.000268783 0.000440679 0 -0.000223993 0.000333419 -0.000322567 0.000163674 0.00030809 0 -0.000568304 -0.00011139 0.000106127 -0.000132965
internal_weight=1752 536 322 1216 568 648 290 229 548 410 344 238 169 214 132 82 444 104 66 57 68 69 64 61
internal_count=1752 536 322 1216 568 648 290 229 548 410 344 238 169 214 132 82 444 104 66 57 68 69 64 61
is_linear=0
shrinkage=0.03


Tree=23
num_leaves=13
num_cat=0
split_feature=11 22 19 28 34 34 31 14 17 32 34 12
split_gain=0.0344673 0.0367925 0.0371646 0.0465482 0.0371182 0.0194838 0.0181843 0.0175618 0.0162558 0.0114022 0.00946122 0.00561435
threshold=1.5855401088594332 -1.180619176829045 -0.28298261666444363 -0.32188812753695961 -1.6078438077126094 0.7862285219143077 1.3981086108835135 1.5079678425872964 1.1665707180490938 0.19308539094040064 -1.2945047651384802 1.6420585839272563
decision_type=2 2 2 2 2 2 2 2 2 2 2 2
left_child=1 -1 5 4 -4 8 -7 -5 -3 11 -11 -2
right_child=9 2 3 7 -6 6 -8 -9 -10 10 -12 -13
leaf_value=-0.0008943077891158895 -0.00096407857377755828 -5.9344536650291811e-05 -0.00016193362298761303 -0.00014309468836826885 0.00046197984719696113 -0.00056335416633508141 0.00010035864054754544 0.00058139431882955255 0.0006090197313302529 -0.00050382838537916543 0.00032817251445806545 -0.00013454881552024743
leaf_weight=34 44 474 95 339 475 127 41 29 32 21 20 21
leaf_count=34 44 474 95 339 475 127 41 29 32 21 20 21
internal_value=3.62978e-07 3.6217e-05 5.93258e-05 0.000182384 0.000352455 -0.000107551 -0.000384914 -7.36759e-05 -7.84215e-06 -0.000514539 -3.50889e-05 -0.000757954
internal_weight=1752 1646 1612 938 570 674 168 368 506 106 41 65
internal_count=1752 1646 1612 938 570 674 168 368 506 106 41 65
is_linear=0
shrinkage=0.03


Tree=24
num_leaves=22
num_cat=0
split_feature=25 14 15 19 22 28 32 22 12 23 11 30 28 11 30 16 17 11 28 30 11
split_gain=0.071627 0.0356497 0.03125 0.0290379 0.0331683 0.0282468 0.024531 0.0420047 0.0242728 0.0212102 0.0207613 0.0191549 0.0176945 0.0138552 0.0135126 0.0108356 0.0097724 0.00933114 0.00890915 0.0029274 0.000831286
threshold=0.52797365406857288 -0.59923622345083938 0.81756493561156973 1.0461202665374965 1.0767335220195979 -0.3308881401528973 -0.022245537988513472 -1.180619176829045 0.30147424853312166 -0.9909418349695025 -0.12309863259481886 -0.096608573617311483 -0.60297924499466848 1.3748923450079029 -0.19642519164940511 -0.53278779305095336 -0.35175858819839251 0.96246439184404253 -0.50566133063331986 0.22118612860198725 0.011741981049995716
decision_type=2 2 2 2 2 2 2 2 2 2 2 2 2 2 2 2 2 2 2 2 2
left_child=3 11 10 4 6 8 7 -1 16 -8 15 14 -4 -12 -2 -3 -5 -14 -6 -7 -20
right_child=1 2 12 5 18 19 9 -9 -10 -11 13 -13 17 -15 -16 -17 -18 -19 20 -21 -22
leaf_value=-0.0015261588216475817 0.00057436686400615144 -6.6192804622890064e-05 0.0012300281592761166 0.00039139777659925868 -0.00094372046898095455 -0.00054201807627585999 0.00039891942166363334 -0.00018656244636355694 -1.7257285451418468e-05 -5.8579151969718665e-05 0.0004466136174276471 8.110090153557912e-05 0.00056574165010970319 -0.00017421518999752913 0.0016353561265859751 -0.00077037837915850099 0.0013117046549238941 -6.636218747195426e-05 0 0 -0.00038478495345996885
leaf_weight=20 45 70 29 40 56 20 111 503 35 430 87 32 37 40 29 33 30 28 24 27 26
leaf_count=20 45 70 29 40 56 20 111 503 35 430 87 32 37 40 29 33 30 28 24 27 26
internal_value=7.80589e-08 0.000336746 0.000165357 -0.000107679 -0.000160083 0.000271637 -0.000105333 -0.000251905 0.000550561 3.1456e-05 -1.22821e-05 0.000814124 0.000617869 0.000228492 0.00107664 -0.000335525 0.000864608 0.000258418 -0.000664108 -0.000287136 -0.000258645
internal_weight=1752 430 324 1322 1170 152 1064 523 105 541 230 106 94 127 74 103 70 65 106 47 50
internal_count=1752 430 324 1322 1170 152 1064 523 105 541 230 106 94 127 74 103 70 65 106 47 50
is_linear=0
shrinkage=0.03


Tree=25
num_leaves=22
num_cat=0
split_feature=25 19 29 19 26 11 24 23 29 15 34 33 29 34 19 15 35 10 9 11 7
split_gain=0.0678117 0.0327433 0.0412562 0.0273736 0.0396584 0.0230623 0.0219577 0.0192969 0.0171294 0.0159349 0.0157842 0.0337618 0.0127279 0.010906 0.0107113 0.00974741 0.00884167 0.0080046 0.00789901 0.00498048 0.00353449
threshold=0.52797365406857288 0.29711788373070813 -0.46447100347309866 1.0461202665374965 -0.021355485875971737 1.4661407200110987 1.6939037386102422 -0.99794574853601281 -0.4339874552896773 0.19959399666437327 -0.42055301898818204 1.6556095543301834 -0.4408872971003423 -1.3868277951938841 1.5568497995311132 0.43143838509177157 0.12960621743973244 -1.1441660309237565 1.3603842662470873 1.2429508740330681 -0.11985307697530027
decision_type=2 2 2 2 2 2 2 2 2 2 2 2 2 2 2 2 2 2 2 2 2
left_child=3 10 -3 5 6 7 16 8 -1 -9 12 15 -2 -14 19 -12 -5 -16 -7 -4 -6
right_child=1 2 14 4 20 18 -8 9 -10 -11 11 -13 13 -15 17 -17 -18 -19 -20 -21 -22
leaf_value=0 -0.0002344652764399403 0.00098770521885969422 0.00021341185660326276 0.0010480795785435474 0 -0.0010091073181336889 -8.9858485618606192e-05 -8.0356183270183373e-05 0.00099223829984664913 -0.00035807770861191035 0.0013024796989300974 0 0 0.00065887721133435007 0 0.00026114610385190209 0.00013239326977171003 -0.00064707661657415036 -6.8569445911713899e-05 -0.00023410924413816675 -0.00057140488164838057
leaf_weight=33 25 30 55 57 20 36 23 798 22 261 66 28 39 67 20 20 22 49 20 31 30
leaf_count=33 25 30 55 57 20 36 23 798 22 261 66 28 39 67 20 20 22 49 20 31 30
internal_value=0 0.00032757 8.64371e-06 -0.000104858 0.000263206 -0.000155784 0.000608174 -0.000121577 0.000398206 -0.000152446 0.000553278 0.000824131 0.000282011 0.000434445 -0.000177021 0.00111098 0.000843837 -0.000449825 -0.000744615 1.59345e-05 -0.000378517
internal_weight=1752 430 185 1322 152 1170 102 1114 55 1059 245 114 131 106 155 86 79 69 56 86 50
internal_count=1752 430 185 1322 152 1170 102 1114 55 1059 245 114 131 106 155 86 79 69 56 86 50
is_linear=0
shrinkage=0.03


Tree=26
num_leaves=25
num_cat=0
split_feature=25 30 12 32 25 21 26 35 35 18 11 29 34 16 17 34 33 30 34 19 34 29 11 9
split_gain=0.0641601 0.0281552 0.0275653 0.0244432 0.0265136 0.0243778 0.0203704 0.0297184 0.0188972 0.0179499 0.0157386 0.0255305 0.0148665 0.0127158 0.0123427 0.0114152 0.0148669 0.00956665 0.0174573 0.00701897 0.00559639 0.0049384 0.00406517 0.00326376
threshold=0.42025337327195061 -0.087699006519466258 0.93987513272452239 -0.022245537988513472 -0.92971196026708947 -0.97650348338365989 0.91061236132264967 -0.54880949268378298 0.19835889664412851 0.17392863071285278 0.018968990212123133 -0.46282169072166385 -1.6078438077126094 0.56892990065002247 -0.76682901327772146 -0.20968002896177326 -0.16904773109820584 0.15904852422815527 0.044065814592422682 0.36347208545157006 0.91072920917671463 -0.4408872971003423 1.6799294353971723 -0.32618884998011505
decision_type=2 2 2 2 2 2 2 2 2 2 2 2 2 2 2 2 2 2 2 2 2 2 2 2
left_child=3 2 8 5 15 23 7 -6 12 -8 11 -3 -2 -12 -13 -5 -17 18 -7 22 -19 -15 -4 -1
right_child=1 10 19 4 6 17 9 -9 -10 -11 13 14 -14 21 -16 16 -18 20 -20 -21 -22 -23 -24 -25
leaf_value=0.000531832185263435 0 0.00060645272475667302 0.00046072622044416879 -8.4748256718739863e-05 0.00067468105776508579 -9.1470345482665388e-05 -0.00077486032828164746 -8.939162671338091e-05 0 9.9576986527868633e-06 0.00076577745066759616 0.00021699097394214375 0.00083574875143950142 -0.00023355389838428076 -0.00048550150356337931 0.00094867694325140718 0.00013567598877396728 5.280773363142543e-05 -0.00061195198588425976 -0.00042813365162250452 -0.00025306879949356376 0.00027480554918101434 -1.4319909116475957e-05 0
leaf_weight=24 20 27 20 24 49 104 61 382 33 32 35 20 170 26 105 44 56 61 198 25 145 35 20 36
leaf_count=24 20 27 20 24 49 104 61 382 33 32 35 20 170 26 105 44 56 61 198 25 145 35 20 36
internal_value=0 0.000274161 0.000475097 -0.000118891 2.65683e-06 -0.000262097 -8.64799e-05 0 0.000632627 -0.000481693 2.59733e-05 -0.000149999 0.00074617 0.000331001 -0.000347214 0.000396098 0.000539735 -0.000332415 -0.000445212 -2.53e-05 -0.000148682 1.04617e-05 0.000169008 0.00027312
internal_weight=1752 536 288 1216 648 568 524 431 223 93 248 152 190 96 125 124 100 508 302 65 206 61 40 60
internal_count=1752 536 288 1216 648 568 524 431 223 93 248 152 190 96 125 124 100 508 302 65 206 61 40 60
is_linear=0
shrinkage=0.03


Tree=27
num_leaves=20
num_cat=0
split_feature=25 14 19 26 22 14 22 19 24 30 19 18 31 30 34 35 11 11 28
split_gain=0.0604734 0.0328278 0.025005 0.0368603 0.0303532 0.0233463 0.0224721 0.0222707 0.0205902 0.0163916 0.0127619 0.0158921 0.0133974 0.0120423 0.00986987 0.00765472 0.00760584 0.00371956 0.00338841
threshold=0.52797365406857288 -0.59923622345083938 1.0461202665374965 -0.021355485875971737 1.0767335220195979 1.3589290845303623 -1.180619176829045 -1.3537047388097931 1.6939037386102422 -0.096608573617311483 0.1583759539545013 -0.37325800727486386 1.0140935858139057 -0.19642519164940511 0.044065814592422682 0.12960621743973244 1.0772076928546392 0.011741981049995716 -0.37392290555173852
decision_type=2 2 2 2 2 2 2 2 2 2 2 2 2 2 2 2 2 2 2
left_child=2 9 4 8 6 10 -1 -8 15 13 11 -3 -12 -2 -6 -4 -7 -16 -5
right_child=1 5 3 18 14 16 7 -9 -10 -11 12 -13 -14 -15 17 -17 -18 -19 -20
leaf_value=-0.00082888491975294568 0.0005323025479665375 0.00063954896990802465 0.0010066306428518146 0 -0.00092868629676338857 0.0010217042484066702 -0.00042383039828318403 -7.890408728490002e-06 -8.6944659298751484e-05 7.9653133917599914e-05 0 -5.9805436901794071e-06 -0.00066472176503656161 0.0015404806660953908 0 0.00013474619376473127 8.3700044404395147e-05 -0.00044283533739508131 -0.000590093372213044
leaf_weight=34 45 52 57 24 54 30 133 897 23 32 121 68 32 29 23 22 21 29 26
leaf_count=34 45 52 57 24 54 30 133 897 23 32 121 68 32 29 23 22 21 29 26
internal_value=1.12026e-07 0.000309594 -9.87606e-05 0.000252761 -0.000147515 0.000145017 -9.50432e-05 -6.55782e-05 0.000585771 0.000767282 2.0636e-05 0.000258135 -0.000147789 0.00101099 -0.000629584 0.000814226 0.00071713 -0.000230718 -0.000364679
internal_weight=1752 430 1322 152 1170 324 1064 1030 102 106 273 120 153 74 106 79 51 52 50
internal_count=1752 430 1322 152 1170 324 1064 1030 102 106 273 120 153 74 106 79 51 52 50
is_linear=0
shrinkage=0.03


Tree=28
num_leaves=21
num_cat=0
split_feature=25 14 15 30 30 11 11 35 35 12 34 17 23 9 12 0 26 9 33 28
split_gain=0.0575084 0.0314395 0.0393404 0.0229914 0.0223909 0.0211415 0.0207339 0.0228141 0.0216099 0.0210374 0.018048 0.0163665 0.0162262 0.0127437 0.0115027 0.010723 0.00816237 0.00750681 0.00297204 0.000261595
threshold=0.42025337327195061 -0.59923622345083938 0.79547293469046665 -0.096608573617311483 -0.19642519164940511 -0.022660425648893416 1.5662340572605988 -0.77056730414696928 0.049997961771224321 -0.96271817742870469 -0.36057897566813063 -0.86685976864624237 -0.63374224307747828 0.7833557279431792 -0.41597864930225237 -0.9353770527853118 -1.1600118614912647 1.3603842662470873 -0.5314048254180862 -0.55914298342233104
decision_type=2 2 2 2 2 2 2 2 2 2 2 2 2 2 2 2 2 2 2 2
left_child=6 3 5 4 18 11 7 14 15 -10 -7 -3 -4 -14 -1 -9 -5 -8 -2 -16
right_child=1 2 12 16 -6 10 17 8 9 -11 -12 -13 13 -15 19 -17 -18 -19 -20 -21
leaf_value=0 0.00059183813838304062 0.00017724259805746023 0 0.00042280987897803165 0.001524044477429829 -8.2223729428800715e-05 -0.00091200153309619052 3.1780289951711889e-05 0.00030453654826454688 -0.00010570498435475876 0.00058191143877338607 -0.00050591189529817625 0.0010793563843344929 8.1948365168904659e-05 0.00095565196078108714 -0.00044093267648716148 -0.00024809804455643253 -7.7303475384334357e-05 0 0.00031029131313272079
leaf_weight=24 41 34 28 30 35 78 37 39 129 700 57 112 52 24 20 216 25 25 20 26
leaf_count=24 41 34 28 30 35 78 37 39 129 700 57 112 52 24 20 216 25 25 20 26
internal_value=5.14499e-08 0.000259783 0.000104516 0.000626435 0.000903687 -7.17159e-05 -0.000112332 -7.97651e-05 -0.000116229 -3.7394e-05 0.000183004 -0.000326321 0.000597377 0.000817433 0.000425385 -0.000357479 6.90686e-05 -0.000640686 0.000446114 0.000693438
internal_weight=1752 536 385 151 96 281 1216 1154 1084 829 135 146 104 76 70 255 55 62 61 46
internal_count=1752 536 385 151 96 281 1216 1154 1084 829 135 146 104 76 70 255 55 62 61 46
is_linear=0
shrinkage=0.03


Tree=29
num_leaves=26
num_cat=0
split_feature=25 22 29 13 35 35 11 34 35 35 22 21 17 35 33 20 25 10 20 26 24 15 31 5 15
split_gain=0.0546635 0.0285693 0.0255554 0.0240596 0.024746 0.0272219 0.0262706 0.0205706 0.0273605 0.0197904 0.0163683 0.0255606 0.0189021 0.0182152 0.0148191 0.0135865 0.0177539 0.0130608 0.0121848 0.00772381 0.00695173 0.00576026 0.00421054 0.00229135 0.00183514
threshold=0.52797365406857288 -0.31096406045529595 -0.46447100347309866 -0.69631347435267443 -0.54880949268378298 0.091785365158663854 0.71945452869071258 -0.080771767559510918 0.1374743425700535 -3.562984261859746 -0.43748889719413642 1.253729083175992 -0.25242323687555396 0.47943011787902318 1.2433553322797624 0.60572780864349507 -0.70106967856315561 0.17376465104041366 -0.29949625527443419 0.24687597267345088 0.26970686287752477 -0.41733446056117529 0.97851310636919764 0.23092691648238778 -0.28693109237412567
decision_type=2 2 2 2 2 2 2 2 2 2 2 2 2 2 2 2 2 2 2 2 2 2 2 2 2
left_child=3 10 -3 7 9 14 -7 8 20 -5 13 12 -12 18 -6 16 -9 -11 -2 23 -1 -17 -21 -4 -10
right_child=1 2 19 4 5 6 -8 15 24 17 11 -13 -14 -15 -16 21 -18 -19 -20 22 -22 -23 -24 -25 -26
leaf_value=0.0002621617773306513 0 0.00081045865483582024 0.00016368939083380001 -0.00043353403589688243 -0.00060764172497622241 -2.7815123987469931e-06 -0.00043070823163530325 -0.00020107803659630009 0 0 -0.00014359902927799339 0.0014353136960417031 0.00073773847848409776 -0.00026039409484863952 1.0688348596244498e-05 -0.00065457905972233187 0.00051447495324204542 0.00081514846764912355 0.00059296400439292555 -0.00015463209057343193 0.0010108181278780102 0 -0.00084867939861800077 -0.00018816830948626082 -0.00027001653096773103
leaf_weight=35 40 22 33 22 190 516 176 61 22 36 29 35 47 39 31 36 53 45 100 37 47 26 20 28 26
leaf_count=35 40 22 33 22 190 516 176 61 22 36 29 35 47 39 31 36 53 45 100 37 47 26 20 28 26
internal_value=3.74606e-07 0.000294692 -3.76493e-05 -9.35429e-05 -0.000165024 -0.00021665 -0.000117324 0.000133382 0.000418384 0.000257475 0.000464115 0.000761699 0.000370782 0.000253582 -0.000508533 -6.38549e-05 0.000110612 0.000489651 0.000420199 -0.000236738 0.000747095 -0.000421102 -0.000478415 0 -9.52532e-05
internal_weight=1752 430 140 1322 1016 913 692 306 130 103 290 111 76 179 221 176 114 81 140 118 82 62 57 61 48
internal_count=1752 430 140 1322 1016 913 692 306 130 103 290 111 76 179 221 176 114 81 140 118 82 62 57 61 48
is_linear=0
shrinkage=0.03


Tree=30
num_leaves=24
num_cat=0
split_feature=25 14 15 32 22 25 30 30 22 11 26 35 34 18 16 11 29 15 25 14 16 26 33
split_gain=0.0515249 0.0290361 0.0361811 0.0216061 0.0361136 0.0245521 0.021181 0.0208001 0.019847 0.0192084 0.0182093 0.0259226 0.0167313 0.0164055 0.0163033 0.0151441 0.0167823 0.0120106 0.0104632 0.00998642 0.00971168 0.0074912 0.00269867
threshold=0.42025337327195061 -0.59923622345083938 0.79547293469046665 -0.022245537988513472 -1.180619176829045 -0.92971196026708947 -0.096608573617311483 -0.19642519164940511 -0.87105249676730911 -0.022660425648893416 0.91061236132264967 -0.54880949268378298 -0.36057897566813063 0.17392863071285278 -0.50439707421545033 0.17318228301488628 -0.20011586394458244 0.47862586996603534 -0.62579730035064662 -0.51742145773062476 0.31145039431110538 -1.1600118614912647 -0.5314048254180862
decision_type=2 2 2 2 2 2 2 2 2 2 2 2 2 2 2 2 2 2 2 2 2 2 2
left_child=3 6 9 4 -1 17 7 22 20 14 11 -7 -11 -12 -3 -4 -17 19 -10 -5 -6 -8 -2
right_child=1 2 15 5 8 10 21 -9 18 12 13 -13 -14 -15 -16 16 -18 -19 -20 -21 -22 -23 -24
leaf_value=-0.0014271195657227348 0.00056060979832744289 -1.6918710447178771e-05 0.001141749633222141 4.6964382131894419e-05 0.00044645388799376395 0.00063429484835404964 0.00040281553126194264 0.0014631816697748083 -0.00049856722205598569 -8.4130321577605266e-05 -0.00073209953902551199 -7.9104911936833956e-05 0.00055500524197414039 1.5357161020593979e-05 -0.0006942798260229136 -1.2285799780889084e-05 0.00085439481167122716 0 -0.00015827259627936453 0.00081686038916362524 -8.5191523142264417e-05 -0.00023969140953184772 0
leaf_weight=20 41 88 30 33 54 49 30 35 139 78 61 382 57 32 58 49 25 36 305 55 50 25 20
leaf_count=20 41 88 30 33 54 49 30 35 139 78 61 382 57 32 58 49 25 36 305 55 50 25 20
internal_value=3.56861e-07 0.00024629 9.67964e-05 -0.000105926 -0.000240693 8.1592e-06 0.000598657 0.000864764 -0.000184413 -7.18483e-05 -7.73983e-05 0 0.000170187 -0.000451217 -0.000314702 0.000569738 0.000263431 0.000386619 -0.000274149 0.000572183 0.000167596 6.17509e-05 0.000422042
internal_weight=1752 536 385 1216 568 648 151 96 548 281 524 431 135 93 146 104 74 124 444 88 104 55 61
internal_count=1752 536 385 1216 568 648 151 96 548 281 524 431 135 93 146 104 74 124 444 88 104 55 61
is_linear=0
shrinkage=0.03


Tree=31
num_leaves=24
num_cat=0
split_feature=25 14 15 13 35 35 11 34 35 35 11 34 32 33 30 10 11 29 30 17 33 11 15
split_gain=0.0488302 0.0276325 0.0235613 0.0224426 0.0224848 0.0250833 0.0241899 0.0189686 0.0252923 0.0185563 0.0153697 0.0198958 0.0152069 0.0139869 0.0133639 0.0120115 0.0098115 0.0109932 0.00959159 0.00840763 0.00627696 0.00530855 0.0016849
threshold=0.52797365406857288 -0.59923622345083938 0.81756493561156973 -0.69631347435267443 -0.54880949268378298 0.091785365158663854 0.71945452869071258 -0.080771767559510918 0.1374743425700535 -3.562984261859746 -0.12309863259481886 -0.13664091761371627 0.0080285229302743902 1.2433553322797624 -0.096608573617311483 0.17376465104041366 -0.49907012016071517 -0.46961943456934702 -0.19642519164940511 -0.86685976864624237 -0.24243542895110801 0.31206819946543329 -0.28693109237412567
decision_type=2 2 2 2 2 2 2 2 2 2 2 2 2 2 2 2 2 2 2 2 2 2 2
left_child=3 14 10 7 9 13 -7 8 20 -5 19 -12 21 -6 18 -11 17 -9 -2 -3 -1 -4 -10
right_child=1 2 12 4 5 6 -8 16 22 15 11 -13 -14 -15 -16 -17 -18 -19 -20 -21 -22 -23 -24
leaf_value=0.0011014421938253299 0.00047927651174541096 7.467003325187501e-05 0.00050937677860363488 -0.00042263705494813622 -0.00058340780965494821 -9.7227868170819244e-07 -0.00041175131266806583 0.00012354506788207059 0 0 -8.8071321221327198e-05 0.00064207665208959944 0.0010699021867899732 1.5461238642113608e-05 6.7810439917125869e-05 0.00078258121022736294 0.00042140403579406699 -0.00036994107643090733 0.0013998523601330816 -0.00046133868930068 0.00037163304844607583 0 -0.00025631960611469269
leaf_weight=32 45 25 24 22 190 516 176 56 22 36 78 49 30 31 32 45 26 94 29 78 50 40 26
leaf_count=32 45 25 24 22 190 516 176 56 22 36 78 49 30 31 32 45 26 94 29 78 50 40 26
internal_value=4.33433e-07 0.000278694 0.000126914 -8.8237e-05 -0.000157344 -0.000206638 -0.000111091 0.000130806 0.000404463 0.000244782 -2.58518e-05 0.000178879 0.000520868 -0.000486929 0.000698843 0.000470391 -5.79576e-05 -0.000167288 0.000919488 -0.000304506 0.000720553 0.00018235 -8.7322e-05
internal_weight=1752 430 324 1322 1016 913 692 306 130 103 230 127 94 221 106 81 176 150 74 103 82 64 48
internal_count=1752 430 324 1322 1016 913 692 306 130 103 230 127 94 221 106 81 176 150 74 103 82 64 48
is_linear=0
shrinkage=0.03


Tree=32
num_leaves=25
num_cat=0
split_feature=25 14 15 32 22 32 30 22 30 14 15 15 15 22 26 26 25 16 15 12 26 10 29 33
split_gain=0.0463746 0.0263521 0.0329015 0.0198133 0.0339606 0.0232166 0.0188488 0.0184122 0.0183312 0.0175011 0.0161235 0.0218725 0.0155749 0.0154049 0.0144855 0.0142532 0.00986344 0.00893966 0.00823037 0.00802701 0.00711723 0.00508087 0.00461169 0.00254947
threshold=0.42025337327195061 -0.59923622345083938 0.79547293469046665 -0.022245537988513472 -1.180619176829045 0.0046612454204955434 -0.096608573617311483 -0.87105249676730911 -0.19642519164940511 0.54870612067249724 0.33435582914674628 -0.66455744596264699 -0.54533705866429438 1.0767335220195979 1.3628369907003006 0.29084589116440768 -0.62579730035064662 0.31145039431110538 1.4908150749699349 0.53516050105417212 -1.1600118614912647 0.64523109821632951 -0.49857652595072977 -0.5314048254180862
decision_type=2 2 2 2 2 2 2 2 2 2 2 2 2 2 2 2 2 2 2 2 2 2 2 2
left_child=3 6 12 4 -1 10 8 17 23 13 11 -5 21 -7 -14 19 -9 -6 -11 -4 -8 -3 -12 -2
right_child=1 2 15 5 7 9 20 16 -10 18 22 -13 14 -15 -16 -17 -18 -19 -20 -21 -22 -23 -24 -25
leaf_value=-0.0013794560652712117 0.00053460787390147081 1.5018344643370555e-05 0.0010460700050133036 -3.4725000743115927e-05 0.00043184864449951992 -0.00010117184434979323 0.00039320955802263184 -0.00047857642940837483 0.0013863553598915273 0.00046447513940952846 0.00018481551438731989 0.00064130520012146844 -0.00027787286409130976 -0.00062300945906944955 0.0004427267289720476 0 -0.00014810894539276615 -7.6009949045431486e-05 -0.00012871403142344204 0.00019868750347297698 -0.00023230415363130824 0.00070383080118335785 -0.00028162130032433199 0
leaf_weight=20 41 33 43 55 54 266 30 139 35 55 20 114 204 68 23 33 305 50 21 28 25 21 49 20
leaf_count=20 41 33 43 55 54 266 30 139 35 55 20 114 204 68 23 33 305 50 21 28 25 21 49 20
internal_value=9.12513e-07 0.000234306 9.1461e-05 -9.98273e-05 -0.000228925 9.2575e-06 0.000570156 -0.000174208 0.000821541 -0.000122514 0.000247407 0.000407085 -6.89302e-05 -0.000220917 -0.000186995 0.000542645 -0.000260795 0.000164363 0.000263929 0.000774034 5.98517e-05 0.000358467 -0.000102688 0.000400798
internal_weight=1752 536 385 1216 568 648 151 548 96 410 238 169 281 334 227 104 444 104 76 71 55 54 69 61
internal_count=1752 536 385 1216 568 648 151 548 96 410 238 169 281 334 227 104 444 104 76 71 55 54 69 61
is_linear=0
shrinkage=0.03


Tree=33
num_leaves=25
num_cat=0
split_feature=25 19 13 35 35 15 14 35 15 35 35 33 14 34 31 26 26 33 25 17 34 33 18 4
split_gain=0.0443324 0.0250041 0.0211076 0.0210642 0.0229132 0.021098 0.0180076 0.0174422 0.0173285 0.0148284 0.0324 0.0132475 0.0126581 0.0125068 0.0174382 0.0113901 0.0108164 0.0102973 0.00982605 0.00953081 0.00814617 0.00581528 0.00548206 0.000968375
threshold=0.52797365406857288 0.29711788373070813 -0.69631347435267443 -0.54880949268378298 0.091785365158663854 -0.95847840848829413 0.36546972692805796 -3.562984261859746 -0.88789058158680734 0.063400683699403756 0.1374743425700535 1.1709314761598306 -0.58083639017051281 -1.340936181170562 -0.42877073178325104 0.29084589116440768 0.93143824958749866 1.403988652425695 -0.60798711761360014 0.40651258578397126 -0.50590119201151518 0.91399124889286176 -0.38198547598686877 -0.28131546437150096
decision_type=2 2 2 2 2 2 2 2 2 2 2 2 2 2 2 2 2 2 2 2 2 2 2 2
left_child=2 12 8 7 11 -6 19 -4 -1 18 -11 -5 17 -14 -15 21 -9 20 -10 22 -2 -8 -3 -17
right_child=1 6 3 4 5 -7 15 16 9 10 -12 -13 13 14 -16 23 -18 -19 -20 -21 -22 -23 -24 -25
leaf_value=-0.00048644783361027406 0.00045499351520606493 0.00024433301794879995 -0.00040657877393066884 -0.00057092740611762796 0.00037547827063972363 -0.00016462916368178342 0.00084383084404874925 0.00066391439053920963 -0.00041493165571794864 0.00068341353293609522 -0.0001481539108674042 0 -0.00028857134830549415 0.0009641891314914184 0.00011778976543660354 6.732715465815762e-05 0 0 0.0001527528583639018 -0.00078405293801592452 0.0012978701393648578 1.1685050224237461e-05 -0.00027788852798656317 -0.00016555505369823158
leaf_weight=31 44 23 22 183 67 625 30 59 40 112 57 38 24 32 91 20 22 20 66 24 34 20 43 25
leaf_count=31 44 23 22 183 67 625 30 59 40 112 57 38 24 32 91 20 22 20 66 24 34 20 43 25
internal_value=1.07244e-06 0.000266273 -8.33314e-05 -0.000150418 -0.000198204 -0.000106624 0 0.000238478 0.000129003 0.000213673 0.00038781 -0.000466299 0.000463176 0.00024685 0.000379515 0.000286002 0.000457656 0.000740993 -3.94689e-05 -0.00029677 0.0008939 0.000587079 -4.97132e-05 -1.81285e-06
internal_weight=1752 430 1322 1016 913 692 185 103 306 275 169 221 245 147 123 95 81 98 106 90 78 50 66 45
internal_count=1752 430 1322 1016 913 692 185 103 306 275 169 221 245 147 123 95 81 98 106 90 78 50 66 45
is_linear=0
shrinkage=0.03


Tree=34
num_leaves=19
num_cat=0
split_feature=25 14 15 11 22 30 26 22 34 30 11 7 16 11 18 26 33 33
split_gain=0.0420831 0.0237621 0.0303873 0.018242 0.0193621 0.0171517 0.0166655 0.0266414 0.0203745 0.0164586 0.0162081 0.0153752 0.0149463 0.0138848 0.00753876 0.00650155 0.00588229 0.00235255
threshold=0.42025337327195061 -0.59923622345083938 0.79547293469046665 1.5855401088594332 -1.180619176829045 -0.096608573617311483 0.96116281183266061 -0.14703636678040746 0.74917711023038003 -0.19642519164940511 -0.022660425648893416 0.29841029834731264 -0.50439707421545033 0.17318228301488628 0.42905344069920109 -1.1600118614912647 -0.23810949883757362 -0.5314048254180862
decision_type=2 2 2 2 2 2 2 2 2 2 2 2 2 2 2 2 2 2
left_child=3 5 10 4 -1 9 8 -8 -6 17 12 -12 -3 -4 -5 -7 -15 -2
right_child=1 2 13 14 6 15 7 -9 -10 -11 11 -13 -14 16 -16 -17 -18 -19
leaf_value=-0.000744769127888454 0.00050813464364248581 -4.3293640818984157e-06 0.0010668517959843897 -0.00083479318922036324 9.1054646390818935e-05 0.00037434717447666285 9.1684087653577714e-07 -0.00066812722225274357 -0.00024068632293549146 0.0013199974779823892 0.00039046117629585486 -0.00024872436950681731 -0.00065254193750500188 0.00056634595478756412 0 -0.00022307785753426806 0 0
leaf_weight=34 41 88 30 39 713 30 109 88 213 35 90 45 58 26 20 25 48 20
leaf_count=34 41 88 30 39 713 30 109 88 213 35 90 45 58 26 20 25 48 20
internal_value=1.22771e-06 0.000223632 8.74944e-05 -9.46538e-05 -6.46952e-05 0.000542791 -3.95116e-05 -0.000288484 1.0987e-05 0.000782651 -6.62849e-05 0.000154885 -0.000289926 0.000521241 -0.000602201 5.35737e-05 0.000228138 0.00038004
internal_weight=1752 536 385 1216 1157 151 1123 197 926 96 281 135 146 104 59 55 74 61
internal_count=1752 536 385 1216 1157 151 1123 197 926 96 281 135 146 104 59 55 74 61
is_linear=0
shrinkage=0.03


Tree=35
num_leaves=21
num_cat=0
split_feature=25 19 29 11 19 26 33 23 29 21 29 34 21 14 32 30 18 32 29 21
split_gain=0.0399628 0.023211 0.0300252 0.0199564 0.0201106 0.0317794 0.018411 0.0163048 0.0160884 0.0132505 0.0130029 0.0189359 0.0136913 0.00913936 0.00830698 0.00777535 0.00717466 0.00540401 0.0024014 0.00139753
threshold=0.52797365406857288 0.29711788373070813 -0.46447100347309866 1.5855401088594332 1.0461202665374965 -0.021355485875971737 -0.22464276052387327 -0.99794574853601281 -0.4339874552896773 -1.0806913043224631 -0.4408872971003423 -1.3868277951938841 1.0753839207124252 0.54870612067249724 -0.0093336360980244715 -0.13649452554291544 0.42905344069920109 0.075672753609734869 -0.31033880505456385 -0.098874229656086346
decision_type=2 2 2 2 2 2 2 2 2 2 2 2 2 2 2 2 2 2 2 2
left_child=3 10 -3 4 7 6 -6 8 -1 -9 15 -12 -13 14 -4 -2 -5 -15 -7 -17
right_child=1 2 13 16 5 18 -8 9 -10 -11 11 12 -14 17 -16 19 -18 -19 -20 -21
leaf_value=0 0.00046962657005393082 0.00082182123207233165 0 -0.00081020957641303524 0.00097625280709730234 0 6.1964859285310121e-05 0.00019162956066660141 0.00095948417812585839 -0.00015871454534805506 0 0.00054668560354196921 0.0015037400593864729 -6.4767549676616912e-05 -0.00059021157712222218 -0.00028744047142875695 0 0.00047972840552582691 -0.00047870987389469523 0
leaf_weight=33 25 30 48 42 51 20 44 98 22 965 39 115 21 33 54 24 20 20 27 21
leaf_count=33 25 30 48 42 51 20 44 98 22 965 39 115 21 33 54 24 20 20 27 21
internal_value=1.18977e-06 0.000253061 0 -7.88584e-05 -4.96855e-05 0.00027778 0.000598265 -9.4586e-05 0.000383624 -0.000123153 0.00044277 0.000581413 0.000745314 -0.000173111 -0.000343368 4.54172e-05 -0.000595917 0.000101824 -0.000307038 -0.000142377
internal_weight=1752 430 185 1322 1260 142 95 1118 55 1063 245 175 136 155 102 70 62 53 47 45
internal_count=1752 430 185 1322 1260 142 95 1118 55 1063 245 175 136 155 102 70 62 53 47 45
is_linear=0
shrinkage=0.03


Tree=36
num_leaves=13
num_cat=0
split_feature=11 22 14 12 35 35 35 15 34 32 34 14
split_gain=0.0257835 0.0241386 0.0243645 0.023696 0.0199419 0.0170828 0.0224081 0.0114827 0.00771168 0.00707109 0.00823032 0.00304896
threshold=1.5855401088594332 -1.180619176829045 -0.79769043308773646 -1.2159090660449279 -0.77056730414696928 0.068613554264653334 -0.44653920644330164 1.303094863313299 0.29718396832836808 0.19308539094040064 -1.2945047651384802 0.49425339041822602
decision_type=2 2 2 2 2 2 2 2 2 2 2 2
left_child=1 -1 5 7 -5 6 -3 -4 -7 11 -11 -2
right_child=9 2 3 4 -6 8 -8 -9 -10 10 -12 -13
leaf_value=-0.00071986228751169667 -0.00084671262008274286 0.00047149177954146051 0.00019794555177553522 0.00034776996536704243 -9.1549813887557054e-05 0.00027509335197618498 -0.0004534497251281411 0.00098409636772703378 0.000739741445349757 -0.00048207348515279594 0.00028853259127303632 -0.00019051715170498936
leaf_weight=34 38 38 134 97 1060 146 51 21 65 21 20 27
leaf_count=34 38 38 134 97 1060 146 51 21 65 21 20 27
internal_value=1.3296e-06 3.25638e-05 5.15991e-05 -2.13202e-06 -5.1328e-05 0.000294179 -2.34252e-05 0.000340107 0.000440614 -0.000443709 -4.39435e-05 -0.000638687
internal_weight=1752 1646 1612 1312 1157 300 89 155 211 106 41 65
internal_count=1752 1646 1612 1312 1157 300 89 155 211 106 41 65
is_linear=0
shrinkage=0.03


Tree=37
num_leaves=24
num_cat=0
split_feature=25 14 15 32 22 25 22 26 35 11 7 16 31 11 29 28 15 29 14 25 16 26 11
split_gain=0.0372719 0.0212037 0.0279963 0.0172748 0.0300319 0.0218613 0.016394 0.0156205 0.0217599 0.0151647 0.0142883 0.0138026 0.0129445 0.0125529 0.0136477 0.0120173 0.0107977 0.0104037 0.00882554 0.00875745 0.00824837 0.0065677 0.00427368
threshold=0.42025337327195061 -0.59923622345083938 0.79547293469046665 -0.022245537988513472 -1.180619176829045 -0.92971196026708947 -0.87105249676730911 0.91061236132264967 -0.59282088722642323 -0.022660425648893416 0.29841029834731264 -0.50439707421545033 -0.078774070475273864 0.17318228301488628 -0.20011586394458244 -0.60501378229980129 0.47862586996603534 -0.45740078359421793 -0.51742145773062476 -0.62579730035064662 0.55619332534078769 -1.1600118614912647 0.86940542607207205
decision_type=2 2 2 2 2 2 2 2 2 2 2 2 2 2 2 2 2 2 2 2 2 2 2
left_child=3 12 9 4 -1 16 20 8 -7 11 -11 -3 15 -4 -15 -2 18 -9 -5 -8 -6 -14 -17
right_child=1 2 13 5 6 7 19 17 -10 10 -12 -13 21 14 -16 22 -18 -19 -20 -21 -22 -23 -24
leaf_value=-0.0012917629349166932 0.00018784391202352708 -6.0555225517728685e-06 0.0010185497829648242 4.5037875417619941e-05 0.00039361182133489775 0.00059785751907387745 -0.00044498242492275965 6.3821448681309159e-05 -6.6572870630292631e-05 0.00037543011511180307 -0.00024001974530983716 -0.00063085598368044996 0.00039282163632257532 -2.6571964523799785e-05 0.00075276329774143442 0.001290402572702717 0 -0.00058189380268174171 0.00077639232673943194 -0.000132973730616561 -9.6916347786665276e-05 -0.00017885846653471475 0.00036224175314418972
leaf_weight=20 37 88 30 33 60 47 139 20 384 90 45 58 33 49 25 34 36 73 55 305 44 26 21
leaf_count=20 37 88 30 33 60 47 139 20 384 90 45 58 33 49 25 34 36 73 55 305 44 26 21
internal_value=1.31641e-06 0.000210716 8.162e-05 -8.88149e-05 -0.000209477 1.28204e-05 -0.000157715 -6.76032e-05 2.60179e-06 -6.5631e-05 0.000147783 -0.000282102 0.000512384 0.000498203 0.000216826 0.000736342 0.000369866 -0.000414125 0.000545628 -0.000239694 0.000161145 9.60433e-05 0.00102481
internal_weight=1752 536 385 1216 568 648 548 524 431 281 135 146 151 104 74 92 124 93 88 444 104 59 55
internal_count=1752 536 385 1216 568 648 548 524 431 281 135 146 151 104 74 92 124 93 88 444 104 59 55
is_linear=0
shrinkage=0.03


Tree=38
num_leaves=23
num_cat=0
split_feature=25 28 10 13 35 35 11 15 35 11 24 34 32 16 26 26 33 14 32 33 21 29
split_gain=0.0352728 0.0203602 0.0197593 0.0166447 0.0165393 0.0183476 0.0201372 0.0154648 0.0125543 0.0115294 0.0130104 0.0113608 0.0244443 0.0112767 0.0108752 0.0108746 0.0108391 0.0106703 0.0207026 0.00794881 0.00565694 0.00364723
threshold=0.42025337327195061 -0.32188812753695961 1.145829978814817 -0.69631347435267443 -0.54880949268378298 0.091785365158663854 0.71945452869071258 -0.88789058158680734 -3.562984261859746 0.018968990212123133 0.93883384328643071 0.75650484508929872 0.0079631076841932911 0.43820067212424624 0.93143824958749866 -0.7037117889881771 1.0764589930176072 0.36546972692805796 0.0070278425565496279 -0.097636544381089499 -0.54381751762061892 -0.43791221900030547
decision_type=2 2 2 2 2 2 2 2 2 2 2 2 2 2 2 2 2 2 2 2 2 2
left_child=3 2 11 7 8 16 -7 -1 -5 10 20 12 -2 -11 -10 -4 -6 18 -9 -19 -3 -15
right_child=1 9 15 4 5 6 -8 17 14 13 -12 -13 -14 21 -16 -17 -18 19 -20 -21 -22 -23
leaf_value=-0.00046869518818772017 8.399467890442396e-06 -1.2587420828640456e-05 0.00030925394949736073 -0.00033653877367032691 -0.00055692084913607691 0 -0.0003839387926313423 0.0005605227365911991 0.00063413830747179284 0.00074352176903214832 0.00020818345953843424 0.0010810282031074165 0.00064120421005461154 -0.00029345814560782974 -4.7307617613114405e-05 -0.00048087033179278172 0 0.00016157748596742747 -0.00012864197638084399 -0.00038367590726993511 -0.00058275013536380571 0.00018040204526805607
leaf_weight=31 110 37 21 21 159 469 170 115 53 25 39 27 131 20 21 33 41 51 48 37 56 37
leaf_count=31 110 37 21 21 159 469 170 115 53 25 39 27 131 20 21 33 41 51 48 37 56 37
internal_value=1.36236e-06 0.000205112 0.000355114 -8.62709e-05 -0.000148546 -0.000192978 -0.000107204 0.000108854 0.000207137 -8.55712e-06 -0.000193645 0.000462367 0.000368322 0.000250414 0.000407485 -0.000120864 -0.000446612 0.000196689 0.000340849 -3.98006e-05 -0.000394643 0
internal_weight=1752 536 322 1216 934 839 639 282 95 214 132 268 241 82 74 54 200 251 163 88 93 57
internal_count=1752 536 322 1216 934 839 639 282 95 214 132 268 241 82 74 54 200 251 163 88 93 57
is_linear=0
shrinkage=0.03


Tree=39
num_leaves=23
num_cat=0
split_feature=25 22 29 10 26 21 9 13 23 22 21 33 35 14 35 35 21 14 10 18 24 15
split_gain=0.0337859 0.0204128 0.0187628 0.0179248 0.016329 0.0209205 0.0200635 0.0190919 0.0164147 0.0144598 0.020793 0.0143609 0.0132326 0.0125889 0.0103213 0.015726 0.00780638 0.00753063 0.00859919 0.00577352 0.00480584 0.00421541
threshold=0.52797365406857288 -0.31096406045529595 -0.46447100347309866 -1.1441660309237565 0.96116281183266061 0.10459845968415708 0.24465784713115504 0.5112056510096159 0.12968433567214227 -0.43748889719413642 1.253729083175992 1.0183986656798514 0.47943011787902318 0.14192916904772024 0.063400683699403756 0.1374743425700535 0.40858184427305611 0.54870612067249724 -0.80680296317306721 -0.1400292408951489 -1.0685470979402869 0.59059065773206643
decision_type=2 2 2 2 2 2 2 2 2 2 2 2 2 2 2 2 2 2 2 2 2 2
left_child=3 9 -3 14 5 8 -7 11 -5 12 13 -6 16 -11 21 20 -2 18 -4 -9 -16 -1
right_child=1 2 17 4 7 6 -8 19 -10 10 -12 -13 -14 -15 15 -17 -18 -19 -20 -21 -22 -23
leaf_value=-0.00026971410575788471 0.00045110674477673616 0.00067592693969607354 0 -7.7875952871682768e-06 -0.00067667105969339292 0.00055440296970131193 -4.3551734838526227e-05 -0.00014400364944468374 -0.00029133761370571506 0.00057260005546009359 0.0012597472255093682 1.3827075638497862e-05 -0.00025362336824036905 -0.00015463529850785561 0.00018207009509205817 -7.373094433652502e-05 0 0.00010762796293505849 -0.00060125958125043487 0.00045491208552490343 0.00087715926427732796 0.0002035541933880228
leaf_weight=39 106 22 35 458 119 84 100 20 332 51 35 24 39 25 30 32 34 31 52 23 41 20
leaf_count=39 106 22 35 458 119 84 100 20 332 51 35 24 39 25 30 32 34 31 52 23 41 20
internal_value=1.21404e-06 0.000232933 -4.54709e-05 -7.22486e-05 -0.00011531 -6.18638e-05 0.0002179 -0.000373888 -0.000131385 0.000376663 0.000653167 -0.000542332 0.000180777 0.000298615 0.000214403 0.000396441 0.000325549 -0.000218186 -0.000367332 0.000119905 0.000643288 -5.88104e-05
internal_weight=1752 430 140 1322 1160 974 184 186 790 290 111 143 179 76 162 103 140 118 87 43 71 59
internal_count=1752 430 140 1322 1160 974 184 186 790 290 111 143 179 76 162 103 140 118 87 43 71 59
is_linear=0
shrinkage=0.03


Tree=40
num_leaves=12
num_cat=0
split_feature=11 22 14 11 24 22 11 19 15 26 18
split_gain=0.0234851 0.0215123 0.0216786 0.0213219 0.0166669 0.00998812 0.00813643 0.0188653 0.012335 0.0073644 0.00518682
threshold=1.5855401088594332 -1.180619176829045 -0.79769043308773646 -1.536170962659986 -1.4982616725148137 0.36491846191597349 -0.18730853849087853 -0.094978405872500976 -0.95847840848829413 -0.61420159777444427 0.66485786837409033
decision_type=2 2 2 2 2 2 2 2 2 2 2
left_child=1 -1 6 5 -5 -4 7 -3 -8 -2 -11
right_child=9 2 3 4 -6 -7 8 -9 -10 10 -12
leaf_value=-0.00067880059776173249 0 -0.00016536843258910556 0.00087774777087782101 -0.00037379304342401404 1.2581182410174636e-06 1.4172959542272354e-05 0.0008348854175276772 0.00046519062243402 0.00018445553627327991 -0.00073856717512743272 -9.324491794475099e-05
leaf_weight=34 23 88 32 113 1137 30 50 72 90 53 30
leaf_count=34 23 88 32 113 1137 30 50 72 90 53 30
internal_value=1.27851e-06 3.11653e-05 4.92305e-05 -1.32081e-06 -3.1066e-05 0.000525983 0.000278033 0.000103318 0.000450373 -0.000423374 -0.000551591
internal_weight=1752 1646 1612 1312 1250 62 300 160 140 106 83
internal_count=1752 1646 1612 1312 1250 62 300 160 140 106 83
is_linear=0
shrinkage=0.03


Tree=41
num_leaves=24
num_cat=0
split_feature=25 22 29 13 35 35 14 35 35 35 24 22 21 17 35 29 26 20 14 10 25 12 33
split_gain=0.0313289 0.018947 0.0177563 0.0169371 0.0172673 0.0166902 0.0165447 0.015657 0.0147683 0.036308 0.0136423 0.013526 0.0196956 0.0146427 0.0123083 0.0107654 0.00871896 0.00819999 0.0071772 0.00808304 0.00488831 0.0032426 0.000139646
threshold=0.52797365406857288 -0.31096406045529595 -0.46447100347309866 -0.69631347435267443 -0.68771521764102228 0.091785365158663854 -0.92348873538423992 -3.562984261859746 0.1374743425700535 0.063400683699403756 -1.1299348943080767 -0.43748889719413642 1.253729083175992 -0.25242323687555396 0.47943011787902318 -0.43069454735633811 0.93143824958749866 -0.29949625527443419 0.54870612067249724 -0.80680296317306721 -0.60798711761360014 -1.2813721724880081 -0.29768524804140228
decision_type=2 2 2 2 2 2 2 2 2 2 2 2 2 2 2 2 2 2 2 2 2 2 2
left_child=3 11 -3 8 7 15 -7 -5 9 20 -11 14 13 -13 17 -6 -9 -2 19 -4 -1 -10 -23
right_child=1 2 18 4 5 6 -8 16 21 10 -12 12 -14 -15 -16 -17 -18 -19 -20 -21 -22 22 -24
leaf_value=-0.00036105657758212889 0 0.000658049248829484 0 -0.00034588359111919998 0 0.00027184759973803715 -0.00015027096912737219 0.00069497690158074391 0 0.00012904691934090805 0.00090263376967715362 -0.00016042725209536001 0.001221114368018645 0.00061250953037291758 -0.00024479850302824553 -0.00049109037621371894 0 0.00045558702718473301 0.00010497174953000948 -0.00058433692632507608 5.3511215427769671e-06 -8.6974982862714025e-05 -0.00050052056923651932
leaf_weight=40 40 22 35 22 45 90 602 48 27 45 67 29 35 47 39 188 21 100 31 52 78 26 23
leaf_count=40 40 22 35 22 45 90 602 48 27 45 67 29 35 47 39 188 21 100 31 52 78 26 23
internal_value=1.27901e-06 0.000224471 -4.30638e-05 -6.93973e-05 -0.000129703 -0.000170565 -9.01181e-05 0.000245928 0.000120439 0.000245865 0.000629379 0.000362983 0.00063065 0.000284706 0.000172857 -0.000392593 0.000482838 0.000312878 -0.000211648 -0.000357538 -9.99338e-05 -0.00021609 -0.000356458
internal_weight=1752 430 140 1322 1016 925 692 91 306 230 112 290 111 76 179 233 69 140 118 87 118 76 49
internal_count=1752 430 140 1322 1016 925 692 91 306 230 112 290 111 76 179 233 69 140 118 87 118 76 49
is_linear=0
shrinkage=0.03


Tree=42
num_leaves=23
num_cat=0
split_feature=25 19 29 13 35 35 11 15 35 33 35 35 29 34 10 10 14 25 32 28 32 15
split_gain=0.0295685 0.0184237 0.0246595 0.0159324 0.0163496 0.0176315 0.0185399 0.0144151 0.0132169 0.0114983 0.0110849 0.0263446 0.0108807 0.0168267 0.0107157 0.00977096 0.00761819 0.0074046 0.00736517 0.00634959 0.00463543 0.000917817
threshold=0.52797365406857288 0.29711788373070813 -0.46447100347309866 -0.69631347435267443 -0.54880949268378298 0.091785365158663854 0.71945452869071258 -0.88789058158680734 -3.562984261859746 1.0764589930176072 0.063400683699403756 0.1374743425700535 -0.4408872971003423 -1.3868277951938841 -0.31617019354817261 0.17376465104041366 0.54870612067249724 -0.60798711761360014 -0.0093336360980244715 -0.54914517612376124 0.075672753609734869 -0.58803596830268057
decision_type=2 2 2 2 2 2 2 2 2 2 2 2 2 2 2 2 2 2 2 2 2 2
left_child=3 12 -3 7 8 9 -7 -1 -5 -6 17 -12 19 -14 -15 -10 18 -9 -4 -2 -18 -21
right_child=1 2 16 4 5 6 -8 10 15 -11 11 -13 13 14 -16 -17 20 -19 -20 21 -22 -23
leaf_value=-0.00044236527127213774 0.00041211354672642696 0.00073748737455091697 0 -0.00033675225723534821 -0.00050866943564529187 0 -0.00035041100813749677 -0.00035098056999024351 0 0 0.00061208790019002699 -0.00013447089556138965 0 0 0.00078985508009639523 0.0006889890102902426 -6.6939978937928865e-05 0.00014306788865740046 -0.00055163134084279194 0 0.00043718034793298853 -0.00025505357681374465
leaf_weight=31 25 30 48 22 178 516 176 40 36 43 112 57 39 24 112 45 33 66 54 20 20 25
leaf_count=31 25 30 48 22 178 516 176 40 36 43 112 57 39 24 112 45 33 66 54 20 20 25
internal_value=1.34491e-06 0.00021822 0 -6.7267e-05 -0.0001258 -0.000168181 -8.72694e-05 0.000116702 0.000215701 -0.000403579 0.000194609 0.000344895 0.000387302 0.000513618 0.000668409 0.000408132 -0.000163917 -2.03714e-05 -0.000319468 2.22853e-05 8.29519e-05 -0.000144007
internal_weight=1752 430 185 1322 1016 913 692 306 103 221 275 169 245 175 136 81 155 106 102 70 53 45
internal_count=1752 430 185 1322 1016 913 692 306 103 221 275 169 245 175 136 81 155 106 102 70 53 45
is_linear=0
shrinkage=0.03


Tree=43
num_leaves=18
num_cat=0
split_feature=25 14 14 11 19 26 23 29 35 21 30 16 21 9 21 11 28
split_gain=0.0278802 0.0177093 0.0158253 0.0155434 0.0155113 0.0265263 0.0144414 0.0153077 0.0143419 0.0111671 0.00891578 0.00798853 0.00759356 0.00707151 0.00693577 0.00490157 0.00395226
threshold=0.52797365406857288 -0.59923622345083938 1.3589290845303623 1.5855401088594332 1.0461202665374965 -0.021355485875971737 -0.99794574853601281 -0.4339874552896773 0.13834322720941858 -1.0806913043224631 -0.11461539234995193 1.1994728539356139 -0.77793374535504078 1.3603842662470873 1.1231877920680713 0.64547653670677119 -0.37392290555173852
decision_type=2 2 2 2 2 2 2 2 2 2 2 2 2 2 2 2 2
left_child=3 10 12 4 6 8 7 -1 -6 -8 11 -2 -3 -5 -14 -4 -7
right_child=1 2 15 13 5 16 9 -9 -10 -11 -12 -13 14 -15 -16 -17 -18
leaf_value=0 0.0009334365207024595 0.00046418762449424583 0.0008644067460471498 -0.00076598232675616326 0.00074057354944900562 0 0.00018231136189850904 0.00093319178625941271 -7.1894550416618523e-06 -0.00013897600750074953 3.110253977744529e-05 5.6306627200683574e-05 -0.00015502831726536126 0 0.0001973143935167519 0.00010069423551462462 -0.00051982288285840441
leaf_weight=33 52 25 25 38 73 22 98 22 22 965 33 21 188 24 60 26 25
leaf_count=33 52 25 25 38 73 22 98 22 22 965 33 21 188 24 60 26 25
internal_value=1.25566e-06 0.000211897 8.85051e-05 -6.53189e-05 -3.93006e-05 0.000247902 -7.90209e-05 0.000371257 0.000541876 -0.000106112 0.000548716 0.000732768 0 -0.000521706 -5.64924e-05 0.000557843 -0.000283161
internal_weight=1752 430 324 1322 1260 142 1118 55 95 1063 106 73 273 62 248 51 47
internal_count=1752 430 324 1322 1260 142 1118 55 95 1063 106 73 273 62 248 51 47
is_linear=0
shrinkage=0.03


Tree=44
num_leaves=24
num_cat=0
split_feature=25 28 34 17 32 22 25 23 24 22 33 14 11 24 17 34 16 15 16 22 22 34 30
split_gain=0.0266046 0.0169021 0.0176546 0.0187326 0.0146768 0.0266679 0.0186153 0.0139669 0.021119 0.013949 0.0135978 0.0124573 0.0105759 0.0116502 0.0103869 0.00964995 0.00963294 0.00871299 0.0070834 0.00455796 0.00417338 0.00233706 0.000640134
threshold=0.42025337327195061 -0.32188812753695961 0.2507861540935406 1.2803152331841032 -0.022245537988513472 -1.180619176829045 -0.92971196026708947 -0.9909418349695025 0.26970686287752477 -0.87105249676730911 -0.28722584035795901 0.38190727158677334 0.018968990212123133 0.93883384328643071 -0.033589456918823923 -0.068250888437653479 0.42956666351933831 1.4250740321870656 0.55619332534078769 -0.43748889719413642 -0.32695700617967544 -0.19332880882279294 -0.16454974827873312
decision_type=2 2 2 2 2 2 2 2 2 2 2 2 2 2 2 2 2 2 2 2 2 2 2
left_child=4 2 3 10 5 -1 14 15 -9 18 -2 -4 13 20 22 -8 -14 -11 -7 -18 -3 -16 -6
right_child=1 12 11 -5 6 9 7 8 -10 17 -12 -13 16 -15 21 -17 19 -19 -20 -21 -22 -23 -24
leaf_value=-0.001205108698943387 0.0004210488338627417 -0.00012830377272169649 0.00098832822265103445 -0.00049888643701560798 0.00012596473241548823 0.00037181093522702297 0 -0.00035476172353375335 4.4594895786697512e-05 -0.00026212976229140849 -6.3120551747488198e-05 5.3395601526762363e-06 0.00070025551350166393 0.00018460881395731123 8.0396779929287732e-05 0.00069402231619959437 -0.00020346986566319422 0.00011921718616772873 -7.8198927392727349e-05 0.00030854280162343964 -0.00064111945971494493 0.00068457832197217562 -8.1236036445261556e-05
leaf_weight=20 161 55 50 27 20 60 21 191 280 395 61 23 24 39 21 32 34 49 44 24 38 54 29
leaf_count=20 161 55 50 27 20 60 21 191 280 395 61 23 24 39 21 32 34 49 44 24 38 54 29
internal_value=1.50592e-06 0.000178666 0.000315587 0.000174785 -7.4371e-05 -0.000185809 1.91073e-05 -5.46665e-05 -0.000112243 -0.000136805 0.00027561 0.000730529 -1.50451e-05 -0.0001924 0.00034841 0.000382039 0.000231873 -0.000212815 0.00015653 0 -0.000382578 0.000563468 0
internal_weight=1752 536 322 249 1216 568 648 524 471 548 222 73 214 132 124 53 82 444 104 58 93 75 49
internal_count=1752 536 322 249 1216 568 648 524 471 548 222 73 214 132 124 53 82 444 104 58 93 75 49
is_linear=0
shrinkage=0.03


Tree=45
num_leaves=24
num_cat=0
split_feature=25 19 29 10 26 21 11 17 13 33 25 30 33 14 32 14 18 34 25 30 32 28 20
split_gain=0.0253091 0.0162121 0.0227933 0.014844 0.0138532 0.0186577 0.0196149 0.0186567 0.0177056 0.0133427 0.0105778 0.00856125 0.00956206 0.00688424 0.00682312 0.00654145 0.00544176 0.00450946 0.00441035 0.00587276 0.00428111 0.00271344 0.00220456
threshold=0.52797365406857288 0.29711788373070813 -0.46447100347309866 -1.1291150154011773 0.96116281183266061 0.10459845968415708 0.70177294803014922 0.79192434572500259 0.5112056510096159 1.0183986656798514 1.7999355406145574 -0.11749566801450538 -1.6271956357932222 0.54870612067249724 -0.0093336360980244715 -0.2184142321173724 -0.1400292408951489 -0.093318073924180456 -0.83903458747352921 -0.238120371493483 0.075672753609734869 -0.58597660740393398 0.26088054619856954
decision_type=2 2 2 2 2 2 2 2 2 2 2 2 2 2 2 2 2 2 2 2 2 2 2
left_child=3 10 -3 15 5 6 -5 -7 9 -6 11 12 -2 14 -4 17 -10 -1 21 -20 -15 -17 -13
right_child=1 2 13 4 8 7 -8 -9 16 -11 -12 22 -14 20 -16 18 -18 -19 19 -21 -22 -23 -24
leaf_value=0.00069059199757654877 0 0.00070674267563630233 0 -3.3326388842706188e-05 -0.00063579526443557802 0.00040255177321157204 -0.00040137581911359774 -0.00023688620914109841 -0.00011773056909441948 2.8107064724382419e-05 0.00092746224248361196 -0.00010984560330409573 0.0005528656779765829 -6.9489038292279773e-05 -0.00053102832425716573 2.0782797536610255e-05 0.00045565408366383058 0 -9.417900584800087e-05 0.00041793721833048347 0.00041563000624402142 -0.00031719272117034587 0.00020275860228999092
leaf_weight=31 38 30 48 615 118 134 171 50 20 24 28 49 100 33 54 20 23 21 20 44 20 31 30
leaf_count=31 38 30 48 615 118 134 171 50 20 24 28 49 100 33 54 20 23 21 20 44 20 31 30
internal_value=1.57597e-06 0.000202336 0 -6.17703e-05 -0.000101791 -5.22513e-05 -0.000118422 0.000211736 -0.000340602 -0.000504637 0.00036099 0.00026261 0.000402802 -0.000159725 -0.000307566 0.000194282 0.000133461 0.000470139 3.53422e-05 0.000216074 7.24622e-05 -0.000135306 0
internal_weight=1752 430 185 1322 1155 970 786 184 185 142 245 217 138 155 102 167 43 52 115 64 53 51 79
internal_count=1752 430 185 1322 1155 970 786 184 185 142 245 217 138 155 102 167 43 52 115 64 53 51 79
is_linear=0
shrinkage=0.03


Tree=46
num_leaves=21
num_cat=0
split_feature=25 14 14 10 26 21 17 15 33 23 18 30 26 35 35 30 4 26 15 10
split_gain=0.0238941 0.0158434 0.0145247 0.0140658 0.0129687 0.0175409 0.0176307 0.0156337 0.0215163 0.0143924 0.00833425 0.00779293 0.00742792 0.00721845 0.0141932 0.00695679 0.00531193 0.00412124 0.00348189 0.00318023
threshold=0.52797365406857288 -0.59923622345083938 1.3589290845303623 -1.1291150154011773 0.96116281183266061 0.10459845968415708 0.79192434572500259 -0.37467476812440031 1.0183986656798514 0.12968433567214227 -0.76555356137524999 -0.11461539234995193 0.24687597267345088 0.063400683699403756 0.1374743425700535 -0.16770487658015973 -0.4324376151895018 0.24687597267345088 0.59059065773206643 -1.6785904078943368
decision_type=2 2 2 2 2 2 2 2 2 2 2 2 2 2 2 2 2 2 2 2
left_child=3 11 10 13 5 9 -7 -6 -9 -5 16 15 -12 18 19 -2 -3 -4 -1 -15
right_child=1 2 17 4 7 6 -8 8 -10 -11 12 -13 -14 14 -16 -17 -18 -19 -20 -21
leaf_value=-0.00023214900873842583 0.00034112895495148703 0 0.00074455808037814943 0 0.00031589680362492802 0.00039073966818510715 -0.00023018187832335484 -0.00062456760729143678 0.00013461412466131149 -0.00026465261258241723 2.5816366813838854e-05 2.5307288141145055e-05 -0.00031436184293425894 4.9025170353200769e-05 -8.7294616797742867e-05 0.0011381132623979021 0.00050694530396576745 1.2202271731043956e-05 0.00020228658480893658 0.00070464998492804744
leaf_weight=39 48 21 31 455 22 134 50 127 36 331 131 33 84 20 35 25 37 20 20 53
leaf_count=39 48 21 31 455 22 134 50 127 36 331 131 33 84 20 35 25 37 20 20 53
internal_value=1.64876e-06 0.000196758 7.95735e-05 -5.98512e-05 -9.88566e-05 -5.08011e-05 0.000204982 -0.000330034 -0.000439421 -0.000115033 0 0.000515374 -9.58261e-05 0.000189254 0.000335773 0.000687694 0.000300246 0.000529549 -3.38333e-05 0.000573526
internal_weight=1752 430 324 1322 1155 970 184 185 163 786 273 106 215 167 108 73 58 51 59 73
internal_count=1752 430 324 1322 1155 970 184 185 163 786 273 106 215 167 108 73 58 51 59 73
is_linear=0
shrinkage=0.03


Tree=47
num_leaves=20
num_cat=0
split_feature=25 19 29 11 19 34 28 20 34 15 31 29 21 34 9 17 19 34 30
split_gain=0.0227226 0.0148411 0.024812 0.0143405 0.0135209 0.0257297 0.0147907 0.0133859 0.0175902 0.0124318 0.0108132 0.0101813 0.0151294 0.00708178 0.00654256 0.00569583 0.00662355 0.00323416 0.00308487
threshold=0.52797365406857288 0.26595080699575574 -0.46447100347309866 1.5855401088594332 1.00389480246951 -0.17737138249106515 -0.65571847491004287 0.39019826961541676 -0.32578634805613144 0.71016003917703463 -0.84921505018088339 -0.4408872971003423 1.2145053494962079 -1.3868277951938841 1.3603842662470873 -0.86685976864624237 1.5156291552483296 -0.42055301898818204 1.0000000180025095e-35
decision_type=2 2 2 2 2 2 2 2 2 2 2 2 2 2 2 2 2 2 2
left_child=3 11 -3 4 7 6 -6 8 -1 -7 -9 17 13 -13 -5 -4 -17 -2 -19
right_child=1 2 15 14 5 9 -8 10 -10 -11 -12 12 -14 -15 -16 16 -18 18 -20
leaf_value=-0.00025602040336144226 -0.00022872231264288226 0.00073044819286202688 0.00014920197297760751 -0.00073048156738372112 2.1109321403541951e-05 -0.00028070041331512902 0.0010896032514503679 0.0001411611589582582 7.7764730892937884e-05 0.00048909699381329127 -0.00030144475231135562 0 0.0012258061767788605 0.00043623529660236283 0 -1.6946558168695586e-05 -0.00049232716557453388 0.00040547431726008654 0
leaf_weight=184 24 31 29 38 26 71 34 48 588 21 288 37 21 115 24 73 57 23 20
leaf_count=184 24 31 29 38 26 71 34 48 588 21 288 37 21 115 24 73 57 23 20
internal_value=1.97852e-06 0.000192274 0 -5.7949e-05 -3.28932e-05 0.000225123 0.000697262 -7.15014e-05 0 -6.35106e-05 -0.000228676 0.000347624 0.000467877 0.000322109 -0.000495975 -0.000160822 -0.000254343 0 0.000180474
internal_weight=1752 430 190 1322 1260 152 60 1108 772 92 336 240 173 152 62 159 130 67 43
internal_count=1752 430 190 1322 1260 152 60 1108 772 92 336 240 173 152 62 159 130 67 43
is_linear=0
shrinkage=0.03


Tree=48
num_leaves=25
num_cat=0
split_feature=25 14 15 32 22 25 22 32 35 22 15 30 30 17 23 9 15 23 16 28 21 34 33 30
split_gain=0.0215337 0.0148727 0.0205225 0.013449 0.0254777 0.0171344 0.0125043 0.0124106 0.016557 0.0135903 0.0112745 0.0110368 0.0114261 0.00971362 0.00971317 0.0102041 0.00847653 0.00826994 0.00649075 0.00364073 0.00260766 0.0019242 0.00172375 0.000501052
threshold=0.42025337327195061 -0.59923622345083938 0.79547293469046665 -0.022245537988513472 -1.180619176829045 -0.92971196026708947 -0.87105249676730911 0.0015931061161998472 -0.54880949268378298 0.85009800406089475 -0.54533705866429438 -0.096608573617311483 -0.19642519164940511 -0.033589456918823923 -0.63374224307747828 0.7833557279431792 1.4250740321870656 -0.9909418349695025 0.55619332534078769 -0.019886163769593422 -0.14054938168837414 -0.19332880882279294 -0.5314048254180862 -0.16454974827873312
decision_type=2 2 2 2 2 2 2 2 2 2 2 2 2 2 2 2 2 2 2 2 2 2 2 2
left_child=3 11 10 4 -1 13 18 9 -9 -7 19 12 22 23 -4 -16 -8 -12 -6 -3 -13 -15 -2 -5
right_child=1 2 14 5 6 7 16 8 -10 -11 17 20 -14 21 15 -17 -18 -19 -20 -21 -22 -23 -24 -25
leaf_value=-0.0011683142917311711 0.00037067456857237796 0.00049919408085406759 0 0.00011361852097932409 0.00035836919935952345 0 -0.00024611679721083554 0.00025379938888014296 -0.00022689263292834986 0.00066987513786611642 0.00019898235987135635 -9.324968198779969e-05 0.0010525936444142929 8.2907786243595171e-05 0.00080867647822861646 0 0.00013125745268189348 -0.00025676173153605839 -6.9980315828015966e-05 0 0.00028598491402342913 0.00066111387089385005 0 -6.9380251737584327e-05
leaf_weight=20 41 29 28 20 60 86 395 72 330 36 34 33 35 21 52 24 49 193 44 25 22 54 20 29
leaf_count=20 41 29 28 20 60 86 395 72 330 36 34 33 35 21 52 24 49 193 44 25 22 54 20 29
internal_value=2.04395e-06 0.000161575 5.24177e-05 -6.60392e-05 -0.000172876 2.33646e-05 -0.000124938 -4.7165e-05 -0.000132149 0.000205315 -7.25335e-05 0.000413966 0.000605638 0.000339105 0.000410632 0.00058227 -0.000197157 -0.000173752 0.000152226 0.000287078 1.36661e-05 0.000547093 0.000264994 0
internal_weight=1752 536 385 1216 568 648 548 524 402 122 281 151 96 124 104 76 444 227 104 54 55 75 61 49
internal_count=1752 536 385 1216 568 648 548 524 402 122 281 151 96 124 104 76 444 227 104 54 55 75 61 49
is_linear=0
shrinkage=0.03


Tree=49
num_leaves=22
num_cat=0
split_feature=25 14 15 11 32 25 23 24 34 11 29 29 30 34 31 34 15 34 16 8 30
split_gain=0.020405 0.0146626 0.0174312 0.0129192 0.0128271 0.0162481 0.0118377 0.0180437 0.0107356 0.0102363 0.0101967 0.00955717 0.0107955 0.00870635 0.00820489 0.00928784 0.0179962 0.00982535 0.0061159 0.00277382 0.00379791
threshold=0.41046956692946018 -0.78791679205079401 0.79547293469046665 -0.43234185572061007 -0.022245537988513472 -0.92971196026708947 -0.9909418349695025 0.26970686287752477 -1.5447550190546091 0.17318228301488628 -0.20011586394458244 -0.4054029930277307 -0.17614108132005668 -0.068250888437653479 1.7854778962295024 0.044065814592422682 1.8498519698756097 -0.41052901618407495 -0.54731877609721979 0.53113889097202371 -0.096608573617311483
decision_type=2 2 2 2 2 2 2 2 2 2 2 2 2 2 2 2 2 2 2 2 2
left_child=4 19 3 18 14 11 13 -8 -5 -4 -11 12 -6 -7 15 17 -17 -1 -3 20 -2
right_child=1 2 9 8 5 6 7 -9 -10 10 -12 -13 -14 -15 -16 16 -18 -19 -20 -21 -22
leaf_value=-0.00029929514190492535 0.0006974318863988136 -0.00010887730962555077 0.00086359203505245122 -0.00042838921418620479 0.0004834515066506962 0 -0.0003248543020511538 4.4783670253038625e-05 0.00019291675760002059 -5.8954881123869327e-05 0.00061582729010011201 0.00078354041250970434 -0.00011963708908620497 0.00065265307906083763 0.00024833364286442862 -0.00032910403590127342 0.00043652261003282748 0.00021708302203127567 -0.00065300066854037783 0 0.00015604276059297617
leaf_weight=51 58 89 30 24 42 21 190 279 177 49 25 31 51 32 31 375 24 82 31 22 38
leaf_count=51 58 89 30 24 42 21 190 279 177 49 25 31 51 32 31 375 24 82 31 22 38
internal_value=2.41182e-06 0.00015631 6.45229e-05 -3.72229e-05 -6.44495e-05 2.27566e-05 -4.6031e-05 -9.97201e-05 9.88162e-05 0.000398842 0.000145162 0.000330199 0.000128072 0.000355386 -0.000169402 -0.000200608 -0.000272675 0 -0.000286331 0.000452311 0.000524658
internal_weight=1752 543 425 321 1209 646 522 469 201 104 74 124 93 53 563 532 399 133 120 118 96
internal_count=1752 543 425 321 1209 646 522 469 201 104 74 124 93 53 563 532 399 133 120 118 96
is_linear=0
shrinkage=0.03


Tree=50
num_leaves=12
num_cat=0
split_feature=11 22 14 12 35 35 35 33 26 6 18
split_gain=0.0195776 0.0173118 0.0169059 0.0177794 0.0151816 0.0128875 0.0150141 0.00983611 0.00558851 0.00508235 0.00400112
threshold=1.5855401088594332 -1.180619176829045 -0.79769043308773646 -1.2159090660449279 -0.77056730414696928 0.068613554264653334 -0.44653920644330164 0.89762828941305839 -0.61420159777444427 -0.51002120287192421 0.66485786837409033
decision_type=2 2 2 2 2 2 2 2 2 2 2
left_child=1 -1 5 7 -5 6 -3 -4 -2 -7 -10
right_child=8 2 3 4 -6 9 -8 -9 10 -11 -12
leaf_value=-0.00060600103452216475 0 0.0003745772088309977 0.00040489108019521353 0.00030684391180231611 -7.6277988128137136e-05 4.1001290393372376e-05 -0.00038034536008247716 -0.00017384026017792234 -0.00066238687839833275 0.00046159214196747031 -7.8042333235564654e-05
leaf_weight=34 23 38 132 97 1060 51 51 23 53 160 30
leaf_count=34 23 38 132 97 1060 51 51 23 53 160 30
internal_value=2.64814e-06 3.00739e-05 4.64483e-05 0 -4.08613e-05 0.000248424 -2.37063e-05 0.000298357 -0.000384811 0.000375951 -0.000496152
internal_weight=1752 1646 1612 1312 1157 300 89 155 106 211 83
internal_count=1752 1646 1612 1312 1157 300 89 155 106 211 83
is_linear=0
shrinkage=0.03


Tree=51
num_leaves=24
num_cat=0
split_feature=25 22 29 13 35 35 11 35 35 35 24 22 35 29 35 32 10 25 14 10 25 12 33
split_gain=0.0190201 0.0134546 0.012913 0.0127417 0.0138985 0.0132936 0.0142567 0.0121928 0.0118255 0.0275136 0.0109391 0.0107466 0.015004 0.00930076 0.00894121 0.00786021 0.0069056 0.00561429 0.00558982 0.00721605 0.00368045 0.00279826 0.000271744
threshold=0.52797365406857288 -0.31096406045529595 -0.46447100347309866 -0.69631347435267443 -0.68771521764102228 0.091785365158663854 0.71945452869071258 -3.562984261859746 0.1374743425700535 0.063400683699403756 -1.1299348943080767 -0.43748889719413642 0.12759026144352015 -0.43069454735633811 0.47943011787902318 0.0080285229302743902 0.17376465104041366 1.3394651642146369 0.54870612067249724 -0.80680296317306721 -0.60798711761360014 -1.2813721724880081 -0.29768524804140228
decision_type=2 2 2 2 2 2 2 2 2 2 2 2 2 2 2 2 2 2 2 2 2 2 2
left_child=3 11 -3 8 7 13 -7 -5 9 20 -11 14 -13 -6 17 -14 -9 -2 19 -4 -1 -10 -23
right_child=1 2 18 4 5 6 -8 16 21 10 -12 12 15 -15 -16 -17 -18 -19 -20 -21 -22 22 -24
leaf_value=-0.00030290196562147981 0.00035100363261959941 0.00054594359055161468 0 -0.00028094124376773835 0 4.6948389872498777e-06 -0.00030073993012182294 0 0 0.00010381286727376348 0.00080369450029517918 0 0.00017130081228096969 -0.00043188775612418637 -0.00022877614546710641 0.0009989889296445583 0.0006636580221112007 -2.31018458692623e-05 7.8121052079094448e-05 -0.00053589880118061874 1.4322258715293608e-05 -5.816552179448049e-05 -0.00045640335357389767
leaf_weight=40 108 22 35 22 45 516 176 26 27 45 67 35 27 188 39 49 43 32 31 52 78 26 23
leaf_count=40 108 22 35 22 45 516 176 26 27 45 67 35 27 188 39 49 43 32 31 52 78 26 23
internal_value=2.45862e-06 0.000176678 -4.63468e-05 -5.22162e-05 -0.00010483 -0.000141808 -6.96343e-05 0.000231668 0.000112087 0.000224794 0.000558623 0.000293956 0.000531445 -0.00033984 0.000123869 0.000760588 0.000441671 0.000245824 -0.000192365 -0.00032147 -7.32618e-05 -0.000186609 -0.000318332
internal_weight=1752 430 140 1322 1016 925 692 91 306 230 112 290 111 233 179 76 69 140 118 87 118 76 49
internal_count=1752 430 140 1322 1016 925 692 91 306 230 112 290 111 233 179 76 69 140 118 87 118 76 49
is_linear=0
shrinkage=0.03


Tree=52
num_leaves=24
num_cat=0
split_feature=25 14 14 13 35 35 14 35 35 33 35 24 10 18 19 30 16 26 25 26 12 33 30
split_gain=0.0179716 0.0126441 0.0125497 0.0119809 0.0131832 0.0140159 0.0140601 0.0112367 0.0260138 0.0102973 0.0102932 0.0102131 0.00766801 0.00748087 0.00790148 0.00644013 0.00648711 0.00506835 0.00349087 0.0033526 0.00269375 0.000202893 0.00016322
threshold=0.52797365406857288 -0.59923622345083938 1.3589290845303623 -0.69631347435267443 -0.54880949268378298 0.091785365158663854 -0.92348873538423992 0.1374743425700535 0.063400683699403756 1.2433553322797624 -3.562984261859746 -1.1299348943080767 0.17376465104041366 -0.38198547598686877 0.06789302161837292 -0.11461539234995193 1.1994728539356139 0.24687597267345088 -0.60798711761360014 0.21423503828348064 -1.2813721724880081 -0.29768524804140228 -0.16770487658015973
decision_type=2 2 2 2 2 2 2 2 2 2 2 2 2 2 2 2 2 2 2 2 2 2 2
left_child=3 15 13 7 10 9 -7 8 18 -6 -5 -10 -12 14 -3 16 22 -15 -1 -4 -9 -22 -2
right_child=1 2 19 4 5 6 -8 20 11 -11 12 -13 -14 17 -16 -17 -18 -19 -20 -21 21 -23 -24
leaf_value=-0.00029444889164957671 0.00038039913829416037 0.00051003260348878076 0.00071133968220918526 -0.0002735243999585509 -0.00043473836375955958 0.00026645337680407291 -0.00012340621256883098 0 0.00010089313267508259 7.5277070843559851e-05 0 0.00078061698487560656 0.00062468063674168668 0 0 6.0881822525213115e-06 3.7450540257850593e-06 -0.00034796043160258703 1.3908503290386522e-05 4.4506231246766836e-05 -5.6601067266330631e-05 -0.00044429110857443165 0.0010382821493382965
leaf_weight=40 27 38 28 22 190 90 602 27 45 31 36 67 45 112 62 33 21 61 78 23 26 23 25
leaf_count=40 27 38 28 22 190 90 602 27 45 31 36 67 45 112 62 33 21 61 78 23 26 23 25
internal_value=2.55174e-06 0.000171939 6.62288e-05 -5.05445e-05 -0.00010161 -0.000139984 -6.74541e-05 0.000108639 0.000218675 -0.000349755 0.000204573 0.000543357 0.000375272 -5.62278e-06 0.000185758 0.000456816 0.000612813 -0.000134574 -7.05348e-05 0.000485346 -0.000182048 -0.000311404 0.000790616
internal_weight=1752 430 324 1322 1016 913 692 306 230 221 103 112 81 273 100 106 73 173 118 51 76 49 52
internal_count=1752 430 324 1322 1016 913 692 306 230 221 103 112 81 273 100 106 73 173 118 51 76 49 52
is_linear=0
shrinkage=0.03


Tree=53
num_leaves=15
num_cat=0
split_feature=11 25 31 34 22 26 26 21 15 21 30 31 26 15
split_gain=0.0181519 0.0197827 0.0190932 0.0153031 0.0133613 0.0117494 0.0217319 0.0199552 0.0112787 0.00718904 0.00654915 0.00554494 0.00498284 0.00141006
threshold=1.5855401088594332 0.53665421559280158 -0.22825549300525863 -1.6078438077126094 -1.2037315629081478 0.96116281183266061 1.8087802031506717 0.097856973719460796 -0.54533705866429438 1.2855982130754586 -0.22712955715822145 0.07234137578217463 -0.61420159777444427 0.66607250086857317
decision_type=2 2 2 2 2 2 2 2 2 2 2 2 2 2
left_child=1 4 3 -3 -1 7 -7 -6 11 -10 -5 -4 -2 -14
right_child=12 2 8 10 5 6 -8 -9 9 -11 -12 -13 13 -15
leaf_value=-0.00074414293111666396 0 0 0.00059224792513996362 0.00047559223728785576 -3.2067749547321566e-05 -0.00050114206838923947 8.7744765440495972e-05 0.00029888780336347477 -0.00018459180701625553 0.00020714952825954625 0.0013121030682333461 1.9060253885320638e-05 -0.0006257208830304443 -0.00016865290587660497
leaf_weight=20 23 32 42 61 841 111 96 198 130 54 20 41 47 36
leaf_count=20 23 32 42 61 841 111 96 198 130 54 20 41 47 36
internal_value=2.86663e-06 2.93356e-05 0.000219117 0.000544614 -2.56481e-05 -9.95372e-06 -0.000216397 2.88016e-05 6.57282e-05 -5.21026e-05 0.000757337 0.000354533 -0.000370123 -0.000475157
internal_weight=1752 1646 380 113 1266 1246 207 1039 267 184 81 83 106 83
internal_count=1752 1646 380 113 1266 1246 207 1039 267 184 81 83 106 83
is_linear=0
shrinkage=0.03


Tree=54
num_leaves=18
num_cat=0
split_feature=11 25 31 34 19 26 35 23 29 15 21 21 30 31 28 26 6
split_gain=0.0172146 0.0188235 0.0180404 0.0145296 0.01145 0.0238004 0.0124713 0.0115718 0.014288 0.010692 0.00943544 0.0067894 0.00613026 0.00517432 0.00499941 0.00473748 0.00278854
threshold=1.5855401088594332 0.53665421559280158 -0.22825549300525863 -1.6078438077126094 1.00389480246951 -0.021355485875971737 0.13800299806844735 -0.99794574853601281 -0.4339874552896773 -0.54533705866429438 -0.7938683697531258 1.2855982130754586 -0.22712955715822145 0.07234137578217463 -0.37392290555173852 -0.61420159777444427 -0.38465712784468986
decision_type=2 2 2 2 2 2 2 2 2 2 2 2 2 2 2 2 2
left_child=1 4 3 -3 7 6 -6 8 -1 13 -9 -11 -5 -4 -7 -2 -17
right_child=15 2 9 12 5 14 -8 10 -10 11 -12 -13 -14 -15 -16 16 -18
leaf_value=0 0 0 0.00057566498202892642 0.00046199326942246443 0.00066173815439213757 0 0 4.55856459703119e-05 0.00088652009993791582 -0.0001791789628691355 -0.00014432132140519149 0.00020126211921007398 0.0012778742571118407 1.8527435985478484e-05 -0.00053703180942684412 0 -0.00056742216253366593
leaf_weight=33 23 32 42 61 78 23 26 312 22 130 745 54 20 41 27 21 62
leaf_count=33 23 32 42 61 78 23 26 312 22 130 745 54 20 41 27 21 62
internal_value=2.81975e-06 2.86402e-05 0.000213783 0.000530324 -2.49419e-05 0.000210819 0.000476018 -6.07621e-05 0.000342122 6.4301e-05 -8.5465e-05 -5.00474e-05 0.000737603 0.000345583 -0.000279913 -0.000360358 -0.00046278
internal_weight=1752 1646 380 113 1266 154 104 1112 55 267 1057 184 81 83 50 106 83
internal_count=1752 1646 380 113 1266 154 104 1112 55 267 1057 184 81 83 50 106 83
is_linear=0
shrinkage=0.03


Tree=55
num_leaves=15
num_cat=0
split_feature=11 25 31 20 22 26 22 35 15 31 35 31 26 18
split_gain=0.0163238 0.0178867 0.017045 0.014159 0.0125914 0.0106344 0.0205904 0.011547 0.0101371 0.00855101 0.00644368 0.0048258 0.0045003 0.00375915
threshold=1.5855401088594332 0.53665421559280158 -0.22825549300525863 -0.12707262405197142 -1.2037315629081478 0.96116281183266061 -0.14703636678040746 -0.66397069038225098 -0.54533705866429438 -1.3556772471442022 0.28578421701843171 0.07234137578217463 -0.61420159777444427 0.66485786837409033
decision_type=2 2 2 2 2 2 2 2 2 2 2 2 2 2
left_child=1 4 3 9 -1 7 -7 -6 11 -3 -10 -4 -2 -14
right_child=12 2 8 -5 5 6 -8 -9 10 -11 -12 -13 13 -15
leaf_value=-0.00072146099336121397 0 0.00011600618304744843 0.0005595463583245873 0 0.0003766628357462432 5.491570305977282e-05 -0.00051746608643207022 0 -0.00016315468830462704 0.00091399510927378102 0.00022487148512820049 1.8009508346122771e-05 -0.00060878871595819613 -5.0046123091306064e-05
leaf_weight=20 23 28 42 27 76 109 98 963 138 58 46 41 53 30
leaf_count=20 23 28 42 27 76 109 98 963 138 58 46 41 53 30
internal_value=2.91558e-06 2.81021e-05 0.000208594 0.000516426 -2.40748e-05 -8.77285e-06 -0.000205302 2.7981e-05 6.29107e-05 0.000700561 -4.80541e-05 0.000336884 -0.000350675 -0.000450508
internal_weight=1752 1646 380 113 1266 1246 207 1039 267 86 184 83 106 83
internal_count=1752 1646 380 113 1266 1246 207 1039 267 86 184 83 106 83
is_linear=0
shrinkage=0.03


Tree=56
num_leaves=12
num_cat=0
split_feature=11 22 10 15 20 24 20 34 33 26 18
split_gain=0.0154757 0.0146667 0.0142905 0.0145913 0.0199578 0.0117026 0.0116895 0.00462232 0.0162614 0.00454919 0.000500733
threshold=1.5855401088594332 -1.180619176829045 -1.3294859574799169 -1.0693990166375016 0.59495133169209125 -1.4982616725148137 -1.0538496418727084 -1.3868277951938841 -1.1020422356172639 0.046431471797586395 0.54162014211414455
decision_type=2 2 2 2 2 2 2 2 2 2 2
left_child=1 -1 6 4 -4 -5 -3 -2 -9 -8 -10
right_child=7 2 3 5 -6 -7 9 8 10 -11 -12
leaf_value=-0.00055762798712286803 -0.00070107494536787273 0.00098109856492374094 0.00066221265749939306 -0.00029795568885777191 -0.00011771349356574721 1.4616963034831788e-05 0.00039395667735176782 0.00046818655583521595 -0.00053615998508342144 0 -6.2083019466587313e-05
leaf_weight=34 27 21 67 114 40 1270 42 20 39 58 20
leaf_count=34 27 21 67 114 40 1270 42 20 39 58 20
internal_value=2.84666e-06 2.74145e-05 4.26246e-05 1.47522e-05 0.00034812 -9.55546e-06 0.000353217 -0.000341382 -0.000160711 0.000167501 -0.000434623
internal_weight=1752 1646 1612 1491 107 1384 121 106 79 100 59
internal_count=1752 1646 1612 1491 107 1384 121 106 79 100 59
is_linear=0
shrinkage=0.03


Tree=57
num_leaves=16
num_cat=0
split_feature=10 15 15 22 24 24 24 15 14 32 34 24 20 11 11
split_gain=0.0148474 0.0162295 0.0135135 0.0188241 0.0100426 0.0127858 0.0241808 0.0240794 0.00724277 0.00718325 0.00633963 0.00480983 0.00191452 0.00164089 0.00306696
threshold=-1.1441660309237565 1.093799697296705 -1.0693990166375016 -0.71078770356477905 -1.4982616725148137 -0.90893882738403431 -1.2527104870436556 0.79547293469046665 -0.2184142321173724 0.00079822325918286043 -0.042473707239676632 0.88358482655542014 -1.0430731649213045 -0.59465559702872628 -1.8221200493337169
decision_type=2 2 2 2 2 2 2 2 2 2 2 2 2 2 2
left_child=1 8 3 -2 9 6 -6 -7 10 12 -1 -5 -4 14 -10
right_child=2 -3 4 11 5 7 -8 -9 13 -11 -12 -13 -14 -15 -16
leaf_value=0.00063955691147192907 -0.00035669295140542095 0.00099809525487944487 -0.00057674781772396359 0.00063008409911794036 -6.759396351499163e-05 -0.00013124365895008494 0.0004969242734400353 0.00030003526208266306 0.00013290844868108824 7.7244035575700827e-05 0 0 -0.0001468125773744153 0.00023077476741341143 -0.00017550271043345627
leaf_weight=34 24 21 55 65 157 931 108 127 35 20 20 20 42 20 73
leaf_count=34 24 21 55 65 157 931 108 127 35 20 20 20 42 20 73
internal_value=2.66325e-06 0.00024348 -2.7373e-05 0.000285999 -5.37178e-05 -2.73254e-05 0.000154267 -7.59444e-05 0.00012542 -0.000319011 0.00040671 0.000507529 -0.000430579 0 -4.76368e-05
internal_weight=1752 203 1549 109 1440 1323 265 1058 182 117 54 85 97 128 108
internal_count=1752 203 1549 109 1440 1323 265 1058 182 117 54 85 97 128 108
is_linear=0
shrinkage=0.03


Tree=58
num_leaves=14
num_cat=0
split_feature=11 21 35 34 35 10 35 28 35 35 34 33 15
split_gain=0.0147389 0.0121585 0.0145107 0.0123713 0.0122972 0.00996674 0.00987649 0.00787226 0.00516029 0.00512151 0.00429348 0.015501 0.000430386
threshold=1.5855401088594332 1.367109866041738 0.13392701352418304 -0.39360916754207964 -1.3393428285889428 -1.1441660309237565 0.098780483662593913 -0.50932338437789515 0.063400683699403756 -0.1736216480362133 -1.3868277951938841 -1.1020422356172639 1.4908150749699349
decision_type=2 2 2 2 2 2 2 2 2 2 2 2 2
left_child=1 4 9 -4 7 8 -7 -1 -6 -3 -2 -12 -13
right_child=10 2 3 -5 5 6 -8 -9 -10 -11 11 12 -14
leaf_value=0.00075826239142747181 -0.00068176043974235657 0.00022449412373680387 0 0.00086981526827366892 0 -0.000165692191917158 8.6424402445514882e-06 1.3136394144385118e-05 0.00031451964902740992 -0.00031091098307121185 0.00045573833982622171 -0.00052318097221515402 -5.9393596648157596e-05
leaf_weight=28 27 29 20 45 71 419 859 37 110 28 20 39 20
leaf_count=28 27 29 20 45 71 419 859 37 110 28 20 39 20
internal_value=2.76265e-06 2.67792e-05 0.000311409 0.000608537 1.46223e-06 -1.49102e-05 -4.64265e-05 0.000397523 0.000188443 0 -0.000333124 -0.000156801 -0.000424833
internal_weight=1752 1646 122 65 1524 1459 1278 65 181 57 106 79 59
internal_count=1752 1646 122 65 1524 1459 1278 65 181 57 106 79 59
is_linear=0
shrinkage=0.03


Tree=59
num_leaves=16
num_cat=0
split_feature=11 25 31 20 33 22 15 17 34 19 21 33 15 18 30
split_gain=0.0140066 0.015859 0.0153953 0.0130493 0.0115219 0.0113506 0.00952201 0.00932999 0.0180141 0.0122784 0.005856 0.00446758 0.00410556 0.00226623 0.00106063
threshold=1.5855401088594332 0.53665421559280158 -0.22825549300525863 -0.12707262405197142 -1.6271956357932222 -1.2037315629081478 -0.54533705866429438 1.1665707180490938 -0.16267021905792103 1.0461202665374965 1.2855982130754586 1.7669194595963507 0.62268686183658861 0.67776977649564696 -0.024068277285382546
decision_type=2 2 2 2 2 2 2 2 2 2 2 2 2 2 2
left_child=1 5 3 4 -3 -1 11 9 -9 -7 -8 -4 13 -2 -14
right_child=12 2 6 -5 -6 7 10 8 -10 -11 -12 -13 14 -15 -16
leaf_value=-0.00068500057705070654 -0.00063866059768146702 0 0.0004508141390833771 0 0.00086241837845309004 -7.1351895124541033e-05 -0.00017051270302279837 0.00080557033019916459 0 0.0002311192704250631 0.00018117924290096487 0 5.8886558299177625e-06 -3.4472961505146123e-05 -0.00020575383253162725
leaf_weight=20 39 22 61 27 64 1023 130 33 59 131 54 22 26 20 21
leaf_count=20 39 22 61 27 64 1023 130 33 59 131 54 22 26 20 21
internal_value=2.75624e-06 2.62105e-05 0.00019622 0.000488825 0.000665883 -2.27983e-05 5.72164e-05 -8.1473e-06 0.000274327 -3.39128e-05 -5.00052e-05 0.000323249 -0.000324623 -0.000493817 -3.53464e-05
internal_weight=1752 1646 380 113 86 1266 267 1246 92 1154 184 83 106 59 47
internal_count=1752 1646 380 113 86 1266 267 1246 92 1154 184 83 106 59 47
is_linear=0
shrinkage=0.03


Tree=60
num_leaves=17
num_cat=0
split_feature=10 15 15 22 24 24 21 15 26 32 24 34 19 16 11 20
split_gain=0.0134895 0.0151308 0.0123021 0.0173945 0.00932782 0.0119849 0.0221942 0.0221387 0.00745554 0.0067748 0.00431403 0.00415431 0.00246146 0.00235834 0.00225856 0.00237005
threshold=-1.1441660309237565 1.093799697296705 -1.0693990166375016 -0.71078770356477905 -1.4982616725148137 -0.90893882738403431 1.253729083175992 0.79547293469046665 -0.08278624784930598 0.00079822325918286043 0.88358482655542014 0.032658443544108524 -0.9817163644714928 -1.2995983785922591 -1.8221200493337169 -0.75210828723339873
decision_type=2 2 2 2 2 2 2 2 2 2 2 2 2 2 2 2
left_child=1 8 3 -2 9 6 -6 -7 11 12 -5 13 -4 -1 -10 -16
right_child=2 -3 4 10 5 7 -8 -9 14 -11 -12 -13 -14 -15 15 -17
leaf_value=0.00061928027065900654 -0.00034257996967062356 0.00096093942335573953 -0.00065804304284616734 0.00060276651625548868 1.341084792414954e-05 -0.00012593270417347283 0.00075966100823910278 0.00028740488833326914 0.00017161307620815932 7.5171175888618045e-05 0 0 -0.0002014624046988729 5.0331749005838183e-05 0 -0.00028351060465105216
leaf_weight=36 24 21 36 65 223 931 42 127 22 20 20 23 61 24 36 41
leaf_count=36 24 21 36 65 223 931 42 127 22 20 20 23 61 24 36 41
internal_value=2.57309e-06 0.000232181 -2.59751e-05 0.000272838 -5.11928e-05 -2.56734e-05 0.000150058 -7.28167e-05 0.000117658 -0.000306903 0.000486449 0.000326429 -0.000415573 0.000452554 -3.24144e-05 -0.000132457
internal_weight=1752 203 1549 109 1440 1323 265 1058 182 117 85 83 97 60 99 77
internal_count=1752 203 1549 109 1440 1323 265 1058 182 117 85 83 97 60 99 77
is_linear=0
shrinkage=0.03


Tree=61
num_leaves=16
num_cat=0
split_feature=11 25 31 20 22 33 26 22 21 15 35 31 34 33 25
split_gain=0.0133574 0.0144942 0.0142441 0.01215 0.01093 0.0104336 0.0103423 0.0190042 0.0166789 0.0089746 0.0059568 0.00427342 0.00399265 0.0145873 0.00041135
threshold=1.5855401088594332 0.53665421559280158 -0.22825549300525863 -0.12707262405197142 -1.180619176829045 -1.6271956357932222 0.96116281183266061 -0.14703636678040746 0.097856973719460796 -0.57346447931785216 0.28578421701843171 0.07234137578217463 -1.3868277951938841 -1.1020422356172639 -0.092497538813885741
decision_type=2 2 2 2 2 2 2 2 2 2 2 2 2 2 2
left_child=1 4 3 5 -1 -3 8 -8 -6 11 -11 -4 -2 -14 -15
right_child=12 2 9 -5 6 -7 7 -9 -10 10 -12 -13 13 14 -16
leaf_value=-0.00052975412000071359 -0.00065310407625511285 0 0.00054807868406812595 0 -2.2723976814809414e-05 0.0008279809274314555 5.1771711943469452e-05 -0.00049727721071956524 0.00027976177604660502 -0.00015404700646023888 0.00021472972108516845 1.7240686017240198e-05 0.00044726913898130474 -0.00058272922260622527 -0.00014806947169320966
leaf_weight=34 27 22 38 27 827 64 109 98 198 142 47 40 20 26 33
leaf_count=34 27 22 38 27 827 64 109 98 198 142 47 40 20 26 33
internal_value=2.80439e-06 2.57473e-05 0.000188286 0.000469839 -2.10057e-05 0.000640767 -3.28368e-06 -0.000197269 3.3435e-05 5.41194e-05 -4.47934e-05 0.000323612 -0.00031684 -0.00014564 -0.00040693
internal_weight=1752 1646 380 113 1266 86 1232 207 1025 267 189 78 106 79 59
internal_count=1752 1646 380 113 1266 86 1232 207 1025 267 189 78 106 79 59
is_linear=0
shrinkage=0.03


Tree=62
num_leaves=18
num_cat=0
split_feature=10 15 15 22 23 29 32 26 15 34 19 26 24 34 16 26 26
split_gain=0.0131016 0.0139432 0.0111865 0.0161253 0.0102165 0.0268756 0.0262349 0.0172445 0.0201734 0.0145894 0.0126737 0.00700186 0.00393419 0.00389041 0.00221319 0.0017907 0.00102123
threshold=-1.1441660309237565 1.093799697296705 -1.0693990166375016 -0.71078770356477905 -0.9909418349695025 -0.44514002735406094 -0.01639635517008119 -0.030179381083340156 0.62268686183658861 0.60736902523513769 0.06789302161837292 -0.08278624784930598 0.88358482655542014 0.032658443544108524 -1.2995983785922591 0.41138927314981821 0.82659840992028566
decision_type=2 2 2 2 2 2 2 2 2 2 2 2 2 2 2 2 2
left_child=1 11 3 -2 5 6 -4 8 -6 -9 -7 13 -5 14 -1 -13 -17
right_child=2 -3 4 12 7 10 -8 9 -10 -11 -12 15 -14 -15 -16 16 -18
leaf_value=0.00060427067629419834 -0.00033114842307986695 0.0009302495945012197 -0.00058140652871255336 0.00057673823321922944 -6.7182249525794268e-05 0.00056243420910363458 0.00028624332159319347 -0.00038497679497728206 0.00038995854217293007 1.9262967660615681e-05 -7.3976143874460779e-06 -0.00022696434448880607 0 0 4.7452726574394737e-05 0.00017093043808563379 -2.031942973421378e-05
leaf_weight=36 24 21 69 65 737 105 48 252 95 97 37 29 20 23 24 29 41
leaf_count=36 24 21 69 65 737 105 48 252 95 97 37 29 20 23 24 29 41
internal_value=2.64203e-06 0.00022894 -2.5467e-05 0.000259221 -4.95895e-05 0.000115207 -0.000202191 -8.84643e-05 -1.01784e-05 -0.000264894 0.000396186 0.00011803 0.000465611 0.000320032 0.000442028 -2.63445e-05 2.15852e-05
internal_weight=1752 203 1549 109 1440 259 117 1181 832 349 142 182 85 83 60 99 70
internal_count=1752 203 1549 109 1440 259 117 1181 832 349 142 182 85 83 60 99 70
is_linear=0
shrinkage=0.03


Tree=63
num_leaves=18
num_cat=0
split_feature=10 15 15 22 23 29 32 26 15 15 19 26 24 33 26 26 14
split_gain=0.0124221 0.0131913 0.0105153 0.0153235 0.00959142 0.0252419 0.0247935 0.0162066 0.0190142 0.013886 0.0120203 0.0066738 0.00392625 0.00255334 0.00169102 0.000970098 0.000918302
threshold=-1.1441660309237565 1.093799697296705 -1.0693990166375016 -0.68581807217574842 -0.9909418349695025 -0.44514002735406094 -0.01639635517008119 -0.030179381083340156 0.62268686183658861 -0.64867455124168882 0.06789302161837292 -0.08278624784930598 0.87130726728186214 -0.21600053913008141 0.41138927314981821 0.82659840992028566 -0.2184142321173724
decision_type=2 2 2 2 2 2 2 2 2 2 2 2 2 2 2 2 2
left_child=1 11 3 -2 5 6 -4 8 -6 -9 -7 13 -5 -1 -13 -16 -15
right_child=2 -3 4 12 7 10 -8 9 -10 -11 -12 14 -14 16 15 -17 -18
leaf_value=0.00050002506458466604 -0.00029529158620576269 0.00090583054476883263 -0.00056469109063618809 0.00058918178862049457 -6.5174951886807762e-05 0.0005460298829829197 0.00027816115973024246 0.00040997719057612932 0.00037861791185616527 -0.00030969244962398076 -7.1923327603144525e-06 -0.00022079375479370353 0 0.00020386492379475383 0.00016628325945566757 -1.9751409349158741e-05 0
leaf_weight=39 26 21 69 60 737 105 48 20 95 329 37 29 23 21 29 41 23
leaf_count=39 26 21 69 60 737 105 48 20 95 329 37 29 23 21 29 41 23
internal_value=2.73944e-06 0.000223119 -2.45842e-05 0.000251309 -4.80259e-05 0.000111496 -0.000195596 -8.57376e-05 -9.73043e-06 -0.000256785 0.000384024 0.000114716 0.000461745 0.000312046 -2.56215e-05 1.98904e-05 6.03166e-05
internal_weight=1752 203 1549 109 1440 259 117 1181 832 349 142 182 83 83 99 70 44
internal_count=1752 203 1549 109 1440 259 117 1181 832 349 142 182 83 83 99 70 44
is_linear=0
shrinkage=0.03


Tree=64
num_leaves=14
num_cat=0
split_feature=11 25 24 26 22 8 19 17 33 35 34 33 15
split_gain=0.0125476 0.0133379 0.0111534 0.0131639 0.0101087 0.0090131 0.0117478 0.0107658 0.00675792 0.00407896 0.00355135 0.0135491 0.000217568
threshold=1.5855401088594332 0.53665421559280158 -0.92121638665759231 0.24687597267345088 -1.180619176829045 -0.64981223103621832 -0.25382671570944293 1.1541066349060365 1.1709314761598306 0.14039074639875246 -1.3868277951938841 -1.1020422356172639 1.4908150749699349
decision_type=2 2 2 2 2 2 2 2 2 2 2 2 2
left_child=1 4 -3 8 -1 6 -6 -7 -4 -5 -2 -12 -13
right_child=10 2 3 9 5 7 -8 -9 -10 -11 11 12 -14
leaf_value=-0.00050881322930768341 -0.0006275261664763093 0.00073819964186986903 0.00032401659869311982 -0.00027997903407892433 -1.5759578098077325e-05 -8.3363831103426322e-05 0.00036122219546745154 0.00024787326430240154 -6.695419739363529e-07 7.2795044266968031e-05 0.00042726557703850712 -0.00048250135681259312 -5.1593943747043925e-05
leaf_weight=34 27 29 195 71 147 870 123 92 56 29 20 39 20
leaf_count=34 27 29 195 71 147 870 123 92 56 29 20 39 20
internal_value=2.84563e-06 2.51331e-05 0.000181068 0.000120697 -1.96254e-05 -2.4928e-06 0.00014707 -4.79054e-05 0.000240613 -0.000149408 -0.000306884 -0.000141764 -0.000394383
internal_weight=1752 1646 380 351 1266 1232 270 962 251 100 106 79 59
internal_count=1752 1646 380 351 1266 1232 270 962 251 100 106 79 59
is_linear=0
shrinkage=0.03


end of trees

feature_importances:
Column_22=92
Column_35=92
Column_15=84
Column_34=83
Column_25=80
Column_26=79
Column_11=77
Column_29=69
Column_14=58
Column_19=52
Column_32=52
Column_33=51
Column_21=44
Column_30=44
Column_28=38
Column_16=33
Column_10=32
Column_24=32
Column_20=31
Column_31=29
Column_23=26
Column_18=24
Column_17=22
Column_12=13
Column_13=13
Column_9=11
Column_8=4
Column_7=3
Column_4=2
Column_6=2
Column_0=1
Column_3=1
Column_5=1

parameters:
[boosting: gbdt]
[objective: regression]
[metric: l2]
[tree_learner: serial]
[device_type: cpu]
[data_sample_strategy: bagging]
[data: ]
[valid: ]
[num_iterations: 200]
[learning_rate: 0.03]
[num_leaves: 31]
[num_threads: 40]
[seed: 42]
[deterministic: 0]
[force_col_wise: 0]
[force_row_wise: 0]
[histogram_pool_size: -1]
[max_depth: 5]
[min_data_in_leaf: 20]
[min_sum_hessian_in_leaf: 0.001]
[bagging_fraction: 0.8]
[pos_bagging_fraction: 1]
[neg_bagging_fraction: 1]
[bagging_freq: 0]
[bagging_seed: 400]
[bagging_by_query: 0]
[feature_fraction: 0.8]
[feature_fraction_bynode: 1]
[feature_fraction_seed: 30056]
[extra_trees: 0]
[extra_seed: 12879]
[early_stopping_round: 0]
[early_stopping_min_delta: 0]
[first_metric_only: 0]
[max_delta_step: 0]
[lambda_l1: 0.1]
[lambda_l2: 3]
[linear_lambda: 0]
[min_gain_to_split: 0]
[drop_rate: 0.1]
[max_drop: 50]
[skip_drop: 0.5]
[xgboost_dart_mode: 0]
[uniform_drop: 0]
[drop_seed: 17869]
[top_rate: 0.2]
[other_rate: 0.1]
[min_data_per_group: 100]
[max_cat_threshold: 32]
[cat_l2: 10]
[cat_smooth: 10]
[max_cat_to_onehot: 4]
[top_k: 20]
[monotone_constraints: ]
[monotone_constraints_method: basic]
[monotone_penalty: 0]
[feature_contri: ]
[forcedsplits_filename: ]
[refit_decay_rate: 0.9]
[cegb_tradeoff: 1]
[cegb_penalty_split: 0]
[cegb_penalty_feature_lazy: ]
[cegb_penalty_feature_coupled: ]
[path_smooth: 0]
[interaction_constraints: ]
[verbosity: -1]
[saved_feature_importance_type: 0]
[use_quantized_grad: 0]
[num_grad_quant_bins: 4]
[quant_train_renew_leaf: 0]
[stochastic_rounding: 1]
[linear_tree: 0]
[max_bin: 255]
[max_bin_by_feature: ]
[min_data_in_bin: 3]
[bin_construct_sample_cnt: 200000]
[data_random_seed: 175]
[is_enable_sparse: 1]
[enable_bundle: 1]
[use_missing: 1]
[zero_as_missing: 0]
[feature_pre_filter: 1]
[pre_partition: 0]
[two_round: 0]
[header: 0]
[label_column: ]
[weight_column: ]
[group_column: ]
[ignore_column: ]
[categorical_feature: ]
[forcedbins_filename: ]
[precise_float_parser: 0]
[parser_config_file: ]
[objective_seed: 16083]
[num_class: 1]
[is_unbalance: 0]
[scale_pos_weight: 1]
[sigmoid: 1]
[boost_from_average: 1]
[reg_sqrt: 0]
[alpha: 0.9]
[fair_c: 1]
[poisson_max_delta_step: 0.7]
[tweedie_variance_power: 1.5]
[lambdarank_truncation_level: 30]
[lambdarank_norm: 1]
[label_gain: ]
[lambdarank_position_bias_regularization: 0]
[eval_at: ]
[multi_error_top_k: 1]
[auc_mu_weights: ]
[num_machines: 1]
[local_listen_port: 12400]
[time_out: 120]
[machine_list_filename: ]
[machines: ]
[gpu_platform_id: -1]
[gpu_device_id: -1]
[gpu_device_id_list: ]
[gpu_use_dp: 0]
[num_gpu: 1]

end of parameters

pandas_categorical:null
