tree
version=v4
num_class=1
num_tree_per_iteration=1
label_index=0
max_feature_idx=34
objective=regression
feature_names=Column_0 Column_1 Column_2 Column_3 Column_4 Column_5 Column_6 Column_7 Column_8 Column_9 Column_10 Column_11 Column_12 Column_13 Column_14 Column_15 Column_16 Column_17 Column_18 Column_19 Column_20 Column_21 Column_22 Column_23 Column_24 Column_25 Column_26 Column_27 Column_28 Column_29 Column_30 Column_31 Column_32 Column_33 Column_34
feature_infos=[-8.0875812381809187:5.1773465863361414] [-8.6585930186004187:4.9515161459950301] [-8.0871015096780656:5.1772531434710922] [-8.088197771204598:5.1767997528179581] [-8.0898994447128079:5.1786898038290454] [-8.0904526409180342:5.1799033770322875] [-8.1018139105274827:5.1852231668578694] [-1.1303781588361199:14.590032375360995] [-8.421447920097366:6.1907272336012076] [-7.4850426486049058:5.5135890176315092] [-6.3946107720385275:6.4046160256153302] [-4.5271481880559676:6.6369311336465149] [-7.5486879556705535:5.9683948202724295] [-6.7201162267975256:6.5645134554720013] [-1.3365864122742501:6.2450859149870608] [-1.1824635748730303:5.2122370780464697] [-3.1122299740812336:3.1125144127012248] [-7.8878146108095937:3.4629674511373478] none [-1.7353743935829564:3.431207108365617] [-1.2390361462325838:7.6204446453946533] [-1.9222936761290512:2.3181372754771168] [-1.2265098771094758:2.1439360388670377] [-1.0374955408945066:2.84398229011427] [-1.7768403036874605:2.0013602225924525] [-1.9530416053899387:5.060935674554873] none [-0.2489103876467397:11.25017631495237] [-0.10705128315318378:22.814606777995753] [-11.38031942433958:10.077982463070159] [-6.3009339371402708:8.2024462226775352] [-14.847944252221479:22.808727529767339] [-2.9448684217777488:5.8352292097280616] [-2.1854927058452689:5.0024954283623106] [-7.4980384106454343:10.768369876536253]
tree_sizes=1426 1561 1043 1043 1047 1382 1454 1314 1391 1301 1459 1051 1288 1489 1479 1312 1317 1409 1667 1633 1580 1226 1662 1036 1295 1305 1315 1760 1492 1670 1306 1670 1276 1055 1764 1576 1672 1745 1198 1588 1054 939 952 1395 1327 1196 1419 1458 1403 1392 1489 1508 1204 1400 1402 1325 1500 1591 1417 1494 938 1866 1948 1910 1639 1715 2021 2004 1639 1941 1675 1602 1422 1424 1417 1514 1496 1447 1505 1492 1390 1413 1245 1471 1507 1329 1586 1401 1609 1497 1774 1850 1851 1494 1856 1377 1591 1791 1979 1632 1415 1745 1769 1356 1663 1417 1750 1385 1770 1768 1394 1469 1615 1626 1674 1617 1414 2061 1729 1454 1669 1677 1570 1791 1791 1864 1825 1769 2123 1573 2301 2298 1757 1692 1809 1738 1996 1666 1715 1912 2278 2098 2173 2213 2093 2053

Tree=0
num_leaves=15
num_cat=0
split_feature=25 25 23 25 21 32 16 23 23 19 27 27 11 25
split_gain=25.5499 3.8897 3.35561 1.53998 1.27827 1.02601 0.901315 0.451321 0.360114 0.339247 0.313157 0.263141 0.132697 0.00652391
threshold=1.5696175642728076 3.0772479723112567 0.41323573590400225 0.53172810935015524 -1.200397254072773 0.58759034021192902 -1.0585906653512975 0.69875199782711317 2.4812994709146432 -0.67654860680889206 -0.24891038764672549 -0.066444315274833785 0.36788709313717516 0.35782479429406761
decision_type=2 2 2 2 2 2 2 2 2 2 2 2 2 2
left_child=2 -2 4 8 9 6 -6 -5 10 11 -4 -1 -9 -7
right_child=1 -3 3 7 5 13 -8 12 -10 -11 -12 -13 -14 -15
leaf_value=0.029573247846928694 0.037305654642437319 0.050357426541846308 0.027449580672733436 0.028717376641293629 0.028692319829508907 0.022666845855715326 0.02621012700966047 0.032783275843391455 0.02609489305130186 0.032234047037929418 0.029694549409164675 0.026676615243125482 0.029780026823301557 0.025274994152153483
leaf_weight=83 54 41 87 38 159 61 698 140 50 26 143 39 21 22
leaf_count=83 54 41 87 38 159 61 698 140 50 26 143 39 21 22
internal_value=0.0286015 0.0434627 0.0276738 0.0297573 0.0267531 0.0263453 0.0266728 0.0317551 0.0283296 0.0293172 0.0288286 0.0286015 0.0324386 0.0231831
internal_weight=1662 95 1567 479 1088 940 857 199 280 148 230 122 161 83
internal_count=1662 95 1567 479 1088 940 857 199 280 148 230 122 161 83
is_linear=0
shrinkage=1


Tree=1
num_leaves=16
num_cat=0
split_feature=25 25 25 15 33 11 24 33 30 20 16 27 25 11 5
split_gain=24.135 4.03618 2.8661 1.27319 1.1605 0.663573 0.632148 0.396674 0.244125 0.139369 0.0936743 0.0257793 0.023527 0.00627695 0.000850398
threshold=1.4258814428945654 3.0772479723112567 0.73342547887075982 0.39618941459962864 0.85732092642588154 -0.29078538996839559 0.09936507711024363 1.6008806118284824 -0.22381575163605902 0.18655124339695242 0.033661696234575357 -0.21723180100054093 0.35782479429406761 0.37267047353605837 0.38354148330190757
decision_type=2 2 2 2 2 2 2 2 2 2 2 2 2 2 2
left_child=2 10 3 4 5 -1 9 8 -5 13 -2 -8 -6 -4 -9
right_child=1 -3 6 7 12 -7 11 14 -10 -11 -12 -13 -14 -15 -16
leaf_value=-0.00068900871859466507 0.0048150284575379414 0.021147785270755941 -0.0012056499267491746 -0.00087576896233526472 -0.0059375319008169499 -0.0022495537062851086 0.0042582372988108543 -0.0025213838799132238 0.0013746068489463661 0.0020456510174553843 0.0094954633671183921 0.0020725996694527563 -0.0032851103070591177 -0.00019378790471945767 -0.0011957953431540062
leaf_weight=449 20 41 21 52 55 567 93 24 190 20 40 21 25 20 24
leaf_count=449 20 41 21 52 55 567 93 24 190 20 40 21 25 20 24
internal_value=0 0.0139957 -0.000929079 -0.00138824 -0.00185536 -0.00156691 0.00265276 0.000367809 0.000874007 0.000119645 0.00828652 0.00394473 -0.00529349 -0.000827107 -0.00202674
internal_weight=1662 101 1561 1386 1096 1016 175 290 242 61 60 114 80 41 48
internal_count=1662 101 1561 1386 1096 1016 175 290 242 61 60 114 80 41 48
is_linear=0
shrinkage=0.03


Tree=2
num_leaves=10
num_cat=0
split_feature=23 20 23 21 19 11 33 32 31
split_gain=14.4726 5.71395 2.71377 2.80968 1.82406 1.09889 0.916565 0.913566 0.446511
threshold=-1.0336372130306806 2.4619500466334441 0.41323573590400225 -1.200397254072773 -0.27670500984626112 0.19149660472511013 -0.35897824736013467 0.58759034021192902 -0.010775125344504099
decision_type=2 2 2 2 2 2 2 2 2
left_child=-1 2 3 4 -2 6 -4 -5 -7
right_child=1 -3 5 7 -6 8 -8 -9 -10
leaf_value=0.016979854637926273 0.00027666349528683099 0.014068529654294252 0.00084004786672280324 -0.0018323551584228394 0.0075154812045213643 0.00065207597967019469 0.0044051446413972458 -0.0051271757176795671 -0.0021118888745053741
leaf_weight=41 138 21 148 857 38 136 119 83 81
leaf_count=41 138 21 148 857 38 136 119 83 81
internal_value=9.93886e-07 -0.000457179 -0.000675673 -0.00148938 0.00195611 0.00119202 0.00247139 -0.00214185 -0.000380728
internal_weight=1662 1621 1600 1116 176 484 267 940 217
internal_count=1662 1621 1600 1116 176 484 267 940 217
is_linear=0
shrinkage=0.03


Tree=3
num_leaves=10
num_cat=0
split_feature=23 20 23 21 19 11 33 32 31
split_gain=13.6712 5.41573 2.55496 2.65081 1.72459 1.03587 0.863304 0.862846 0.421036
threshold=-1.0336372130306806 2.4619500466334441 0.41323573590400225 -1.200397254072773 -0.25038677705349405 0.19149660472511013 -0.35897824736013467 0.68903487500862315 -0.010775125344504099
decision_type=2 2 2 2 2 2 2 2 2
left_child=-1 2 3 4 -2 6 -4 -5 -7
right_child=1 -3 5 7 -6 8 -8 -9 -10
leaf_value=0.016505190214650193 0.00029321225540828068 0.013699230562895537 0.00081534713754678658 -0.0017849517261944734 0.0073948775466531509 0.00063293590671611056 0.0042762400890303557 -0.0050571674413797327 -0.0020507949378557639
leaf_weight=41 139 21 148 861 37 136 119 79 81
leaf_count=41 139 21 148 861 37 136 119 79 81
internal_value=3.05414e-06 -0.000442206 -0.000654975 -0.00144455 0.00190185 0.00115715 0.00239933 -0.00207835 -0.000369494
internal_weight=1662 1621 1600 1116 176 484 267 940 217
internal_count=1662 1621 1600 1116 176 484 267 940 217
is_linear=0
shrinkage=0.03


Tree=4
num_leaves=10
num_cat=0
split_feature=23 20 23 15 22 32 31 23 16
split_gain=12.9142 5.13309 2.40545 1.09775 1.18079 0.919733 0.62057 0.541928 0.332949
threshold=-1.0336372130306806 2.4619500466334441 0.41323573590400225 0.10290968000281929 -0.39530497041461327 -0.29085913194850166 -0.010775121929999814 0.69875199782711317 0.51545706837138761
decision_type=2 2 2 2 2 2 2 2 2
left_child=-1 2 3 6 -5 8 -2 -7 -4
right_child=1 -3 5 4 -6 7 -8 -9 -10
leaf_value=0.016043795167045155 -0.0025276007444120395 0.013339625729247927 0.00052173480647770281 0.0045673448243026583 -0.00063788669526902079 -0.00070645317779077831 -0.00069813092263272601 0.0029106203178925262 -0.0018963005445812914
leaf_weight=41 563 21 148 43 262 42 248 220 74
leaf_count=41 563 21 148 43 262 42 248 220 74
internal_value=5.00166e-06 -0.000427709 -0.000634903 -0.00140107 0.000123565 0.0011233 -0.00197648 0.00231803 -0.000285481
internal_weight=1662 1621 1600 1116 305 484 811 262 222
internal_count=1662 1621 1600 1116 305 484 811 262 222
is_linear=0
shrinkage=0.03


Tree=5
num_leaves=14
num_cat=0
split_feature=20 21 19 19 19 29 22 22 11 15 27 27 15
split_gain=11.2763 2.46364 2.9498 2.47731 2.24508 1.24167 1.0226 0.772511 0.285672 0.173871 0.115521 0.0967862 0.0197497
threshold=1.7054912580791719 -1.4732399962672718 -0.25038677705349405 1.5281559320521405 0.091757967743345339 -0.17774494240224406 0.074975962958116454 -0.70164518020741207 -0.25577264691024987 1.9460939594981224 -0.24814303574568358 -0.21723180100054093 2.0944963893074142
decision_type=2 2 2 2 2 2 2 2 2 2 2 2 2
left_child=1 2 8 5 -2 7 -7 -3 -1 -6 -5 -12 -10
right_child=4 3 -4 10 9 6 -8 -9 12 -11 11 -13 -14
leaf_value=0.0020272562006989924 0.0032748259972035882 -0.0018389758956388592 0.0093417372889816747 0.0017447044847638538 0.010317942681647837 1.1564790680859002e-05 -0.0039525239547607439 -0.00012845908765463316 -0.000447910416767829 0.018962920360565187 0.0046640954520553351 0.0016309887887910007 -0.001909043012600159
leaf_weight=36 22 369 45 50 22 77 223 671 24 22 53 21 27
leaf_count=36 22 369 45 50 22 77 223 671 24 22 53 21 27
internal_value=6.46875e-06 -0.000504141 0.00337112 -0.000861775 0.0118825 -0.00124053 -0.00293513 -0.000741784 4.10902e-05 0.0156388 0.00314018 0.00393939 -0.00134009
internal_weight=1662 1596 132 1464 66 1340 300 1040 87 44 124 74 51
internal_count=1662 1596 132 1464 66 1340 300 1040 87 44 124 74 51
is_linear=0
shrinkage=0.03


Tree=6
num_leaves=15
num_cat=0
split_feature=25 25 25 32 14 11 25 21 22 33 27 11 16 11
split_gain=18.7233 3.01332 2.43675 1.01054 0.889453 0.489555 0.313764 0.459885 0.27461 0.0897859 0.0307162 0.0116146 0.00795199 0.0111579
threshold=1.7092549289592307 0.73342547887075982 3.0772479723112567 0.52878035351281927 0.46896664669324217 -0.29078538996839559 1.0160380367591475 -0.14313162806909061 0.16758163415166363 -0.27092491616097641 -0.23868686910049786 0.71109081920348494 1.1167272458486177 -0.12737613333733799
decision_type=2 2 2 2 2 2 2 2 2 2 2 2 2 2
left_child=1 3 -2 4 5 -1 7 11 -5 -6 -9 -3 13 -8
right_child=2 6 -4 8 9 -7 12 10 -10 -11 -12 -13 -14 -15
leaf_value=-0.00052921310692178366 0.0075914586146672569 -0.0011069243748206643 0.018833399851213798 -0.0017387760828102103 0.00033364586452044908 -0.001851688806119738 0.0038829103237949308 0.0039112699563173875 -0.0047265023332217649 0.001689146272696649 0.0016719411028269676 0 0.0054418432172387834 0.002011081015824207
leaf_weight=451 42 25 41 54 120 601 45 35 84 76 22 20 21 25
leaf_count=451 42 25 41 54 120 601 45 35 84 76 22 20 21 25
internal_value=8.79894e-06 -0.00073049 0.0136429 -0.00122211 -0.000944206 -0.00129069 0.0027494 0.00149132 -0.00364054 0.000891864 0.00322378 -0.000704964 0.00403504 0.00336562
internal_weight=1662 1579 83 1386 1248 1052 193 102 138 196 57 45 91 70
internal_count=1662 1579 83 1386 1248 1052 193 102 138 196 57 45 91 70
is_linear=0
shrinkage=0.03


Tree=7
num_leaves=13
num_cat=0
split_feature=25 25 23 22 28 23 24 22 11 25 27 14
split_gain=17.7166 4.25885 1.17664 1.28989 0.792705 0.736272 0.752191 0.434738 0.360683 0.110813 0.0309532 0.0283176
threshold=1.9993367995882896 0.73342547887075982 0.41323573590400225 1.0348058711675738 -0.10705121694823642 -0.61693780373749207 0.09936507711024363 2.0529540790328169 0.18197410215901358 -0.30105967609019568 -0.21564769004731774 0.095507511301898648
decision_type=2 2 2 2 2 2 2 2 2 2 2 2
left_child=1 2 3 4 -1 -3 11 8 -4 -5 -8 -7
right_child=-2 5 7 9 -6 6 10 -9 -10 -11 -12 -13
leaf_value=-0.0030105729643243942 0.016600592963397501 0.0070336846254765986 0.001665065860536188 -0.0066081825696133276 -0.00086697302998135566 -0.00068720460699873704 0.0040055582036949552 -0.0024050732600562111 -0.00033183054106292436 -0.0037377649859889695 0.0018197300187742297 0.00056812092856220573
leaf_weight=199 53 37 161 34 726 43 103 44 156 66 20 20
leaf_count=199 53 37 161 34 726 43 103 44 156 66 20 20
internal_value=1.05601e-05 -0.000563927 -0.00118596 -0.00170386 -0.00133961 0.0032533 0.00238571 0.000278218 0.000679093 -0.00490688 0.00372574 -0.000235525
internal_weight=1662 1609 1386 1025 925 223 186 361 317 100 123 63
internal_count=1662 1609 1386 1025 925 223 186 361 317 100 123 63
is_linear=0
shrinkage=0.03


Tree=8
num_leaves=14
num_cat=0
split_feature=25 25 25 23 22 28 22 11 25 23 25 10 10
split_gain=16.7258 2.68176 2.21548 1.10819 1.22004 0.746493 0.410377 0.339882 0.282068 0.465426 0.104646 0.00766303 0.00491161
threshold=1.7092549289592307 0.73342547887075982 3.0772479723112567 0.41323573590400225 1.0348058711675738 -0.10705121694823642 2.0529540790328169 0.18197410215901358 1.0160380367591475 0.69875199782711317 -0.30105967609019568 0.20871989935122823 0.45599114586575856
decision_type=2 2 2 2 2 2 2 2 2 2 2 2 2
left_child=1 3 -2 4 5 -1 7 -5 9 11 -6 -3 -10
right_child=2 8 -4 6 10 -7 -8 -9 12 -11 -12 -13 -14
leaf_value=-0.0029215970970275303 0.0071350463228921097 -0.0010633477042558499 0.017842858294194394 0.0016160276314668165 -0.0064260111257836627 -0.00084107085807422492 -0.0023375265650609702 -0.00032206346927307334 0.0031692311150642734 0.0032464466126831738 -0.0036305073379822397 -0.00012228342184486486 0.005094810946583748
leaf_weight=199 42 24 41 161 34 726 44 156 69 54 66 24 22
leaf_count=199 42 24 41 161 34 726 44 156 69 54 66 24 22
internal_value=1.08944e-05 -0.000687752 0.0128972 -0.00115163 -0.00165425 -0.0012999 0.000269112 0.000658814 0.00259485 0.00140034 -0.00476959 -0.000686511 0.00381441
internal_weight=1662 1579 83 1386 1025 925 361 317 193 102 100 48 91
internal_count=1662 1579 83 1386 1025 925 361 317 193 102 100 48 91
is_linear=0
shrinkage=0.03


Tree=9
num_leaves=13
num_cat=0
split_feature=25 25 23 22 15 23 23 22 25 19 25 16
split_gain=15.826 3.7907 1.04372 1.15398 0.707244 0.6657 0.577125 0.387381 0.231758 0.147709 0.0988002 0.0312945
threshold=1.9993367995882896 0.73342547887075982 0.41323573590400225 1.0348058711675738 0.18541724438514345 -0.61693780373749207 0.69875199782711317 2.0529540790328169 0.4477635705644995 1.6060997024812254 -0.30105967609019568 -0.24369473694548069
decision_type=2 2 2 2 2 2 2 2 2 2 2 2
left_child=1 2 3 4 -1 -3 9 8 -4 -7 -5 -8
right_child=-2 5 7 10 -6 6 11 -9 -10 -11 -12 -13
leaf_value=-0.0017167222434768307 0.015691480912800346 0.0066649851959198715 -4.7206297956683952e-05 -0.0062488616833815706 0.00023156028334816929 -0.00048514295268743744 0.0044010913675201352 -0.0022718768326684515 0.0015670684693993638 0.0022720080376602706 -0.0035263275701714596 0.0026194978067392688
leaf_weight=710 53 37 182 34 215 59 55 44 135 21 66 51
leaf_count=710 53 37 182 34 215 59 55 44 135 21 66 51
internal_value=1.15103e-05 -0.000531364 -0.0011183 -0.0016061 -0.00126136 0.00306976 0.00224426 0.000260286 0.000639132 0.000258426 -0.00463616 0.00366712
internal_weight=1662 1609 1386 1025 925 223 186 361 317 80 100 106
internal_count=1662 1609 1386 1025 925 223 186 361 317 80 100 106
is_linear=0
shrinkage=0.03


Tree=10
num_leaves=15
num_cat=0
split_feature=25 25 25 32 15 11 25 21 30 22 28 24 11 20
split_gain=14.9449 2.38508 2.01401 0.891313 0.947005 0.497062 0.257706 0.369823 0.22034 0.219755 0.0265471 0.0111662 0.00979515 0.00297841
threshold=1.7092549289592307 0.73342547887075982 3.0772479723112567 0.52878035351281927 0.33153278131755409 -0.29078538996839559 1.0160380367591475 -0.14313162806909061 -0.22381575163605902 0.16758163415166363 -0.10605359558193737 -0.1069530403657926 0.71109081920348494 -0.29707645776874364
decision_type=2 2 2 2 2 2 2 2 2 2 2 2 2 2
left_child=1 3 -2 4 5 -1 7 12 -6 -5 -9 -11 -3 -8
right_child=2 6 -4 9 8 -7 13 10 -10 11 -12 -13 -14 -15
leaf_value=-0.00048472363445726895 0.0067063043102622028 -0.0010278112975081188 0.016905422077937556 -0.0016361154925176185 -0.00081834497085257762 -0.001844287416197324 0.0023608911508186297 0.0034910475817558012 0.0012817069805770103 -0.004932727581688336 0.0014393128398293628 -0.0028754584285266261 0 0.0040420842604071364
leaf_weight=449 42 25 41 54 54 549 30 35 196 53 22 31 20 61
leaf_count=449 42 25 41 54 54 549 30 35 196 53 22 31 20 61
internal_value=1.22002e-05 -0.000648109 0.0121933 -0.00108566 -0.000824722 -0.0012389 0.00244733 0.00130546 0.000811913 -0.00335643 0.00286071 -0.00433331 -0.000657702 0.0036128
internal_weight=1662 1579 83 1386 1248 998 193 102 250 138 57 84 45 91
internal_count=1662 1579 83 1386 1248 998 193 102 250 138 57 84 45 91
is_linear=0
shrinkage=0.03


Tree=11
num_leaves=10
num_cat=0
split_feature=23 20 23 15 22 11 33 31 31
split_gain=8.75689 3.52424 1.74635 0.821747 0.837086 0.768877 0.607999 0.532783 0.306488
threshold=-1.0336372130306806 2.4619500466334441 0.41323573590400225 0.10290968000281929 -0.39530497041461327 0.19149660472511013 -0.35897824736013467 -0.010775121929999814 -0.010775125344504099
decision_type=2 2 2 2 2 2 2 2 2
left_child=-1 2 3 7 -5 6 -4 -2 -7
right_child=1 -3 5 4 -6 8 -8 -9 -10
leaf_value=0.013220464620400557 -0.0021760972371539212 0.011063589025987312 0.0007185027645029658 0.0038913620260908558 -0.00049030122029735648 0.0005219057012187516 0.0036295906683472064 -0.0004842087784836549 -0.0017663806956178243
leaf_weight=41 563 21 148 43 262 136 119 248 81
leaf_count=41 563 21 148 43 262 136 119 248 81
internal_value=1.29519e-05 -0.000343064 -0.000515073 -0.00116813 0.000149587 0.000982491 0.00205298 -0.0016661 -0.00033105
internal_weight=1662 1621 1600 1116 305 484 267 811 217
internal_count=1662 1621 1600 1116 305 484 267 811 217
is_linear=0
shrinkage=0.03


Tree=12
num_leaves=13
num_cat=0
split_feature=25 25 23 15 23 21 33 23 11 11 27 25
split_gain=13.5065 3.24942 0.917256 0.613338 0.58485 0.585987 0.546355 0.350424 0.294941 0.27565 0.0334865 0.0108863
threshold=1.9993367995882896 0.73342547887075982 0.41323573590400225 0.39618941459962864 -0.61693780373749207 -0.29660567055349613 0.85732092642588154 2.5816159953741145 0.18197410215901358 0.49095417002430769 -0.21564769004731774 0.92361902658451678
decision_type=2 2 2 2 2 2 2 2 2 2 2 2
left_child=1 2 3 6 -3 11 -1 8 -4 -5 -7 -6
right_child=-2 4 7 9 5 10 -8 -9 -10 -11 -12 -13
leaf_value=-0.0015608308155361213 0.014499669747693197 0.0062171174000948664 0.001513418449938621 0.0010803125172258459 -0.0007619874956241499 0.0034183271905972755 -0.0041767924270895594 -0.0021464487150945561 -0.0002910659203969188 -0.0012576264816038579 0.0014330017483443953 0
leaf_weight=765 53 37 161 105 33 109 80 44 156 75 21 23
leaf_count=765 53 37 161 105 33 109 80 44 156 75 21 23
internal_value=1.41378e-05 -0.000487247 -0.0010308 -0.00148814 0.00284661 0.00207221 -0.00182593 0.000261094 0.000621629 8.51305e-05 0.00315973 -0.00043384
internal_weight=1662 1609 1386 1025 223 186 845 361 317 180 130 56
internal_count=1662 1609 1386 1025 223 186 845 361 317 180 130 56
is_linear=0
shrinkage=0.03


Tree=13
num_leaves=15
num_cat=0
split_feature=25 25 25 29 15 11 24 22 11 17 16 22 20 11
split_gain=12.762 2.38767 1.56946 0.760397 0.750356 0.446429 0.367611 0.273269 0.170537 0.0687307 0.0617401 0.0373883 0.0144696 0.00664758
threshold=1.4258814428945654 3.0772479723112567 0.73342547887075982 0.031958303476157558 0.33153278131755409 -0.29078538996839559 0.09936507711024363 0.16758163415166363 0.37267047353605837 0.31362565959034322 0.033661696234575357 -0.27707172159970567 0.83881607477664166 0.28926422729244144
decision_type=2 2 2 2 2 2 2 2 2 2 2 2 2 2
left_child=2 10 3 4 5 -1 9 11 -6 13 -2 -5 -8 -4
right_child=1 -3 6 7 8 -7 12 -9 -10 -11 -12 -13 -14 -15
leaf_value=-0.00039011305565334758 0.0032233432464696381 0.015675581411881877 -0.00095554822078884182 -0.00033563619162887336 0.0014831913740192756 -0.0016917469233885883 0.0032345055662729638 -0.004057709005139359 -5.7594776976853608e-05 0.0014151336106866517 0.0067479805190895879 -0.001933955883341176 0.0015731546478166887 -2.4067989884592259e-05
leaf_weight=439 20 41 21 27 126 538 91 88 122 20 40 46 23 20
leaf_count=439 20 41 21 27 126 538 91 88 122 20 40 46 23 20
internal_value=1.46639e-05 0.0101926 -0.000660237 -0.00100044 -0.000738219 -0.00111292 0.0019888 -0.00292734 0.000721643 4.78336e-05 0.00583016 -0.00141885 0.00297389 -0.000601971
internal_weight=1662 101 1561 1386 1225 977 175 161 248 61 60 73 114 41
internal_count=1662 101 1561 1386 1225 977 175 161 248 61 60 73 114 41
is_linear=0
shrinkage=0.03


Tree=14
num_leaves=15
num_cat=0
split_feature=20 21 19 19 19 33 16 11 27 30 24 24 9 16
split_gain=6.91974 1.68519 1.92006 1.65422 1.51926 0.908609 0.462641 0.237929 0.0660544 0.0683613 0.0104808 0.00970278 0.00896157 0.00456697
threshold=1.7639121079773548 -1.4732399962672718 -0.25038677705349405 1.6060997024812254 0.24258465458456008 0.47743799540313386 -1.2835454582436625 -0.25577264691024987 -0.24808233671854843 -0.2130802105164655 -1.4996003333290369 -0.1069530403657926 0.66434603591856389 1.2503782636299778
decision_type=2 2 2 2 2 2 2 2 2 2 2 2 2 2
left_child=1 2 7 5 -2 6 -3 -1 12 -10 -9 -7 -5 -4
right_child=4 3 13 8 -6 11 -8 10 9 -11 -12 -13 -14 -15
leaf_value=0.0018876803018725837 0.0027877750244177878 0.0010443960140465159 0.0086829959243535995 0.0020464026711082884 0.013239470179397157 -0.0042032087933558679 -0.00092234101017334635 -0.0016059626329600089 0.0044130064303937707 0.0019512261779525792 -0.00043294474544624487 -0.0025216079308418553 0.00070907643467187878 0.004790482085198164
leaf_weight=36 22 115 27 25 38 62 1136 28 35 34 24 37 22 21
leaf_count=36 22 115 27 25 38 62 1136 28 35 34 24 37 22 21
internal_value=1.54081e-05 -0.000365644 0.00278854 -0.000665395 0.00977004 -0.000964065 -0.000737087 6.75295e-05 0.00272198 0.00337347 -0.00117226 -0.00369679 0.00156052 0.00742081
internal_weight=1662 1602 136 1466 60 1350 1251 88 116 69 52 99 47 48
internal_count=1662 1602 136 1466 60 1350 1251 88 116 69 52 99 47 48
is_linear=0
shrinkage=0.03


Tree=15
num_leaves=13
num_cat=0
split_feature=25 25 23 22 28 23 24 22 11 25 20 14
split_gain=11.5174 2.78229 0.839132 0.97897 0.665025 0.486006 0.536827 0.32482 0.275019 0.117941 0.0297404 0.0139665
threshold=1.9993367995882896 0.73342547887075982 0.41323573590400225 1.0348058711675738 -0.10705121694823642 -0.61693780373749207 0.09936507711024363 2.0529540790328169 0.18197410215901358 -0.30105967609019568 0.83881607477664166 0.095507511301898648
decision_type=2 2 2 2 2 2 2 2 2 2 2 2
left_child=1 2 3 4 -1 -3 11 8 -4 -5 -8 -7
right_child=-2 5 7 9 -6 6 10 -9 -10 -11 -12 -13
leaf_value=-0.0025981893297999468 0.013393436943846088 0.0057170302804559472 0.0014940182948270288 -0.0058157352974285955 -0.00063707148259418912 -0.00059064994213480057 0.0033526841656797948 -0.0020308691589756215 -0.0002477493727939941 -0.003072405905989201 0.0015146344018996589 0.00025920454310961877
leaf_weight=199 53 37 161 34 726 43 99 44 156 66 24 20
leaf_count=199 53 37 161 34 726 43 99 44 156 66 24 20
internal_value=1.68846e-05 -0.00044598 -0.000949072 -0.00138661 -0.00106924 0.00263868 0.00192942 0.000286198 0.000633209 -0.00417649 0.00306245 -0.000275882
internal_weight=1662 1609 1386 1025 925 223 186 361 317 100 123 63
internal_count=1662 1609 1386 1025 925 223 186 361 317 100 123 63
is_linear=0
shrinkage=0.03


Tree=16
num_leaves=13
num_cat=0
split_feature=25 25 23 22 11 23 24 22 11 25 20 14
split_gain=10.8948 2.84007 0.79034 0.925941 0.628785 0.549485 0.506479 0.306609 0.261327 0.111352 0.0271219 0.0132577
threshold=2.0940087730212285 0.73342547887075982 0.41323573590400225 1.0348058711675738 -0.68535190830302406 -0.61693780373749207 0.09936507711024363 2.0529540790328169 -0.033210224224503926 -0.30105967609019568 0.83881607477664166 0.095507511301898648
decision_type=2 2 2 2 2 2 2 2 2 2 2 2
left_child=1 2 3 4 -1 -3 11 8 -4 -5 -8 -7
right_child=-2 5 7 9 -6 6 10 -9 -10 -11 -12 -13
leaf_value=0.00048307078118021946 0.013810868182182311 0.0056636696950249053 0.0017071857233665363 -0.0056554094432173544 -0.0014351021551938616 -0.00057408605653883732 0.0032550619000514202 -0.0019738319878406982 -4.3315691631044084e-05 -0.0029842412105720974 0.0014742441626472604 0.00025244268567969452
leaf_weight=190 47 43 119 34 735 43 99 44 198 66 24 20
leaf_count=190 47 43 119 34 735 43 99 44 198 66 24 20
internal_value=1.68504e-05 -0.000407594 -0.000921696 -0.00134634 -0.00103758 0.00266271 0.00187418 0.000276923 0.000614282 -0.00405983 0.00297477 -0.000266694
internal_weight=1662 1615 1386 1025 925 229 186 361 317 100 123 63
internal_count=1662 1615 1386 1025 925 229 186 361 317 100 123 63
is_linear=0
shrinkage=0.03


Tree=17
num_leaves=14
num_cat=0
split_feature=25 25 23 22 27 23 21 25 30 25 33 20 22
split_gain=10.2878 2.68069 0.744145 0.876042 0.624834 0.518966 0.466483 0.290162 0.272478 0.105113 0.0892824 0.0356815 0.0153416
threshold=2.0940087730212285 0.73342547887075982 0.41323573590400225 1.0348058711675738 -0.24891036309727785 -0.61693780373749207 -0.27955299916633997 0.4477635705644995 -0.22381575163605902 -0.30105967609019568 -0.35897824736013467 0.86652083221267684 -0.31993770148590678
decision_type=2 2 2 2 2 2 2 2 2 2 2 2 2
left_child=1 2 3 4 -1 -3 12 8 -4 -5 -9 -8 -7
right_child=-2 5 7 9 -6 6 11 10 -10 -11 -12 -13 -14
leaf_value=-0.0024929625912336632 0.013421401732563972 0.0055048407883099889 -0.00093676750149255291 -0.0054995035432480474 -0.00058889965283116211 7.3961568099912252e-05 0.0030893108420540455 0.00058858766245517742 0.0015569855416752397 -0.0028986064654815459 0.0022203464181971689 0.001238130844448908 -0.00079342871766215572
leaf_weight=198 47 43 177 34 727 27 105 78 47 66 59 23 31
leaf_count=198 47 43 177 34 727 27 105 78 47 66 59 23 31
internal_value=1.71006e-05 -0.000395301 -0.000894816 -0.00130688 -0.00100645 0.00258751 0.00182053 0.000268045 -0.000386647 -0.00394646 0.00134526 0.00281555 -0.000356684
internal_weight=1662 1615 1386 1025 925 229 186 361 224 100 137 128 58
internal_count=1662 1615 1386 1025 925 229 186 361 224 100 137 128 58
is_linear=0
shrinkage=0.03


Tree=18
num_leaves=17
num_cat=0
split_feature=25 25 23 25 21 22 34 11 23 22 28 34 15 11 23 19
split_gain=9.73376 1.87482 1.40343 0.670294 0.579805 0.50289 0.59783 0.283933 0.196055 0.189023 0.201256 0.171042 0.0862695 0.065772 0.0349609 0.0288104
threshold=1.4258814428945654 3.0772479723112567 0.41323573590400225 0.53172810935015524 -1.200397254072773 -0.8036954391410388 -0.13124133889098327 -0.40552723805688817 0.69875199782711317 2.015202789928491 -0.10705128315315092 -0.13221150722223643 0.95362005133246153 0.34956392067040348 -0.61693780373749207 -0.77068892021753133
decision_type=2 2 2 2 2 2 2 2 2 2 2 2 2 2 2 2
left_child=2 14 4 9 11 7 -7 -6 -5 10 -4 15 -13 -10 -2 -1
right_child=1 -3 3 8 5 6 -8 -9 13 -11 -12 12 -14 -15 -16 -17
leaf_value=0.00091681769326970206 0.0058058601229689843 0.013763580907474864 -0.00092319853220727626 7.6345122379546115e-05 0.00078480848293962342 -0.0015259175692099447 -0.0041388297380157276 -0.0010760806379416785 0.0028215874018006882 -0.0017803817347025956 0.00088296008182213567 0.00080204892415424865 -0.0012417400613630887 0.00075504788190412981 0.0028265172553339807 0.0024128320597369096
leaf_weight=49 40 41 85 38 103 507 95 233 136 50 145 26 45 23 20 26
leaf_count=49 40 41 85 38 103 507 95 233 136 50 145 26 45 23 20 26
internal_value=1.74245e-05 0.00890634 -0.00057177 0.000777163 -0.00116862 -0.00144271 -0.00196169 -0.000494883 0.00210481 -0.000158741 0.000199299 0.000565789 -0.000450596 0.00256069 0.00504225 0.00154675
internal_weight=1662 101 1561 477 1084 938 602 336 197 280 230 146 71 159 60 75
internal_count=1662 101 1561 477 1084 938 602 336 197 280 230 146 71 159 60 75
is_linear=0
shrinkage=0.03


Tree=19
num_leaves=17
num_cat=0
split_feature=25 25 23 25 21 16 34 32 23 22 21 25 19 11 21 16
split_gain=9.20041 1.76804 1.32158 0.632618 0.547446 0.478179 0.439605 0.212505 0.184435 0.178371 0.189362 0.162561 0.0680067 0.0612659 0.047381 0.0315585
threshold=1.4258814428945654 3.0772479723112567 0.41323573590400225 0.53172810935015524 -1.200397254072773 -1.0585906653512975 -0.12702358219332557 0.58759034021192902 0.69875199782711317 2.015202789928491 0.73223883647159294 -0.93353882449412018 -0.74032077755320203 0.34956392067040348 -1.6892405005045832 0.033661696234575357
decision_type=2 2 2 2 2 2 2 2 2 2 2 2 2 2 2 2
left_child=2 15 4 9 11 7 -7 -6 -5 10 -4 14 -13 -10 -1 -2
right_child=1 -3 3 8 5 6 -8 -9 13 -11 -12 12 -14 -15 -16 -17
leaf_value=-0.0018532852433854714 0.0027527820672941109 0.013378826111555098 -0.00091558914651097942 7.4222359914196328e-05 0.00039236645878390844 -0.0014384243385914032 -0.0036709348156669878 -0.0026915504462693045 0.0027387667224288534 -0.0017299936273890845 0.00084460378249485079 0.00054262433853727993 0.0022465534622928031 0.00073501007409336472 0 0.0056438362296930581
leaf_weight=21 20 41 83 38 157 669 92 20 136 50 147 69 35 23 21 40
leaf_count=21 20 41 83 38 157 669 92 20 136 50 147 69 35 23 21 40
internal_value=1.82619e-05 0.00866026 -0.000554515 0.00075438 -0.00113373 -0.00140009 -0.0017256 0 0.00204421 -0.000154557 0.000192918 0.000551165 0.00119101 0.00248641 -0.00094032 0.00490475
internal_weight=1662 101 1561 477 1084 938 761 177 197 280 230 146 104 159 42 60
internal_count=1662 101 1561 477 1084 938 761 177 197 280 230 146 104 159 42 60
is_linear=0
shrinkage=0.03


Tree=20
num_leaves=16
num_cat=0
split_feature=25 25 25 32 14 11 24 21 27 20 24 16 20 11 11
split_gain=8.6968 1.66727 1.09072 0.612511 0.547959 0.31762 0.257547 0.102144 0.0651867 0.0454249 0.0369045 0.0283989 0.0114918 0.012529 0.00161567
threshold=1.4258814428945654 3.0772479723112567 0.73342547887075982 0.52878035351281927 0.46896664669324217 -0.29078538996839559 0.09936507711024363 -0.87071227392108719 -0.24866860586411429 0.18655124339695242 -0.1069530403657926 0.033661696234575357 0.72317918543542259 0.035363021537541194 0.37267047353605837
decision_type=2 2 2 2 2 2 2 2 2 2 2 2 2 2 2
left_child=2 11 3 4 5 -1 9 -5 -6 14 -9 -2 13 -8 -4
right_child=1 -3 6 7 8 -7 12 10 -10 -11 -12 -13 -14 -15 -16
leaf_value=-0.00026522121930617733 0.0026809703695547318 0.013004827248101883 -0.00069505131785990671 -0.0012442522279958684 0.00012428602274417518 -0.0013291984465262465 0.0031218785508535804 -0.0039316391625024124 0.0012826403106577836 0.0011557830485677265 -0.0020934278431976603 0.0054863337455100794 0.0013918355754125983 0.0015307770347821391 -6.7391631810966384e-05
leaf_weight=451 20 41 21 43 80 601 61 55 116 20 40 40 28 25 20
leaf_count=451 20 41 21 43 80 601 61 55 116 20 40 40 28 25 20
internal_value=1.88368e-05 0.00842103 -0.000537995 -0.000821875 -0.000605353 -0.000877959 0.00166944 -0.00270417 0.000833919 3.67464e-05 -0.00327605 0.00477103 0.00249409 0.00276025 -0.000482528
internal_weight=1662 101 1561 1386 1248 1052 175 138 196 61 95 60 114 86 41
internal_count=1662 101 1561 1386 1248 1052 175 138 196 61 95 60 114 86 41
is_linear=0
shrinkage=0.03


Tree=21
num_leaves=12
num_cat=0
split_feature=25 25 23 15 29 11 34 32 32 11 24
split_gain=8.22477 2.17405 0.971131 0.464059 0.406816 0.389549 0.300506 0.254623 0.253902 0.157072 0.0925454
threshold=2.0940087730212285 1.0160380367591475 0.41323573590400225 0.22752177545504917 -0.18131166282702485 0.18197410215901358 -0.13247756344737141 -0.29085913194850166 0.52878035351281927 0.82565791052552062 0.17673437116375723
decision_type=2 2 2 2 2 2 2 2 2 2 2
left_child=1 2 3 4 -1 7 -7 -4 -5 10 -3
right_child=-2 9 5 8 -6 6 -8 -9 -10 -11 -12
leaf_value=-0.00039369592281582295 0.012004737367630003 0.00036034271725372455 0.00045365518259289395 0.00066546288569049677 -0.0018999904281157645 -0.0010792601770803162 0.0015401579113766693 0.0025123769349872601 -0.0015575771551521028 0.0049325928798188336 0.0029366122671027682
leaf_weight=230 47 20 131 163 602 155 49 97 61 43 64
leaf_count=230 47 20 131 163 602 155 49 97 61 43 64
internal_value=1.94151e-05 -0.000349141 -0.000674615 -0.00116472 -0.00149009 0.000516305 -0.000422391 0.00136376 3.42815e-05 0.00336877 0.00239127
internal_weight=1662 1615 1488 1056 832 432 204 228 224 127 84
internal_count=1662 1615 1488 1056 832 432 204 228 224 127 84
is_linear=0
shrinkage=0.03


Tree=22
num_leaves=17
num_cat=0
split_feature=25 25 23 25 21 22 34 11 22 21 23 34 14 11 19 16
split_gain=7.77753 1.49313 1.14613 0.544169 0.475912 0.45023 0.50766 0.245203 0.163369 0.160645 0.155169 0.146187 0.0539439 0.0499271 0.025406 0.0223912
threshold=1.4258814428945654 3.0772479723112567 0.41323573590400225 0.53172810935015524 -1.200397254072773 -0.8036954391410388 -0.13124133889098327 -0.40552723805688817 2.0529540790328169 0.73223883647159294 0.69875199782711317 -0.13221150722223643 1.2392608758703136 0.34956392067040348 -0.77068892021753133 0.033661696234575357
decision_type=2 2 2 2 2 2 2 2 2 2 2 2 2 2 2 2
left_child=2 15 4 8 11 7 -7 -6 9 -4 -5 14 -13 -12 -1 -2
right_child=1 -3 3 10 5 6 -8 -9 -10 -11 13 12 -14 -15 -16 -17
leaf_value=0.00083716075064596497 0.0025410118839480794 0.012305696341801772 -0.0008492855746407321 9.1698799285151793e-05 0.00078994948058257327 -0.0013830823739360578 -0.0037920756650214296 -0.00093941994034753013 -0.0017519079233579177 0.00076005220904726929 0.0025444114989828879 0.00043824589477085016 -0.0011274055830787779 0.00070270806013230378 0.00224588724713901 0.0051758368323708689
leaf_weight=49 20 41 83 38 103 507 95 233 44 153 136 31 40 23 26 40
leaf_count=49 20 41 83 38 103 507 95 233 44 153 136 31 40 23 26 40
internal_value=2.01016e-05 0.00796591 -0.000506385 0.000712277 -0.00104589 -0.00129433 -0.00178512 -0.000398137 -0.000130071 0.000177948 0.00190852 0.00052406 -0.000413217 0.00231447 0.00143158 0.004508
internal_weight=1662 101 1561 477 1084 938 602 336 280 236 197 146 71 159 75 60
internal_count=1662 101 1561 477 1084 938 602 336 280 236 197 146 71 159 75 60
is_linear=0
shrinkage=0.03


Tree=23
num_leaves=10
num_cat=0
split_feature=23 20 19 21 23 19 15 16 29
split_gain=4.34517 1.8973 0.991446 0.766814 0.86296 0.568282 0.0992193 0.0183834 0.0124218
threshold=-1.0336372130306806 2.4619500466334441 1.6172354147258288 -1.200397254072773 0.41323573590400225 -0.67654860680889206 1.2073135854177039 0.36707812299261194 -0.17136926617061124
decision_type=2 2 2 2 2 2 2 2 2
left_child=7 2 3 5 -5 -2 8 -1 -4
right_child=1 -3 6 4 -6 -7 -8 -9 -10
leaf_value=0.011191665075719356 7.7148204295669534e-05 0.0081385702728293836 0.0031599449077912142 -0.0013164362145454357 0.00035457401442950373 0.003717649624638805 0.00031756898265564816 0.0060298428541940199 0.0016186996623873708
leaf_weight=21 121 21 61 920 393 55 22 20 28
leaf_count=21 121 21 61 920 393 55 22 20 28
internal_value=2.07196e-05 -0.000229549 -0.000356278 -0.000563317 -0.000814331 0.0012748 0.00233645 0.00932469 0.00277626
internal_weight=1662 1621 1600 1489 1313 176 111 41 89
internal_count=1662 1621 1600 1489 1313 176 111 41 89
is_linear=0
shrinkage=0.03


Tree=24
num_leaves=13
num_cat=0
split_feature=25 25 32 15 23 21 23 30 22 20 22 22
split_gain=7.02185 1.87358 0.53698 0.526162 0.340615 0.344351 0.319492 0.133678 0.116098 0.0295091 0.0123779 0.00637789
threshold=2.0940087730212285 0.73342547887075982 0.52878035351281927 0.22752177545504917 -0.61693780373749207 -0.27955299916633997 0.41323573590400225 -0.22349501935152147 0.16758163415166363 0.83881607477664166 1.3816306175195636 -0.31993770148590678
decision_type=2 2 2 2 2 2 2 2 2 2 2 2
left_child=1 2 3 6 -3 11 -1 -5 -4 -7 -10 -6
right_child=-2 4 8 7 5 9 -8 -9 10 -11 -12 -13
leaf_value=-0.0011773920058940012 0.011096605906784534 0.0045488559950305069 -0.0012184367335193152 -1.3753854224321566e-05 0 0.0026628161345670035 5.7220359376921089e-05 0.0012834979653015162 -0.0037252826055342502 0.00105149294164065 -0.0020547345844895712 -0.00059102660158532672
leaf_weight=726 47 43 54 140 27 103 248 134 52 25 32 31
leaf_count=726 47 43 54 140 27 103 248 134 52 25 32 31
internal_value=2.22758e-05 -0.000318134 -0.000736027 -0.000533241 0.002175 0.00154684 -0.000860754 0.000616868 -0.00249828 0.00240229 -0.00321616 -0.000317173
internal_weight=1662 1615 1386 1248 229 186 974 274 138 128 84 58
internal_count=1662 1615 1386 1248 229 186 974 274 138 128 84 58
is_linear=0
shrinkage=0.03


Tree=25
num_leaves=13
num_cat=0
split_feature=25 25 23 10 11 34 34 25 28 11 24 21
split_gain=6.63065 1.76939 0.766301 0.375503 0.346156 0.307411 0.29893 0.219888 0.186922 0.118248 0.0852338 0.00144154
threshold=2.0940087730212285 1.0160380367591475 0.41323573590400225 -0.8217992270245974 -0.010040653921465402 -0.12970688026970847 -0.13247756344737141 0.20264242503190946 -0.1070512831531837 0.82565791052552062 0.17673437116375723 0.91981822173031069
decision_type=2 2 2 2 2 2 2 2 2 2 2 2
left_child=1 2 3 7 8 -5 -6 -1 -4 10 -3 -12
right_child=-2 9 4 5 6 -7 -8 -9 -10 -11 11 -13
leaf_value=0.00067981085343605 0.010783681696057319 0.00024630057231431987 0.0032008497501008733 -0.001014526439918631 -0.00088340785219940914 -0.0025033503615271022 0.0014840152004164792 -0.0022044895409074213 0.00086177977291209274 0.0044212902436113876 0.0020111771399236242 0.0035549248168244957
leaf_weight=149 47 20 40 726 185 156 61 25 146 43 43 21
leaf_count=149 47 20 40 726 185 156 61 25 146 43 43 21
internal_value=2.22113e-05 -0.00030853 -0.000602333 -0.00103779 0.00045503 -0.00128884 -0.000273509 0.00021811 0.0014235 0.0030452 0.00217813 0.00269899
internal_weight=1662 1615 1488 1056 432 882 246 174 186 127 84 64
internal_count=1662 1615 1488 1056 432 882 246 174 186 127 84 64
is_linear=0
shrinkage=0.03


Tree=26
num_leaves=13
num_cat=0
split_feature=25 25 32 15 11 23 24 30 22 20 24 23
split_gain=6.26036 1.68228 0.484361 0.485857 0.303902 0.300665 0.31705 0.126936 0.112287 0.0177989 0.0115847 0.0065045
threshold=2.0940087730212285 0.73342547887075982 0.52878035351281927 0.22752177545504917 0.41354966040135732 -0.61693780373749207 0.09936507711024363 -0.22349501935152147 0.16758163415166363 0.83881607477664166 -0.1069530403657926 0.18173606407445297
decision_type=2 2 2 2 2 2 2 2 2 2 2 2
left_child=1 2 3 4 -1 -3 11 -5 -4 -8 -10 -7
right_child=-2 5 8 7 -6 6 9 -9 10 -11 -12 -13
leaf_value=-0.00055301432287577083 0.010479581751823423 0.0042973018981840297 -0.0011181447570898424 -1.083848978737955e-05 -0.0019198569025613078 -0.00044890542849553152 0.002571592323427253 0.0012527243347543659 -0.0035475732613621017 0.0011074770305098758 -0.0019279063043924156 8.5660361863959278e-05
leaf_weight=792 47 43 54 140 182 40 99 134 53 24 31 23
leaf_count=792 47 43 54 140 182 40 99 134 53 24 31 23
internal_value=2.28767e-05 -0.000298448 -0.000694524 -0.000501796 -0.000816602 0.00206381 0.00147158 0.000603153 -0.00236842 0.00234289 -0.00307141 -0.000213269
internal_weight=1662 1615 1386 1248 974 229 186 274 138 123 84 63
internal_count=1662 1615 1386 1248 974 229 186 274 138 123 84 63
is_linear=0
shrinkage=0.03


Tree=27
num_leaves=18
num_cat=0
split_feature=25 25 23 25 10 22 23 32 33 25 23 23 10 15 13 32 10
split_gain=5.92668 1.17015 0.888045 0.450876 0.401769 0.398783 0.30438 0.196758 0.177332 0.171045 0.138952 0.131047 0.114208 0.0787754 0.0156142 0.0155581 0.00932641
threshold=1.4258814428945654 3.0772479723112567 0.41323573590400225 0.47402235683682831 -0.86562726106462307 1.0348058711675738 0.05441124456820081 0.45828111069909805 -0.35549380252449159 -0.23419619262481492 0.64859373559737754 0.69875199782711317 -1.2633507067393779 -0.81455114069753509 0.0046414400689184466 -0.29085913194855562 1.3252761998510483
decision_type=2 2 2 2 2 2 2 2 2 2 2 2 2 2 2 2 2
left_child=2 14 4 8 7 6 -6 12 10 -7 -4 15 -1 -13 -2 -5 -10
right_child=1 -3 3 11 5 9 -8 -9 16 -11 -12 13 -14 -15 -16 -17 -18
leaf_value=0.0016806905593157613 0.0021715368995766922 0.010800887565721165 0.00043697664116401798 0.00083650721074081966 -0.00058738144634364292 -0.0044737659876545269 -0.0018988304992280569 -0.0020275530121647393 0.0017221088778227567 -0.0015088916663181684 -0.0012349702372665711 0.0028381859945023763 2.4490355071105545e-05 0.0013651472715622947 0.0044780674162645667 -8.8371244082316897e-05 0.00046797441058721317
leaf_weight=67 20 41 62 21 597 42 223 23 27 43 131 65 89 115 40 36 20
leaf_count=67 20 41 62 21 597 42 223 23 27 43 131 65 89 115 40 36 20
internal_value=2.26374e-05 0.00695905 -0.000436733 0.000635537 -0.000911783 -0.00116882 -0.000953298 0.000369149 -0.000270189 -0.00311055 -0.000684095 0.00155714 0.000772965 0.00195128 0.00389686 0.000227162 0.00130853
internal_weight=1662 101 1561 477 1084 905 820 179 240 85 193 237 156 180 60 57 47
internal_count=1662 101 1561 477 1084 905 820 179 240 85 193 237 156 180 60 57 47
is_linear=0
shrinkage=0.03


Tree=28
num_leaves=15
num_cat=0
split_feature=25 25 23 25 11 22 23 32 22 21 19 23 16 13
split_gain=5.60266 1.10315 0.838587 0.42548 0.402502 0.456171 0.315169 0.270781 0.142246 0.1451 0.141056 0.116586 0.0406311 0.0137112
threshold=1.4258814428945654 3.0772479723112567 0.41323573590400225 0.53172810935015524 -0.68535190830302406 1.1736602542459176 0.10456950679793654 0.56279638529361786 2.015202789928491 0.73223883647159294 -0.78890965033282501 0.69875199782711317 0.88984516174890194 0.0046414400689184466
decision_type=2 2 2 2 2 2 2 2 2 2 2 2 2 2
left_child=2 13 4 8 7 6 -6 10 9 -4 -1 -5 -13 -2
right_child=1 -3 3 11 5 -7 -8 -9 -10 -11 -12 12 -14 -15
leaf_value=-0.00079290756591431349 0.0021148881009658391 0.010498953491449357 -0.00078458520061834602 8.8771030278422111e-05 -0.00068924137882465247 -0.0041742004488905275 -0.0021365250103463143 -0.0021358226867249377 -0.0015334055790291079 0.00075499914491054365 0.00098726851752910195 0.0022413698044610611 0.00060345784947599492 0.0043530981001812363
leaf_weight=48 20 41 83 38 612 42 178 36 50 147 168 135 24 40
leaf_count=48 20 41 83 38 612 42 178 36 50 147 168 135 24 40
internal_value=2.29314e-05 0.00676711 -0.000423657 0.000618223 -0.000885323 -0.00120291 -0.00102597 0.000153284 -0.000125424 0.000183586 0.000572533 0.00167621 0.00202841 0.00379088
internal_weight=1662 101 1561 477 1084 832 790 252 280 230 216 197 159 60
internal_count=1662 101 1561 477 1084 832 790 252 280 230 216 197 159 60
is_linear=0
shrinkage=0.03


Tree=29
num_leaves=17
num_cat=0
split_feature=25 25 23 25 11 22 23 32 29 19 23 23 15 30 16 17
split_gain=5.29714 1.03993 0.790658 0.403876 0.378647 0.431256 0.296759 0.255691 0.162785 0.13312 0.122857 0.116818 0.0742867 0.014464 0.0119503 0.0113708
threshold=1.4258814428945654 3.0772479723112567 0.41323573590400225 0.47402235683682831 -0.68535190830302406 1.1736602542459176 0.10456950679793654 0.56279638529361786 -0.18130369233452193 -0.78890965033282501 0.64859373559737754 0.69875199782711317 -0.81455114069753509 -0.22382528551504446 0.033661696234575357 0.73982170025216976
decision_type=2 2 2 2 2 2 2 2 2 2 2 2 2 2 2 2
left_child=2 14 4 8 7 6 -6 9 10 -1 -4 13 -13 -5 -2 -10
right_child=1 -3 3 11 5 -7 -8 -9 15 -11 -12 12 -14 -15 -16 -17
leaf_value=-0.00077051956444869135 0.0020597171175253132 0.010205460237508471 0.00041707934596611616 0.00080222524190321561 -0.00066866499721952833 -0.0040573227887352311 -0.002073491647336616 -0.0020766768071513908 0.001793080619122419 0.00095817008363736564 -0.0011478117366765803 0.0027036430474151585 0.0012774757044754876 -8.8416808199746387e-05 0.0042316162925820017 0.00045173302628909764
leaf_weight=48 20 41 62 21 612 42 178 36 24 168 134 65 115 36 40 20
leaf_count=48 20 41 62 21 612 42 178 36 24 168 134 65 115 36 40 20
internal_value=2.27513e-05 0.00658051 -0.00041144 0.000600121 -0.000859752 -0.0011678 -0.000995625 0.000147295 -0.000256531 0.000555026 -0.000638895 0.00147248 0.00184475 0.000213419 0.00368783 0.00131496
internal_weight=1662 101 1561 477 1084 832 790 252 240 216 196 237 180 57 60 44
internal_count=1662 101 1561 477 1084 832 790 252 240 216 196 237 180 57 60 44
is_linear=0
shrinkage=0.03


Tree=30
num_leaves=13
num_cat=0
split_feature=20 15 19 27 23 23 27 22 15 30 29 27
split_gain=2.88027 0.706135 0.698289 0.467815 0.852158 0.608142 0.340014 0.378917 0.0909711 0.012557 0.0104981 0.00445609
threshold=1.7639121079773548 1.3593388246351041 1.6172354147258288 -0.24891038764004367 -0.61693780373749207 0.13157780184471732 -0.24891038210014374 -0.06869543048622706 1.2073135854177039 -0.2130802105164655 -0.18131165525518378 -0.2479905851967151
decision_type=2 2 2 2 2 2 2 2 2 2 2 2
left_child=2 -2 3 4 -1 -6 10 -8 9 11 -5 -4
right_child=1 -3 8 6 5 -7 7 -9 -10 -11 -12 -13
leaf_value=0.005077437698841095 0.0027367872510105371 0.0096506493709260423 0.0017346452639903872 -0.0027209954916222676 -0.0025492290126161634 0.00058726117635464058 9.0239054573382371e-06 -0.0011623673136418951 0.0001348692307434976 0.0014451035254032295 -0.0011861151751616727 0.0033937957895298801
leaf_weight=30 32 28 25 71 64 324 506 476 22 31 20 33
leaf_count=30 32 28 25 71 64 324 506 476 22 31 20 33
internal_value=2.29346e-05 0.00631679 -0.000222288 -0.000396267 0.000448436 4.66395e-05 -0.000728453 -0.000557544 0.0020373 0.00245522 -0.00246419 0.00284831
internal_weight=1662 60 1602 1491 418 388 1073 982 111 89 91 58
internal_count=1662 60 1602 1491 418 388 1073 982 111 89 91 58
is_linear=0
shrinkage=0.03


Tree=31
num_leaves=17
num_cat=0
split_feature=25 25 23 25 11 22 23 33 30 11 10 23 15 30 13 10
split_gain=4.78881 0.943654 0.716202 0.369168 0.35189 0.406987 0.261917 0.22849 0.152116 0.12352 0.120783 0.109371 0.0718124 0.0137286 0.0113433 0.00849929
threshold=1.4258814428945654 3.0772479723112567 0.41323573590400225 0.47402235683682831 -0.68535190830302406 1.1736602542459176 0.10456950679793654 1.6008806118284824 -0.22381575163605902 0.30062553822813071 -1.2633507067393779 0.69875199782711317 -0.81455114069753509 -0.22382528551504446 0.0046414400689184466 1.3252761998510483
decision_type=2 2 2 2 2 2 2 2 2 2 2 2 2 2 2 2
left_child=2 14 4 8 7 6 -6 10 9 -4 -1 13 -13 -5 -2 -10
right_child=1 -3 3 11 5 -7 -8 -9 15 -11 -12 12 -14 -15 -16 -17
leaf_value=0.0015869342800476313 0.0019367332715217185 0.0097130482467738064 0.00018607815656622315 0.00076575122028589245 -0.00063813337322463646 -0.0039198469753066699 -0.0019591595423600803 -0.0019793938362088642 0.0016078477069735525 -0.0012995039210062136 4.2954381167768466e-05 0.0026092715431004763 0.0012119047762322935 -0.00010388444731226906 0.0040227725072655568 0.00041450660181758197
leaf_weight=65 20 41 86 21 612 42 178 35 27 107 152 65 115 36 40 20
leaf_count=65 20 41 86 21 612 42 178 35 27 107 152 65 115 36 40 20
internal_value=2.33898e-05 0.00625864 -0.000389357 0.000573222 -0.0008161 -0.00111312 -0.000945851 0.000154324 -0.000245331 -0.000629513 0.000534407 0.00140734 0.00176741 0.000188776 0.00350038 0.00121538
internal_weight=1662 101 1561 477 1084 832 790 252 240 193 217 237 180 57 60 47
internal_count=1662 101 1561 477 1084 832 790 252 240 193 217 237 180 57 60 47
is_linear=0
shrinkage=0.03


Tree=32
num_leaves=13
num_cat=0
split_feature=25 25 32 15 11 23 21 30 22 20 24 25
split_gain=4.52868 1.27131 0.40262 0.401105 0.249079 0.21768 0.229183 0.112341 0.0855742 0.0227917 0.0174473 0.00363354
threshold=2.0940087730212285 0.73342547887075982 0.52878035351281927 0.22752177545504917 0.41354966040135732 -0.61693780373749207 -0.25681610398346505 -0.22349501935152147 0.16758163415166363 0.83881607477664166 -0.1069530403657926 0.88826821880177864
decision_type=2 2 2 2 2 2 2 2 2 2 2 2
left_child=1 2 3 4 -1 -3 11 -5 -4 -8 -10 -7
right_child=-2 5 8 7 -6 6 9 -9 10 -11 -12 -13
leaf_value=-0.00046555303083885106 0.0089175520898401722 0.0037121877148747445 -0.0010119657921114642 0 -0.0017031360357754387 -0.00043128237366345864 0.002230278906638601 0.0011961798426554108 -0.0032127195085797991 0.0008206430475610042 -0.0016265569497995516 0
leaf_weight=792 47 43 54 140 182 28 102 134 53 25 31 31
leaf_count=792 47 43 54 140 182 28 102 134 53 25 31 31
internal_value=2.36718e-05 -0.00024936 -0.000593911 -0.000418101 -0.000704396 0.00180378 0.0012948 0.000585379 -0.00211984 0.00200121 -0.00273811 -0.000200642
internal_weight=1662 1615 1386 1248 974 229 186 274 138 127 84 59
internal_count=1662 1615 1386 1248 974 229 186 274 138 127 84 59
is_linear=0
shrinkage=0.03


Tree=33
num_leaves=10
num_cat=0
split_feature=20 23 23 23 31 24 11 33 34
split_gain=2.458 1.26627 0.599258 0.379272 0.395149 0.371278 0.362553 0.215716 0.181386
threshold=2.5992689101305766 -1.0336372130306806 0.41323573590400225 -1.0027705901200741 -0.011724976864696686 0.21541901819051398 -0.010040653921465402 -0.35897824735397604 -0.13247756344737141
decision_type=2 2 2 2 2 2 2 2 2
left_child=1 -1 3 4 -3 -5 7 -4 -8
right_child=-2 2 6 5 -6 -7 8 -9 -10
leaf_value=0.0057670040361117569 0.0081309652612967936 -0.000846512095003127 0.0006514128436233477 -0.0019854836758789866 0.0010263033291552125 -0.00054012856271804638 -0.00054969945119854853 0.0026136508954517348 0.0012719084643758832
leaf_weight=29 30 197 125 249 202 471 206 92 61
leaf_count=29 30 197 125 249 202 471 206 92 61
internal_value=2.32946e-05 -0.000138554 -0.000257833 -0.000640172 9.47507e-05 -0.00105029 0.000618465 0.00152126 -0.000112908
internal_weight=1662 1632 1603 1119 399 720 484 217 267
internal_count=1662 1632 1603 1119 399 720 484 217 267
is_linear=0
shrinkage=0.03


Tree=34
num_leaves=18
num_cat=0
split_feature=25 25 23 11 25 21 34 32 33 10 23 11 33 25 23 14 10
split_gain=4.09903 0.809246 0.624591 0.323515 0.321885 0.232991 0.255149 0.209905 0.146856 0.107408 0.0904092 0.0794275 0.0903957 0.0642307 0.0288126 0.0113624 0.00849849
threshold=1.4258814428945654 3.0772479723112567 0.41323573590400225 -0.68535190830302406 0.4477635705644995 -1.200397254072773 -0.12702358219332557 0.56279638529361786 -0.35549380252449159 -1.2633507067393779 0.77206022723980372 -0.097623252558959095 -0.35897824735397604 -0.93353882449412018 0.69875199782711317 0.42087018616476712 1.3252761998510483
decision_type=2 2 2 2 2 2 2 2 2 2 2 2 2 2 2 2 2
left_child=2 15 3 7 8 13 -7 9 10 -1 -4 12 -6 -5 -13 -2 -10
right_child=1 -3 4 5 11 6 -8 -9 16 -11 -12 14 -14 -15 -16 -17 -18
leaf_value=0.0015357352156938492 0.0037758183808224957 0.008993953166021541 0.00021709698464699267 -0.00071763230881964168 0.00085777288689188515 -0.0010082647007543981 -0.0027054664026273738 -0.0018397159310989081 0.0015293779453262686 7.4551195731725205e-05 -0.0011628327930571687 -1.7919920048110979e-05 0.0024540822761769912 0.00068754169916646784 0.00093914475713576049 0.0018344244624674318 0.00036427222103204419
leaf_weight=65 38 41 60 42 75 619 94 36 27 151 117 39 76 77 63 22 20
leaf_count=65 38 41 60 42 75 619 94 36 27 151 117 39 76 77 63 22 20
internal_value=2.34898e-05 0.00579234 -0.000358243 -0.000756853 0.00054043 -0.00104175 -0.00124661 0.000173184 -0.000275785 0.000542972 -0.000682571 0.00126957 0.00171285 0.000161556 0.00055458 0.00323284 0.00114519
internal_weight=1662 101 1561 1084 477 832 713 252 224 216 177 253 151 119 102 60 47
internal_count=1662 101 1561 1084 477 832 713 252 224 216 177 253 151 119 102 60 47
is_linear=0
shrinkage=0.03


Tree=35
num_leaves=16
num_cat=0
split_feature=25 25 23 25 10 22 15 32 25 22 28 10 23 24 13
split_gain=3.875 0.762598 0.589482 0.303214 0.29926 0.300237 0.230325 0.146467 0.140926 0.112709 0.114714 0.0884466 0.0828161 0.0349386 0.0111355
threshold=1.4258814428945654 3.0772479723112567 0.41323573590400225 0.53172810935015524 -0.86562726106462307 1.0348058711675738 -0.45352699598631258 0.45828111069909805 -0.30105967609019568 2.0529540790328169 -0.10705128315315092 -1.2633507067393779 0.69875199782711317 0.18962925350600951 0.0046414400689184466
decision_type=2 2 2 2 2 2 2 2 2 2 2 2 2 2 2
left_child=2 14 4 9 7 6 -6 11 -7 10 -4 -1 -5 -14 -2
right_child=1 -3 3 12 5 8 -8 -9 -10 -11 -12 -13 13 -15 -16
leaf_value=0.0015185738225933164 0.0016948193776542724 0.008742531213909388 -0.00069649600323861121 6.8341668886870779e-05 -0.0013192626681210388 -0.00413486024133257 -0.00029799264752754733 -0.0016933921781153631 -0.0014159982226426815 -0.001448936036530327 0.00065553020676386285 5.3755983528073711e-05 0.00052018266480656397 0.0019318872657396011 0.0036319340905824377
leaf_weight=67 20 41 85 38 373 34 447 23 51 44 151 89 28 131 40
leaf_count=67 20 41 85 38 373 34 447 23 51 44 151 89 28 131 40
internal_value=2.39101e-05 0.00563294 -0.000347196 0.000525751 -0.000734476 -0.0009566 -0.000769307 0.000369327 -0.00264152 -0.000100495 0.000153389 0.000718527 0.001419 0.00171604 0.0031453
internal_weight=1662 101 1561 477 1084 905 820 179 85 280 236 156 197 159 60
internal_count=1662 101 1561 477 1084 905 820 179 85 280 236 156 197 159 60
is_linear=0
shrinkage=0.03


Tree=36
num_leaves=17
num_cat=0
split_feature=25 25 23 11 22 25 23 33 29 19 11 15 29 33 17 16
split_gain=3.66395 0.718656 0.555754 0.292643 0.340354 0.288829 0.233073 0.181534 0.134782 0.116606 0.0803621 0.0751033 0.0986616 0.0523332 0.0107001 0.00973136
threshold=1.4258814428945654 3.0772479723112567 0.41323573590400225 -0.68535190830302406 1.1736602542459176 0.4477635705644995 0.10456950679793654 1.6008806118284824 -0.18130369233452193 -0.77878642188274416 0.30062553822813071 -0.81455114069753509 -0.18054498295940929 -0.35897824734987333 0.73982170025216976 0.033661696234575357
decision_type=2 2 2 2 2 2 2 2 2 2 2 2 2 2 2 2
left_child=2 15 3 7 6 8 -5 9 10 -1 -4 13 -13 -7 -10 -2
right_child=1 -3 5 4 -6 11 -8 -9 14 -11 -12 12 -14 -15 -16 -17
leaf_value=-0.00071353950829674986 0.001650606677584026 0.0084981377974829887 0.00010954136347395803 -0.00054103394718879756 -0.00355121193677187 0.00054044483173101279 -0.001786107866942512 -0.001728614055476531 0.0016031082896515727 0.00089097597923848719 -0.0011412617910682458 0.00040434425542995692 0.0021680490017796936 0.0025298020368042804 0.0003436466720684067 0.0035305777679002564
leaf_weight=49 20 41 71 612 42 23 178 35 24 168 109 141 36 53 20 40
leaf_count=49 20 41 71 612 42 23 178 35 24 168 109 141 36 53 20 40
internal_value=2.3669e-05 0.00547785 -0.000337141 -0.000713211 -0.000984223 0.000510359 -0.000831048 0.000170845 -0.000262236 0.00051024 -0.000637788 0.00120117 0.000809886 0.00200912 0.00115293 0.00305998
internal_weight=1662 101 1561 1084 832 477 790 252 224 217 180 253 177 76 44 60
internal_count=1662 101 1561 1084 832 477 790 252 224 217 180 253 177 76 44 60
is_linear=0
shrinkage=0.03


Tree=37
num_leaves=18
num_cat=0
split_feature=25 25 23 21 22 34 25 28 30 25 23 24 31 19 21 14 10
split_gain=3.46388 0.677199 0.525638 0.287232 0.316114 0.330955 0.272431 0.134351 0.128006 0.106123 0.0811749 0.0636864 0.0740868 0.038943 0.0307877 0.0120357 0.00788912
threshold=1.4258814428945654 3.0772479723112567 0.41323573590400225 -1.200397254072773 -0.8036954391410388 -0.13124133889098327 0.4477635705644995 -0.10236843085051181 -0.22381575163605902 -0.93353882449412018 0.77206022723980372 0.12515484179474815 -0.010775125344504113 -0.74032077755320203 -1.6892405005045832 0.42087018616476712 1.1523496159430155
decision_type=2 2 2 2 2 2 2 2 2 2 2 2 2 2 2 2 2
left_child=2 15 3 9 7 -6 8 -5 10 14 -4 -8 -13 -11 -1 -2 -10
right_child=1 -3 6 4 5 -7 11 -9 16 13 -12 12 -14 -15 -16 -17 -18
leaf_value=-0.0014162176225800064 0.0034968163074880114 0.008260576287453825 0.00021694657117283592 -0.00063511637666304561 -0.00097206881456368124 -0.0029159009947289467 0 0.00057154060500462891 0.0014784013133362999 0.0005248137335875071 -0.0010889762399470782 0.0018073616353212855 0.00057824745924254183 0.0018579491962629712 2.7381645166315131e-05 0.0016472908935695886 0.00036899970841594045
leaf_weight=21 38 41 60 200 507 95 36 136 25 69 117 133 84 35 21 22 22
leaf_count=21 38 41 60 200 507 95 36 136 25 69 117 133 84 35 21 22 22
internal_value=2.38675e-05 0.00532709 -0.000326904 -0.000692678 -0.000886289 -0.00129672 0.000497216 -0.000137122 -0.000252816 0.00052387 -0.000633386 0.00116817 0.00135959 0.00104102 -0.000674046 0.00297701 0.0010724
internal_weight=1662 101 1561 1084 938 602 477 336 224 146 177 253 217 104 42 60 47
internal_count=1662 101 1561 1084 938 602 477 336 224 146 177 253 217 104 42 60 47
is_linear=0
shrinkage=0.03


Tree=38
num_leaves=12
num_cat=0
split_feature=20 21 24 33 15 24 34 33 22 15 13
split_gain=1.89384 0.840842 0.665349 0.463197 0.24711 0.221076 0.122135 0.108961 0.0307913 0.0109745 0.0109469
threshold=2.5992689101305766 -1.5528191294073339 -1.2674924511684962 0.94384805673860706 0.11684545500645709 0.086470194767991365 -0.13349883081088973 -0.290631711346516 1.3816306175195636 2.0944963893074142 1.052767516152348
decision_type=2 2 2 2 2 2 2 2 2 2 2
left_child=1 2 6 4 5 -3 -1 -6 -5 -8 -4
right_child=-2 3 10 8 7 -7 9 -9 -10 -11 -12
leaf_value=0.0016820750600102566 0.0071410326978022399 -0.0010633217205552764 0.005061569832810542 -0.003082116889767349 9.0532430414601251e-05 -0.00012397032838556017 0 0.0012247943113112209 -0.0014813785001064057 -0.0010545328103208672 0.0026519744089990851
leaf_weight=28 30 327 38 45 219 744 20 120 41 28 22
leaf_count=28 30 327 38 45 219 744 20 120 41 28 22
internal_value=2.42211e-05 -0.000117631 0.00211187 -0.000326135 -0.000190909 -0.000415737 0.000173756 0.000508035 -0.00242834 -0.000694462 0.00439403
internal_weight=1662 1632 136 1496 1410 1071 76 339 86 48 60
internal_count=1662 1632 136 1496 1410 1071 76 339 86 48 60
is_linear=0
shrinkage=0.03


Tree=39
num_leaves=16
num_cat=0
split_feature=25 25 32 15 16 25 25 21 15 20 20 7 24 5 21
split_gain=3.12324 0.930041 0.303871 0.301839 0.199875 0.132213 0.0978807 0.0690334 0.0593296 0.0300521 0.0153988 0.0128435 0.00466539 0.004181 0.00415993
threshold=2.0940087730212285 0.73342547887075982 0.56279638529361786 0.22752177545504917 -0.44475952409166658 1.0160380367591475 -1.407471335805117 -0.14313162806909061 0.33153278131755409 -0.086882133883335891 0.53828034498675403 0.66122546662938431 -0.1069530403657926 0.38354148330190757 -0.64334332209233824
decision_type=2 2 2 2 2 2 2 2 2 2 2 2 2 2 2
left_child=1 2 3 4 -1 7 -5 14 12 -7 -9 -11 -4 -10 -3
right_child=-2 5 8 6 -6 9 -8 10 13 11 -12 -13 -14 -15 -16
leaf_value=-4.4954028785952304e-05 0.0074102602716162799 2.701331108498076e-05 -0.0027387537491556846 -0.0010161090346227865 -0.00093377987401949527 0.0010418136793527725 0.00072314440435694864 0.0017642995486722179 -0.0012562778411265752 0.0027567672946466771 0.00043558258078526705 0.0011795514707817979 -0.0013153733144933358 -0.00038748856065473679 -0.00044347996620490448
leaf_weight=377 47 24 54 29 603 31 246 35 29 76 22 20 22 26 21
leaf_count=377 47 24 54 29 603 31 246 35 29 76 22 20 22 26 21
internal_value=2.40425e-05 -0.000202399 -0.000497363 -0.000348494 -0.000596087 0.00155325 0.000519955 0.000676369 -0.00186143 0.00220258 0.00134888 0.00250418 -0.00243029 -0.000938587 -0.000144045
internal_weight=1662 1615 1386 1255 980 229 275 102 131 127 57 96 76 55 45
internal_count=1662 1615 1386 1255 980 229 275 102 131 127 57 96 76 55 45
is_linear=0
shrinkage=0.03


Tree=40
num_leaves=10
num_cat=0
split_feature=20 23 23 21 11 22 24 34 31
split_gain=1.69873 0.817468 0.43102 0.537303 0.286454 0.279852 0.189314 0.141067 0.13431
threshold=2.5992689101305766 -1.0336372130306806 0.41323573590400225 -1.200397254072773 0.0063575979317530085 -0.8036954391410388 -1.2674924511684962 -0.13247756344737141 -0.010775125344504113
decision_type=2 2 2 2 2 2 2 2 2
left_child=1 -1 3 6 8 -5 -3 -6 -4
right_child=-2 2 4 5 7 -7 -8 -9 -10
leaf_value=0.004633593249905971 0.0067639687476171691 0.00037549395124834189 0.0020853819756371777 -0.00011424407246123391 -0.0005206913155740467 -0.0012049530733801933 0.0026837490424249234 0.0010889649241180449 0.00055205902963150605
leaf_weight=29 30 138 107 336 201 604 41 61 115
leaf_count=29 30 138 107 336 201 604 41 61 115
internal_value=2.36565e-05 -0.000110595 -0.000206786 -0.000531288 0.00053595 -0.000819868 0.000956207 -0.000126518 0.00132238
internal_weight=1662 1632 1603 1119 484 940 179 262 222
internal_count=1662 1632 1603 1119 484 940 179 262 222
is_linear=0
shrinkage=0.03


Tree=41
num_leaves=9
num_cat=0
split_feature=20 23 19 22 19 23 15 10
split_gain=1.60684 0.773299 0.465708 0.312547 0.338348 0.241036 0.0839907 0.008735
threshold=2.5992689101305766 -1.0336372130306806 1.6172354147258288 0.93589478752864463 -0.79700715199803784 0.18173606407445297 1.2073135854177039 0.94187970284644895
decision_type=2 2 2 2 2 2 2 2
left_child=1 -1 3 4 -3 -5 7 -4
right_child=-2 2 6 5 -6 -7 -8 -9
leaf_value=0.0045076175857102496 0.0065794969227122649 -0.00088514894739151061 0.0022731787174319227 -0.0022493533664792774 0.00018137668031269167 -0.00033938061427068344 0 0.00092348248851688015
leaf_weight=29 30 383 69 122 863 124 22 20
leaf_count=29 30 383 69 122 863 124 22 20
internal_value=2.39924e-05 -0.00010653 -0.000200137 -0.000342385 -0.000145393 -0.00131434 0.00164426 0.00204249
internal_weight=1662 1632 1603 1492 1246 246 111 89
internal_count=1662 1632 1603 1492 1246 246 111 89
is_linear=0
shrinkage=0.03


Tree=42
num_leaves=9
num_cat=0
split_feature=20 23 19 21 23 19 20 21
split_gain=1.5201 0.731644 0.43979 0.375706 0.369243 0.23774 0.0494465 0.0177341
threshold=2.5992689101305766 -1.0336372130306806 1.6172354147258288 -1.200397254072773 0.33221085076366008 -0.72210004743790834 1.0779197358815089 1.7838202386795572
decision_type=2 2 2 2 2 2 2 2
left_child=1 -1 3 5 -5 -3 7 -4
right_child=-2 2 6 4 -6 -7 -8 -9
leaf_value=0.0043850666420767086 0.0064000560610809106 8.3635611945992111e-05 0.0022233104378888936 -0.00087895764965348713 0.0001690797896123668 0.0023632635180768908 0.00024172305289903303 0.00075970810791477553
leaf_weight=29 30 115 65 853 460 64 25 21
leaf_count=29 30 115 65 853 460 64 25 21
internal_value=2.39124e-05 -0.000102989 -0.000194091 -0.000332372 -0.000509957 0.000940701 0.00159813 0.00193728
internal_weight=1662 1632 1603 1492 1313 179 111 86
internal_count=1662 1632 1603 1492 1313 179 111 86
is_linear=0
shrinkage=0.03


Tree=43
num_leaves=14
num_cat=0
split_feature=25 25 32 15 11 23 21 30 15 20 11 24 25
split_gain=2.57244 0.778992 0.27391 0.259248 0.190095 0.122966 0.151324 0.08812 0.0485711 0.020301 0.00582761 0.00481691 0.000726762
threshold=2.0940087730212285 0.73342547887075982 0.56279638529361786 0.22752177545504917 0.41354966040135732 -0.61693780373749207 -0.25681610398346505 -0.22349501935152147 0.33153278131755409 0.83881607477664166 0.0063575979317530085 -0.1069530403657926 -0.065615222438401968
decision_type=2 2 2 2 2 2 2 2 2 2 2 2 2
left_child=1 2 3 4 -1 -3 10 -5 11 -8 -7 -4 -10
right_child=-2 5 8 7 -6 6 9 -9 12 -11 -12 -13 -14
leaf_value=-0.00033205727992786493 0.0067278396465908739 0.0028734724300144162 -0.0025614536159524791 -1.4256553078832272e-05 -0.001411673335924216 -0.00054307249648263682 0.0018162398825865239 0.0010332951320565569 -0.0011021394949833239 0.00055370764201506965 0 -0.001200921620260924 -0.000370308567986358
leaf_weight=798 47 43 54 140 182 21 102 135 33 25 38 22 22
leaf_count=798 47 43 54 140 182 21 102 135 33 25 38 22 22
internal_value=2.43706e-05 -0.000180973 -0.000451074 -0.000309683 -0.000539306 0.00142555 0.00103464 0.000494806 -0.00174597 0.0016093 -0.000171963 -0.00226615 -0.000895426
internal_weight=1662 1615 1386 1255 980 229 186 275 131 127 59 76 55
internal_count=1662 1615 1386 1255 980 229 186 275 131 127 59 76 55
is_linear=0
shrinkage=0.03


Tree=44
num_leaves=13
num_cat=0
split_feature=25 25 23 22 27 11 34 33 25 23 24 11
split_gain=2.43317 0.795266 0.287506 0.35503 0.358357 0.171521 0.153316 0.0937424 0.0932341 0.0730988 0.0777404 0.0178474
threshold=3.0772479723112567 0.88826821880177864 0.41323573590400225 1.0348058711675738 -0.24891036309727785 0.0063575979317530085 -0.13247756344737141 -0.35897824736013467 -0.30105967609019568 -0.61693780373749207 -0.21011209910381071 0.035363021537541194
decision_type=2 2 2 2 2 2 2 2 2 2 2 2
left_child=1 2 3 4 -1 7 -7 -4 -5 -3 -11 -12
right_child=-2 9 5 8 -6 6 -8 -9 -10 10 11 -13
leaf_value=-0.0015347830928252129 0.0069863520217212762 0.0028520929596014323 0.00043446458645611383 -0.0036258591673261412 -0.00013648677247756619 -0.00070357449681238463 0.001000389315884604 0.0019398426108096069 -0.0014900350387082701 -7.7202062962377171e-05 0.0019917436557726057 0.00069726633010953984
leaf_weight=213 41 47 118 34 727 175 61 59 71 25 65 26
leaf_count=213 41 47 118 34 727 175 61 59 71 25 65 26
internal_value=2.37616e-05 -0.000163077 -0.000388048 -0.000653214 -0.000460391 0.000275551 -0.000243562 0.000976891 -0.00229092 0.00180182 0.0012899 0.00168786
internal_weight=1662 1621 1458 1045 940 413 236 177 105 163 116 91
internal_count=1662 1621 1458 1045 940 413 236 177 105 163 116 91
is_linear=0
shrinkage=0.03


Tree=45
num_leaves=12
num_cat=0
split_feature=25 25 29 15 11 22 30 23 24 15 11
split_gain=2.29873 0.750987 0.278458 0.22087 0.195816 0.0939099 0.0853754 0.0687506 0.0737022 0.025363 0.016448
threshold=3.0772479723112567 0.88826821880177864 -0.028463756635693262 0.22752177545504917 -0.29078538996839559 -0.27707172159970567 -0.22349501935152147 -0.61693780373749207 -0.21011209910381071 3.0560284532503799 0.035363021537541194
decision_type=2 2 2 2 2 2 2 2 2 2 2
left_child=1 2 3 4 -1 -4 -5 -3 -9 -7 -10
right_child=-2 7 5 6 -6 9 -8 8 10 -11 -12
leaf_value=4.040960563848834e-05 0.0067910517245869748 0.0027716638943273576 0 0 -0.00080158217236544376 -0.0019143306981231744 0.0010347032851805761 -7.5134159327717485e-05 0.0019346274476334014 -0.00045084459526950247 0.00067851226629914141
leaf_weight=438 41 47 31 143 552 134 140 25 65 20 26
leaf_count=438 41 47 31 143 552 134 140 25 65 20 26
internal_value=2.34992e-05 -0.000158054 -0.000376722 -0.000214243 -0.000427047 -0.00145753 0.000516373 0.00175127 0.00125317 -0.00175562 0.00164076
internal_weight=1662 1621 1458 1273 990 185 283 163 116 154 91
internal_count=1662 1621 1458 1273 990 185 283 163 116 154 91
is_linear=0
shrinkage=0.03


Tree=46
num_leaves=14
num_cat=0
split_feature=25 25 32 15 11 23 21 30 15 20 24 7 25
split_gain=2.17217 0.662464 0.242907 0.222988 0.172735 0.101265 0.127317 0.0797942 0.0395535 0.0198592 0.0106402 0.00599526 0.00139583
threshold=2.0940087730212285 0.73342547887075982 0.52878035351281927 0.22752177545504917 0.50617571858796129 -0.61693780373749207 -0.25681610398346505 -0.22349501935152147 0.33153278131755409 0.83881607477664166 -0.1069530403657926 -0.22584456675383571 -0.065615222438401968
decision_type=2 2 2 2 2 2 2 2 2 2 2 2 2
left_child=1 2 3 4 -1 -3 11 -5 10 -8 -4 -7 -10
right_child=-2 5 8 7 -6 6 9 -9 12 -11 -12 -13 -14
leaf_value=-0.00031210604889699342 0.0061834289831668139 0.0026351805778515132 -0.0023882806466185842 -1.2948908398605205e-05 -0.0014163706946750021 5.8859324794528729e-05 0.0016865804367798515 0.00098477614241699782 -0.0010232294478101302 0.0004649797182729734 -0.0010865564668551086 -0.00046822622194886209 -0.00030365305311977862
leaf_weight=822 47 43 55 140 152 32 102 134 34 25 27 27 22
leaf_count=822 47 43 55 140 152 32 102 134 34 25 27 27 22
internal_value=2.34134e-05 -0.000165135 -0.000414349 -0.000277348 -0.000491325 0.00131613 0.000958326 0.00046954 -0.00159977 0.00148546 -0.00204843 -0.000144947 -0.0008212
internal_weight=1662 1615 1386 1248 974 229 186 274 138 127 82 59 56
internal_count=1662 1615 1386 1248 974 229 186 274 138 127 82 59 56
is_linear=0
shrinkage=0.03


Tree=47
num_leaves=15
num_cat=0
split_feature=25 25 29 16 29 15 25 22 21 15 11 22 20 21
split_gain=2.05933 0.671494 0.229727 0.190961 0.151265 0.100707 0.0930139 0.0854861 0.0445454 0.023606 0.0199472 0.0335252 0.0130542 0.00394527
threshold=3.0772479723112567 0.73342547887075982 -0.028463756635693262 0.87135852467650243 -0.18131165524820833 0.12366855930641939 1.0160380367591475 -0.27707172159970567 -0.14313162806909061 3.0560284532503799 0.82317754101745078 1.6575262393250052 0.53828034498675403 -0.64334332209233824
decision_type=2 2 2 2 2 2 2 2 2 2 2 2 2 2
left_child=1 2 3 4 -1 -5 8 -4 13 -9 11 -8 -10 -3
right_child=-2 6 7 5 -6 -7 10 9 12 -11 -12 -13 -14 -15
leaf_value=-0.00056020908669920846 0.0064283561623570589 9.5860185916535551e-05 0 -0.0013906655003929913 0.0002180459947805642 0 0.00092633744771426004 -0.0018247257021584494 0.0014841130302918732 -0.00041239048619552151 0.0025141341730195565 0.0024944707280956206 0.0002905690143071115 -0.00038655328401364391
leaf_weight=346 41 24 31 169 624 63 67 133 35 20 45 21 22 21
leaf_count=346 41 24 31 169 624 63 67 133 35 20 45 21 22 21
internal_value=2.28192e-05 -0.000148925 -0.000402602 -0.0002467 -5.73465e-05 -0.00101479 0.00132084 -0.00138471 0.000571157 -0.00167082 0.00184845 0.00140342 0.00111101 -7.68553e-05
internal_weight=1662 1621 1386 1202 970 232 235 184 102 153 133 88 57 45
internal_count=1662 1621 1386 1202 970 232 235 184 102 153 133 88 57 45
is_linear=0
shrinkage=0.03


Tree=48
num_leaves=14
num_cat=0
split_feature=20 21 19 19 29 20 24 16 15 11 29 24 8
split_gain=1.11656 0.489822 0.399089 0.377606 0.281414 0.324658 0.241574 0.064127 0.0607851 0.0531702 0.0336001 0.0243791 0.00686417
threshold=2.5992689101305766 -1.5528191294073339 -0.67654860680889206 1.5281559320521405 -0.17774494240224406 -0.57352116826831678 -1.3706515099065142 1.4161051771892115 1.2073135854177039 0.26476452944816581 -0.15657613169687254 -1.0353845690079553 0.30439967448086319
decision_type=2 2 2 2 2 2 2 2 2 2 2 2 2
left_child=1 2 9 4 6 -6 -3 11 10 -1 -5 -4 -11
right_child=-2 3 7 8 5 -7 -8 -9 -10 12 -12 -13 -14
leaf_value=0.00093996751610108688 0.0054876427264376115 0.0010717010107103944 0.0020824972079135475 0.0018635929206402267 0.0007187213150032151 -0.0016398886799933209 -0.00032048526624656062 0.0012398548831876652 -2.9033150360919464e-06 -0.00018605816767186572 0.00025713799270274846 0.0044274960065429862 -0.0012304093185559158
leaf_weight=20 30 124 23 84 62 257 927 23 22 20 20 30 20
leaf_count=20 30 124 23 84 62 257 927 23 22 20 20 30 20
internal_value=2.28204e-05 -8.56858e-05 0.00161532 -0.000245247 -0.000392279 -0.00116973 -0.000150802 0.00301884 0.00130213 -0.00017396 0.00159857 0.00362951 -0.000827413
internal_weight=1662 1632 136 1496 1370 319 1051 76 126 60 104 53 40
internal_count=1662 1632 136 1496 1370 319 1051 76 126 60 104 53 40
is_linear=0
shrinkage=0.03


Tree=49
num_leaves=14
num_cat=0
split_feature=25 25 30 16 30 23 24 15 15 9 33 20 11
split_gain=1.85845 0.611345 0.198471 0.177215 0.141475 0.0946837 0.107004 0.0910558 0.059459 0.0259327 0.0203916 0.0189915 0.00762113
threshold=3.0772479723112567 0.73342547887075982 0.018534411395048227 0.87135852467650243 -0.2238252855180127 -0.61693780373749207 0.18962925350600951 0.12366855930641939 0.33153278131755409 -0.39006403207659668 0.94384805673860706 0.83881607477664166 -0.27571504875932978
decision_type=2 2 2 2 2 2 2 2 2 2 2 2 2
left_child=1 2 3 4 -1 -3 12 -5 10 -10 -4 -8 -7
right_child=-2 5 8 7 -6 6 11 -9 9 -11 -12 -13 -14
leaf_value=-0.0005428154584813579 0.0061082606222480533 0.0024765180719643833 -0.00099970880664013162 -0.0013395347909116576 0.00020522551814267703 -0.00040027307004303385 0.0017349044382307594 0 0.0002593270436374713 -0.0009039080401853425 -0.0021628798844073624 0.00048181997984647753 0.00022785775307866354
leaf_weight=351 41 47 44 169 629 20 85 63 20 45 65 24 59
leaf_count=351 41 47 44 169 629 20 85 63 20 45 65 24 59
internal_value=2.3093e-05 -0.000139971 -0.000382103 -0.000241363 -6.04823e-05 0.0012623 0.000908909 -0.000982135 -0.00132478 -0.000506222 -0.00175948 0.00150608 2.34256e-05
internal_weight=1662 1621 1386 1212 980 235 188 232 174 65 109 109 79
internal_count=1662 1621 1386 1212 980 235 188 232 174 65 109 109 79
is_linear=0
shrinkage=0.03


Tree=50
num_leaves=15
num_cat=0
split_feature=25 25 32 11 16 25 24 24 22 25 11 22 20 22
split_gain=1.75584 0.577375 0.196905 0.175314 0.112879 0.0789176 0.0667484 0.0359895 0.0329302 0.0202039 0.0142886 0.0298519 0.0123564 0.00551361
threshold=3.0772479723112567 0.73342547887075982 0.56279638529361786 -0.69721899074883764 1.3262993280427526 1.0160380367591475 -1.551179862698046 0.20252413584826176 -0.25685651517609909 0.35782479429406761 0.82317754101745078 1.6575262393250052 0.029959450276030721 -0.29896476309461434
decision_type=2 2 2 2 2 2 2 2 2 2 2 2 2 2
left_child=1 2 3 6 -5 7 -1 13 -4 -10 11 -7 -9 -3
right_child=-2 5 8 4 -6 10 -8 12 9 -11 -12 -13 -14 -15
leaf_value=-0.00095321210636757322 0.0059375069507990371 -0.00032730218373970793 -0.00049518556215824854 -0.00030343929532403185 -0.0013386890988766511 0.00085713507398696876 0.00068815989890068114 0.0016950023825401843 -0.0020327262864387654 -0.00062304891228675836 0.0023106244295777287 0.002341159942559898 0.00046697928176515484 0.00025578020021785054
leaf_weight=21 41 25 35 929 106 67 199 20 74 22 45 21 30 27
leaf_count=21 41 25 35 929 106 67 199 20 74 22 45 21 30 27
internal_value=2.26711e-05 -0.000135778 -0.000371134 -0.000250868 -0.000415918 0.0012269 0.000507315 0.000532422 -0.0014695 -0.00176865 0.00171395 0.00130975 0.00108293 0
internal_weight=1662 1621 1386 1255 1035 235 220 102 131 96 133 88 50 52
internal_count=1662 1621 1386 1255 1035 235 220 102 131 96 133 88 50 52
is_linear=0
shrinkage=0.03


Tree=51
num_leaves=15
num_cat=0
split_feature=25 25 23 27 22 29 11 23 21 27 22 20 19 16
split_gain=1.65879 0.546764 0.187334 0.471913 0.409958 0.175646 0.157574 0.0844432 0.0974586 0.0643821 0.030962 0.0160391 0.00702038 0.00410434
threshold=3.0772479723112567 0.73342547887075982 0.33221085076366008 -0.24891038210014374 1.0348058711675738 -0.18131165524820833 -0.053409731820197349 -0.61693780373749207 -0.25681610398346505 -0.23814878917701141 -0.31993770148590678 0.86652083221267684 0.12010115496576328 1.3521009251645923
decision_type=2 2 2 2 2 2 2 2 2 2 2 2 2 2
left_child=1 2 3 10 -5 9 -7 13 12 -4 -1 -10 -9 -3
right_child=-2 7 5 4 -6 6 -8 8 11 -11 -12 -13 -14 -15
leaf_value=-0.0027682616620191506 0.0057715266106480902 0.0028378650377038866 -0.0013248523802289127 -9.519944035245862e-05 -0.0021202047072730744 0.0013136755687021117 -1.8019923326018061e-05 -0.00044689331166446211 0.0014961070244387663 0.00022617327985250313 -0.0011918457136912777 0.00035389161957069656 0.00014174059667070775 0.0012620561407593019
leaf_weight=81 41 27 77 747 100 128 194 27 104 29 30 23 34 20
leaf_count=81 41 27 77 747 100 128 194 27 104 29 30 23 34 20
internal_value=2.24493e-05 -0.000131508 -0.000360586 -0.000593804 -0.000344448 0.000154967 0.000509359 0.00119448 0.000859279 -0.000878446 -0.0024111 0.00132527 -8.06625e-05 0.00234326
internal_weight=1662 1621 1386 958 847 428 322 235 188 106 111 127 61 47
internal_count=1662 1621 1386 958 847 428 322 235 188 106 111 127 61 47
is_linear=0
shrinkage=0.03


Tree=52
num_leaves=12
num_cat=0
split_feature=25 25 29 16 15 27 22 20 25 14 15
split_gain=1.56718 0.518693 0.198799 0.17083 0.132284 0.085074 0.069994 0.0270217 0.0210462 0.0290164 0.0183512
threshold=3.0772479723112567 0.88826821880177864 -0.028463756635693262 0.87135852467650243 0.33153278131755409 -0.23350007155747129 -0.27707172159970567 -0.50666854897866298 1.248804493364813 0.42087018616476712 3.0560284532503799
decision_type=2 2 2 2 2 2 2 2 2 2 2
left_child=1 2 3 4 -1 -5 -4 -3 -9 -10 -8
right_child=-2 7 6 5 -6 -7 10 8 9 -11 -12
leaf_value=-0.00016792801096776196 0.0056101862257134849 0.00028656736449025069 0 -0.00064579742480368033 0.00068544932395931996 -0.0024791160574448956 -0.001616354689844986 0.00098752829476988178 0.0023674309905130238 0.00070775037707760931 -0.00034901030478826924
leaf_weight=820 41 23 31 227 201 25 134 59 59 22 20
leaf_count=820 41 23 31 227 201 25 134 59 59 22 20
internal_value=2.20697e-05 -0.000127526 -0.000309551 -0.000171882 0 -0.000866465 -0.00122304 0.00145875 0.00162029 0.00199374 -0.00148069
internal_weight=1662 1621 1458 1273 1021 252 185 163 140 81 154
internal_count=1662 1621 1458 1273 1021 252 185 163 140 81 154
is_linear=0
shrinkage=0.03


Tree=53
num_leaves=14
num_cat=0
split_feature=25 25 23 27 22 31 16 23 24 27 22 20 23
split_gain=1.48238 0.458249 0.172995 0.447768 0.374381 0.166655 0.125905 0.0669318 0.0975025 0.0564291 0.0290442 0.016 0.00844355
threshold=2.0940087730212285 0.73342547887075982 0.33221085076366008 -0.24891038210014374 1.0348058711675738 -0.010775125343819506 -0.19833725926463017 -0.61693780373749207 0.18962925350600951 -0.23814878917701141 -0.31993770148590678 0.83881607477664166 0.13157780184471732
decision_type=2 2 2 2 2 2 2 2 2 2 2 2 2
left_child=1 2 3 10 -5 6 -4 -3 12 -7 -1 -10 -9
right_child=-2 7 5 4 -6 9 -8 8 11 -11 -12 -13 -14
leaf_value=-0.0026822978795639106 0.0051107734138704838 0.0021794238664898211 0.0013686329351245044 -8.4174868040950952e-05 -0.0020194159319570052 -0.0012653897022440409 8.229652083391556e-05 -0.0004926973981200718 0.0015767177411894822 0.00027147814143811243 -0.0011495478448129935 0.00041758100098619863 0.00017336067124822384
leaf_weight=81 47 43 99 747 100 78 227 21 85 24 30 24 56
leaf_count=81 47 43 99 747 100 78 227 21 85 24 30 24 56
internal_value=2.17445e-05 -0.000133705 -0.000341265 -0.000565431 -0.000322507 0.000153972 0.000490969 0.00109777 0.000801214 -0.000877778 -0.00233551 0.0013663 0
internal_weight=1662 1615 1386 958 847 428 326 229 186 102 111 109 77
internal_count=1662 1615 1386 958 847 428 326 229 186 102 111 109 77
is_linear=0
shrinkage=0.03


Tree=54
num_leaves=14
num_cat=0
split_feature=25 25 32 15 16 25 23 24 15 20 16 23 16
split_gain=1.40394 0.464548 0.166953 0.169336 0.142029 0.0763816 0.0711326 0.0862678 0.0297007 0.0147764 0.0102296 0.0101607 0.00496274
threshold=3.0772479723112567 0.73342547887075982 0.52878035351281927 0.22752177545504917 -0.48710183629673715 -1.407471335805117 -0.61693780373749207 0.18962925350600951 0.18541724438514345 0.83881607477664166 -0.31805969278372659 -0.79442088547347978 1.3521009251645923
decision_type=2 2 2 2 2 2 2 2 2 2 2 2 2
left_child=1 2 3 4 -1 -5 12 10 11 -9 -8 -4 -3
right_child=-2 6 8 5 -6 -7 7 9 -10 -11 -12 -13 -14
leaf_value=6.6382305146072733e-05 0.0053104866534810181 0.0026363222641870377 -0.0020275123834511953 -0.00091973672556923706 -0.00067795314525749681 0.00061429467700380039 -0.00050795152107172697 0.0015310287542313085 -0.00069732057887548842 0.00040644549386989741 0.00022973691690487846 -0.00074082032847218218 0.0011254491897137917
leaf_weight=355 41 27 54 29 619 245 20 85 63 24 59 21 20
leaf_count=355 41 27 54 29 619 245 20 85 63 24 59 21 20
internal_value=2.13347e-05 -0.00012016 -0.000331447 -0.000217433 -0.000404219 0.000432901 0.00110185 0.000791965 -0.00131469 0.00132772 0 -0.00174805 0.0021595
internal_weight=1662 1621 1386 1248 974 274 235 188 138 109 79 75 47
internal_count=1662 1621 1386 1248 974 274 235 188 138 109 79 75 47
is_linear=0
shrinkage=0.03


Tree=55
num_leaves=13
num_cat=0
split_feature=25 25 23 22 27 11 19 17 30 23 24 11
split_gain=1.32634 0.439733 0.206324 0.238365 0.307864 0.129096 0.111886 0.104227 0.0994438 0.0359625 0.0532862 0.0116546
threshold=3.0772479723112567 0.88826821880177864 0.41323573590400225 1.0348058711675738 -0.24891036309727785 0.0063575979317530085 1.4411014270901081 -0.71850297475863967 -0.1969324924556751 -0.61693780373749207 -0.21011209910381071 -0.35474406664879926
decision_type=2 2 2 2 2 2 2 2 2 2 2 2
left_child=1 2 3 4 -1 7 -7 -4 -5 -3 -11 -12
right_child=-2 9 5 8 -6 6 -8 -9 -10 10 11 -13
leaf_value=-0.0013455673354684323 0.0051620344514535232 0.0021032861872203644 -0.0004237151873502426 -0.0034902968140585076 -5.0557395068760452e-05 -0.00055038140382304918 0.00093627939529251306 0.0012660860352236188 -0.0011957174813496201 -0.00014568660987840433 0.0016420803293170007 0.00065975447862250049
leaf_weight=213 41 47 38 25 727 179 57 139 80 25 53 38
leaf_count=213 41 47 38 25 727 179 57 139 80 25 53 38
internal_value=2.10919e-05 -0.000116386 -0.000284123 -0.000509086 -0.00035053 0.00027745 -0.000171517 0.000885622 -0.0018516 0.00134392 0.000965775 0.00129794
internal_weight=1662 1621 1458 1045 940 413 236 177 105 163 116 91
internal_count=1662 1621 1458 1045 940 413 236 177 105 163 116 91
is_linear=0
shrinkage=0.03


Tree=56
num_leaves=15
num_cat=0
split_feature=25 25 11 34 15 23 22 19 23 21 32 29 19 16
split_gain=1.25316 0.41758 0.16363 0.173362 0.149096 0.186255 0.10636 0.0956842 0.063061 0.076387 0.0440559 0.0113469 0.00627165 0.00533211
threshold=3.0772479723112567 0.73342547887075982 0.339416927268062 -0.13143209282023613 0.19364386612535497 0.41323573590400225 0.16758163415166363 1.4411014270901081 -0.61693780373749207 -0.25681610398346505 0.45828111069909805 -0.15903672694496054 0.12010115496576328 1.3521009251645923
decision_type=2 2 2 2 2 2 2 2 2 2 2 2 2 2
left_child=1 2 4 7 5 -1 -5 -4 13 12 -6 -11 -10 -3
right_child=-2 8 3 6 10 -7 -8 -9 9 11 -12 -13 -14 -15
leaf_value=-0.00052182946229506217 0.005017732144926082 0.0025083528297021982 -0.00059571391426359169 -0.000769930918067885 0.00084582156370582482 0.00058434815283494408 -0.0025763526414034526 0.00093633819020552819 -0.00042276691782753916 0.0012974827954328663 -0.0004835836107376963 0.00024793369667199644 0.00013184959311636062 0.0010412212954429181
leaf_weight=616 41 27 245 70 160 171 64 39 27 107 21 20 34 20
leaf_count=616 41 27 245 70 160 171 64 39 27 107 21 20 34 20
internal_value=2.05979e-05 -0.000112983 -0.000313394 -0.000808151 -9.48228e-05 -0.000276375 -0.00169212 -0.000367285 0.00104546 0.000751942 0.000669907 0.00116481 -7.50714e-05 0.00204397
internal_weight=1662 1621 1386 418 968 787 134 284 235 188 181 127 61 47
internal_count=1662 1621 1386 418 968 787 134 284 235 188 181 127 61 47
is_linear=0
shrinkage=0.03


Tree=57
num_leaves=16
num_cat=0
split_feature=20 21 23 19 22 21 11 11 34 33 11 13 22 13 27
split_gain=0.714312 0.311175 0.342223 0.227676 0.204854 0.203868 0.16893 0.125008 0.086696 0.0855003 0.0553352 0.0414472 0.0179376 0.010181 0.00860299
threshold=2.5992689101305766 -1.200397254072773 0.41323573590400225 -0.72210004743790834 -0.8036954391410388 -0.59786953172658841 0.0063575979317530085 -0.40552723805688817 -0.13247756344737141 -0.35897824735397604 0.61935755148863847 1.5125825148899292 -0.34773022758636479 1.5547629111066765 -0.24157951051417256
decision_type=2 2 2 2 2 2 2 2 2 2 2 2 2 2 2
left_child=1 3 4 10 7 -6 9 -3 -8 -4 14 12 -5 -12 -1
right_child=-2 2 6 11 5 -7 8 -9 -10 -11 13 -13 -14 -15 -16
leaf_value=0.001054566961926009 0.0043916857679459189 0.00088814207551372675 0.00047003986738061276 0.0030232185521828279 -0.00021815440462942063 -0.0013537054066109701 -0.0004013310004658492 -0.00035113098777101495 0.00085981541518594887 0.0017142267832168728 -0.00011422361031401197 0.00055462788569781449 0.0014762236659440237 -0.0010646759190858575 0.00016051469770290196
leaf_weight=32 30 103 129 39 251 353 201 233 61 93 34 20 34 21 28
leaf_count=32 30 103 129 39 251 353 201 233 61 93 34 20 34 21 28
internal_value=2.04795e-05 -6.59494e-05 -0.00022655 0.00100692 -0.000561033 -0.000890165 0.000416361 2.44134e-05 -8.99749e-05 0.00102049 7.71805e-05 0.002087 0.00242889 -0.000565146 0.000712473
internal_weight=1662 1632 1424 208 940 604 484 336 262 222 115 93 73 55 60
internal_count=1662 1632 1424 208 940 604 484 336 262 222 115 93 73 55 60
is_linear=0
shrinkage=0.03


Tree=58
num_leaves=14
num_cat=0
split_feature=25 25 23 27 22 33 29 11 27 23 24 11 12
split_gain=1.13346 0.377225 0.177856 0.350069 0.293292 0.150289 0.138404 0.153468 0.0689815 0.0286439 0.0495776 0.0109943 0.000492461
threshold=3.0772479723112567 0.88826821880177864 0.33221085076366008 -0.24891038210014374 1.0348058711675738 -0.35897824733645189 -0.18131165524820833 -0.053409731820197349 -0.23868686910049786 -0.61693780373749207 -0.21011209910381071 -0.35474406664879926 0.23323408177405078
decision_type=2 2 2 2 2 2 2 2 2 2 2 2 2
left_child=1 2 3 5 -5 -1 8 -8 -4 -3 -11 -12 -2
right_child=12 9 6 4 -6 -7 7 -9 -10 10 11 -13 -14
leaf_value=-0.0024099488001730709 0.0057672107238322503 0.0019342328542820177 -0.0011979762332158786 -5.3088426196423819e-05 -0.0017309582832579812 0.00021143250688328408 0.0012107240808903812 -1.5240839476220656e-05 0.00027362650050781668 -0.00016789705111711686 0.0015532542170674007 0.00060591645786970316 0.002982895745531372
leaf_weight=105 21 47 76 747 105 21 153 212 39 25 53 38 20
leaf_count=105 21 47 76 747 105 21 153 212 39 25 53 38 20
internal_value=2.06267e-05 -0.000106328 -0.000261815 -0.000494353 -0.000268725 -0.00195504 0.000205897 0.000496185 -0.000679219 0.001246 0.000900199 0.00122154 0.00477317
internal_weight=1662 1621 1458 978 852 126 480 365 115 163 116 91 41
internal_count=1662 1621 1458 978 852 126 480 365 115 163 116 91 41
is_linear=0
shrinkage=0.03


Tree=59
num_leaves=15
num_cat=0
split_feature=25 25 11 31 15 23 34 15 23 24 24 20 16 16
split_gain=1.07545 0.357008 0.151956 0.167841 0.132715 0.15604 0.0871865 0.0802483 0.0520423 0.0664947 0.040068 0.0139464 0.00956716 0.00458248
threshold=3.0772479723112567 0.73342547887075982 0.339416927268062 -0.011082434174031279 0.19364386612535497 0.41323573590400225 -0.13247756344737141 0.611787501190028 -0.61693780373749207 0.18962925350600951 -1.3448617452220097 0.83881607477664166 -0.31805969278372659 1.3521009251645923
decision_type=2 2 2 2 2 2 2 2 2 2 2 2 2 2
left_child=1 2 4 7 5 -1 -5 -4 13 12 -6 -11 -10 -3
right_child=-2 8 3 6 10 -7 -8 -9 9 11 -12 -13 -14 -15
leaf_value=-0.00047428593638931653 0.004649922206997871 0.0023131426168605681 -0.0020879470746696105 -0.00072123485363882473 0.0012159263873931911 0.00053778430958657819 0.00036489849257549006 -0.0004943010493087866 -0.00049125383944129163 0.0013613797781316943 0.00025067866722057605 0.00029959124020468962 0.00022215383476389933 0.00093869980624067067
leaf_weight=616 41 27 96 169 68 171 102 51 20 85 113 24 59 20
leaf_count=616 41 27 96 169 68 171 102 51 20 85 113 24 59 20
internal_value=2.05465e-05 -0.000103071 -0.000288507 -0.000765171 -7.78569e-05 -0.000249378 -0.000301964 -0.00157599 0.000967855 0.000698247 0.00064353 0.00116866 0 0.00187969
internal_weight=1662 1621 1386 418 968 787 271 147 235 188 181 109 79 47
internal_count=1662 1621 1386 418 968 787 271 147 235 188 181 109 79 47
is_linear=0
shrinkage=0.03


Tree=60
num_leaves=9
num_cat=0
split_feature=20 23 19 22 19 22 20 10
split_gain=0.616064 0.206801 0.21008 0.173082 0.218929 0.123269 0.0364725 0.00787207
threshold=2.5992689101305766 -1.0336372130306806 1.6172354147258288 0.93589478752864463 -0.79700715199803784 1.3816306175195636 1.0779197358815089 1.0164338656536471
decision_type=2 2 2 2 2 2 2 2
left_child=1 -1 3 4 -3 -5 7 -4
right_child=-2 2 6 5 -6 -7 -8 -9
leaf_value=0.0023244760263478382 0.0040801123577085402 -0.00065391698057903219 0.0016117263169169586 -0.0018680200311410077 0.00020439045649258057 -0.00041479382840479083 0 0.00050823384422161012
leaf_weight=29 30 383 66 82 863 164 25 20
leaf_count=29 30 383 66 82 863 164 25 20
internal_value=2.05726e-05 -5.9566e-05 -0.000108825 -0.000204991 -5.79742e-05 -0.000927921 0.00112885 0.00141459
internal_weight=1662 1632 1603 1492 1246 246 111 86
internal_count=1662 1632 1603 1492 1246 246 111 86
is_linear=0
shrinkage=0.03


Tree=61
num_leaves=19
num_cat=0
split_feature=25 25 23 27 11 33 25 22 27 30 27 17 11 23 19 28 16 19
split_gain=0.976355 0.274642 0.18536 0.289166 0.229333 0.199126 0.145867 0.134393 0.131871 0.0794941 0.12182 0.0480322 0.0623262 0.0250597 0.0577632 0.0162538 0.0127073 0.00500779
threshold=1.248804493364813 3.3836133862069446 0.33221085076366008 -0.24891038210014374 0.48064784268569244 -0.35897824733645189 0.42898918416179482 1.0348058711675738 0.34063913987516448 -0.22382528551929998 -0.24891038764673026 -0.91369001411336581 -0.29078538996839559 -0.61693780373749207 0.30433264426669682 -0.098394946333316496 1.2503782636299778 0.063414780520927416
decision_type=2 2 2 2 2 2 2 2 2 2 2 2 2 2 2 2 2 2
left_child=2 13 3 5 8 17 9 -6 -5 15 -11 -8 -13 16 -15 -4 -2 -1
right_child=1 -3 6 4 7 -7 11 -9 -10 10 -12 12 -14 14 -16 -17 -18 -19
leaf_value=-0.0018908930892124773 0.0025258060986032851 0.0049824716839939357 -0.0013251848589215013 0.00018272557183599182 -0.00074100616466424697 0.00021466667626707537 -0.00032734322510659695 -0.0029578348699724299 -0.0011491698694787917 -0.00085724272441584602 0.00072256673559855571 0.0014499000967524707 0.00041142507774630054 -1.699433110687615e-05 0.0019096164225786921 -0.0002839720015314275 0.00095414046432984922 -0.0031201076966620258
leaf_weight=77 36 29 51 607 160 34 27 29 72 67 113 105 128 25 22 32 20 28
leaf_count=77 36 29 51 607 160 34 27 29 72 67 113 105 128 25 22 32 20 28
internal_value=2.03728e-05 0.00246782 -0.000193239 -0.000431893 -0.000221768 -0.00169051 0.000260413 -0.00113768 3.26611e-05 -0.000228151 0.00011372 0.000762987 0.000904601 0.00161053 0.000885291 -0.000982547 0.0020924 -0.00232403
internal_weight=1662 132 1530 1007 868 139 523 189 679 263 180 260 233 103 47 83 56 105
internal_count=1662 132 1530 1007 868 139 523 189 679 263 180 260 233 103 47 83 56 105
is_linear=0
shrinkage=0.03


Tree=62
num_leaves=20
num_cat=0
split_feature=25 25 23 27 11 33 25 22 27 31 21 15 11 17 23 19 16 29 19
split_gain=0.925059 0.259303 0.174779 0.272934 0.216561 0.188505 0.137707 0.127219 0.124353 0.0810154 0.11155 0.0503481 0.033122 0.0260167 0.0235592 0.0549048 0.0115508 0.0103175 0.00458417
threshold=1.248804493364813 3.3836133862069446 0.33221085076366008 -0.24891038210014374 0.48064784268569244 -0.35897824733645189 0.42898918416179482 1.0348058711675738 0.34063913987516448 -0.01077512534352377 0.6867650461058431 -0.81455114069753509 -0.21257061047687256 -0.91369001411336581 -0.61693780373749207 0.30433264426669682 1.2503782636299778 -0.18348831382363379 0.063414780520927416
decision_type=2 2 2 2 2 2 2 2 2 2 2 2 2 2 2 2 2 2 2
left_child=2 14 3 5 8 18 9 -6 -5 10 -4 12 -8 -13 16 -16 -2 -11 -1
right_child=1 -3 6 4 7 -7 11 -9 -10 17 -12 13 -14 -15 15 -17 -18 -19 -20
leaf_value=-0.0018362935116514566 0.0024558606930793476 0.0048470107410103084 -0.00083262761021448697 0.00017727076599677855 -0.00071918511019835381 0.00020874883911597568 0.0019529877620870649 -0.0028774187652161345 -0.001116073776911944 -0.00032999167338712142 0.00066499254351279498 -0.00031850495687685905 0.0004149050556926898 0.00059781421283471644 -1.6539122792892152e-05 0.0018592025115340945 0.00092924984224626551 -0.0013030180293563665 -0.0030355628389985329
leaf_weight=77 36 29 67 607 160 34 43 29 72 27 119 27 28 162 25 22 20 50 28
leaf_count=77 36 29 67 607 160 34 43 29 72 27 119 27 28 162 25 22 20 50 28
internal_value=1.96905e-05 0.00240202 -0.000188185 -0.000419958 -0.0002157 -0.00164283 0.000252223 -0.00110575 3.14218e-05 -0.000222235 0.000105001 0.000740622 0.00142837 0.000448355 0.00156763 0.000860339 0.00203646 -0.0010245 -0.00225931
internal_weight=1662 132 1530 1007 868 139 523 189 679 263 186 260 71 189 103 47 56 77 105
internal_count=1662 132 1530 1007 868 139 523 189 679 263 186 260 71 189 103 47 56 77 105
is_linear=0
shrinkage=0.03


Tree=63
num_leaves=20
num_cat=0
split_feature=25 25 23 27 11 33 25 27 27 30 21 15 11 23 19 17 27 16 19
split_gain=0.877494 0.262102 0.160998 0.254515 0.206039 0.178462 0.124345 0.116335 0.108976 0.0713417 0.108511 0.0508946 0.0312137 0.0237803 0.0466596 0.0231481 0.0140502 0.0108488 0.00418155
threshold=1.1717853085379928 3.3836133862069446 0.33221085076366008 -0.24891038210014374 0.48064784268569244 -0.35897824733645189 0.42898918416179482 0.34063913987516448 -0.24728201495538563 -0.22382528551929998 0.6867650461058431 -0.81455114069753509 -0.21257061047687256 -0.61693780373749207 0.30433264426669682 -0.91369001411336581 -0.24657860227531156 1.2503782636299778 0.063414780520927416
decision_type=2 2 2 2 2 2 2 2 2 2 2 2 2 2 2 2 2 2 2
left_child=2 13 3 5 7 18 9 -5 -6 16 -11 12 -8 17 -15 -13 -4 -2 -1
right_child=1 -3 6 4 8 -7 11 -9 -10 10 -12 15 -14 14 -16 -17 -18 -19 -20
leaf_value=-0.0017832705602981152 0.0023878522375598548 0.0047152326805517076 -0.0012432182136034085 0.00016783990466323278 0 0.00020299413324509924 0.0018982191935141125 -0.0010839308428950607 -0.0015721720230191562 -0.00080871929396110183 0.00068201651403194702 -0.00030990532771684229 0.00036685225206170357 0 0.0016139207377024883 0.0005533667498751095 -0.00025646273667841933 0.0009208490194287151 -0.0029533088906638083
leaf_weight=77 36 29 52 601 60 34 43 72 128 67 113 27 26 27 31 159 31 21 28
leaf_count=77 36 29 52 601 60 34 43 72 128 67 113 27 26 27 31 159 31 21 28
internal_value=1.91388e-05 0.00223409 -0.000192995 -0.000416009 -0.000217076 -0.0015965 0.000231693 2.5267e-05 -0.00108709 -0.000216516 0.000106577 0.000702733 0.00140218 0.00147902 0.000873728 0.00040925 -0.000931357 0.00197044 -0.00219643
internal_weight=1662 144 1518 1000 861 139 518 673 188 263 180 255 69 115 58 186 83 57 105
internal_count=1662 144 1518 1000 861 139 518 673 188 263 180 255 69 115 58 186 83 57 105
is_linear=0
shrinkage=0.03


Tree=64
num_leaves=17
num_cat=0
split_feature=25 25 25 23 23 27 23 21 22 11 23 19 22 16 33 33
split_gain=0.831168 0.247512 0.154348 0.104287 0.276939 0.177989 0.109027 0.0568615 0.0549231 0.0292821 0.0223707 0.0442234 0.0189759 0.00983009 0.000580535 0.00576683
threshold=1.1717853085379928 3.3836133862069446 -1.2318727472985653 -1.0027705901200741 -0.79442088547347978 -0.24826965762322611 0.33221085076366008 -1.1094496733412733 -0.11020831757298975 0.10329165868214142 -0.61693780373749207 0.30433264426669682 0.074975962958116454 1.2503782636299778 1.0495588477630426 -0.26647395733992485
decision_type=2 2 2 2 2 2 2 2 2 2 2 2 2 2 2 2
left_child=2 10 9 5 7 -4 -6 -5 -7 12 13 -12 -1 -2 15 -11
right_child=1 -3 3 4 6 8 -8 -9 -10 14 11 -13 -14 -15 -16 -17
leaf_value=0 0.0023217270946703276 0.0045870372795034199 0.0017131661685974632 -0.00038671686820453035 -0.00039213342041281287 0.00047975520396211478 0.00022472153865815651 -0.002483189494399862 -0.00052094679725661988 -0.0013343371965473872 0 0.001569775235322167 -0.00092472970394114127 0.0008966767352540046 -0.0019942645803093908 -0.0003586777637101477
leaf_weight=33 36 29 70 21 503 94 518 52 97 48 27 31 39 21 23 20
leaf_count=33 36 29 70 21 503 94 518 52 97 48 27 31 39 21 23 20
internal_value=1.87491e-05 0.00217448 -0.000187661 -7.9303e-05 -0.000209842 0.000452662 -7.65035e-05 -0.00195864 -1.31878e-05 -0.00105264 0.00143953 0.000849123 -0.000501157 0.00191779 -0.00142715 -0.00111691
internal_weight=1662 144 1518 1355 1094 261 1021 73 191 163 115 58 72 57 91 68
internal_count=1662 144 1518 1355 1094 261 1021 73 191 163 115 58 72 57 91 68
is_linear=0
shrinkage=0.03


Tree=65
num_leaves=18
num_cat=0
split_feature=25 25 25 16 23 27 25 21 19 11 11 23 19 22 16 33 33
split_gain=0.787706 0.217777 0.149509 0.0963486 0.115646 0.229672 0.105773 0.0585958 0.0448085 0.028283 0.0277065 0.0192036 0.0477408 0.0179712 0.0085715 0.000325888 0.0052123
threshold=1.248804493364813 3.3836133862069446 -1.2318727472985653 -1.2835454582436625 0.33221085076366008 -0.24891038210014374 0.42898918416179482 0.48213298945996913 -0.62795973504152958 -1.0670646424328636 0.10329165868214142 -0.61693780373749207 0.30433264426669682 0.074975962958116454 1.2503782636299778 1.0495588477630426 -0.26647395733992485
decision_type=2 2 2 2 2 2 2 2 2 2 2 2 2 2 2 2 2
left_child=2 11 10 7 5 -5 -6 8 -4 -9 13 14 -13 -1 -2 16 -12
right_child=1 -3 3 4 6 -7 -8 9 -10 -11 15 12 -14 -15 -16 -17 -18
leaf_value=0 0.0022574331551105174 0.0044623272292083132 0 -0.0014912486921314018 -0.00021267748804598607 -0.00013373628416634309 0.0006704735623836043 0.00038499468180568927 0.0015117217639105066 -0.00087769424641737711 -0.0012966617965002487 -1.6096099545913077e-05 0.0017260700009716673 -0.00089896937685054047 0.000857594828242841 -0.001941339833805194 -0.00034932095949214114
leaf_weight=33 36 29 20 137 252 602 226 44 65 21 48 25 22 39 20 23 20
leaf_count=33 36 29 20 137 252 602 226 44 65 21 48 25 22 39 20 23 20
internal_value=1.82564e-05 0.00221674 -0.000173427 -6.76784e-05 -0.000158508 -0.000394455 0.00020022 0.000638302 0.00114352 0 -0.00102496 0.00144779 0.000794021 -0.000486732 0.00187737 -0.00138978 -0.00108682
internal_weight=1662 132 1530 1367 1217 739 478 150 85 65 163 103 47 72 56 91 68
internal_count=1662 132 1530 1367 1217 739 478 150 85 65 163 103 47 72 56 91 68
is_linear=0
shrinkage=0.03


Tree=66
num_leaves=21
num_cat=0
split_feature=25 25 11 31 19 27 22 10 20 34 25 31 25 17 25 13 19 11 22 27
split_gain=0.746806 0.220408 0.142722 0.13152 0.095492 0.0966005 0.0840264 0.0830781 0.0758193 0.067347 0.0966412 0.0464149 0.0279416 0.018062 0.0163687 0.0151531 0.0466332 0.0132311 0.00950896 0.00352274
threshold=1.1717853085379928 3.3836133862069446 0.339416927268062 -0.011082434174031279 -0.79700715199803784 0.43456015424852795 0.16758163415166363 -1.2633507067393779 -0.10374590394027618 -0.13247756344737141 -1.0469032895761965 -0.01077512418165498 0.57040064550172542 -0.5106050656991542 -1.2682817501807715 0.17219080950367802 0.30433264426669682 0.5489604458681695 -0.45925213611606014 1.6096529746227628
decision_type=2 2 2 2 2 2 2 2 2 2 2 2 2 2 2 2 2 2 2 2
left_child=2 15 4 6 8 7 14 -6 11 12 -11 -1 -5 -10 -4 16 -2 -8 -17 -7
right_child=1 -3 3 9 5 19 17 -9 13 10 -12 -13 -14 -15 -16 18 -18 -19 -20 -21
leaf_value=-0.0014213277449808925 -0.00017723791312891987 0.0043410077093867586 -0.001329918723857111 -0.00077641176065932716 0.0012390134082254493 -0.0005037929529207759 -0.00097993526619393379 0.00014972198400768858 0.00056149659408689576 -0.00083278143228227757 0.0010270316887746698 -0.00024574389296321897 0 -0.00018430531609919855 -0.00026289358170608813 0.00086088802309573764 0.0014897701349794205 -0.0024920843770354986 0.0021363774128939682 -0.0015597407171735538
leaf_weight=80 21 29 20 148 68 21 21 696 40 35 67 61 50 83 60 25 31 47 38 21
leaf_count=80 21 29 20 148 68 21 21 696 40 35 67 61 50 83 60 25 31 47 38 21
internal_value=1.77815e-05 0.00206127 -0.000177778 -0.000625494 8.1054e-06 0.000173178 -0.0013528 0.000255053 -0.000480913 -0.000246947 0.000354729 -0.00094929 -0.000572494 4.20166e-05 -0.000604222 0.00136521 0.000789063 -0.00212849 0.00173782 -0.00116722
internal_weight=1662 144 1518 448 1070 806 148 764 264 300 102 141 198 123 80 115 52 68 63 42
internal_count=1662 144 1518 448 1070 806 148 764 264 300 102 141 198 123 80 115 52 68 63 42
is_linear=0
shrinkage=0.03


Tree=67
num_leaves=21
num_cat=0
split_feature=25 25 11 23 28 31 29 14 22 17 34 25 16 25 25 23 19 11 27 16
split_gain=0.707787 0.193833 0.135996 0.14222 0.208895 0.122617 0.114567 0.107523 0.0825255 0.0748119 0.0623433 0.0913246 0.0560507 0.0279789 0.0177908 0.0170413 0.0436227 0.0119926 0.0108713 0.0081459
threshold=1.248804493364813 3.3836133862069446 0.339416927268062 0.41323573590400225 -0.10705121694823642 -0.011082434174031279 -0.039824007249556724 0.019507399021820589 0.16758163415166363 -0.71850297475863967 -0.13247756344737141 -1.0469032895761965 -0.53004166350685689 0.57040064550172542 -0.93353882449412018 -0.61693780373749207 0.30433264426669682 0.5489604458681695 -0.24808233671854843 1.2503782636299778
decision_type=2 2 2 2 2 2 2 2 2 2 2 2 2 2 2 2 2 2 2 2
left_child=2 15 3 4 7 8 -6 -1 14 18 13 -12 -11 -7 -4 19 -17 -10 -5 -2
right_child=1 -3 5 9 6 10 -8 -9 17 12 11 -13 -14 -15 -16 16 -18 -19 -20 -21
leaf_value=-0.0013038994704437411 0.0021469843449214328 0.0042229865540284661 -0.0008696475911971278 -0.00082975362256651616 0.0002943969552647803 -0.00075358216724526563 -0.00074275952550534243 0.00058390293201908557 -0.0009542119876714423 0.0015292905131727456 -0.00080977035804014454 0.00099754120293738566 0.00046701100004595242 3.296252304507002e-06 0 -1.9815739460422516e-05 0.0016411718008294701 -0.0024218075861781835 0 0.00079612802726257111
leaf_weight=171 36 29 54 25 494 148 115 28 21 72 35 67 155 51 27 25 22 47 20 20
leaf_count=171 36 29 54 25 494 148 115 28 21 72 35 67 155 51 27 25 22 47 20 20
internal_value=1.7073e-05 0.00210114 -0.000164531 1.57246e-05 -0.000181391 -0.000601008 9.09635e-05 -0.0010187 -0.00130066 0.000607773 -0.000235383 0.000343396 0.000832541 -0.000547589 -0.000567961 0.00137281 0.000749489 -0.0020703 -0.000444729 0.0017804
internal_weight=1662 132 1530 1080 808 450 609 199 149 272 301 102 227 199 81 103 47 68 45 56
internal_count=1662 132 1530 1080 808 450 609 199 149 272 301 102 227 199 81 103 47 68 45 56
is_linear=0
shrinkage=0.03


Tree=68
num_leaves=17
num_cat=0
split_feature=25 25 25 21 24 28 28 20 22 22 11 22 13 19 22 22
split_gain=0.672306 0.224792 0.119848 0.0951644 0.293686 0.142067 0.109876 0.0946337 0.0627128 0.0557945 0.0223294 0.0152854 0.0127858 0.0333707 0.0118137 0.000424643
threshold=1.0160380367591475 3.3836133862069446 -1.2318727472985653 -0.59786953172658841 0.086470194767991365 -0.1070512831531837 -0.10664338042930435 0.53828034498675403 0.58603911330591274 -0.37265419695201712 0.10329165868214142 0.074975962958116454 0.17219080950367802 0.30433264426669682 -0.45925213611606014 1.6575262393250052
decision_type=2 2 2 2 2 2 2 2 2 2 2 2 2 2 2 2
left_child=2 12 10 6 9 -6 8 -8 -4 -5 11 -1 13 -2 -14 -15
right_child=1 -3 3 4 5 -7 7 -9 -10 -11 -12 -13 14 15 -16 -17
leaf_value=0 0 0.0041081741309026256 0.00039005196414813815 -0.00020675134032902933 0.0015449112846354881 -7.4127312171769951e-05 -0.0010148369593080133 0.00055137916954610346 0.001652960637296062 -0.0014854701826721814 -0.0012817807120637612 -0.0008379036856100095 0.0008433810074470544 0.0006426808031927794 0.0019911014073129211 0.0016238935572328046
leaf_weight=33 28 29 107 46 49 769 69 62 60 163 91 39 35 22 39 21
leaf_count=33 28 29 107 46 49 769 69 62 60 163 91 39 35 22 39 21
internal_value=1.68434e-05 0.00176653 -0.000188888 -9.0961e-05 -0.000229718 2.44934e-05 0.000374796 -0.000255437 0.000882601 -0.00122509 -0.000950816 -0.000457975 0.00120415 0.000764048 0.00154123 0.00126175
internal_weight=1662 174 1488 1325 1027 818 298 131 167 209 163 72 145 71 74 43
internal_count=1662 174 1488 1325 1027 818 298 131 167 209 163 72 145 71 74 43
is_linear=0
shrinkage=0.03


Tree=69
num_leaves=20
num_cat=0
split_feature=25 25 11 31 23 28 15 29 17 22 34 25 28 25 25 11 7 17 22
split_gain=0.636957 0.21237 0.117255 0.113318 0.110168 0.194295 0.189711 0.100887 0.0704663 0.0697626 0.0607608 0.0824324 0.0491527 0.0225574 0.0137008 0.0113184 0.0110557 0.00892014 0.00632271
threshold=1.0160380367591475 3.0772479723112567 0.339416927268062 -0.011082434174031279 0.41323573590400225 -0.10705121694823642 -0.3655443535902459 -0.039824007249556724 -0.32145502002015919 0.16758163415166363 -0.13247756344737141 -1.0469032895761965 -0.1070512831531837 0.57040064550172542 -1.2682817501807715 0.5489604458681695 0.87825499949023744 -0.91369001411336581 -0.41492481600646575
decision_type=2 2 2 2 2 2 2 2 2 2 2 2 2 2 2 2 2 2 2
left_child=2 16 4 9 5 6 -1 -7 17 14 13 -12 -10 -5 -4 -11 18 -6 -2
right_child=1 -3 3 10 8 7 -8 -9 12 15 11 -13 -14 -15 -16 -17 -18 -19 -20
leaf_value=-0.0014413024256023025 0.00062129322994899537 0.0035734391730617393 -0.0012391009533210941 -0.00072788745186766544 -0.00054701334461079623 0.00027917136357018908 0.00086740056386826409 -0.0006964764847722046 0.0017978277731620306 -0.00089522633625892917 -0.00075953023074390859 0.00095596793802687899 0.00053848324312326748 0 -0.00024799376291048246 -0.0023143110397830604 0.00017666540788891522 4.1082156833442972e-05 0.0014032522971838615
leaf_weight=160 39 41 20 148 35 481 36 115 39 21 35 67 139 48 59 47 20 38 74
leaf_count=160 39 41 20 148 35 481 36 115 39 21 35 67 139 48 59 47 20 38 74
internal_value=1.6891e-05 0.00172 -0.00018331 -0.000589326 -6.02076e-06 -0.000182602 -0.000995496 8.33635e-05 0.000534926 -0.00126717 -0.000235689 0.000333863 0.000856207 -0.000547728 -0.000571646 -0.00197466 0.00106035 -0.00021187 0.00118228
internal_weight=1662 174 1488 445 1043 792 196 596 251 147 298 102 178 196 79 68 133 73 113
internal_count=1662 174 1488 445 1043 792 196 596 251 147 298 102 178 196 79 68 133 73 113
is_linear=0
shrinkage=0.03


Tree=70
num_leaves=17
num_cat=0
split_feature=25 25 16 23 22 21 25 28 19 25 14 23 22 12 16 22
split_gain=0.602531 0.192334 0.103512 0.0972299 0.122722 0.065392 0.102394 0.0971258 0.0455286 0.0241772 0.0200761 0.0152099 0.0109944 0.0104637 0.0029989 0.00195655
threshold=2.0940087730212285 0.73342547887075982 -0.44475952409166658 0.33221085076366008 1.1736602542459176 0.4480276466856567 0.60342594551613571 -0.10705128313770139 1.4411014270901081 1.0160380367591475 0.46896664669324217 0.74119360432919723 -0.41492481600646575 0.53058033508866542 -0.58709138870278477 -0.29896476309461434
decision_type=2 2 2 2 2 2 2 2 2 2 2 2 2 2 2 2
left_child=1 2 5 4 -4 6 -1 -7 -5 11 12 15 -11 -2 -13 -3
right_child=13 9 3 8 -6 7 -8 -9 -10 10 -12 14 -14 -15 -16 -17
leaf_value=0.00060318222502971357 0.0039703772367331485 -0.00022229125067358836 -0.00047880889457023457 -0.00014276279789422156 -0.0020743579013672258 0.00083969574711227309 -0.0014602825801981532 -0.00072070321001119458 0.00075062526191871327 0.00050740980563332904 4.4421954501348613e-05 0.00097741163553049181 0.0014259419881336849 0.0018721694762352851 0.00018793543928768484 0.00011760357544928983
leaf_weight=262 26 22 587 234 46 45 20 130 62 34 23 24 70 21 21 35
leaf_count=262 26 22 587 234 46 45 20 130 62 34 23 24 70 21 21 35
internal_value=1.64756e-05 -8.19785e-05 -0.000217046 -0.00039934 -0.000608712 0.000147193 0.00043248 -0.000295214 3.99862e-05 0.000714807 0.00100018 0.000312497 0.00117634 0.00326146 0.000706262 0
internal_weight=1662 1615 1386 929 633 457 282 175 296 229 127 102 104 47 45 57
internal_count=1662 1615 1386 929 633 457 282 175 296 229 127 102 104 47 45 57
is_linear=0
shrinkage=0.03


Tree=71
num_leaves=16
num_cat=0
split_feature=25 25 16 15 22 34 14 16 25 30 14 33 16 22 14
split_gain=0.571157 0.182169 0.100883 0.0818079 0.116986 0.0505867 0.0506701 0.0299553 0.0226686 0.0215113 0.0187872 0.012367 0.0113082 0.0101192 0.00722011
threshold=2.0940087730212285 0.73342547887075982 0.87135852467650243 0.33153278131755409 -0.37265419695201712 -0.12702358219332557 -0.52951166411646744 -0.12335839431691586 1.0160380367591475 1.8392740562765564 0.46896664669324217 -0.35897824733716482 0.040713265986635085 -0.41492481600646575 0.41100894164368035
decision_type=2 2 2 2 2 2 2 2 2 2 2 2 2 2 2
left_child=1 2 3 4 -1 6 -4 -5 11 -7 13 -3 -2 -10 -13
right_child=12 8 5 7 -6 9 -8 -9 10 -11 -12 14 -14 -15 -16
leaf_value=6.247418420768731e-05 0.0038438545722514384 0.0008174651017893226 -0.0010103112211880898 0.00084981440717043979 -0.00063314833812595079 -0.0020766560011676377 -5.6743887897446188e-05 0.00011716766098246284 0.00049342175874531882 -0.00050560282343940343 4.324307316654504e-05 -0.00010302665306239346 0.0017600439249173454 0.0013849217389963011 0.00049353439763188359
leaf_weight=532 27 28 93 87 357 32 121 143 34 21 23 52 20 70 22
leaf_count=532 27 28 93 87 357 32 121 143 34 21 23 52 20 70 22
internal_value=1.65325e-05 -7.92769e-05 -0.000210773 -8.19251e-05 -0.000214697 -0.000732754 -0.000493208 0.000414548 0.000696093 -0.00156817 0.000972925 0.000304889 0.00317593 0.00114351 4.76869e-05
internal_weight=1662 1615 1386 1119 889 267 214 230 229 53 127 102 47 104 74
internal_count=1662 1615 1386 1119 889 267 214 230 229 53 127 102 47 104 74
is_linear=0
shrinkage=0.03


Tree=72
num_leaves=14
num_cat=0
split_feature=25 25 16 19 24 20 27 15 28 12 7 20 25
split_gain=0.542555 0.185971 0.102491 0.0892563 0.163704 0.0624301 0.0441617 0.0514975 0.0293848 0.0214785 0.00862913 0.0120358 0.00875465
threshold=3.0772479723112567 0.88826821880177864 0.87135852467650243 -0.79700715199803784 -1.3448617452220097 0.13716451180500366 -0.23350007155747129 -0.51330208416241252 0.051828017695931629 0.23323408177405078 0.74409613713187073 -0.51811176843097007 1.248804493364813
decision_type=2 2 2 2 2 2 2 2 2 2 2 2 2
left_child=1 2 3 5 -5 -1 7 -4 -8 -2 11 -3 -13
right_child=9 10 6 4 -6 -7 8 -9 -10 -11 -12 12 -14
leaf_value=-0.0008089271335226095 0.0042110203923657538 9.4133002134976361e-05 -0.00096800865322310367 0.0012871615175316308 -3.6843962787744393e-05 2.7623477184014124e-05 -0.0019387149236106778 -3.7159993108692986e-05 -0.00034130908055857829 0.0017980771005842023 0.00015771305599870779 0.00062468630319459145 0.0013814078177649364
leaf_weight=196 21 20 99 91 761 123 37 128 23 20 24 53 66
leaf_count=196 21 20 99 91 761 123 37 128 23 20 24 53 66
internal_value=1.6495e-05 -7.07858e-05 -0.000180478 -5.25141e-05 0.000105081 -0.000479801 -0.000686302 -0.000463499 -0.00141941 0.00330501 0.000877849 0.000975103 0.00109262
internal_weight=1662 1621 1458 1171 852 319 287 227 60 41 163 139 119
internal_count=1662 1621 1458 1171 852 319 287 227 60 41 163 139 119
is_linear=0
shrinkage=0.03


Tree=73
num_leaves=14
num_cat=0
split_feature=20 21 23 27 29 22 31 11 19 31 21 10 10
split_gain=0.322724 0.15756 0.176414 0.171568 0.160142 0.141507 0.0932364 0.129288 0.0898234 0.0639253 0.0361283 0.0204957 0.0118663
threshold=2.5992689101305766 -1.200397254072773 0.33221085076366008 -0.24891038210014374 -0.18054498295940929 -0.29896476309461434 -0.010775125343819506 -0.080386530166792494 -0.72210004743790834 -0.0073328935810525273 -1.6892405005045832 1.6712776944226906 0.079638212492217766
decision_type=2 2 2 2 2 2 2 2 2 2 2 2 2
left_child=1 8 3 5 -5 -3 7 -4 10 -8 -1 -10 -12
right_child=-2 2 6 4 -6 -7 9 -9 11 -11 12 -13 -14
leaf_value=-0.00061182446873250514 0.0029548502002038402 -0.0019483772661536931 0.0010764494199640947 0.00020236579841330531 -0.00067775829255338992 9.0950845482958738e-05 -0.00095776198710678369 1.7986271208309266e-05 0.0016527731777774169 0.0004769566150269384 0.00084527279440920009 0.00032113444420974699 3.4723252476312127e-05
leaf_weight=35 30 102 179 370 362 39 79 256 72 37 40 21 40
leaf_count=35 30 102 179 370 362 39 79 256 72 37 40 21 40
internal_value=1.63488e-05 -4.11555e-05 -0.000155953 -0.000421985 -0.000229795 -0.00137333 0.000260134 0.000464777 0.000721591 -0.000474439 0.000123648 0.00140276 0.000492046
internal_weight=1662 1632 1424 873 732 141 551 435 208 116 115 93 80
internal_count=1662 1632 1424 873 732 141 551 435 208 116 115 93 80
is_linear=0
shrinkage=0.03


Tree=74
num_leaves=14
num_cat=0
split_feature=25 25 10 23 27 31 21 25 23 21 3 29 7
split_gain=0.494348 0.167884 0.0919828 0.101051 0.220852 0.0908261 0.0502756 0.029822 0.0220552 0.0407318 0.0122038 0.00976347 0.00515104
threshold=3.0772479723112567 0.73342547887075982 -1.2633507067393779 0.33221085076366008 -0.24891038210014374 -0.010775125343819506 0.6867650461058431 -0.60522370322679486 -0.61693780373749207 -0.25681610398346505 0.31355180760488366 -0.15903672694496054 -0.22584456675383571
decision_type=2 2 2 2 2 2 2 2 2 2 2 2 2
left_child=1 2 6 4 -4 -5 7 -1 10 12 -3 -11 -10
right_child=-2 8 3 5 -6 -7 -8 -9 9 11 -12 -13 -14
leaf_value=0.0001040295037926863 0.0031553870075572794 0.0017889835722744464 -0.001677171695959068 0.0003633731003012912 -0.00025246602736467332 -0.00069453006629238744 -0.00025420283546970625 0.0017199331059353424 7.9036993960783411e-05 0.00089848416202644734 0.00048133412472984319 6.7865413451648204e-06 -0.00040377463834010996
leaf_weight=20 41 24 111 324 779 90 25 37 32 107 23 20 29
leaf_count=20 41 24 111 324 779 90 25 37 32 107 23 20 29
internal_value=1.63166e-05 -6.69149e-05 -0.000194616 -0.000258144 -0.000438551 0.000122858 0.000753792 0.0012365 0.000666605 0.000480811 0.00127634 0.000784533 -0.000111789
internal_weight=1662 1621 1386 1304 890 414 82 57 235 188 47 127 61
internal_count=1662 1621 1386 1304 890 414 82 57 235 188 47 127 61
is_linear=0
shrinkage=0.03


Tree=75
num_leaves=15
num_cat=0
split_feature=25 25 11 31 23 28 20 22 30 12 23 20 3 11
split_gain=0.466959 0.159439 0.0959797 0.0933531 0.0803475 0.17645 0.0612133 0.0608157 0.0524112 0.0234246 0.00944488 0.0278379 0.0113378 0.00937773
threshold=3.0772479723112567 0.88826821880177864 0.339416927268062 -0.011082434174031279 0.41323573590400225 -0.10705121694823642 -0.73131748395643859 0.16758163415166363 -0.22381575163605902 0.23323408177405078 -0.61693780373749207 0.96047586243270577 0.31355180760488366 -0.35474406664879926
decision_type=2 2 2 2 2 2 2 2 2 2 2 2 2 2
left_child=1 2 4 7 5 -1 -6 -4 -5 -2 12 13 -3 -12
right_child=9 10 3 8 6 -7 -8 -9 -10 -11 11 -13 -14 -15
leaf_value=-0.00094789369304964849 0.0039547357168048611 0.0017412773712227739 -0.00049905875925451693 -0.00050895662516073923 0.001578283392260066 9.6658540937705363e-05 0.00024124438074153763 -0.0018092393447566306 0.00031281307442794672 0.0016105323526391419 0.0011608336638200853 -0.00027162676703301259 0.00046856024805814605 0.00038975278274919439
leaf_weight=188 21 24 79 188 36 595 201 68 103 20 45 21 23 50
leaf_count=188 21 24 79 188 36 595 201 68 103 20 45 21 23 50
internal_value=1.62766e-05 -6.45661e-05 -0.000166263 -0.000536125 -3.40076e-06 -0.000152985 0.000474029 -0.00114919 -0.000207662 0.00306718 0.000813584 0.000587041 0.00124394 0.000809969
internal_weight=1662 1621 1458 438 1020 783 237 147 291 41 163 116 47 95
internal_count=1662 1621 1458 438 1020 783 237 147 291 41 163 116 47 95
is_linear=0
shrinkage=0.03


Tree=76
num_leaves=15
num_cat=0
split_feature=25 25 16 28 14 21 25 27 22 14 25 33 16 20
split_gain=0.443552 0.14132 0.0888429 0.0799324 0.102147 0.0576498 0.0905852 0.0801279 0.0560435 0.0182198 0.0277125 0.0160721 0.0122914 0.00501687
threshold=2.0940087730212285 0.73342547887075982 -0.44475952409166658 -0.096443575650389454 -0.74374369161758491 0.4480276466856567 0.60342594551613571 -0.24891038764004367 -0.25685651517609909 0.88606816001614763 1.0160380367591475 -0.35897824733954614 0.040713265986635085 -0.42716812985100189
decision_type=2 2 2 2 2 2 2 2 2 2 2 2 2 2
left_child=1 2 5 4 -4 6 -1 -7 -5 10 11 -3 -2 -12
right_child=12 9 3 8 -6 7 -8 -9 -10 -11 13 -13 -14 -15
leaf_value=0.00058206766669019038 0.0034270419686567039 0.00090248040063714151 -0.00080664328464726822 -8.2019118924380287e-05 2.7358911201610938e-05 0.00073840892830397923 -0.0013563648999223243 -0.00065959082285114664 -0.0011196221786187043 -6.8281157533279979e-05 0.00029700058182061183 0 0.0014880675906720367 0.0011312179445551603
leaf_weight=262 27 22 172 74 514 47 20 128 169 23 21 68 20 95
leaf_count=262 27 22 172 74 514 47 20 128 169 23 21 68 20 95
internal_value=1.64109e-05 -6.78076e-05 -0.000183832 -0.000352906 -0.000179997 0.000153403 0.000421233 -0.000261157 -0.000820693 0.000614785 0.00070529 0.000251808 0.00280074 0.0010167
internal_weight=1662 1615 1386 929 686 457 282 175 243 229 206 90 47 116
internal_count=1662 1615 1386 929 686 457 282 175 243 229 206 90 47 116
is_linear=0
shrinkage=0.03


Tree=77
num_leaves=15
num_cat=0
split_feature=25 25 25 23 24 27 12 23 21 27 17 29 7 16
split_gain=0.421612 0.143163 0.0874188 0.101758 0.240617 0.139355 0.0220707 0.0185275 0.0354844 0.0141302 0.0103062 0.010034 0.00498569 0.00283732
threshold=3.0772479723112567 0.73342547887075982 -1.2479285128501247 -1.0027705901200741 0.086470194767991365 -0.24826965762322611 0.23323408177405078 -0.61693780373749207 -0.25681610398346505 -0.24887020547792646 0.2338300961352765 -0.15903672694496054 -0.22584456675383571 1.3521009251645923
decision_type=2 2 2 2 2 2 2 2 2 2 2 2 2 2
left_child=1 2 9 5 -5 -4 -2 13 12 -1 -11 -10 -9 -3
right_child=6 7 3 4 -6 -7 -8 8 11 10 -12 -13 -14 -15
leaf_value=0 0.0037706590229645365 0.0014893952606129458 0.0015434985181176396 -0.0011581938407164928 3.4344129859629558e-06 0 0.0015119956459283179 8.0533393530640742e-05 0.00084152019445530386 -0.0012858918064104562 -0.00058299088834380534 0 -0.00039469451826880684 0.00049035423268366653
leaf_weight=20 21 27 70 198 771 191 20 32 107 63 73 20 29 20
leaf_count=20 21 27 70 198 771 191 20 32 107 63 73 20 29 20
internal_value=1.62313e-05 -6.04966e-05 -0.000178555 -9.00164e-05 -0.000233682 0.000428593 0.00291527 0.000616668 0.000444015 -0.000842914 -0.000950908 0.000727835 -0.000106431 0.0011792
internal_weight=1662 1621 1386 1230 969 261 41 235 188 156 136 127 61 47
internal_count=1662 1621 1386 1230 969 261 41 235 188 156 136 127 61 47
is_linear=0
shrinkage=0.03


Tree=78
num_leaves=15
num_cat=0
split_feature=20 21 24 28 22 28 27 27 19 34 33 10 10 8
split_gain=0.253779 0.127145 0.132662 0.160665 0.230935 0.106014 0.101715 0.073522 0.0658378 0.0314776 0.026081 0.0171698 0.00695131 0.0044482
threshold=2.5992689101305766 -1.200397254072773 0.12515484179474815 -0.10476757325427712 0.58603911330591274 -0.10705128315318367 -0.24633773756507674 -0.20697763610514844 -0.72210004743790834 -0.13132622788390827 -0.35897824734062955 1.6712776944226906 0.079638212492217766 0.32198065953642208
decision_type=2 2 2 2 2 2 2 2 2 2 2 2 2 2
left_child=1 8 3 4 -3 10 -7 -5 9 12 -4 -10 -1 -11
right_child=-2 2 5 7 -6 6 -8 -9 11 13 -12 -13 -14 -15
leaf_value=0.00078413271579111713 0.0026221172757954756 -0.00052167331963108273 0.0017203077594928728 -0.0024407012158551731 0.0014494081877093538 -0.00024316379654986894 0.00046853093457051228 -0.00085572508001937784 0.0014626818140875547 -1.1853313189931144e-06 0.00043962573407618549 0.00024440705293091012 7.9195125715970677e-05 -0.00078019889569638865
leaf_weight=40 30 233 36 34 66 582 258 175 72 21 40 21 34 20
leaf_count=40 30 233 36 34 66 582 258 175 72 21 40 21 34 20
internal_value=1.62598e-05 -3.45304e-05 -0.000137841 -0.000525892 -6.65753e-05 7.51161e-05 -2.01237e-05 -0.00115861 0.000650435 0.000132838 0.00112653 0.00123507 0.000514908 -0.00047666
internal_weight=1662 1632 1424 508 299 916 840 209 208 115 76 93 74 41
internal_count=1662 1632 1424 508 299 916 840 209 208 115 76 93 74 41
is_linear=0
shrinkage=0.03


Tree=79
num_leaves=15
num_cat=0
split_feature=25 25 16 19 22 14 34 14 12 14 25 30 33 3
split_gain=0.384106 0.129021 0.0807076 0.0668946 0.0657113 0.0427951 0.0375231 0.0410196 0.0215396 0.017745 0.0260502 0.0176603 0.0130778 0.00468451
threshold=3.0772479723112567 0.73342547887075982 0.87135852467650243 -0.79700715199803784 0.93589478752864463 0.39744904523292029 -0.12702358219332557 -0.52951166411646744 0.23323408177405078 1.0674955597352136 1.0160380367591475 1.8392740562765564 -0.35897824733954614 -0.089722147887636078
decision_type=2 2 2 2 2 2 2 2 2 2 2 2 2 2
left_child=1 2 3 5 -5 -1 7 -4 -2 10 12 -8 -3 -12
right_child=8 9 6 4 -6 -7 11 -9 -10 -11 13 -13 -14 -15
leaf_value=-0.00062229004960132322 0.0036158922892063853 0.00082775421456433829 -0.00089135474250451807 0.00024965491981228708 -0.00037160044662316622 0.00014634530486942954 -0.0018171187695248849 -3.2208787893450204e-05 0.0014209380822013252 -0.0001202939809882082 0.0012660180304711072 -0.00039629172603599728 0 0.00063474271648363868
leaf_weight=239 21 22 93 600 200 80 32 121 20 21 54 21 71 67
leaf_count=239 21 22 93 600 200 80 32 121 20 21 54 21 71 67
internal_value=1.61195e-05 -5.70345e-05 -0.000169197 -5.37794e-05 8.9797e-05 -0.000420645 -0.00063583 -0.000426562 0.00278325 0.000585675 0.000669482 -0.00135911 0.000236277 0.000964476
internal_weight=1662 1621 1386 1119 800 319 267 214 41 235 214 53 93 121
internal_count=1662 1621 1386 1119 800 319 267 214 41 235 214 53 93 121
is_linear=0
shrinkage=0.03


Tree=80
num_leaves=14
num_cat=0
split_feature=25 25 10 23 28 31 21 25 12 14 25 33 20
split_gain=0.364677 0.122087 0.0794232 0.0883108 0.197423 0.0809967 0.043024 0.0260448 0.0199335 0.0169146 0.0244211 0.0123696 0.00534337
threshold=3.0772479723112567 0.73342547887075982 -1.2633507067393779 0.33221085076366008 -0.10705127215764208 -0.01077512534352377 0.6867650461058431 -0.60522370322679486 0.23323408177405078 1.0674955597352136 1.0160380367591475 -0.35897824733954614 -0.38802015356493563
decision_type=2 2 2 2 2 2 2 2 2 2 2 2 2
left_child=1 2 6 4 -4 -5 7 -1 -2 10 11 -3 -12
right_child=8 9 3 5 -6 -7 -8 -9 -10 -11 12 -13 -14
leaf_value=9.3845574195375255e-05 0.0035209750169888135 0.00080590151196636723 -0.0015814683425517098 0.00035174548807963328 -0.00021917433722641144 -0.00066661876621550284 -0.00020946692030754223 0.0016153526005335151 0.001383870118824036 -0.00011713626980781555 0.00030812765224355051 0 0.0010646176940989586
leaf_weight=20 21 22 108 329 782 85 25 37 20 21 26 71 95
leaf_count=20 21 22 108 329 782 85 25 37 20 21 26 71 95
internal_value=1.5829e-05 -5.54046e-05 -0.000164557 -0.000223778 -0.000392603 0.000132175 0.000716559 0.00116288 0.0027121 0.000569719 0.000651634 0.000230586 0.000937647
internal_weight=1662 1621 1386 1304 890 414 82 57 41 235 214 93 121
internal_count=1662 1621 1386 1304 890 414 82 57 41 235 214 93 121
is_linear=0
shrinkage=0.03


Tree=81
num_leaves=14
num_cat=0
split_feature=25 25 16 19 11 21 25 28 15 14 25 23 3
split_gain=0.346166 0.115347 0.0773505 0.074209 0.0533168 0.0503541 0.0817441 0.0711809 0.019754 0.0161185 0.0231912 0.014643 0.00738457
threshold=3.0772479723112567 0.73342547887075982 -0.44475952409166658 1.4411014270901081 0.50617571858796129 0.4480276466856567 0.60342594551613571 -0.10705128313770139 1.1576497854489158 1.0674955597352136 1.248804493364813 0.74119360432919723 0.30718467808549527
decision_type=2 2 2 2 2 2 2 2 2 2 2 2 2
left_child=1 2 5 4 -4 6 -1 -7 -5 10 11 -3 -12
right_child=-2 9 3 8 -6 7 -8 -9 -10 -11 12 -13 -14
leaf_value=0.00055826379784409237 0.0026428153917870739 2.8476164770290775e-05 -0.00021716753479976336 0.00095908390979639068 -0.00072885318996267331 0.00073602943003061216 -0.0012813515652618979 -0.0005983717376333434 -2.9194569437886054e-05 -0.0001140614300384186 0.0013440578395826741 0.00070068806929630219 0.00047432854798777646
leaf_weight=262 41 77 575 45 289 45 20 130 20 21 47 57 33
leaf_count=262 41 77 575 45 289 45 20 130 20 21 47 57 33
internal_value=1.58414e-05 -5.35148e-05 -0.000159661 -0.000317579 -0.000393712 0.000154815 0.000405154 -0.000231764 0.000623008 0.000554036 0.000634093 0.000345397 0.00105155
internal_weight=1662 1621 1386 929 864 457 282 175 65 235 214 134 80
internal_count=1662 1621 1386 929 864 457 282 175 65 235 214 134 80
is_linear=0
shrinkage=0.03


Tree=82
num_leaves=12
num_cat=0
split_feature=20 19 22 19 23 22 31 15 29 29 29
split_gain=0.210323 0.0904735 0.106838 0.115247 0.212353 0.0812575 0.0558741 0.0440793 0.0243168 0.0179617 0.0171358
threshold=2.5992689101305766 1.6172354147258288 1.0348058711675738 -0.78890965033282501 -0.57063786937158223 1.3816306175195636 -0.013146205443307813 1.2073135854177039 -0.19094168405453313 -0.16190178502373254 -0.17698727687155921
decision_type=2 2 2 2 2 2 2 2 2 2 2
left_child=1 2 3 6 -5 9 -1 10 -7 -4 -3
right_child=-2 7 5 4 -6 8 -8 -9 -10 -11 -12
leaf_value=-0.00092354818746786236 0.0023880179464309051 0.0014709720463043886 -0.002339857284393575 0.00090308206208355578 -9.6470180262623448e-05 0.00027605245832413395 -0.00014664814479739224 -0.00028833259206265208 -0.00051900779406217424 -0.00092526011164413709 0.00043820433304478813
leaf_weight=129 30 50 24 268 635 40 263 22 124 38 39
leaf_count=129 30 50 24 268 635 40 263 22 124 38 39
internal_value=1.56621e-05 -3.04142e-05 -9.31004e-05 1.02238e-05 0.000198882 -0.000690636 -0.000414979 0.000782086 -0.000305651 -0.00160172 0.00108007
internal_weight=1662 1632 1521 1295 903 226 392 111 164 62 89
internal_count=1662 1632 1521 1295 903 226 392 111 164 62 89
is_linear=0
shrinkage=0.03


Tree=83
num_leaves=15
num_cat=0
split_feature=25 25 25 23 24 32 12 11 14 25 30 14 28 20
split_gain=0.314842 0.104566 0.0743762 0.0875253 0.20383 0.118035 0.0212657 0.016408 0.0159276 0.0207891 0.0111005 0.00843711 0.00574401 0.00459485
threshold=3.0772479723112567 0.73342547887075982 -1.2479285128501247 -1.0027705901200741 0.086470194767991365 -0.2867234569473483 0.22590944121500284 -0.26079887427084464 1.0674955597352136 1.0160380367591475 -0.082939578529149002 -0.42714439910379137 0.13347074561089825 -0.42716812985100189
decision_type=2 2 2 2 2 2 2 2 2 2 2 2 2 2
left_child=1 2 7 5 -5 -4 -2 10 9 11 -1 -3 -9 -11
right_child=6 8 3 4 -6 -7 -8 12 -10 13 -12 -13 -14 -15
leaf_value=0.00013164819308139126 0.0033592207903123416 0.00053536604213046048 0.0014082557754269433 -0.0010549093828825002 1.4092181740281812e-05 0 0.0012764891337137668 -0.0010923720059875883 -0.00013769379857694731 0.00020720878249267115 -0.00068830141751095647 0 -0.00023470354612673756 0.00097257030078829311
leaf_weight=26 20 39 73 198 771 188 21 89 21 21 21 54 20 100
leaf_count=26 20 39 73 198 771 188 21 89 21 21 21 54 20 100
internal_value=1.50429e-05 -5.10169e-05 -0.00015216 -7.03591e-05 -0.000203837 0.000410518 0.0025204 -0.000764766 0.000527307 0.000607391 -0.000194029 0.000215167 -0.000972289 0.000872159
internal_weight=1662 1621 1386 1230 969 261 41 156 235 214 47 93 109 121
internal_count=1662 1621 1386 1230 969 261 41 156 235 214 47 93 109 121
is_linear=0
shrinkage=0.03


Tree=84
num_leaves=15
num_cat=0
split_feature=25 25 11 23 33 19 21 19 24 16 15 34 27 12
split_gain=0.298959 0.101511 0.117937 0.0611409 0.141475 0.0557779 0.0857793 0.0533254 0.0633586 0.050317 0.0267064 0.0238848 0.0225396 0.0197571
threshold=3.0772479723112567 0.46617096495067012 -0.67283470295099135 0.18173606407445297 -0.35897824733645189 -0.77878642188274416 0.62992280814865587 1.4927269556160758 -1.4093361569332712 -0.19833725926463017 -1.019704216201099 -0.14023827394405949 -0.24808233671854843 0.22590944121500284
decision_type=2 2 2 2 2 2 2 2 2 2 2 2 2 2
left_child=1 2 5 4 -3 11 -7 8 -4 -6 -5 -1 -12 -2
right_child=13 3 7 10 9 6 -8 -9 -10 -11 12 -13 -14 -15
leaf_value=-0.00099383977025506963 0.0032715890567911704 -0.0017375146866727032 0.00011825903123465074 0.001650468096481231 -0.00048875396492971607 0.0011181661133505558 -0.00017098391934668541 0.00069052989689474245 -0.00051420464960560323 0.0007963154064857883 0.00026268170538764555 0.00015624466201032711 0.0008926820598542689 0.0012429812836926429
leaf_weight=28 20 35 166 20 36 119 68 38 743 78 178 25 87 21
leaf_count=28 20 35 166 20 36 119 68 38 743 78 178 25 87 21
internal_value=1.49449e-05 -4.9381e-05 -0.000194502 0.000339273 -0.00013543 0.000390297 0.000638297 -0.000346631 -0.000395407 0.000362736 0.000596693 -0.000418468 0.000488383 0.00245632
internal_weight=1662 1621 1187 434 149 240 187 947 909 114 285 53 265 41
internal_count=1662 1621 1187 434 149 240 187 947 909 114 285 53 265 41
is_linear=0
shrinkage=0.03


Tree=85
num_leaves=13
num_cat=0
split_feature=25 25 19 21 24 27 15 15 11 29 29 17
split_gain=0.284049 0.0909306 0.0687596 0.0948457 0.0807836 0.0669696 0.0422345 0.0186739 0.0144976 0.0130431 0.0101048 0.0044885
threshold=2.0940087730212285 -1.2318727472985653 1.6637985546470182 0.45939609427709421 0.39594737098204574 -0.2489103876360873 1.2073135854177039 2.7417823163461308 -0.26079887427084464 -0.17698727687155921 -0.088238848312665222 0.2338300961352765
decision_type=2 2 2 2 2 2 2 2 2 2 2 2
left_child=1 8 3 4 -3 -5 9 -2 10 -4 -1 -10
right_child=7 2 6 5 -6 -7 -8 -9 11 -11 -12 -13
leaf_value=0.00013111561947855456 0.0012658649362623691 1.7004870762335783e-05 0.0014186766383796929 0.00012965910434700073 0.00080137717986269357 -0.00061906977248839495 -0.00029100729759782548 0.0030954618287050042 -0.0012106404642943504 0.00044682966610416774 -0.00064063127964735032 -0.00058470997104065152
leaf_weight=26 27 732 47 150 140 324 22 20 50 37 22 65
leaf_count=26 27 732 47 150 140 324 22 20 50 37 22 65
internal_value=1.5053e-05 -5.19829e-05 2.20133e-05 -3.44718e-05 0.000148681 -0.000376516 0.000747998 0.00224343 -0.000717697 0.00105525 -0.000180655 -0.000906137
internal_weight=1662 1615 1452 1346 872 474 106 47 163 84 48 115
internal_count=1662 1615 1452 1346 872 474 106 47 163 84 48 115
is_linear=0
shrinkage=0.03


Tree=86
num_leaves=16
num_cat=0
split_feature=25 25 11 22 28 23 33 19 24 13 11 24 33 12 17
split_gain=0.269937 0.0920501 0.10937 0.0685802 0.0715858 0.0566242 0.133667 0.048513 0.0587623 0.0464859 0.0251231 0.0237883 0.0231509 0.0197435 0.0105701
threshold=3.0772479723112567 0.46617096495067012 -0.67283470295099135 0.074975962958116454 -0.10690815811354053 0.18173606407445297 -0.35897824733645189 1.4927269556160758 -1.4093361569332712 -0.20655782720333635 -0.097623252558959095 0.75700407656510926 -0.35897824735397604 0.23323408177405078 0.47773662862742533
decision_type=2 2 2 2 2 2 2 2 2 2 2 2 2 2 2
left_child=1 2 3 11 -5 6 -3 8 -4 -8 12 -1 -7 -2 -12
right_child=13 5 7 4 -6 10 9 -9 -10 -11 14 -13 -14 -15 -16
leaf_value=0.00099844764674021647 0.0030904641475062817 -0.0016899742898776342 0.00011661384549796494 0.0012013961776345967 -0.00061031685020425353 0.00026386090173669485 -0.00044971573719230948 0.00065704195676144299 -0.00049204243455263025 0.00077607494217809289 -2.9410390805320008e-05 0 0.0010582560961574301 0.0011113497058294064 0.00054169887036966552
leaf_weight=112 21 35 166 22 82 66 37 38 743 77 67 24 113 20 39
leaf_count=112 21 35 166 22 82 66 37 38 743 77 67 24 113 20 39
internal_value=1.49236e-05 -4.61111e-05 -0.000184386 0.000378591 -0.000176094 0.000323879 -0.000132379 -0.000330965 -0.000377583 0.00035126 0.000571725 0.000818991 0.000791012 0.00233482 0.000162318
internal_weight=1662 1621 1187 240 104 434 149 947 909 114 285 136 179 41 106
internal_count=1662 1621 1187 240 104 434 149 947 909 114 285 136 179 41 106
is_linear=0
shrinkage=0.03


Tree=87
num_leaves=14
num_cat=0
split_feature=25 25 23 23 32 19 22 22 15 11 9 22 17
split_gain=0.256389 0.0840564 0.0925865 0.168117 0.112217 0.0671757 0.0443572 0.0400676 0.0183593 0.0133538 0.0128975 0.0101801 0.00345464
threshold=2.0940087730212285 -1.2318727472985653 -1.0027705901200741 -0.76355426256287329 -0.2867234569473483 1.4927269556160758 -0.11020831757298975 0.3721692654267158 2.7417823163461308 0.096035430253339327 0.2842387792635786 0.074975962958116454 0.2338300961352765
decision_type=2 2 2 2 2 2 2 2 2 2 2 2 2
left_child=1 9 4 7 10 -5 -6 -4 -2 11 -3 -1 -11
right_child=8 2 3 5 6 -7 -8 -9 -10 12 -12 -13 -14
leaf_value=2.1657920256257051e-05 0.001182058738172054 0.0016575660636182874 -0.00016388800118118522 -9.2036098374386692e-05 0.00048057130200221485 0.00061027045958140429 -0.00038556141497869732 -0.001863285433550022 0.0029629231492543347 -0.0012628684331078169 0.00067442656241270701 -0.00060909978020936249 -0.0005853454027282581
leaf_weight=32 27 57 22 935 112 138 94 54 20 40 40 39 52
leaf_count=32 27 57 22 935 112 138 94 54 20 40 40 39 52
internal_value=1.50281e-05 -4.85706e-05 2.24978e-05 -9.85991e-05 0.000487976 0 7.11303e-05 -0.00143423 0.00213218 -0.000688684 0.00131454 -0.000294921 -0.000942077
internal_weight=1662 1615 1452 1149 303 1073 206 76 47 163 97 71 92
internal_count=1662 1615 1452 1149 303 1073 206 76 47 163 97 71 92
is_linear=0
shrinkage=0.03


Tree=88
num_leaves=16
num_cat=0
split_feature=25 25 16 23 33 21 28 19 15 16 22 25 15 12 32
split_gain=0.24377 0.0833777 0.096529 0.0542761 0.124477 0.0510896 0.0785578 0.0762856 0.0499255 0.0435272 0.0432046 0.0258969 0.0250133 0.0196038 0.0180069
threshold=3.0772479723112567 0.46617096495067012 -0.44475952409166658 0.18173606407445297 -0.35897824733645189 0.62992280814865587 -0.10705128313770139 -0.72210004743790834 0.63096914288597816 -0.19833725926463017 -1.1175047211867379 -0.93353882449412018 -0.96205763299042968 0.22590944121500284 -0.28527449485253092
decision_type=2 2 2 2 2 2 2 2 2 2 2 2 2 2 2
left_child=1 2 5 4 -3 7 -7 -1 10 -6 -4 -10 -5 -2 -14
right_child=13 3 8 12 9 6 -8 -9 11 -11 -12 -13 14 -15 -16
leaf_value=-0.00015637656127684749 0.0029993798544468439 -0.0016407345173586356 0.00047895817807875577 0.0013967208522954024 -0.00046041459514974402 0.0011988922730804634 -0.00062028577828297977 0.000892144679398317 -0.00045820669665593992 0.00073301339396103103 -0.0005467958447995723 0.00031112066597382249 0.00025869089252691165 0.0010693174456246196 0.00088979604101768923
leaf_weight=97 20 35 34 29 36 23 105 150 52 78 599 127 195 21 61
leaf_count=97 20 35 34 29 36 23 105 150 52 78 599 127 195 21 61
internal_value=1.46653e-05 -4.32461e-05 -0.000174928 0.000308771 -0.000137697 0.000217039 -0.000250532 0.000471442 -0.000359761 0.000328358 -0.000484984 6.72765e-05 0.000551607 0.0022193 0.000429219
internal_weight=1662 1621 1187 434 149 375 128 247 812 114 633 179 285 41 256
internal_count=1662 1621 1187 434 149 375 128 247 812 114 633 179 285 41 256
is_linear=0
shrinkage=0.03


Tree=89
num_leaves=15
num_cat=0
split_feature=25 25 23 23 27 21 22 22 15 11 22 8 17 33
split_gain=0.231558 0.0771808 0.0860485 0.15729 0.105687 0.0733194 0.0383256 0.0367828 0.0178874 0.0124241 0.0168798 0.00779644 0.00407148 0.00137672
threshold=2.0940087730212285 -1.2318727472985653 -1.0027705901200741 -0.76355426256287329 -0.24826965762322611 -0.29660567055349613 -0.11020831757298975 0.3721692654267158 2.7417823163461308 -0.26079887427084464 0.074975962958116454 0.67220814402383533 0.2338300961352765 -0.33610560288279356
decision_type=2 2 2 2 2 2 2 2 2 2 2 2 2 2
left_child=1 9 4 7 11 -5 -6 -4 -2 10 -1 -3 -11 -14
right_child=8 2 3 5 6 -7 -8 -9 -10 12 -12 -13 13 -15
leaf_value=0.00039129685136773018 0.0011041092608124017 0.0014902174676041282 -0.00016106207996606826 -0.00058751581983960922 0.00045877148439176375 0.00010478784746562448 -0.0003387958039459772 -0.001797920333141902 0.002835515646041249 -0.0011219529269509158 -0.00064588714099579278 0.000500648321894308 -0.00083305420540273189 -0.00027493329498015265
leaf_weight=20 27 70 22 159 112 914 97 54 20 50 28 24 21 44
leaf_count=20 27 70 22 159 112 914 97 54 20 50 28 24 21 44
internal_value=1.47304e-05 -4.56205e-05 2.23968e-05 -9.42666e-05 0.000471185 0 7.49016e-05 -0.00138618 0.0020268 -0.000659044 -0.000157307 0.00129179 -0.000833718 -0.000528164
internal_weight=1662 1615 1452 1149 303 1073 209 76 47 163 48 94 115 65
internal_count=1662 1615 1452 1149 303 1073 209 76 47 163 48 94 115 65
is_linear=0
shrinkage=0.03


Tree=90
num_leaves=18
num_cat=0
split_feature=25 16 15 23 28 15 17 30 34 28 16 15 27 14 20 16 15
split_gain=0.220415 0.0710602 0.0694478 0.066396 0.0858501 0.121816 0.0705017 0.0644766 0.0305305 0.0386258 0.0269596 0.0253081 0.0162299 0.0138698 0.00997716 0.0079186 0.00748118
threshold=1.248804493364813 0.87135852467650243 2.7417823163461308 0.41323573590400225 -0.10705121694823642 -0.35130296703645492 -0.43415596375639937 -0.21830938624555341 -0.12702358219332557 0.051828017695931629 -0.53004166350685689 -0.51330208416241252 -0.24657860227531156 0.42087018616476712 -0.96259149210604777 1.7100945208235097 -0.07500257156785807
decision_type=2 2 2 2 2 2 2 2 2 2 2 2 2 2 2 2 2
left_child=1 3 13 4 5 -1 12 -6 11 -10 -8 14 -5 16 -3 -13 -2
right_child=2 8 -4 6 7 -7 10 -9 9 -11 -12 15 -14 -15 -16 -17 -18
leaf_value=-0.0010086662494262462 0.00033802581739868838 0 0.0027615457043158008 -0.00051736877621403211 0.00032515535839557855 0.00079100586815805316 0.0012052885969516946 -0.00024793261226118519 -0.0017781490862635628 -4.3679876741057683e-05 0.00042219481367107667 7.2108404619038247e-05 0.00026781925811374097 0.00010059595587881631 -0.00079675804214228104 -0.00047802677692781233 0.0012245687732240183
leaf_weight=167 26 22 20 71 352 38 64 346 32 23 167 106 27 29 89 26 57
leaf_count=167 26 22 20 71 352 38 64 346 32 23 167 106 27 29 89 26 57
internal_value=1.42412e-05 -8.63013e-05 0.00117786 1.22562e-05 -0.000118256 -0.000654048 0.00037734 3.69496e-05 -0.000499788 -0.00114433 0.000664647 -0.000329534 -0.000269809 0.000804313 -0.000658442 -2.22442e-05 0.00100322
internal_weight=1662 1530 132 1232 903 205 329 698 298 55 231 243 98 112 111 132 83
internal_count=1662 1530 132 1232 903 205 329 698 298 55 231 243 98 112 111 132 83
is_linear=0
shrinkage=0.03


Tree=91
num_leaves=19
num_cat=0
split_feature=21 24 28 22 28 19 33 16 20 29 16 33 24 13 20 19 33 9
split_gain=0.139957 0.0945313 0.112541 0.165636 0.0916573 0.0811149 0.0642952 0.0537652 0.0527055 0.0516599 0.0466039 0.0452736 0.0300582 0.0252866 0.013884 0.0198747 0.00725724 0.00513628
threshold=-1.200397254072773 0.12515484179474815 -0.10476757325427712 0.58603911330591274 -0.1070512831531837 0.24258465458456008 -0.27092491616097641 -1.5338441579141777 -0.72409017810911669 -0.15301812757884048 0.33661977878057819 0.47743799540313386 0.44752690035105486 1.5547629111066765 1.3633985646873168 -0.77068892021753133 -0.14512280297629152 0.20711327930248261
decision_type=2 2 2 2 2 2 2 2 2 2 2 2 2 2 2 2 2 2
left_child=5 2 3 8 12 13 7 -6 -2 -4 -7 -8 -3 14 15 -1 -11 -5
right_child=1 4 9 17 6 10 11 -9 -10 16 -12 -13 -14 -15 -16 -17 -18 -19
leaf_value=0.00033040225839121612 -0.0012690188633673384 0.00030343430947798951 -0.0019221631829753854 0.0016638581510633229 0.0008958983567342307 0.0024288083680850617 0.00087844449477981665 -0.00019034695363962279 -0.00016296044669035189 -0.00022681050143698799 0.00033592706816473414 -0.00039768354254774747 0.001654154106633874 -0.00032842862254806927 0 0.0012460388506629638 -0.00080487551611522199 0.00071504327995129506
leaf_weight=78 50 36 41 30 40 31 105 671 183 46 20 27 38 32 37 39 122 36
leaf_count=78 50 36 41 30 40 31 105 671 183 46 20 27 38 32 37 39 122 36
internal_value=1.40329e-05 -9.68119e-05 -0.0004248 -3.89889e-05 8.24191e-05 0.000685884 -4.52567e-06 -0.000121527 -0.000426138 -0.000954237 0.00172789 0.000592159 0.00107343 0.00036141 0.000527398 0.000684135 -0.000670896 0.00124339
internal_weight=1662 1425 508 299 917 237 843 711 233 209 51 132 74 186 154 117 168 66
internal_count=1662 1425 508 299 917 237 843 711 233 209 51 132 74 186 154 117 168 66
is_linear=0
shrinkage=0.03


Tree=92
num_leaves=19
num_cat=0
split_feature=25 15 16 23 27 22 22 31 20 27 34 28 15 14 20 16 15 3
split_gain=0.20021 0.0766594 0.0663697 0.0533732 0.148319 0.0888056 0.0766611 0.0617617 0.0432053 0.0343098 0.0279604 0.0317907 0.0287205 0.0140087 0.0127134 0.0073412 0.00559122 0.000512396
threshold=0.97646089031811156 2.7417823163461308 0.87135852467650243 0.33221085076366008 -0.24891038210014374 -0.29896476309461434 1.1736602542459176 -0.010775125343819506 -0.75360169018556444 -0.24808233671854843 -0.12702358219332557 0.051828017695931629 -0.51330208416241252 0.63577855498908697 -0.8891137996445605 1.7100945208235097 0.33153278131755409 -0.09607603612584055
decision_type=2 2 2 2 2 2 2 2 2 2 2 2 2 2 2 2 2 2
left_child=2 13 3 4 5 -1 -6 8 -5 -9 12 -12 14 16 -4 -14 17 -2
right_child=1 -3 10 7 6 -7 -8 9 -10 -11 11 -13 15 -15 -16 -17 -18 -19
leaf_value=-0.0015511614005682209 0.00083176337448673374 0.0026357833112023122 -0.00014943312408925011 0.0013459507001098246 0.00013546917893365979 0.00042542439342476427 -0.00086017093490450998 -0.00097617276774405537 0.00031938009025431858 0.0001930833661351174 -0.001697427547749664 -5.0737688496155892e-05 7.2083397903009703e-05 0 -0.0009606134159004557 -0.00045804353215699571 0.0013599238979816435 0.00041548104480840258
leaf_weight=90 46 20 38 45 631 22 75 43 251 36 32 21 106 20 66 26 22 72
leaf_count=90 46 20 38 45 631 22 75 43 251 36 32 21 106 20 66 26 22 72
internal_value=1.39571e-05 0.000951777 -9.96207e-05 0 -0.00013621 -0.00113585 2.22766e-05 0.000294589 0.000497419 -0.000419191 -0.00050501 -0.00113621 -0.000338223 0.000678234 -0.000704758 -1.79716e-05 0.000782626 0.000619153
internal_weight=1662 180 1482 1193 818 112 706 375 296 79 289 53 236 160 104 132 140 118
internal_count=1662 180 1482 1193 818 112 706 375 296 79 289 53 236 160 104 132 140 118
is_linear=0
shrinkage=0.03


Tree=93
num_leaves=15
num_cat=0
split_feature=25 25 23 24 27 23 30 20 12 1 11 29 17 33
split_gain=0.190895 0.0702712 0.0765174 0.147236 0.0996265 0.0830022 0.0738023 0.0336013 0.0211137 0.0152183 0.0112323 0.00819578 0.00394823 0.00149386
threshold=3.0772479723112567 -1.2318727472985653 -1.0027705901200741 0.09936507711024363 -0.24826965762322611 0.13157780184471732 -0.2238252855180127 -0.16397350787659612 0.23323408177405078 0.68664606975921494 -0.26079887427084464 -0.088238848312665222 0.2338300961352765 -0.33610560288279356
decision_type=2 2 2 2 2 2 2 2 2 2 2 2 2 2
left_child=1 10 4 5 9 -4 -5 -6 -2 -3 11 -1 -12 -14
right_child=8 2 3 6 7 -7 -8 -9 -10 -11 12 -13 13 -15
leaf_value=0.0001304349982227873 0.0026862951148068528 0.0014653441687487063 -0.001072651940197606 -0.00017751164008516918 -0.00078714298099443749 0 0.00036772801792815343 0.00023370926297598536 0.00082502349595660752 0.0003545116577630064 -0.0010692217710234644 -0.00056306248895823959 -0.00079071530792862172 -0.00024441043650539484
leaf_weight=26 21 72 176 424 31 94 457 179 20 25 50 22 21 44
leaf_count=26 21 72 176 424 31 94 457 179 20 25 50 22 21 44
internal_value=1.36235e-05 -3.74159e-05 2.71484e-05 -8.31331e-05 0.000447095 -0.000693381 0.000102214 5.99635e-05 0.0019647 0.00122827 -0.000623055 -0.000143019 -0.000789265 -0.000492124
internal_weight=1662 1621 1458 1151 307 270 881 210 41 97 163 48 115 65
internal_count=1662 1621 1458 1151 307 270 881 210 41 97 163 48 115 65
is_linear=0
shrinkage=0.03


Tree=94
num_leaves=19
num_cat=0
split_feature=25 15 16 15 22 22 11 34 28 15 11 7 20 24 24 16 15 25
split_gain=0.182117 0.0703844 0.0624402 0.0485537 0.0721719 0.129998 0.0771518 0.0255996 0.0291911 0.0262838 0.0179921 0.0173948 0.0119664 0.0118656 0.0114258 0.0068162 0.00417239 0.00192513
threshold=0.97646089031811156 2.7417823163461308 0.87135852467650243 0.33153278131755409 -0.37265419695201712 -0.31993770148590678 -0.32399100177442358 -0.12702358219332557 0.051828017695931629 -0.51330208416241252 0.26476452944816581 0.87825499949023744 -0.8891137996445605 1.6854356052072721 1.4920123700734884 1.7100945208235097 -0.4271430837002973 1.248804493364813
decision_type=2 2 2 2 2 2 2 2 2 2 2 2 2 2 2 2 2 2
left_child=2 11 3 4 6 -6 -1 9 -9 12 13 16 -4 -5 -12 -11 -2 -18
right_child=1 -3 7 10 5 -7 -8 8 -10 15 14 -13 -14 -15 -16 -17 17 -19
leaf_value=0.00050428040033131017 0.00028531556527092551 0.0025228165221886467 -0.00013808446383762468 0.00065282316484672261 -0.0026184541864887525 -0.00026469579729633937 -0.00020094692225701755 -0.001631728006207517 -4.7055947987246316e-05 6.5772557013813376e-05 -0.00013918050529229312 -1.4065650310367339e-05 -0.00092661898961776614 0 0.00061762091736106768 -0.00044401499323932261 0.00029029717651428655 0.00098755800419589941
leaf_weight=252 34 20 38 141 20 366 299 32 21 106 75 22 66 20 20 26 21 83
leaf_count=252 34 20 38 141 20 366 299 32 21 106 75 22 66 20 20 26 21 83
internal_value=1.32831e-05 0.000907797 -9.49567e-05 0 -9.89273e-05 -0.000413617 0.000117158 -0.000488169 -0.00109357 -0.000327638 0.000364966 0.000644798 -0.000678488 0.000555958 3.56328e-06 -2.00535e-05 0.000769176 0.000886889
internal_weight=1662 180 1482 1193 937 386 551 289 53 236 256 160 104 161 95 132 138 104
internal_count=1662 180 1482 1193 937 386 551 289 53 236 256 160 104 161 95 132 138 104
is_linear=0
shrinkage=0.03


Tree=95
num_leaves=14
num_cat=0
split_feature=25 25 23 24 32 23 21 25 12 11 9 8 17
split_gain=0.17301 0.064295 0.069171 0.136806 0.0879754 0.0765984 0.0668672 0.0310363 0.0151491 0.0116249 0.0111994 0.00648986 0.00105984
threshold=2.0940087730212285 -1.2479285128501247 -1.0027705901200741 0.086470194767991365 -0.2867234569473483 0.13157780184471732 0.45939609427709421 -0.61450945317732286 0.55977069681447922 0.096035430253339327 0.67059476144403785 -0.055389802829800598 0.2338300961352765
decision_type=2 2 2 2 2 2 2 2 2 2 2 2 2
left_child=1 9 4 5 10 -4 -5 -6 -2 11 -3 -1 -11
right_child=8 2 3 6 7 -7 -8 -9 -10 12 -12 -13 -14
leaf_value=0 0.0022773466699640265 0.0013727482057017638 -0.0010550837770280715 0.00041233098274938895 -0.00059986414724698986 0 -0.00011417678026039618 0.00026137317310256713 0.00070786411541959521 -0.0011205409817131502 0.00037811543011299242 -0.00049386639387479848 -0.0005288916436582803
leaf_weight=31 27 71 170 353 45 91 541 162 20 39 26 39 47
leaf_count=31 27 71 170 353 45 91 541 162 20 39 26 39 47
internal_value=1.26445e-05 -3.92758e-05 2.11269e-05 -8.28967e-05 0.000423068 -0.000684364 9.10565e-05 5.39671e-05 0.00175203 -0.000612803 0.00115549 -0.000245594 -0.000859633
internal_weight=1662 1615 1459 1155 304 261 894 207 47 156 97 70 86
internal_count=1662 1615 1459 1155 304 261 894 207 47 156 97 70 86
is_linear=0
shrinkage=0.03


Tree=96
num_leaves=16
num_cat=0
split_feature=25 15 16 29 10 23 22 7 15 11 25 29 25 15 14
split_gain=0.166161 0.0650107 0.0581519 0.0488765 0.0494109 0.0463716 0.0232507 0.0164942 0.014256 0.0133843 0.0116794 0.0146234 0.00798326 0.00383465 0.00127509
threshold=0.97646089031811156 2.7417823163461308 1.3262993280427526 -0.028463756635693262 -1.2633507067393779 0.33221085076366008 -0.25685651517609909 0.87825499949023744 -0.23953890306185352 -1.0670646424328636 0.26521221704497794 -0.18005174905221291 -0.12494026702772494 -0.4271430837002973 0.46896664669324217
decision_type=2 2 2 2 2 2 2 2 2 2 2 2 2 2 2
left_child=2 7 3 4 8 -6 -5 13 -1 -8 11 12 -4 -2 -15
right_child=1 -3 10 6 5 -7 9 -9 -10 -11 -12 -13 -14 14 -16
leaf_value=0.0014673690392822025 0.00026675179067092974 0.0024201135157364538 -1.4229457572634726e-05 8.6707839171867813e-05 -0.00015625035151007105 0.00024251850822354124 0 -2.5725585334002966e-05 0.00034834962286653794 -0.00082802023903177284 -0.00011354991247644646 -0.0013591092584654689 -0.00080223150678624907 0.00094883352700188489 0.00030952517634544237
leaf_weight=22 34 20 32 37 706 413 23 22 39 108 37 37 28 81 23
leaf_count=22 34 20 32 37 706 413 23 22 39 108 37 37 28 81 23
internal_value=1.23762e-05 0.00086688 -9.0931e-05 -2.86891e-05 3.75495e-05 -6.14421e-06 -0.000503977 0.000613352 0.00084867 -0.000691406 -0.000680829 -0.000857316 -0.000450273 0.00073489 0.000848128
internal_weight=1662 180 1482 1348 1180 1119 168 160 61 131 134 97 60 138 104
internal_count=1662 180 1482 1348 1180 1119 168 160 61 131 134 97 60 138 104
is_linear=0
shrinkage=0.03


Tree=97
num_leaves=18
num_cat=0
split_feature=25 15 16 15 31 20 24 34 28 15 7 25 27 20 16 15 25
split_gain=0.157373 0.0616076 0.0561194 0.0457151 0.065765 0.084389 0.0770441 0.0220372 0.0270597 0.0240072 0.0157252 0.0140114 0.0157718 0.011054 0.0062729 0.00349049 0.00144216
threshold=0.97646089031811156 2.7417823163461308 0.87135852467650243 0.33153278131755409 -0.011724976864696686 -0.64097607805195855 -1.3706515099065142 -0.12702358219332557 0.051828017695931629 -0.51330208416241252 0.87825499949023744 -1.3483988071830848 -0.24890194381348338 -0.8891137996445605 1.7100945208235097 -0.4271430837002973 1.248804493364813
decision_type=2 2 2 2 2 2 2 2 2 2 2 2 2 2 2 2 2
left_child=2 10 3 4 5 -1 -6 9 -9 13 15 -5 -13 -4 -11 -2 -17
right_child=1 -3 7 11 6 -7 -8 8 -10 14 -12 12 -14 -15 -16 16 -18
leaf_value=0.00076313331425384 0.00025939808989799507 0.0023569801108830647 -0.00012426868374686598 -0.00029260052764869254 0.0010134334734592364 -0.00079467370377960835 -5.2709886104596341e-05 -0.0015419434778126222 -1.8717657629167651e-05 6.5670814941484493e-05 -2.5046420954167835e-05 -7.8285251135149812e-05 0.0005316345172921617 -0.00088423608796185118 -0.0004238260009261812 0.00026391548484571103 0.00091740071619244906
leaf_weight=33 34 20 38 20 64 189 651 32 21 106 22 36 200 66 26 21 83
leaf_count=33 34 20 38 20 64 189 651 32 21 106 22 36 200 66 26 21 83
internal_value=1.21425e-05 0.000843784 -8.8347e-05 3.86367e-07 -9.4337e-05 -0.000542687 4.23785e-05 -0.000461155 -0.00102531 -0.000310628 0.000596331 0.000355749 0.000426229 -0.000645863 -1.57988e-05 0.000715093 0.000824583
internal_weight=1662 180 1482 1193 937 222 715 289 53 236 160 256 236 104 132 138 104
internal_count=1662 180 1482 1193 937 222 715 289 53 236 160 256 236 104 132 138 104
is_linear=0
shrinkage=0.03


Tree=98
num_leaves=20
num_cat=0
split_feature=11 15 28 22 22 31 27 22 15 23 11 11 22 29 29 9 20 1 15
split_gain=0.121252 0.0911202 0.0605454 0.120115 0.0962653 0.0785441 0.059774 0.100655 0.0655264 0.0345526 0.0242422 0.0237079 0.0202509 0.0187006 0.0145075 0.00945239 0.00891602 0.00319484 0.00193494
threshold=-0.99809013990908424 1.5103248473266249 -0.10657641099335165 -0.70164518020741207 -0.20497893724563906 -0.010775124831356358 -0.24891038764668291 -0.37265419695201712 1.6035764613351666 0.18173606407445297 -0.3325714387932926 0.5489604458681695 2.0938986671438156 -0.1750319111255316 1.5643204707998317 -0.75680106651417256 -0.48257747247212474 -0.36581011224027177 -0.15845515745927374
decision_type=2 2 2 2 2 2 2 2 2 2 2 2 2 2 2 2 2 2 2
left_child=1 13 3 5 10 -2 7 -5 -8 11 -4 -6 -11 18 -12 -7 -15 -18 -1
right_child=2 -3 4 6 9 15 8 -9 -10 12 14 -13 -14 16 -16 -17 17 -19 -20
leaf_value=0.0010156557781122889 -0.0011150610663769943 0.0021242082987058286 0.00055042840176835084 0.00028666037787600436 -0.00066890297084623443 0.00052699472995110502 0.00074129004366306104 -0.00084941554422181536 -0.0004900230765234419 6.5246182071220844e-05 -0.00021054236873585197 -0.0015380663470225407 -0.00086941170956318582 0.00054797860627993941 0.00052034961552999441 -0.00013253613060300838 -0.00032219999796464382 3.5856015127672644e-05 0.00031379579576053495
leaf_weight=32 103 33 75 292 162 20 277 89 40 71 144 47 24 22 25 118 31 31 26
leaf_count=32 103 33 75 292 162 20 277 89 40 71 144 47 24 22 25 118 31 31 26
internal_value=1.17207e-05 0.000753277 -7.48781e-05 6.87859e-05 -0.000325526 -0.000500461 0.000270911 8.90256e-06 0.000573407 -0.000680515 0.000107504 -0.000897511 -0.000159652 0.000376633 -7.77903e-05 -6.4964e-06 4.55606e-05 -0.000103626 0.000781115
internal_weight=1662 175 1487 939 548 241 698 381 317 304 244 209 95 142 169 138 84 62 58
internal_count=1662 175 1487 939 548 241 698 381 317 304 244 209 95 142 169 138 84 62 58
is_linear=0
shrinkage=0.03


Tree=99
num_leaves=17
num_cat=0
split_feature=25 25 16 31 10 23 14 15 25 29 11 7 8 22 22 28
split_gain=0.145331 0.0564822 0.0529013 0.0425381 0.0441075 0.0410597 0.0241548 0.0132851 0.0107225 0.0123447 0.0104624 0.00784574 0.00263187 0.00241466 0.00266266 0.00192936
threshold=0.97646089031811156 3.3836133862069446 1.3262993280427526 -0.058815737103772699 -1.2633507067393779 0.33221085076366008 0.63577855498908697 -0.23953890306185352 0.26521221704497794 -0.18005174905221291 -0.95967267413846213 0.9279357851053941 -0.36301283374306409 -0.45925213611606014 -0.4791696621237897 -0.10704976393377026
decision_type=2 2 2 2 2 2 2 2 2 2 2 2 2 2 2 2
left_child=2 11 3 6 7 -6 10 -5 9 15 -1 13 -8 14 -2 -4
right_child=1 -3 8 4 5 -7 12 -9 -10 -11 -12 -13 -14 -15 -16 -17
leaf_value=0 0.0004983408761909232 0.0020013483408329192 -0.00072987216395204477 0.0013977068981342016 -0.0001455602382498461 0.0002284605544509781 0.0003126016746315619 0.0003124165757127651 -0.00010140512029174715 -0.0012844150710850954 -0.00087069053315317019 0 -8.7763708586303084e-05 0.00073902111244404265 0 -0.00017465863685897919
leaf_weight=20 21 29 20 22 727 410 20 38 37 37 88 20 23 86 24 40
leaf_count=20 21 29 20 22 727 410 20 38 37 37 88 20 23 86 24 40
internal_value=1.14519e-05 0.000810706 -8.5045e-05 -2.55823e-05 3.23725e-05 -7.8112e-06 -0.00049616 0.000805583 -0.000647666 -0.00081674 -0.000732582 0.000528026 4.14779e-05 0.000610836 0.000272483 -0.000433292
internal_weight=1662 180 1482 1348 1197 1137 151 60 134 97 108 151 43 131 45 60
internal_count=1662 180 1482 1348 1197 1137 151 60 134 97 108 151 43 131 45 60
is_linear=0
shrinkage=0.03


Tree=100
num_leaves=14
num_cat=0
split_feature=25 11 25 13 9 20 24 15 19 12 21 30 5
split_gain=0.137921 0.0589343 0.0533122 0.0473134 0.04565 0.03306 0.032447 0.0306478 0.0240943 0.0217547 0.0214199 0.0131233 0.00113859
threshold=3.0772479723112567 -0.99809013990908424 0.46617096495067012 -0.86229015505805739 -0.80057680276029652 -0.86261367920817333 -1.3448617452220097 -0.81455114069753509 -0.77878642188274416 0.23323408177405078 0.70950194128871813 -0.18525715504522808 0.19968152531646208
decision_type=2 2 2 2 2 2 2 2 2 2 2 2 2
left_child=1 8 4 -4 6 -6 -3 -5 -1 -2 12 -12 -10
right_child=9 2 3 7 5 -7 -8 -9 10 -11 11 -13 -14
leaf_value=-0.00033235229674028236 0.0023631857860600572 0.0012064864415161566 -0.00084027124375022722 0.00082456303092268547 3.7825123199137413e-05 -0.00036999217443051667 3.0376239383629369e-05 0.0001432970153083766 0.001177678606654 0.00059794763269652011 0.00064248636150889926 -0.00012320356956647279 0.00039709713261412537
leaf_weight=20 21 26 31 81 218 740 100 267 51 20 31 36 20
leaf_count=20 21 26 31 81 218 740 100 267 51 20 31 36 20
internal_value=1.11405e-05 -3.19706e-05 -9.34814e-05 0.000207812 -0.000201866 -0.00027424 0.000318735 0.000316107 0.000510083 0.00166976 0.000657925 0.000200566 0.00102335
internal_weight=1662 1621 1463 379 1084 958 126 348 158 41 138 67 71
internal_count=1662 1621 1463 379 1084 958 126 348 158 41 138 67 71
is_linear=0
shrinkage=0.03


Tree=101
num_leaves=18
num_cat=0
split_feature=25 15 16 15 31 20 24 11 19 21 23 33 23 23 20 13 21
split_gain=0.132236 0.0518014 0.0497077 0.0401165 0.0568899 0.0857066 0.0796992 0.0164689 0.0217282 0.0134038 0.0192863 0.0210811 0.0129991 0.00473974 0.0179212 0.0074321 0.00317183
threshold=0.97646089031811156 2.7417823163461308 1.2241546385227606 0.33153278131755409 -0.011724976864696686 -0.64097607805195855 -1.3706515099065142 0.26476452944816581 1.4411014270901081 1.4257141395492776 -1.0027705901200741 -0.35897824733657824 1.1000180956649988 -0.61693780373749207 0.83881607477664166 1.174774010139733 0.91981822173031069
decision_type=2 2 2 2 2 2 2 2 2 2 2 2 2 2 2 2 2
left_child=2 13 3 4 5 -1 -6 12 -9 10 -4 -12 -5 15 16 -2 -15
right_child=1 -3 9 7 6 -7 -8 8 -10 -11 11 -13 -14 14 -16 -17 -18
leaf_value=0.0006654648471778879 0.0009824834242737029 0.0021650647018914633 0 0.00059793289620885173 0.00095588237223627568 -0.00075599645416285575 -7.7470608045819263e-05 -0.00020830512117153328 0.00065485474506082636 0 -0.00045386845011789523 -0.0014403559916785784 -5.8224963292909344e-05 0.00030689780993391956 -0.00033007548238674647 8.5158525864877129e-05 0.000960917489360208
leaf_weight=42 48 20 28 140 71 207 714 92 33 22 71 39 23 51 21 20 20
leaf_count=42 48 20 28 140 71 207 714 92 33 22 71 39 23 51 21 20 20
internal_value=1.13876e-05 0.000773845 -8.05745e-05 -1.72439e-05 -0.000106677 -0.000499259 1.54681e-05 0.000291328 6.13894e-06 -0.000575491 -0.000684413 -0.000859126 0.000487895 0.00054489 0.000323703 0.000775568 0.000563157
internal_weight=1662 180 1482 1322 1034 249 785 288 125 160 138 110 163 160 92 68 71
internal_count=1662 180 1482 1322 1034 249 785 288 125 160 138 110 163 160 92 68 71
is_linear=0
shrinkage=0.03


Tree=102
num_leaves=19
num_cat=0
split_feature=25 25 16 19 24 24 20 29 34 28 14 20 8 16 7 28 22 22
split_gain=0.125486 0.0479723 0.0472721 0.038364 0.0753919 0.0714893 0.0292761 0.0344511 0.0171252 0.0246642 0.0180315 0.01219 0.00995015 0.00857497 0.00724619 0.00603892 0.00244361 0.00242762
threshold=0.97646089031811156 3.3836133862069446 0.87135852467650243 -0.78890965033282501 -1.3706515099065142 0.18962925350600951 -0.10374590394027618 -0.18131165695884752 -0.12702358219332557 0.051828017695931629 -0.52951166411646744 -0.97343242226891891 -0.40066935113242025 1.6066122841245118 0.9279357851053941 -0.10695133359999599 -0.45925213611606014 -0.4791696621237897
decision_type=2 2 2 2 2 2 2 2 2 2 2 2 2 2 2 2 2 2
left_child=2 14 3 6 15 -6 7 -1 10 -10 11 -4 -8 -12 16 -5 17 -2
right_child=1 -3 8 4 5 -7 12 -9 9 -11 13 -13 -14 -15 -16 -17 -18 -19
leaf_value=0 0.00045555856527062133 0.0018547866957087534 0 0.0012291737311205359 -0.00044501200567935206 0.00019331117232642626 0.00025620317811446994 -0.00088446530536860407 -0.0014121575496691676 0 9.1406184709677023e-05 -0.00076672448730833028 -0.00019919753087390411 -0.00040971776094686773 0 0.00045135561965871607 0.00069584561345622641 0
leaf_weight=58 21 29 23 47 215 567 76 101 32 21 98 76 92 39 20 37 86 24
leaf_count=58 21 29 23 47 215 567 76 101 32 21 98 76 92 39 20 37 86 24
internal_value=1.1378e-05 0.000754156 -7.8159e-05 3.08408e-06 0.000110112 1.29615e-05 -0.000269694 -0.000557502 -0.000420393 -0.000921943 -0.000285045 -0.000589703 0 -3.55437e-05 0.000491281 0.000948424 0.000571007 0.000241348
internal_weight=1662 180 1482 1193 866 782 327 159 289 53 236 99 168 137 151 84 131 45
internal_count=1662 180 1482 1193 866 782 327 159 289 53 236 99 168 137 151 84 131 45
is_linear=0
shrinkage=0.03


Tree=103
num_leaves=14
num_cat=0
split_feature=25 16 25 31 19 24 31 25 27 22 7 22 22
split_gain=0.118893 0.0452872 0.0442932 0.0377584 0.0373588 0.0794357 0.0293192 0.00988948 0.0108882 0.00874777 0.0070897 0.00230452 0.0024034
threshold=1.0160380367591475 1.3262993280427526 3.3836133862069446 -0.57099861224961135 -0.78890965033282501 -1.3448617452220097 -0.013146205443307813 0.26521221704497794 -0.24429010666117715 -0.15827017380903363 0.9279357851053941 -0.45925213611606014 -0.4791696621237897
decision_type=2 2 2 2 2 2 2 2 2 2 2 2 2
left_child=1 3 10 -1 6 -6 -5 8 9 -3 11 12 -2
right_child=2 7 -4 4 5 -7 -8 -9 -10 -11 -12 -13 -14
leaf_value=-0.0011988262059167028 0.00045804203621557224 -0.00068068262046152672 0.0018043596852076005 -0.00063602348438339168 0.00090490531344954476 4.4829423609522296e-06 -5.1646871460287647e-05 -7.2125611634692171e-05 -0.0011863497045663434 0 0 0.00069393542385452224 0
leaf_weight=21 20 34 29 120 96 872 245 37 38 25 20 81 24
leaf_count=21 20 34 29 120 96 872 245 37 38 25 20 81 24
internal_value=1.1145e-05 -7.43141e-05 0.000747789 -1.93832e-05 0 9.93905e-05 -0.000255542 -0.000594886 -0.000756143 -0.000386677 0.000483914 0.000566225 0.000238006
internal_weight=1662 1488 174 1354 1333 968 365 134 97 59 145 125 44
internal_count=1662 1488 174 1354 1333 968 365 134 97 59 145 125 44
is_linear=0
shrinkage=0.03


Tree=104
num_leaves=17
num_cat=0
split_feature=25 25 11 22 28 24 28 28 15 27 11 34 19 24 11 33
split_gain=0.113227 0.0458404 0.0690946 0.043044 0.0383725 0.0706386 0.0579615 0.0378813 0.035733 0.0341037 0.0646211 0.0304832 0.0207594 0.0172348 0.0135465 0.00196249
threshold=2.0940087730212285 0.46617096495067012 -0.68535190830302406 0.074975962958116454 -0.10705125401462086 0.93753242935664094 -0.10664338042930435 -0.10642247818473051 -0.81455114069753509 -0.24808233671854843 -0.37605943376298484 -0.16246365559596396 0.053291552070846661 0.75700407656510926 -0.95967267413846213 -0.35897824734987333
decision_type=2 2 2 2 2 2 2 2 2 2 2 2 2 2 2 2
left_child=1 2 3 13 5 -4 -6 -5 12 10 -10 -11 15 -1 -2 -3
right_child=14 8 4 7 6 -7 -8 -9 9 11 -12 -13 -14 -15 -16 -17
leaf_value=0.0008396578764140203 0.002077122305884309 0 -0.00093564414871770201 0.00071048801280630864 0.00015839689496652021 0.00029044876953332937 -0.00036706594876391641 -0.00051426574925346653 -0.00095930114419259609 -0.00020889840964731334 0.00016940750632096421 0.00076444913434526435 0.0013991533660275093 0 0.0006710088840685785 0.00045291426635776587
leaf_weight=108 20 21 152 29 324 52 429 70 59 34 162 92 31 23 27 29
leaf_count=108 20 21 152 29 324 52 429 70 59 34 162 92 31 23 27 29
internal_value=1.07228e-05 -3.09336e-05 -0.000128519 0.000329998 -0.000242528 -0.000608938 -0.000137271 -0.000115743 0.000231756 8.67686e-05 -0.000127341 0.000479794 0.000791878 0.000684294 0.00141808 0.000300878
internal_weight=1662 1615 1187 230 957 204 753 99 428 347 221 126 81 131 47 50
internal_count=1662 1615 1187 230 957 204 753 99 428 347 221 126 81 131 47 50
is_linear=0
shrinkage=0.03


Tree=105
num_leaves=14
num_cat=0
split_feature=25 10 25 10 28 28 21 15 29 14 11 14 15
split_gain=0.107517 0.0432846 0.0519172 0.041009 0.0358021 0.0622384 0.0295356 0.0226955 0.0126991 0.0141112 0.0126384 0.0117225 0.0115914
threshold=2.0940087730212285 -1.2633507067393779 0.46617096495067012 -0.72431863397540852 -0.107051283153172 -0.10705128313770139 0.75497573165446796 -1.019704216201099 -0.17007306093692939 0.72704528403284263 -0.95967267413846213 -0.011406761009239793 -0.6049468071143359
decision_type=2 2 2 2 2 2 2 2 2 2 2 2 2
left_child=1 8 4 6 12 -6 -4 -5 11 -10 -2 -1 -3
right_child=10 2 3 7 5 -7 -8 -9 9 -11 -12 -13 -14
leaf_value=0.0011968938001664354 0.0020229365331647189 -0.0010632382596377284 -0.0013631219902207425 0.0012660410994139964 0.00078500626153207474 -0.00018866346344483239 7.4376524606687434e-06 0.00025735939540681344 -0.00019281095570962254 0.00072794676001143198 0.00065289162867920815 0.00011882320665288716 -0.00011997619239966673
leaf_weight=34 20 51 20 21 59 979 26 324 33 20 27 22 26
leaf_count=34 20 51 20 21 59 979 26 324 33 20 27 22 26
internal_value=1.08622e-05 -2.9684e-05 -7.36156e-05 0.000219303 -0.00017933 -0.000128335 -0.000574206 0.000337763 0.000536225 0.000121457 0.00138229 0.000851791 -0.000798677
internal_weight=1662 1615 1506 391 1115 1038 46 345 109 53 47 56 77
internal_count=1662 1615 1506 391 1115 1038 46 345 109 53 47 56 77
is_linear=0
shrinkage=0.03


Tree=106
num_leaves=18
num_cat=0
split_feature=25 16 23 28 22 17 22 3 17 29 28 11 23 23 20 22 29
split_gain=0.103334 0.0418729 0.0371874 0.101452 0.0974333 0.0509833 0.0487898 0.0340044 0.0294385 0.0288741 0.0130272 0.0118405 0.0116166 0.0225705 0.0133941 0.00820595 0.00569384
threshold=1.1717853085379928 1.2241546385227606 0.33221085076366008 -0.10705127215764208 -0.29896476309461434 -0.43415596375639937 1.0348058711675738 -0.39759218875177288 -0.25645183515136821 -0.18131165524755175 -0.097967827259653376 -0.90545890513472427 -1.0027705901200741 0.53284389968260271 -0.8891137996445605 -0.45925213611606014 -0.18131165524603196
decision_type=2 2 2 2 2 2 2 2 2 2 2 2 2 2 2 2 2
left_child=1 2 3 4 -1 10 -5 11 -9 -7 -4 -2 -3 14 -14 -10 -15
right_child=7 12 5 6 -6 9 -8 8 15 -11 -12 -13 13 16 -16 -17 -18
leaf_value=-0.0014019873678064077 0.0020825384424584307 0 -0.00047146092404615588 0.00010253068678496758 0.00042056572515118332 -0.00023537169565803352 -0.00058799884385453481 -0.00028501848852508426 0.00013654883578419685 0.00053684039609221948 0.00019792945349618091 0.00068315794568375818 -0.00024608879878360311 -0.00047055235372057979 -0.0014551499375191174 0.0010069047197365484 0
leaf_weight=91 20 29 91 692 32 44 103 31 25 276 27 25 21 39 35 43 38
leaf_count=91 20 29 91 692 32 44 103 31 25 276 27 25 21 39 35 43 38
internal_value=1.09206e-05 -6.06801e-05 -3.53164e-06 -0.000114154 -0.000905294 0.000220718 7.43227e-06 0.000771953 0.000396572 0.000420173 -0.000292392 0.00145889 -0.000512091 -0.000628514 -0.00108817 0.000748465 -0.00022845
internal_weight=1662 1518 1356 918 123 438 795 144 99 320 118 45 162 133 56 68 77
internal_count=1662 1518 1356 918 123 438 795 144 99 320 118 45 162 133 56 68 77
is_linear=0
shrinkage=0.03


Tree=107
num_leaves=14
num_cat=0
split_feature=25 11 23 23 22 33 31 11 22 28 12 29 25
split_gain=0.0985288 0.0483657 0.0412071 0.0824988 0.111506 0.0946161 0.0503662 0.0534744 0.0231797 0.0223362 0.0213561 0.0109368 0.00575684
threshold=3.0772479723112567 -0.99809013990908424 0.33221085076366008 0.10456950679793654 1.1736602542459176 -0.35897824733645189 -0.01077512534352377 -0.080386530166792494 1.0000000180025095e-35 -0.098394946333316496 0.23323408177405078 -0.1750319111255316 0.3276454365589741
decision_type=2 2 2 2 2 2 2 2 2 2 2 2 2
left_child=1 8 3 4 -3 -5 7 -4 -1 -8 -2 -10 -13
right_child=10 2 6 5 -6 -7 9 -9 11 -11 -12 12 -14
leaf_value=0.00090057170351988056 0.0020735118230804797 2.2930110732545013e-05 0.00068439198893356016 -0.0013018772385029651 -0.0013083954090634207 0.00034080971022402604 -0.00088416988193704225 0 0.00053940050870752759 0 0.00040828173040695814 -0.00047533241898054256 7.2072383153551649e-05
leaf_weight=64 21 740 168 108 58 39 51 256 34 43 20 21 39
leaf_count=64 21 740 168 108 58 39 51 256 34 43 20 21 39
internal_value=1.05841e-05 -2.5574e-05 -8.14784e-05 -0.00020039 -7.46255e-05 -0.000847962 0.000129601 0.000273618 0.000465312 -0.000477453 0.00141261 0.000119349 -8.54117e-05
internal_weight=1662 1621 1463 945 798 147 518 424 158 94 41 94 60
internal_count=1662 1621 1463 945 798 147 518 424 158 94 41 94 60
is_linear=0
shrinkage=0.03


Tree=108
num_leaves=18
num_cat=0
split_feature=25 16 15 19 21 22 21 29 21 22 27 7 25 10 20 20 3
split_gain=0.0945004 0.0398232 0.0344447 0.0338354 0.0597489 0.0486725 0.0307714 0.0244201 0.0151981 0.0174694 0.0143925 0.013577 0.00961899 0.00892633 0.00332481 0.00189287 0.00103036
threshold=1.1717853085379928 0.87135852467650243 2.7417823163461308 -0.78890965033282501 -0.60923797931802592 -0.37265419695201712 -1.200397254072773 -0.18131166282702485 1.4257141395492776 1.0348058711675738 -0.24157951051417256 0.70987165595452362 -1.2318727472985653 -1.2633507067393779 0.45034809804684633 0.23654003541344204 -0.39759218875177288
decision_type=2 2 2 2 2 2 2 2 2 2 2 2 2 2 2 2 2
left_child=1 3 11 6 13 -6 10 -8 9 12 -1 14 -3 -5 -2 -10 -16
right_child=2 8 -4 4 5 -7 7 -9 15 -11 -12 -13 -14 -15 16 -17 -18
leaf_value=0.00067040162182529454 0.00011565966627453095 -0.00071030652120064651 0.001868817309120103 0.0013466269931942223 0.00019975236627061717 -0.00028869415042927823 4.1430698825512562e-05 -0.0005824771186464184 0.00030517096562392035 -0.0010849683648333527 -8.4254655220386814e-05 -6.3394545922055822e-05 -0.00018848907034517586 0.00052065518901014279 0.0010858322195376135 0 0.00048646999752925593
leaf_weight=37 23 49 20 22 481 292 68 184 20 36 38 22 169 100 25 22 54
leaf_count=37 23 49 20 22 481 292 68 184 20 36 38 22 169 100 25 22 54
internal_value=1.0509e-05 -5.78828e-05 0.000738348 1.56641e-05 0.000113373 1.09734e-05 -0.000241273 -0.00040385 -0.000368656 -0.000457859 0.000261046 0.000492554 -0.000327403 0.000722345 0.000639421 9.87019e-05 0.000745513
internal_weight=1662 1518 144 1222 895 773 327 252 296 254 75 124 218 122 102 42 79
internal_count=1662 1518 144 1222 895 773 327 252 296 254 75 124 218 122 102 42 79
is_linear=0
shrinkage=0.03


Tree=109
num_leaves=18
num_cat=0
split_feature=25 15 11 19 15 23 27 33 20 24 24 15 7 20 22 20 29
split_gain=0.090069 0.0362866 0.0350221 0.0431183 0.0371563 0.0375976 0.0677213 0.0481755 0.0219706 0.0179351 0.0138211 0.0237892 0.0122719 0.0095831 0.00487235 0.00352596 0.00302014
threshold=1.0160380367591475 2.7417823163461308 0.50617571858796129 1.3864392266216168 0.33153278131755409 0.41323573590400225 -0.24891037567458138 -0.35897824734987333 0.77316809188435998 -1.4222310392755233 -1.3964412745910189 1.0819203774421637 0.87825499949023744 0.37084767952146125 0.93589478752864463 -0.38802015356493563 -0.15657613169687254
decision_type=2 2 2 2 2 2 2 2 2 2 2 2 2 2 2 2 2
left_child=2 12 4 8 5 6 -1 -7 9 -4 -6 -12 15 -5 -10 -2 -17
right_child=1 -3 3 13 10 7 -8 -9 14 -11 11 -13 -14 -15 -16 16 -18
leaf_value=-0.00064259943423424447 8.0500906831103148e-05 0.0018200655527736828 7.420378864357748e-05 0.00095464942897872419 0.00080518726713891165 6.1061517778633449e-05 3.0808573161916736e-06 0.001276687681184125 -0.00042925181476723243 -0.00046572962973140028 0.00047802895769982176 -0.00033301013034424214 -8.9827718138694757e-05 0 -0.0015314845383653172 0.00077424531850892183 0.00020664162872708402
leaf_weight=192 26 20 62 20 55 175 548 34 20 207 91 43 22 21 20 75 31
leaf_count=192 26 20 62 20 55 175 548 34 20 207 91 43 22 21 20 75 31
internal_value=1.0452e-05 0.000651793 -6.36919e-05 -0.000325152 1.47363e-05 -5.93518e-05 -0.000162328 0.000288238 -0.00045217 -0.000330809 0.000397485 0.000194279 0.000449081 0.000529502 -0.00111853 0.000561122 0.000646027
internal_weight=1662 174 1488 350 1138 949 740 209 309 269 189 134 154 41 40 132 106
internal_count=1662 174 1488 350 1138 949 740 209 309 269 189 134 154 41 40 132 106
is_linear=0
shrinkage=0.03


Tree=110
num_leaves=14
num_cat=0
split_feature=25 16 15 31 25 24 20 7 23 23 25 15 29
split_gain=0.0853371 0.036002 0.0349833 0.0319801 0.0317149 0.0606344 0.0200788 0.0114265 0.00891025 0.0185272 0.00311014 0.00261109 0.00268727
threshold=0.97646089031811156 1.3262993280427526 2.7417823163461308 -0.57099861224961135 -0.93353882449412018 -1.3319668628797574 -0.61086227668607473 0.87825499949023744 -1.0027705901200741 -0.23110501735490996 -0.12494026702772494 -0.4271430837002973 -0.15657613169687254
decision_type=2 2 2 2 2 2 2 2 2 2 2 2 2
left_child=1 3 7 -1 6 -6 -5 11 -3 -10 -11 -2 -13
right_child=2 8 -4 4 5 -7 -8 -9 9 10 -12 12 -14
leaf_value=-0.001099454827606678 0.00014838371999763151 0 0.0017725855971727031 4.8054879674544698e-05 0.00058798602553757843 -1.8407187541323337e-05 -0.00047851648175003056 -8.7456240244209764e-05 -0.0013561071877234746 0 -0.00046479144186730706 0.00075210641496347591 0.00020098936933722784
leaf_weight=21 34 22 20 88 173 895 171 22 25 25 62 73 31
leaf_count=21 34 22 20 88 173 895 171 22 25 25 62 73 31
internal_value=1.05433e-05 -6.29713e-05 0.000623317 -1.35603e-05 3.80978e-06 7.83902e-05 -0.000289652 0.000431273 -0.000526952 -0.000632876 -0.000353442 0.000535347 0.00062611
internal_weight=1662 1482 180 1348 1327 1068 259 160 134 112 87 138 104
internal_count=1662 1482 180 1348 1327 1068 259 160 134 112 87 138 104
is_linear=0
shrinkage=0.03


Tree=111
num_leaves=15
num_cat=0
split_feature=25 19 22 22 22 28 29 15 29 12 11 21 21 24
split_gain=0.0812059 0.0388282 0.0560014 0.0490786 0.0410096 0.0351725 0.026759 0.0242256 0.0236714 0.0225427 0.0136163 0.00850195 0.00498724 0.00173445
threshold=1.9993367995882896 1.4927269556160758 1.0348058711675738 0.58603911330591274 -0.06869543048622706 -0.10695133359999599 -0.18348831382363379 1.6035764613351666 -0.17698727687155921 0.30991710482594614 -1.0670646424328636 1.4484510347321524 1.7838202386795572 0.44752690035105486
decision_type=2 2 2 2 2 2 2 2 2 2 2 2 2 2
left_child=1 2 3 4 -1 -5 11 8 12 -2 -8 -4 -3 -10
right_child=9 7 6 5 -6 -7 10 -9 13 -11 -12 -13 -14 -15
leaf_value=1.8633995081796604e-05 0.0016838121757209591 0.0012155229527017345 -0.00043014775639723827 0.001098675969976466 -0.00047999879205294844 -0.00010421271835220977 0 -0.00039132726693313327 0.00022146116044267171 0.00024628733954806293 -0.00086428113604756433 0.00029895111293176582 0.0003723467491373444 -7.2743402750347739e-05
leaf_weight=1019 29 43 20 57 169 27 20 20 28 24 124 35 26 21
leaf_count=1019 29 43 20 57 169 27 20 20 28 24 124 35 26 21
internal_value=1.01551e-05 -2.70618e-05 -7.42569e-05 0 -5.0811e-05 0.000687289 -0.000538282 0.00044561 0.000618443 0.0011345 -0.000749658 0 0.000968224 4.07587e-05
internal_weight=1662 1609 1471 1272 1188 84 199 138 118 53 144 55 69 49
internal_count=1662 1609 1471 1272 1188 84 199 138 118 53 144 55 69 49
is_linear=0
shrinkage=0.03


Tree=112
num_leaves=16
num_cat=0
split_feature=25 15 10 25 15 22 28 21 25 7 11 14 17 14 25
split_gain=0.0778391 0.0324488 0.0312178 0.0271712 0.0268836 0.0592612 0.0531611 0.0187766 0.0120588 0.0109718 0.00756559 0.00628687 0.00164158 0.000921888 0.00319241
threshold=0.97646089031811156 2.7417823163461308 -1.2633507067393779 -1.2479285128501247 -0.3727454422924969 -0.37265419695201712 -0.10664338042930435 0.6867650461058431 -0.58512763513361166 0.87825499949023744 0.096035430253339327 -0.20638102684338847 0.2338300961352765 0.51191776544779366 1.4258814428945654
decision_type=2 2 2 2 2 2 2 2 2 2 2 2 2 2 2
left_child=2 9 7 10 5 -5 -6 8 -1 13 11 -4 -12 14 -2
right_child=1 -3 3 4 6 -7 -8 -9 -10 -11 12 -13 -14 -15 -16
leaf_value=4.1180257656378664e-05 0.00031885393777823383 0.0017030440335890843 9.4280063491169121e-05 -3.6631481038810417e-05 0.00038317391777268814 -0.00077577654604805675 -0.00016821003871235073 -5.9001164154089498e-05 0.0011105711377369096 -9.7762969806790338e-05 -0.00090695729984768781 -0.00043074059442969393 -0.00037047121893614529 7.3130427242216201e-05 0.00079968976569720174
leaf_weight=21 69 20 29 509 294 121 324 28 36 22 39 34 47 20 49
leaf_count=21 69 20 29 509 294 121 324 28 36 22 39 34 47 20 49
internal_value=1.00487e-05 0.000595351 -6.00797e-05 -9.6207e-05 -4.72851e-05 -0.000186337 8.98518e-05 0.000482631 0.000788343 0.000409689 -0.000477212 -0.00015031 -0.00066984 0.000512222 0.000558193
internal_weight=1662 180 1482 1397 1248 630 618 85 57 160 149 63 86 138 118
internal_count=1662 180 1482 1397 1248 630 618 85 57 160 149 63 86 138 118
is_linear=0
shrinkage=0.03


Tree=113
num_leaves=17
num_cat=0
split_feature=25 25 16 21 19 27 23 33 20 15 27 20 13 19 15 23
split_gain=0.0738887 0.0376781 0.0545867 0.0353944 0.0477844 0.0366563 0.0319748 0.0397403 0.0375912 0.0255584 0.0366155 0.0183631 0.0162267 0.0123602 0.0210749 0.00210971
threshold=3.3836133862069446 0.55136510726741061 -0.44475952409166658 0.45939609427709421 -0.72210004743790834 -0.24891038764004367 0.74119360432919723 -0.35897824733645189 -0.69879458023993002 -0.66584457924579799 -0.24429010666117715 -0.96259149210604777 -0.25418836568713871 0.063414780520927416 0.95362005133246153 0.77206022723980372
decision_type=2 2 2 2 2 2 2 2 2 2 2 2 2 2 2 2
left_child=1 2 3 4 -1 -5 7 8 -3 11 -11 -4 -9 15 -15 -8
right_child=-2 6 9 5 -6 -7 13 12 -10 10 -12 -13 -14 14 -16 -17
leaf_value=-8.2578846651013018e-05 0.001438554026695783 -0.0014613592860360557 0 0.00058237303801329939 0.00073909301965257082 -0.00043450937519718677 0.00034559339982882629 -6.0567416956708314e-05 0 5.0071895387372931e-05 -0.00039844154520002768 -0.00067231156351795526 0.00051666932180415069 0.0010808570467279817 0 0
leaf_weight=97 29 23 46 39 152 116 20 59 49 382 271 162 104 66 20 27
leaf_count=97 29 23 46 39 152 116 20 59 49 382 271 162 104 66 20 27
internal_value=9.78386e-06 -1.63469e-05 -9.58339e-05 0.000186866 0.000409927 -0.000153462 0.000247369 2.18187e-05 -0.000537808 -0.000232144 -0.000132462 -0.000524534 0.00029234 0.000614566 0.00083223 0.00013025
internal_weight=1662 1633 1265 404 249 155 368 235 72 861 653 208 163 133 86 47
internal_count=1662 1633 1265 404 249 155 368 235 72 861 653 208 163 133 86 47
is_linear=0
shrinkage=0.03


Tree=114
num_leaves=17
num_cat=0
split_feature=11 15 25 10 27 27 27 21 15 24 15 15 33 19 22 24
split_gain=0.0713348 0.0486717 0.0403669 0.0484888 0.0321955 0.0470912 0.0620565 0.0201977 0.019125 0.0164166 0.0116754 0.00906961 0.0081623 0.00794853 0.0051193 0.00450965
threshold=-0.99809013990908424 1.5103248473266249 0.46617096495067012 -0.72431863397540852 -0.24891038764673404 -0.24891038764004367 -0.24891038377334487 0.61855436055721846 -1.019704216201099 0.18962925350600951 0.20841654379737759 -0.6049468071143359 0.29536712863385278 -0.25038677705349405 0.48120148320544304 0.78279384124961371
decision_type=2 2 2 2 2 2 2 2 2 2 2 2 2 2 2 2
left_child=1 9 4 7 11 13 -7 -4 -5 14 -10 15 -11 -6 -1 -2
right_child=2 -3 3 8 5 6 -8 -9 10 12 -12 -13 -14 -15 -16 -17
leaf_value=-0.00045150131601637798 -0.0014252079068885547 0.001587663736892864 -0.001346493749697085 0.0011693928600395793 0.0010489712837152183 -0.00091133273258841901 -7.2398063002402022e-05 0 0.00010454483500851204 0.00074492366522627563 0.0005064043719529087 -0.00010954093954381372 2.960023249033838e-05 8.0732578209236904e-05 8.6673795421042334e-05 -0.00050035404961090539
leaf_weight=20 20 33 20 21 31 86 868 20 236 59 106 26 31 20 32 33
leaf_count=20 20 33 20 21 31 86 868 20 236 59 106 26 31 20 32 33
internal_value=9.50653e-06 0.000578633 -5.64888e-05 0.000195681 -0.000153279 -0.000102823 -0.00015378 -0.000739612 0.000312158 0.000295453 0.000241114 -0.000731332 0.000539695 0.000750405 -7.91081e-05 -0.000960581
internal_weight=1662 175 1487 403 1084 1005 954 40 363 142 342 79 90 51 52 53
internal_count=1662 175 1487 403 1084 1005 954 40 363 142 342 79 90 51 52 53
is_linear=0
shrinkage=0.03


Tree=115
num_leaves=17
num_cat=0
split_feature=11 15 25 10 9 22 31 29 21 15 21 15 20 21 20 15
split_gain=0.0675851 0.0459163 0.0381218 0.0460421 0.0350687 0.0264757 0.0314949 0.0217219 0.0191228 0.0181066 0.012633 0.0109618 0.00962405 0.00761029 0.00526427 0.000430061
threshold=-0.99809013990908424 1.5103248473266249 0.46617096495067012 -0.72431863397540852 -0.80057680276029652 -1.1175047211867379 -0.011978981233608034 -0.18067238667357557 0.61855436055721846 -1.019704216201099 -0.95029140706114934 0.20841654379737759 0.80087273428567129 0.69813349369728062 -0.82165888986091851 -0.23953890306185352
decision_type=2 2 2 2 2 2 2 2 2 2 2 2 2 2 2 2
left_child=1 10 4 8 7 14 -7 13 -4 -5 -1 -11 15 -2 -6 -12
right_child=2 -3 3 9 5 6 -8 -9 -10 11 12 -13 -14 -15 -16 -17
leaf_value=-0.00027066742862924 0.00072936277066850482 0.0015440029927218952 -0.0013113678384929104 0.0011386962895339819 0.00077495587432757011 -0.00055723234789212413 -0.00014087298959710126 -0.0002468958787458877 0 0.00010144786112243432 0.00088620009601044544 0.00049163037637201098 0 0 0 0.00038921969385475355
leaf_weight=22 65 33 20 21 22 228 688 36 20 236 23 106 33 25 20 64
leaf_count=22 65 33 20 21 22 228 688 36 20 236 23 106 33 25 20 64
internal_value=9.28966e-06 0.000563295 -5.48988e-05 0.000190067 -0.000149003 -0.000212861 -0.000249253 0.000306927 -0.000720824 0.000303723 0.000287465 0.000234301 0.000418285 0.000561533 0.000477867 0.000579099
internal_weight=1662 175 1487 403 1084 958 916 126 40 363 142 342 120 90 42 87
internal_count=1662 175 1487 403 1084 958 916 126 40 363 142 342 120 90 42 87
is_linear=0
shrinkage=0.03


Tree=116
num_leaves=14
num_cat=0
split_feature=25 16 31 15 25 24 22 14 25 29 25 29 22
split_gain=0.0649668 0.0325232 0.0277248 0.0265234 0.026128 0.0534563 0.0505008 0.00820393 0.00764727 0.00857197 0.00698471 0.00353079 0.0080317
threshold=0.97646089031811156 1.3262993280427526 -0.57099861224961135 2.7417823163461308 -0.93353882449412018 -1.3319668628797574 -1.1175047211867379 0.63577855498908697 0.26521221704497794 -0.18067238667357557 -0.12494026702772494 -0.15657613169687254 -0.45925213611606014
decision_type=2 2 2 2 2 2 2 2 2 2 2 2 2
left_child=1 2 -1 7 6 -6 -4 11 9 10 -3 12 -2
right_child=3 8 4 -5 5 -7 -8 -9 -10 -11 -12 -13 -14
leaf_value=-0.0010192280013579876 0.00018940792256881569 0 0.00047217476394613309 0.0015505224133477262 0.00055479034842325985 -1.4321676021692215e-05 -0.00049127634667551709 -7.034719351719578e-05 -3.136649007210508e-05 -0.0010084090799542277 -0.00061558066716703083 7.469042364851032e-05 0.00082663300309234594
leaf_weight=21 52 30 59 20 173 895 200 20 37 39 28 35 53
leaf_count=21 52 30 59 20 173 895 200 20 37 39 28 35 53
internal_value=9.36841e-06 -5.45406e-05 -7.50074e-06 0.000544214 8.51727e-06 7.63606e-05 -0.000257459 0.000373798 -0.000495323 -0.000636046 -0.000299203 0.000458371 0.00055286
internal_weight=1662 1482 1348 180 1327 1068 259 160 134 97 58 140 105
internal_count=1662 1482 1348 180 1327 1068 259 160 134 97 58 140 105
is_linear=0
shrinkage=0.03


Tree=117
num_leaves=21
num_cat=0
split_feature=21 23 28 33 29 22 13 30 16 27 8 19 21 20 12 20 8 21 20 34
split_gain=0.052084 0.0447208 0.0623365 0.0962899 0.0540005 0.0627577 0.049669 0.0315481 0.04918 0.0304696 0.0260443 0.0368922 0.0186749 0.0131548 0.0111844 0.0102382 0.0134372 0.00832264 0.00686232 0.00632743
threshold=-1.200397254072773 0.33221085076366008 -0.10705127215764208 -0.35897824733645189 -0.18077625939440178 -1.1175047211867379 -0.5989726409791879 -0.2238252855180127 -0.19833725926463017 -0.24657860227531156 2.0816158162122993 0.24258465458456008 0.94823934070890437 -0.73131748395643859 0.55977069681447922 1.3633985646873168 -0.36301283374306409 1.4825563775064645 -0.75360169018556444 -0.13248571235212223
decision_type=2 2 2 2 2 2 2 2 2 2 2 2 2 2 2 2 2 2 2 2
left_child=10 2 3 18 6 -6 -4 9 13 19 11 15 -10 -9 -13 16 -1 -11 -2 -3
right_child=1 7 4 -5 5 -7 -8 8 12 17 -12 14 -14 -15 -16 -17 -18 -19 -20 -21
leaf_value=0.00082001542277150563 -0.0016202915680222213 -0.0002228855527195734 0.00082334771159621152 0.0004565353885307559 0.00047563226122121488 -0.00051574479903323547 -9.8220223812891075e-07 0.0012061149514280259 -0.00014987538192150877 -0.00023678933418649765 -0.00045048267340287566 0.0018237759954482314 0.00034201243608218381 0.00046272581524953296 0.00046359620322270888 -7.4660922033945092e-05 0.00014466923740304386 0.0004147845424772443 -0.00080450659656720555 -0.0010602922416566049
leaf_weight=49 47 28 80 37 65 307 283 42 174 20 22 22 109 104 20 37 87 43 55 31
leaf_count=49 47 28 80 37 65 307 283 42 174 20 22 22 109 104 20 37 87 43 55 31
internal_value=9.01681e-06 -5.78828e-05 -0.000192583 -0.000770525 -7.65324e-05 -0.000332101 0.000177751 0.000150251 0.000274454 -0.000258604 0.000419457 0.00052721 3.06904e-05 0.00071669 0.00131682 0.000299287 0.000422022 0.00016112 -0.00124453 -0.00074128
internal_weight=1662 1425 874 139 735 372 363 551 429 122 237 215 283 146 42 173 136 63 102 59
internal_count=1662 1425 874 139 735 372 363 551 429 122 237 215 283 146 42 173 136 63 102 59
is_linear=0
shrinkage=0.03


Tree=118
num_leaves=18
num_cat=0
split_feature=11 25 25 10 9 28 28 29 21 22 23 22 22 23 25 29 24
split_gain=0.0605913 0.0365102 0.0333708 0.0432154 0.0313753 0.0258298 0.0485894 0.019572 0.0172846 0.016211 0.0148156 0.0302754 0.0136383 0.0102804 0.00433603 0.00405173 0.00331275
threshold=-0.99809013990908424 1.5696175642728076 0.46617096495067012 -0.72431863397540852 -0.80057680276029652 -0.107051283153172 -0.10705128313770139 -0.18067238667357557 0.61855436055721846 1.0000000180025095e-35 0.78749353869510708 1.7739463437886653 -0.37265419695201712 0.22417767057653695 -0.25367792427947317 -0.15657613169687254 1.0000000180025095e-35
decision_type=2 2 2 2 2 2 2 2 2 2 2 2 2 2 2 2 2
left_child=1 9 4 8 7 16 -7 13 -4 -1 12 -12 -5 -2 -11 -16 -6
right_child=2 -3 3 10 5 6 -8 -9 -10 14 11 -13 -14 -15 15 -17 -18
leaf_value=0.00068195101305536807 0.00071905277445709901 0.0015620741876108304 -0.0012671357486093336 0.00033111814458985109 -0.0010991635278536705 0.00070281040652401053 -0.00020890593908041923 -0.0002321821267877777 0 -0.00030136190356848679 0.0012095465188535078 -7.862375962608695e-05 -6.9970401867187377e-05 0 0.00042768076073698469 0 -0.00041767985500395301
leaf_weight=61 66 25 20 202 27 52 832 36 20 20 38 20 103 24 27 42 47
leaf_count=61 66 25 20 202 27 52 832 36 20 20 38 20 103 24 27 42 47
internal_value=8.87045e-06 0.000533506 -5.18085e-05 0.000177166 -0.000139949 -0.000200459 -0.000149698 0.000290826 -0.000705022 0.000315202 0.000287556 0.000734149 0.000186566 0.000533029 1.71855e-05 0.000159894 -0.000738427
internal_weight=1662 175 1487 403 1084 958 884 126 40 150 363 58 305 90 89 69 74
internal_count=1662 175 1487 403 1084 958 884 126 40 150 363 58 305 90 89 69 74
is_linear=0
shrinkage=0.03


Tree=119
num_leaves=15
num_cat=0
split_feature=25 16 31 3 25 24 25 19 7 23 29 7 4 25
split_gain=0.0575498 0.0297011 0.0255668 0.0251138 0.0240386 0.0496976 0.0184289 0.0150709 0.0110925 0.00845176 0.0151066 0.00368167 0.00275381 0.00262532
threshold=1.0160380367591475 1.3262993280427526 -0.57099861224961135 -0.43805691358646376 -0.93353882449412018 -1.3319668628797574 1.7092549289592307 0.54525050598794522 0.9279357851053941 -1.0027705901200741 -0.18121583511730086 0.055459915785470583 -0.04049464329667881 -0.12494026702772494
decision_type=2 2 2 2 2 2 2 2 2 2 2 2 2 2
left_child=1 2 -1 6 7 -6 -2 -4 11 -3 13 12 -5 -11
right_child=3 9 4 8 5 -7 -8 -9 -10 10 -12 -13 -14 -15
leaf_value=-0.0009773354576900603 0.0002457528251688927 0 -0.00040040742555129573 0.00036858623826022574 0.00053607780215084362 -1.22300365457012e-05 0.0016114963121712205 6.1721148567292909e-05 -0.00027579222060739993 0 -0.0012015249745221807 0.00067598888211304665 0 -0.00041258400988936913
leaf_weight=21 23 22 178 33 173 901 27 81 21 25 27 34 36 60
leaf_count=21 23 22 178 33 173 901 27 81 21 25 27 34 36 60
internal_value=8.5565e-06 -5.03418e-05 -5.49114e-06 0.000521504 9.73396e-06 7.45531e-05 0.00108933 -0.000245379 0.000248597 -0.000471593 -0.000575404 0.000388592 0.000183045 -0.000308247
internal_weight=1662 1488 1354 174 1333 1074 50 259 124 134 112 103 69 85
internal_count=1662 1488 1354 174 1333 1074 50 259 124 134 112 103 69 85
is_linear=0
shrinkage=0.03


Tree=120
num_leaves=17
num_cat=0
split_feature=11 15 25 10 9 28 28 24 29 21 15 24 15 15 33 22
split_gain=0.0558795 0.037821 0.0303634 0.0409866 0.0292363 0.0244211 0.0457767 0.0186087 0.019854 0.0162841 0.0159542 0.0132734 0.00913758 0.00796047 0.00653643 0.0049176
threshold=-0.99809013990908424 1.5103248473266249 0.46617096495067012 -0.72431863397540852 -0.80057680276029652 -0.107051283153172 -0.10705128313770139 -1.3319668628797574 -0.18067238667357557 0.61855436055721846 -1.019704216201099 0.18962925350600951 0.20841654379737759 -0.6049468071143359 0.29536712863385278 0.48120148320544304
decision_type=2 2 2 2 2 2 2 2 2 2 2 2 2 2 2 2
left_child=1 11 4 9 7 13 -7 -2 -9 -4 -5 15 -12 -6 -13 -1
right_child=2 -3 3 10 5 6 -8 8 -10 -11 12 14 -14 -15 -16 -17
leaf_value=-0.00043952206293444923 0.00094380528256297099 0.0014040576626624291 -0.0012363770088059424 0.001060171039251145 -0.0009274868665056096 0.00068409653617630033 -0.00020067437819708137 0.00033437505895504726 -0.00056943469311809163 0 8.790014455208548e-05 0.00066343177312322237 0.00044565385697653017 -7.7999772906948156e-05 1.4487537474933021e-05 8.860326296915965e-05
leaf_weight=20 27 33 20 21 51 52 832 72 27 20 236 59 106 23 31 32
leaf_count=20 27 33 20 21 51 52 832 72 27 20 236 59 106 23 31 32
internal_value=8.26376e-06 0.000512155 -4.99358e-05 0.000168316 -0.000134076 -0.00019256 -0.000143109 0.000281467 4.89715e-05 -0.000690513 0.000276034 0.000259431 0.00021039 -0.000715744 0.000479842 -7.28708e-05
internal_weight=1662 175 1487 403 1084 958 884 126 99 40 363 142 342 74 90 52
internal_count=1662 175 1487 403 1084 958 884 126 99 40 363 142 342 74 90 52
is_linear=0
shrinkage=0.03


Tree=121
num_leaves=17
num_cat=0
split_feature=11 15 25 13 28 28 28 15 19 23 24 15 30 33 22 24
split_gain=0.05292 0.0356642 0.0286153 0.0356482 0.0276593 0.0369989 0.0551019 0.0169644 0.0182801 0.0148543 0.0125694 0.0086867 0.0085237 0.00607915 0.00467516 0.00346334
threshold=-0.99809013990908424 1.5103248473266249 0.46617096495067012 -0.86229015505805739 -0.107051283153172 -0.10705128313770139 -0.10705127215764208 -0.81455114069753509 0.053291552070846661 -0.61693780373749207 0.18962925350600951 -0.6049468071143359 -0.22382528551514455 0.29536712863385278 0.48120148320544304 0.78279384124961371
decision_type=2 2 2 2 2 2 2 2 2 2 2 2 2 2 2 2
left_child=1 10 4 -4 11 12 -7 8 -5 -9 14 15 -6 -12 -1 -2
right_child=2 -3 3 7 5 6 -8 9 -10 -11 13 -13 -14 -15 -16 -17
leaf_value=-0.00042805626656374206 -0.0013202397295213101 0.0013654460752926144 -0.00074716686650850433 0.00018663957370785593 0.00096948238549863586 -0.00082989496692860714 -5.1491515473233724e-05 0.00049742416504493638 0.0011990851360879947 0 0.00064449185681822257 -7.407679166925813e-05 2.4821577288093968e-05 1.4091259685194333e-05 8.617300019333404e-05 -0.00044999182136619794
leaf_weight=20 20 33 31 50 31 89 866 71 31 220 59 26 21 31 32 31
leaf_count=20 20 33 31 50 31 89 866 71 31 220 59 26 21 31 32 31
internal_value=8.27837e-06 0.000498677 -4.83094e-05 0.000163475 -0.000130038 -8.37013e-05 -0.000129537 0.000252732 0.000638819 0.000129639 0.000252471 -0.000672668 0.000664693 0.000467071 -6.96225e-05 -0.000901208
internal_weight=1662 175 1487 403 1084 1007 955 372 81 291 142 77 52 90 52 51
internal_count=1662 175 1487 403 1084 1007 955 372 81 291 142 77 52 90 52 51
is_linear=0
shrinkage=0.03


Tree=122
num_leaves=16
num_cat=0
split_feature=25 16 31 3 25 22 31 17 25 25 30 14 15 14 25
split_gain=0.0502157 0.0272799 0.0239644 0.0237353 0.0219209 0.0435706 0.0292507 0.0191736 0.0161959 0.0069106 0.0188179 0.00951757 0.00584248 0.00269871 0.00160904
threshold=1.0160380367591475 1.3262993280427526 -0.57099861224961135 -0.43805691358646376 -0.93353882449412018 -1.1175047211867379 -0.010780130870640144 -0.74495502327415375 1.7092549289592307 -0.31918619505455204 -0.22284414751633361 0.26673634757424641 0.42442967007985694 0.02792043266281952 0.58114815878462311
decision_type=2 2 2 2 2 2 2 2 2 2 2 2 2 2 2
left_child=1 2 -1 8 5 -4 -6 -5 -2 10 -3 14 13 -9 -11
right_child=3 9 4 7 6 -7 -8 12 -10 11 -12 -13 -14 -15 -16
leaf_value=-0.00094481829623691731 0.0002350876284405016 0 0.00044373397497862065 -0.00042983522482219482 0.00029966280219444663 -0.00045028727376842726 -3.1438996496494648e-05 0.00035908867798827807 0.0015304518978577107 -0.00052244693910546156 -0.0011758068419773786 0.00024650484563418381 0.00088262826662510632 0 -1.8866866543565034e-06
leaf_weight=21 23 20 59 25 346 200 728 48 27 43 31 20 22 29 20
leaf_count=21 23 20 59 25 346 200 728 48 27 43 31 20 22 29 20
internal_value=8.16631e-06 -4.67299e-05 -3.66399e-06 0.000487408 1.10057e-05 -0.000232431 7.29809e-05 0.000222404 0.00103822 -0.000450381 -0.00074622 -0.000214027 0.000424321 0.000227688 -0.000410242
internal_weight=1662 1488 1354 174 1333 259 1074 124 50 134 51 83 99 77 63
internal_count=1662 1488 1354 174 1333 259 1074 124 50 134 51 83 99 77 63
is_linear=0
shrinkage=0.03


Tree=123
num_leaves=18
num_cat=0
split_feature=11 15 31 22 23 23 31 31 25 23 27 32 21 25 24 33 22
split_gain=0.0485785 0.0327676 0.0261445 0.0553194 0.0523715 0.0453225 0.102943 0.0354039 0.02907 0.0220143 0.0237313 0.0208019 0.0132918 0.0157769 0.0118522 0.00566411 0.00443897
threshold=-0.99809013990908424 1.5103248473266249 -0.011978981233608034 0.074975962958116454 -0.96032898361799013 0.33221085076366008 -0.010775124831356358 -0.01077512534352377 -1.407471335805117 0.18173606407445297 -0.20093047786166732 -0.2867234569473483 0.16381645689972049 -0.38769567885392214 0.18962925350600951 0.29536712863385278 0.48120148320544304
decision_type=2 2 2 2 2 2 2 2 2 2 2 2 2 2 2 2 2
left_child=1 14 3 12 8 6 -6 -7 -4 10 -5 -10 13 -2 16 -16 -1
right_child=2 -3 4 9 5 7 -8 -9 11 -11 -12 -13 -14 -15 15 -17 -18
leaf_value=-0.00041984257786332265 -0.00027660562558836927 0.0013093876123991019 -0.00026520766810196025 -0.0013602466387876671 -0.00081748176543042065 0.00024134177794883071 0.00010350485770128011 -0.00039078697805129681 0.00079556597561564885 8.1731162026464451e-05 -0.00046593044172348942 6.7432433194839023e-05 0.00063346080811550981 0.0004782210709956033 0.00062074757494021105 9.4914303883663604e-06 7.8790171933360381e-05
leaf_weight=20 69 33 38 43 192 398 236 94 129 28 127 62 36 35 59 31 32
leaf_count=20 69 33 38 43 192 398 236 94 129 28 127 62 36 35 59 31 32
internal_value=7.88358e-06 0.000477799 -4.62565e-05 -0.000277557 1.97263e-05 -7.88728e-05 -0.000305502 0.000112872 0.000424674 -0.000600043 -0.000729146 0.00057937 0.000160572 0 0.000240761 0.00044956 -7.08859e-05
internal_weight=1662 175 1487 338 1149 920 428 492 229 198 170 191 140 104 142 90 52
internal_count=1662 175 1487 338 1149 920 428 492 229 198 170 191 140 104 142 90 52
is_linear=0
shrinkage=0.03


Tree=124
num_leaves=18
num_cat=0
split_feature=11 15 31 22 23 23 31 29 9 23 23 31 20 24 33 11 22
split_gain=0.046029 0.0308902 0.0246009 0.0522842 0.0493245 0.042604 0.0970076 0.0336439 0.0235062 0.0209116 0.0196047 0.0179204 0.0116962 0.0112249 0.00526175 0.00445477 0.00422109
threshold=-0.99809013990908424 1.5103248473266249 -0.011978981233608034 0.074975962958116454 -0.96032898361799013 0.33221085076366008 -0.010775124831356358 -0.18131165524914858 -0.16629599085207133 0.18173606407445297 -1.0104872458477256 -0.010810742343045509 -0.79335190035167102 0.18962925350600951 0.29536712863385278 -0.4590563039029219 0.48120148320544304
decision_type=2 2 2 2 2 2 2 2 2 2 2 2 2 2 2 2 2
left_child=1 13 3 12 8 6 -6 -7 -4 10 -5 -10 -2 16 -15 -14 -1
right_child=2 -3 4 9 5 7 -8 -9 11 -11 -12 -13 15 14 -16 -17 -18
leaf_value=-0.00040889016152157083 0.00062403570519139367 0.0012733794587062826 0.00087559553786316726 -0.00034011676153812077 -0.00079333460959961279 -0.00038463374087950792 0.00010043868949716821 0.00023387301968201671 0.00055835672408369749 7.9516512300488681e-05 -0.0010687977328056061 -5.4987358348087729e-05 0.00029223833368583163 0.00060302623114623724 9.2318112609277917e-06 -0.0001220134823510307 7.6629067934118211e-05
leaf_weight=20 33 33 69 91 192 93 236 399 65 28 79 95 30 59 31 77 32
leaf_count=20 33 33 69 91 192 93 236 399 65 28 79 95 30 59 31 77 32
internal_value=7.83213e-06 0.000465285 -4.48189e-05 -0.000269206 1.91138e-05 -7.64933e-05 -0.000296277 0.000109277 0.000412165 -0.000582823 -0.000708742 0.000181469 0.00015628 0.000234338 0.000437651 0 -6.7681e-05
internal_weight=1662 175 1487 338 1149 920 428 492 229 198 170 160 140 142 90 107 52
internal_count=1662 175 1487 338 1149 920 428 492 229 198 170 160 140 142 90 107 52
is_linear=0
shrinkage=0.03


Tree=125
num_leaves=19
num_cat=0
split_feature=11 15 31 22 22 31 31 15 22 11 10 20 11 19 20 11 27 6
split_gain=0.0436057 0.0291165 0.023142 0.049393 0.0343437 0.0855928 0.0477669 0.0608947 0.0606724 0.0200415 0.0137373 0.0110565 0.0104215 0.00996381 0.00823887 0.00421097 0.000411664 0.000209052
threshold=-0.99809013990908424 1.5103248473266249 -0.011978981233608034 0.074975962958116454 -0.70164518020741207 -0.010775124831356358 -0.010781352072551736 1.6035764613351666 -0.37265419695201712 0.5489604458681695 -0.40428052061988679 -0.79335190035167102 -0.50441601308686657 -0.68160944867871542 0.80087273428567129 -0.4590563039029219 -0.057661959016336715 -0.76217867439233256
decision_type=2 2 2 2 2 2 2 2 2 2 2 2 2 2 2 2 2 2
left_child=1 13 3 11 5 -4 7 -6 -8 12 -7 -2 -5 -1 17 -13 -11 -15
right_child=2 -3 4 9 6 10 8 -9 -10 16 -12 15 -14 14 -16 -17 -18 -19
leaf_value=-0.00023970056244999996 0.00060687472353068489 0.0012383615255433444 -0.00085113270793432791 -0.00062629770643009871 0.00080485445413329946 0.00047489353471067244 0.0002396172549046927 -0.00043999125049747312 -0.00037411441864678634 -0.0014832785231992599 -1.9535782357447064e-05 0.00028426819320090792 -7.6599057685405772e-05 0.00010921403684187679 0 -0.00011849034416663926 -0.00060515732835207518 0.00058113488734075369
leaf_weight=24 33 33 124 69 156 64 363 40 237 21 165 30 82 20 35 77 26 63
leaf_count=24 33 33 124 69 156 64 363 40 237 21 165 30 82 20 35 77 26 63
internal_value=7.8433e-06 0.000453123 -4.33536e-05 -0.000261007 1.85822e-05 -0.000223478 0.000130119 0.000532926 0 -0.000565933 0.000110068 0.000152092 -0.000354574 0.000228103 0.000351626 0 -0.00112296 0.000510079
internal_weight=1662 175 1487 338 1149 353 796 196 600 198 229 140 151 142 118 107 47 83
internal_count=1662 175 1487 338 1149 353 796 196 600 198 229 140 151 142 118 107 47 83
is_linear=0
shrinkage=0.03


Tree=126
num_leaves=19
num_cat=0
split_feature=25 16 3 15 33 24 22 25 17 27 15 23 29 22 13 25 15 7
split_gain=0.0427348 0.0247142 0.021045 0.019449 0.0309695 0.0330366 0.0205218 0.0174709 0.0164163 0.010325 0.0125731 0.0072064 0.0116732 0.00576045 0.00332396 0.00265093 0.00143658 0.00123837
threshold=0.97646089031811156 1.3262993280427526 -0.40657807902750515 0.33153278131755409 -0.12140455838293822 -1.3706515099065142 0.16758163415166363 1.7092549289592307 -0.74495502327415375 -0.24890194381348338 1.1097881827963521 -1.0027705901200741 -0.18121583511730086 -0.45925213611606014 0.095128545489098756 -0.12494026702772494 -0.78300303020221229 0.051370990216816063
decision_type=2 2 2 2 2 2 2 2 2 2 2 2 2 2 2 2 2 2
left_child=1 3 7 4 5 -1 -6 -2 -4 14 -11 -3 15 16 -5 -13 -10 -15
right_child=2 11 8 9 6 -7 -8 -9 13 10 -12 12 -14 17 -16 -17 -18 -19
leaf_value=0.00053608207598092046 0.0002061569754499942 0 -0.00043008413473661576 0 8.3883996021800799e-05 -5.8120039817754189e-05 -0.00063855726608345582 0.0014436843669222246 0.00022744963524746705 0.00048814081340188109 3.8128836557551426e-05 0 -0.0010816751084988937 0.00018970171371474859 -0.00044158061298936528 -0.00038618394488557463 -5.5312649086117735e-05 0.00075572953040382884
leaf_weight=91 27 22 24 20 39 802 121 28 21 131 124 25 27 27 20 60 22 31
leaf_count=91 27 22 24 20 39 802 121 28 21 131 124 25 27 27 20 60 22 31
internal_value=7.39529e-06 -4.40911e-05 0.000441467 -2.82225e-06 -6.5391e-05 6.75316e-07 -0.000445754 0.000929981 0.000186325 0.000208859 0.000283927 -0.000428193 -0.000524235 0.000369825 -0.000186354 -0.000282237 2.33908e-05 0.000563703
internal_weight=1662 1482 180 1348 1053 893 160 55 125 295 255 134 112 101 40 85 43 58
internal_count=1662 1482 180 1348 1053 893 160 55 125 295 255 134 112 101 40 85 43 58
is_linear=0
shrinkage=0.03


Tree=127
num_leaves=18
num_cat=0
split_feature=11 17 31 23 23 31 20 29 21 9 11 31 24 21 11 33 5
split_gain=0.0405729 0.0234408 0.0210434 0.0420207 0.037829 0.0867202 0.0342984 0.0297133 0.0245371 0.021634 0.0190106 0.0156406 0.0134635 0.0104484 0.00456853 0.00314134 0.00209036
threshold=-0.99809013990908424 0.3450993377786768 -0.011978981233608034 -0.96032898361799013 0.33221085076366008 -0.010775124831356358 -0.73131748395643859 -0.18131165524914858 -1.200397254072773 -0.16629599085207133 0.5489604458681695 -0.010810742343045509 0.29278831224402763 0.36844851354559455 -0.4590563039029219 0.21759899630779495 -0.292647967582921
decision_type=2 2 2 2 2 2 2 2 2 2 2 2 2 2 2 2 2
left_child=1 12 6 9 5 -5 -2 -6 14 -4 -10 -11 16 -14 -8 -15 -1
right_child=2 -3 3 4 7 -7 8 -9 10 11 -12 -13 13 15 -16 -17 -18
leaf_value=-0.00017720016203799917 0.00056345095112919803 0.0013480831459746693 0.00082382212901332724 -0.00074840317030365651 -0.0003596806556033698 9.6180403799331975e-05 0.00041154967632610351 0.00022107954033143961 -0.00034378127613430572 0.00051169879097484649 -0.0010801467151008545 -6.0913535894004015e-05 0.0010513866285069122 0.00036806555579691619 -5.1702255357070749e-05 0 0.00013058959663083606
leaf_weight=39 36 21 69 192 93 236 21 399 170 65 47 95 24 41 64 20 30
leaf_count=39 36 21 69 192 93 236 21 399 170 65 47 95 24 41 64 20 30
internal_value=7.33367e-06 0.00043691 -4.19862e-05 1.69569e-05 -7.108e-05 -0.00027831 -0.000249542 0.000103727 -0.00036088 0.000379919 -0.000529461 0.000158442 0.000270166 0.000517602 3.87857e-05 0.000221274 -1.84653e-06
internal_weight=1662 175 1487 1149 920 428 338 492 302 229 217 160 154 85 85 61 69
internal_count=1662 175 1487 1149 920 428 338 492 302 229 217 160 154 85 85 61 69
is_linear=0
shrinkage=0.03


Tree=128
num_leaves=22
num_cat=0
split_feature=25 16 15 15 28 20 34 20 20 27 24 16 27 19 20 20 33 25 27 20 29
split_gain=0.040166 0.0360424 0.0229236 0.0201214 0.023769 0.0198386 0.0197966 0.0173639 0.0226204 0.0206398 0.0132847 0.0302044 0.0163497 0.0147023 0.0118878 0.0111378 0.0101133 0.00853056 0.0149487 0.00826907 0.000220697
threshold=0.55136510726741061 -0.44475952409166658 2.7417823163461308 -0.69363419504909019 -0.096443575650389454 0.77316809188435998 -0.13247756344737141 -0.82165888986091851 -0.10374590394027618 0.39220902646420336 0.33147295927078441 -0.64737476919594272 -0.20697763610514844 0.063414780520927416 -0.62531688717616662 -0.88309101636443887 -0.35897824733645189 -0.13965973384939726 -0.24524540017043006 -0.75360169018556444 -0.181318613280889
decision_type=2 2 2 2 2 2 2 2 2 2 2 2 2 2 2 2 2 2 2 2 2
left_child=1 7 10 15 6 -6 -5 17 14 -10 11 -2 13 -12 -9 20 -13 18 -1 -17 -3
right_child=2 3 -4 4 5 -7 -8 8 9 -11 12 16 -14 -15 -16 19 -18 -19 -20 -21 -22
leaf_value=-4.4073596658220264e-05 -0.00077592563696882947 0 0.0012207753287385339 -0.00013845610440996455 -0.00018518697784949801 -0.00092714797264272137 0.0002586608096748786 6.9650948254857203e-05 0.00042810451813448281 -0.000507472255996064 0 -3.5489842362169701e-05 -0.00018360218903622948 0.00077991079898149531 -0.00047074783713502589 -0.0011679126841999173 0.00036103317383676765 0.0010203014775179327 0.0006192188630229793 -0.00042768283916596803 -8.4224876238814809e-05
leaf_weight=50 30 22 20 281 170 44 183 47 128 20 30 81 23 86 85 24 127 21 53 112 25
leaf_count=50 30 22 20 281 170 44 183 47 128 20 30 81 23 86 85 24 127 21 53 112 25
internal_value=7.3313e-06 -7.35114e-05 0.000271048 -0.000184614 -0.000102531 -0.000362273 1.2397e-05 0.000155514 1.22494e-05 0.000274237 0.00020353 5.12349e-05 0.000436575 0.00058628 -0.000258839 -0.000466036 0.000194091 0.000447461 0.000276796 -0.000602282 0
internal_weight=1662 1265 397 861 678 214 464 404 280 148 377 238 139 116 132 183 208 124 103 136 47
internal_count=1662 1265 397 861 678 214 464 404 280 148 377 238 139 116 132 183 208 124 103 136 47
is_linear=0
shrinkage=0.03


Tree=129
num_leaves=16
num_cat=0
split_feature=25 16 3 31 25 24 22 25 17 23 29 22 25 7 0
split_gain=0.0378929 0.0224761 0.0197007 0.0192835 0.017016 0.0351899 0.0330144 0.015755 0.0149838 0.00668039 0.0103174 0.00527063 0.00253485 0.00112603 0.000721774
threshold=0.97646089031811156 1.3262993280427526 -0.40657807902750515 -0.57099861224961135 -0.93353882449412018 -1.3448617452220097 -1.1175047211867379 1.7092549289592307 -0.74495502327415375 -1.0027705901200741 -0.18121583511730086 -0.45925213611606014 -0.12494026702772494 0.051370990216816063 0.30775709847333682
decision_type=2 2 2 2 2 2 2 2 2 2 2 2 2 2 2
left_child=1 3 7 -1 6 -6 -5 -2 -4 -3 12 14 -11 -13 -10
right_child=2 9 8 4 5 -7 -8 -9 11 10 -12 13 -14 -15 -16
leaf_value=-0.000846593777067028 0.00019365771031007169 0 -0.00041888646571896967 0.00038236553666977287 0.00045680639503728433 -6.3653060747553049e-06 -0.00039359241858580069 0.0013769030972954725 0.00016852212504929175 0 -0.0010277868652250617 0.00016944832084700464 -0.00037094456439150413 0.00071280517192173971 -1.1662072296111049e-05
leaf_weight=21 27 22 24 59 171 897 200 28 20 25 27 27 60 31 23
leaf_count=21 27 22 24 59 171 897 200 28 20 25 27 27 60 31 23
internal_value=6.88031e-06 -4.14947e-05 0.000415713 -2.03946e-06 1.09496e-05 6.60649e-05 -0.000203025 0.000887823 0.000168607 -0.000407769 -0.000500366 0.000345112 -0.000269415 0.000529817 1.24521e-05
internal_weight=1662 1482 180 1348 1327 1068 259 55 125 134 112 101 85 58 43
internal_count=1662 1482 180 1348 1327 1068 259 55 125 134 112 101 85 58 43
is_linear=0
shrinkage=0.03


Tree=130
num_leaves=24
num_cat=0
split_feature=25 16 21 19 28 15 23 33 20 15 28 20 34 28 20 19 15 14 14 25 20 23 28
split_gain=0.0367417 0.0334202 0.0238647 0.0305279 0.0236447 0.0210901 0.0195611 0.0299186 0.0276645 0.0190633 0.0229905 0.0185663 0.0163862 0.0155216 0.0139847 0.0109031 0.0175863 0.0107359 0.0101357 0.010017 0.00815685 0.00159917 0.000254142
threshold=0.55136510726741061 -0.44475952409166658 0.45939609427709421 -0.72210004743790834 -0.10705128313770139 2.7417823163461308 0.74119360432919723 -0.35897824733645189 -0.7096355676190248 -0.67671848243812416 -0.096443575650389454 0.77316809188435998 -0.13247756344737141 -0.10576188961162111 -0.88309101636443887 0.063414780520927416 0.95362005133246153 0.2397713492893408 0.42087018616476712 -0.91689762544707121 -0.75360169018556444 0.77206022723980372 -0.10670156493012398
decision_type=2 2 2 2 2 2 2 2 2 2 2 2 2 2 2 2 2 2 2 2 2 2 2
left_child=1 2 3 13 -4 6 7 8 -2 14 12 -12 -11 -1 22 21 -17 -6 -9 -5 -16 -8 -3
right_child=5 9 4 19 17 -7 15 18 -10 10 11 -13 -14 -15 20 16 -18 -19 -20 -21 -22 -23 -24
leaf_value=0.00023150693499719943 -0.0012859618356171993 -7.3324158108152904e-05 0.00047744563848827962 7.9703579711563403e-06 -0.00049459174198956154 0.0011708251309135685 0.00025446105092439961 0.00039489345525763926 0 -0.00011755891788414818 -0.00017408704120047371 -0.00089240018925827692 0.00024938877100472292 -0.00050235190760577098 -0.001141366284046983 0.0009116697584749604 0 0.00012560186256842614 -6.2879878939744438e-05 0.00071980305084841129 -0.00042406568766246126 -2.981737265363335e-05 2.3384556029923254e-05
leaf_weight=56 22 37 37 31 95 20 20 122 50 262 170 44 180 41 25 66 20 23 50 121 121 27 22
leaf_count=56 22 37 37 31 95 20 20 122 50 262 170 44 180 41 25 66 20 23 50 121 121 27 22
internal_value=6.66476e-06 -7.05758e-05 0.000149817 0.000333659 -0.000127256 0.000258967 0.000193837 1.98796e-05 -0.000468251 -0.000177622 -9.19193e-05 -0.000345898 2.58091e-05 -5.44457e-05 -0.000432167 0.000483439 0.00068303 -0.000348796 0.00024588 0.000596946 -0.000587533 3.91617e-05 0
internal_weight=1662 1265 404 249 155 397 377 244 72 861 656 214 442 97 205 133 86 118 172 152 146 47 59
internal_count=1662 1265 404 249 155 397 377 244 72 861 656 214 442 97 205 133 86 118 172 152 146 47 59
is_linear=0
shrinkage=0.03


Tree=131
num_leaves=24
num_cat=0
split_feature=25 16 21 19 28 15 23 33 20 15 28 20 25 28 20 19 15 14 14 25 20 23 28
split_gain=0.0345845 0.0316842 0.0224222 0.0288219 0.0223007 0.020033 0.0185252 0.0283406 0.0261436 0.0179992 0.0217318 0.0174907 0.0157722 0.0146713 0.0132314 0.0102399 0.0166809 0.0101946 0.00959959 0.00932526 0.00767002 0.0015232 0.000240273
threshold=0.55136510726741061 -0.44475952409166658 0.45939609427709421 -0.72210004743790834 -0.10705128313770139 2.7417823163461308 0.74119360432919723 -0.35897824733645189 -0.7096355676190248 -0.67671848243812416 -0.096443575650389454 0.77316809188435998 -1.0469032895761965 -0.10576188961162111 -0.88309101636443887 0.063414780520927416 0.95362005133246153 0.2397713492893408 0.42087018616476712 -0.91689762544707121 -0.75360169018556444 0.77206022723980372 -0.10670156493012398
decision_type=2 2 2 2 2 2 2 2 2 2 2 2 2 2 2 2 2 2 2 2 2 2 2
left_child=1 2 3 13 -4 6 7 8 -2 14 12 -12 -11 -1 22 21 -17 -6 -9 -5 -16 -8 -3
right_child=5 9 4 19 17 -7 15 18 -10 10 11 -13 -14 -15 20 16 -18 -19 -20 -21 -22 -23 -24
leaf_value=0.00022491488140865656 -0.0012520124331302938 -7.1289410840836355e-05 0.00046419652089098236 7.7523404196493597e-06 -0.00048020820625361568 0.0011402818851334892 0.00024782294622096028 0.00038333097785152494 0 -0.0003342998472905225 -0.00016895499635477846 -0.00086733703784882372 0.00011701882125262347 -0.00048830888639945027 -0.0011107939878129398 0.00088550880282064484 0 0.00012226858227334629 -6.1100266733259511e-05 0.0006987313917725846 -0.00041165151017119036 -2.9012303659692402e-05 2.2767197638750066e-05
leaf_weight=56 22 37 37 31 95 20 20 122 50 82 170 44 360 41 25 66 20 23 50 121 121 27 22
leaf_count=56 22 37 37 31 95 20 20 122 50 82 170 44 360 41 25 66 20 23 50 121 121 27 22
internal_value=6.28501e-06 -6.85994e-05 0.00014589 0.000324169 -0.000122238 0.000251121 0.000187427 1.78461e-05 -0.000456934 -0.000172872 -8.9426e-05 -0.000336378 2.48592e-05 -5.21561e-05 -0.000420334 0.000469221 0.000662747 -0.000337863 0.00023816 0.00058004 -0.000571457 3.65912e-05 0
internal_weight=1662 1265 404 249 155 397 377 244 72 861 656 214 442 97 205 133 86 118 172 152 146 47 59
internal_count=1662 1265 404 249 155 397 377 244 72 861 656 214 442 97 205 133 86 118 172 152 146 47 59
is_linear=0
shrinkage=0.03


Tree=132
num_leaves=18
num_cat=0
split_feature=10 15 22 22 31 16 27 29 8 9 24 23 15 19 34 15 27
split_gain=0.0295915 0.0217649 0.0282374 0.080362 0.0467205 0.0277402 0.0292867 0.0130557 0.0128098 0.0135476 0.0122935 0.0104892 0.00981947 0.0104263 0.00951461 0.00405897 0.00335933
threshold=-1.2633507067393779 0.33153278131755409 -0.37265419695201712 -0.334929969703681 -0.011665075327679341 -0.34460312733399373 -0.24891038764229742 -0.17007306093692939 -0.47185872368336185 0.0079919248015082271 0.62805525314258659 0.13157780184471732 1.3593388246351041 1.4927269556160758 -0.13247756344737141 0.050494026425435372 -0.24890194381348338
decision_type=2 2 2 2 2 2 2 2 2 2 2 2 2 2 2 2 2
left_child=7 2 5 -4 -5 6 -2 11 9 16 -7 -1 13 -10 -14 -9 -3
right_child=1 8 3 4 -6 10 -8 15 12 -11 -12 -13 14 -15 -16 -17 -18
leaf_value=0.0010267990511757404 0.00070305829255148239 0 -0.0020208571822099065 -0.00050925620324885723 0.00010768959675471992 0 1.8494072229254214e-05 -0.00016139213596138037 1.6636437402281026e-05 0.0011220093599517895 -0.00032409084624077594 8.7901834211412009e-05 0.00013522799764905356 0.00055403313329633404 -0.0004739487764980787 0.00031134293014333853 0.00033077570559802435
leaf_weight=41 89 21 20 201 226 316 170 25 136 21 160 25 29 46 49 28 59
leaf_count=41 89 21 20 201 226 316 170 25 136 21 160 25 29 46 49 28 59
internal_value=5.89886e-06 -2.77823e-05 -9.17198e-05 -0.000279349 -0.000177273 1.89961e-05 0.000270538 0.000457156 0.000172353 0.000457639 -0.000112446 0.000733919 4.61675e-05 0.00017546 -0.000213803 3.80831e-05 0.000212846
internal_weight=1662 1543 1182 447 427 735 259 119 361 101 476 66 260 182 78 53 80
internal_count=1662 1543 1182 447 427 735 259 119 361 101 476 66 260 182 78 53 80
is_linear=0
shrinkage=0.03


Tree=133
num_leaves=17
num_cat=0
split_feature=11 15 34 22 23 23 22 27 17 15 30 19 20 15 27 6
split_gain=0.0315512 0.0224765 0.0163713 0.0196545 0.0182324 0.0360751 0.0619254 0.0286769 0.0261199 0.0184802 0.0166057 0.00805017 0.00577081 0.00390697 0.0012123 0.000505741
threshold=-0.99809013990908424 1.5103248473266249 -0.13941750244172177 0.074975962958116454 -1.0027705901200741 0.33221085076366008 -0.7848062636608818 -0.24591776718950895 -0.22693326275341058 1.3593388246351041 2.1629165976478317 -0.68160944867871542 0.80087273428567129 0.31365158887782435 -0.19471836829166086 -0.76217867439233256
decision_type=2 2 2 2 2 2 2 2 2 2 2 2 2 2 2 2
left_child=1 11 3 13 7 6 -6 9 -7 -4 -9 -1 15 -2 -5 -13
right_child=2 -3 4 14 5 8 -8 10 -10 -11 -12 12 -14 -15 -16 -17
leaf_value=-0.00023185809179105692 -4.7781548608327273e-05 0.0010756996857817283 0.00055429349166477169 -0.00095414255236518446 2.1701347743189056e-05 -0.00018885956715775884 -0.00064062492233697764 -0.00030479157069260152 0.000261190661166206 -0.00019329069071118867 0.00041604756851059695 5.1832697627580027e-05 0 0.00041493808507919315 -0.0004102102723574783 0.000497493008465178
leaf_weight=24 21 33 163 20 296 166 209 112 338 28 33 20 35 22 79 63
leaf_count=24 21 33 163 20 296 166 209 112 338 28 33 20 35 22 79 63
internal_value=5.97228e-06 0.000384985 -3.73043e-05 -0.000340385 -2.39439e-06 -6.83548e-05 -0.000248669 0.000185686 0.000106802 0.000427942 -0.00011536 0.000184842 0.000298036 0.000135363 -0.000574338 0.000430543
internal_weight=1662 175 1487 142 1345 1009 505 336 504 191 145 142 118 43 99 83
internal_count=1662 175 1487 142 1345 1009 505 336 504 191 145 142 118 43 99 83
is_linear=0
shrinkage=0.03


Tree=134
num_leaves=18
num_cat=0
split_feature=11 15 34 22 23 23 29 28 29 30 15 19 20 15 28 21 14
split_gain=0.0298577 0.0212178 0.0155205 0.0186082 0.0171302 0.0339114 0.0592163 0.0292904 0.0191472 0.0181953 0.0171559 0.0076561 0.00552133 0.00372651 0.00282094 0.00251975 4.99282e-05
threshold=-0.99809013990908424 1.5103248473266249 -0.13941750244172177 0.074975962958116454 -1.0027705901200741 0.33221085076366008 -0.18131166282702485 -0.10664338042930435 -0.18131165524914858 2.1629165976478317 1.6035764613351666 -0.68160944867871542 1.0779197358815089 0.31365158887782435 0.51173451480122745 0.73223883647159294 -0.35057489962691674
decision_type=2 2 2 2 2 2 2 2 2 2 2 2 2 2 2 2 2
left_child=1 11 3 13 7 6 -6 10 -7 -9 -4 -1 15 -2 16 -13 -5
right_child=2 -3 4 14 5 8 -8 9 -10 -11 -12 12 -14 -15 -16 -17 -18
leaf_value=-0.00022567520678664244 -4.6527281781891356e-05 0.0010461179429136487 0.00052054856311303539 -0.00020017800561111907 0.00013329047572640878 -0.00028946293844311531 -0.00051423863087612194 -0.00035644757554899629 0.00019060064054999155 0.00040460625399524965 -0.00022519824653863905 0.00057358070001122538 -2.4498418411239973e-05 0.00040398371966555719 -6.5351064812857655e-05 0.00013508396025953027 -0.00074666610560161632
leaf_weight=24 21 33 176 20 209 84 296 102 420 33 25 47 22 22 22 49 57
leaf_count=24 21 33 176 20 209 84 296 102 420 33 25 47 22 22 22 49 57
internal_value=5.73907e-06 0.000374483 -3.63103e-05 -0.000331413 -2.26076e-06 -6.62638e-05 -0.000241141 0.000179975 0.000103434 -0.000143922 0.00041114 0.000179295 0.000290008 0.000130064 -0.000559194 0.000390943 -0.000655051
internal_weight=1662 175 1487 142 1345 1009 505 336 504 135 201 142 118 43 99 96 77
internal_count=1662 175 1487 142 1345 1009 505 336 504 135 201 142 118 43 99 96 77
is_linear=0
shrinkage=0.03


Tree=135
num_leaves=18
num_cat=0
split_feature=11 17 16 31 23 28 23 30 27 24 33 14 21 33 22 3 17
split_gain=0.0282247 0.0207372 0.0162756 0.0190304 0.0173668 0.0276209 0.0266296 0.0125031 0.0128515 0.0117325 0.0127748 0.00973291 0.00648422 0.00381592 0.00273337 0.00227491 0.00104562
threshold=-0.99809013990908424 0.3450993377786768 1.3262993280427526 -0.047853274843321705 -1.0027705901200741 -0.10664338042930435 0.33221085076366008 2.1629165976478317 -0.24262507686520604 -0.21011209910381071 0.29536712863385278 1.2392608758703136 0.36844851354559455 1.0495588477630426 0.58603911330591274 -0.17127123289851479 -1.143923922634966
decision_type=2 2 2 2 2 2 2 2 2 2 2 2 2 2 2 2 2
left_child=1 9 3 11 5 -5 -6 8 14 15 12 13 -11 -2 -4 -1 -12
right_child=2 -3 7 4 6 -7 -8 -9 -10 10 16 -13 -14 -15 -16 -17 -18
leaf_value=-0.0003181016873247151 -0.00017932482887243956 0.0012157530075346584 -0.00032482024007326652 0.00046744775741845821 -0.00018521764748821639 -0.00011513092889176082 0.00013644161802724134 0.00026377553709418228 -0.0010809679328678892 0.0011374163422771507 0.00013151686810422688 9.4291457958105529e-05 0.00029909054789847383 -0.0006788917833057763 0 0 -0.00014263819215819238
leaf_weight=26 50 21 90 180 469 109 446 20 23 20 22 24 42 53 23 22 22
leaf_count=26 50 21 90 180 469 109 446 20 23 20 22 24 42 53 23 22 22
internal_value=5.44331e-06 0.000364009 -3.53896e-05 0 3.60297e-05 0.000238521 -2.52292e-05 -0.000322277 -0.000433877 0.000207742 0.000388455 -0.000345971 0.000655687 -0.000476624 -0.000251756 -0.000131883 0
internal_weight=1662 175 1487 1331 1204 289 915 156 136 154 106 127 62 103 113 48 44
internal_count=1662 175 1487 1331 1204 289 915 156 136 154 106 127 62 103 113 48 44
is_linear=0
shrinkage=0.03


Tree=136
num_leaves=21
num_cat=0
split_feature=25 16 21 19 27 22 24 24 28 25 21 16 28 28 14 25 33 19 27 20
split_gain=0.0299832 0.0267698 0.0202434 0.024305 0.0191993 0.0157456 0.017187 0.0268367 0.0227574 0.0155052 0.0126534 0.0398795 0.0198569 0.0119572 0.0105964 0.00849066 0.00792533 0.00625507 0.00614768 0.00311381
threshold=0.55136510726741061 -0.44475952409166658 0.45939609427709421 -0.72210004743790834 -0.2489103876360873 -1.1175047211867379 -1.4222310392755233 1.0149017234101545 -0.10667199688512737 3.3836133862069446 0.11834266653397067 -0.3960321059459791 -0.10705128315318375 -0.10546643660629565 0.2397713492893408 -0.91689762544707121 -0.35897824733645189 -0.40222594161566444 -0.2479905851967151 -0.54943009296633061
decision_type=2 2 2 2 2 2 2 2 2 2 2 2 2 2 2 2 2 2 2 2
left_child=1 2 3 13 17 -3 8 -8 -7 10 11 19 -12 -1 -6 -5 -13 -4 -14 -2
right_child=9 5 4 15 14 6 7 -9 -10 -11 12 16 18 -15 -16 -17 -18 -19 -20 -21
leaf_value=0.00019531322708811428 -0.0011148350038160772 0.00042302575147698155 0.00065656559435754182 0 -0.00050317087197327044 0.00043008734714055789 -0.00035859109230631896 7.9153990650777454e-05 -0.00027546822858398389 0.00089167754247318953 0.0011541208786209325 0 -5.3549042576923959e-05 -0.00045256095953352215 0.00011796291161534519 0.00064990724710514767 0.00040227984233933963 0 0.00032814625337050527 -0.0002611896482482552
leaf_weight=58 20 34 24 31 87 82 521 151 73 29 23 75 42 39 23 121 93 21 93 22
leaf_count=58 20 34 24 31 87 82 521 151 73 29 23 75 42 39 23 121 93 21 93 22
internal_value=5.32803e-06 -6.42722e-05 0.000132533 0.000302283 -0.000121736 -0.000160229 -0.000189265 -0.00025587 7.98851e-05 0.000233421 0.00016667 0 0.000367077 -4.09345e-05 -0.000347065 0.000537218 0.000221673 0.000353835 0.000189075 -0.000781577
internal_weight=1662 1265 404 249 155 861 827 672 155 397 368 210 158 97 110 152 168 45 135 42
internal_count=1662 1265 404 249 155 861 827 672 155 397 368 210 158 97 110 152 168 45 135 42
is_linear=0
shrinkage=0.03


Tree=137
num_leaves=17
num_cat=0
split_feature=10 21 23 22 23 31 16 28 28 28 12 17 22 15 28 15
split_gain=0.0244379 0.0194622 0.0283722 0.0396985 0.0419406 0.0210069 0.0299759 0.0198176 0.0151573 0.0141937 0.0129677 0.0092708 0.00573262 0.00515118 0.0018262 0.0016354
threshold=-1.2633507067393779 -1.200397254072773 0.33221085076366008 -0.8036954391410388 -1.0104872458477256 -0.01077512534352377 -0.12335839431691586 -0.10236843085051181 -0.098394946333316496 -0.10546643660629565 1.5152623390063058 0.7256398489832615 0.27691153234626792 0.57230977023483431 -0.078370923769890508 1.6035764613351666
decision_type=2 2 2 2 2 2 2 2 2 2 2 2 2 2 2 2
left_child=9 10 3 7 -5 6 -4 -3 -7 -1 11 13 -11 -2 -14 -13
right_child=1 2 5 4 -6 8 -8 -9 -10 12 -12 15 14 -15 -16 -17
leaf_value=0.0008616762797305867 0.00042193839919712882 -0.00010306175213201586 0.00051878857953618896 -8.9496760216577747e-06 -0.00058885853449526049 -0.00064549462238210238 0 0.00037457936572190658 4.7538554084449239e-05 0.00045924594792304561 -0.00020738112315444687 0.00033467802654901921 -0.00023401993287067551 0 7.8022183768916865e-05 0.0010277824828846622
leaf_weight=41 43 198 156 203 282 49 276 120 46 27 38 32 24 80 27 20
leaf_count=41 43 198 156 203 282 49 276 120 46 27 38 32 24 80 27 20
internal_value=5.47722e-06 -2.49636e-05 -6.94699e-05 -0.000182767 -0.000353829 9.75605e-05 0.000190674 6.96506e-05 -0.000288126 0.000415682 0.000236156 0.000351193 0.000120982 0.000167934 -1.81088e-05 0.000697322
internal_weight=1662 1543 1330 803 485 527 432 318 95 119 213 175 78 123 51 52
internal_count=1662 1543 1330 803 485 527 432 318 95 119 213 175 78 123 51 52
is_linear=0
shrinkage=0.03


Tree=138
num_leaves=18
num_cat=0
split_feature=11 17 16 31 23 28 24 30 27 24 33 7 24 24 22 3 17
split_gain=0.0249254 0.0195913 0.0150773 0.017078 0.0148142 0.0243746 0.0231388 0.0116666 0.0118826 0.0109023 0.0115686 0.00900868 0.00603822 0.00257472 0.0024865 0.00207865 0.00094614
threshold=-0.99809013990908424 0.3450993377786768 1.3262993280427526 -0.047853274843321705 -1.0027705901200741 -0.10664338042930435 0.12515484179474815 2.1629165976478317 -0.24262507686520604 -0.21011209910381071 0.29536712863385278 0.85961725620790086 0.71831942953835237 -1.3577566275642619 0.58603911330591274 -0.17127123289851479 -1.143923922634966
decision_type=2 2 2 2 2 2 2 2 2 2 2 2 2 2 2 2 2
left_child=1 9 3 11 5 -5 -6 8 14 15 12 13 -11 -2 -4 -1 -12
right_child=2 -3 7 4 6 -7 -8 -9 -10 10 16 -13 -14 -15 -16 -17 -18
leaf_value=-0.00031148298998395432 0 0.0011695008519454859 -0.00031023603169083916 0.00043779623617640445 -0.00033349251371708565 -0.00010846350829810294 4.8575868518593838e-05 0.00025484400064401007 -0.001040481000735711 0.0008987872034273537 0.00012129292939323929 0.00010475224449944036 0.00013036975739974408 -0.00052815022753676137 0 0 -0.0001391009125113487
leaf_weight=26 21 21 90 180 172 109 743 20 23 34 22 23 28 83 23 22 22
leaf_count=26 21 21 90 180 172 109 743 20 23 34 22 23 28 83 23 22 22
internal_value=5.58706e-06 0.000342613 -3.26729e-05 0 3.54973e-05 0.000222496 -2.08318e-05 -0.000308783 -0.000416964 0.000190554 0.000365609 -0.000326394 0.000619948 -0.000450045 -0.000240565 -0.000135967 0
internal_weight=1662 175 1487 1331 1204 289 915 156 136 154 106 127 62 104 113 48 44
internal_count=1662 175 1487 1331 1204 289 915 156 136 154 106 127 62 104 113 48 44
is_linear=0
shrinkage=0.03


Tree=139
num_leaves=20
num_cat=0
split_feature=25 16 22 24 19 19 19 25 23 33 20 22 8 10 19 22 25 30 23
split_gain=0.0274966 0.024124 0.0144091 0.01539 0.0301554 0.0140069 0.0172834 0.0132197 0.015623 0.0207537 0.0201974 0.0117015 0.0100771 0.00965803 0.0092543 0.0123498 0.00888425 0.00691667 0.00130277
threshold=0.55136510726741061 -0.44475952409166658 -1.1175047211867379 1.0149017234101545 -0.32326892819623321 0.99266973071533171 -0.41639753623913384 3.3836133862069446 0.74119360432919723 -0.35897824733645189 -0.7096355676190248 1.906441190709651 -0.97778797824700681 -0.24176422570883124 0.063414780520927416 1.7739463437886653 -0.13965973384939726 -0.22489273452869898 0.77206022723980372
decision_type=2 2 2 2 2 2 2 2 2 2 2 2 2 2 2 2 2 2 2
left_child=1 5 -3 4 -4 6 16 8 9 10 -2 -5 -8 -11 18 -16 -1 -7 -10
right_child=7 2 3 11 -6 17 12 -9 14 13 -12 -13 -14 -15 15 -17 -18 -19 -20
leaf_value=-0.00010234994333311348 -0.0010998011827189475 0.00040468169914237404 -7.9176163291636969e-05 0.00029421074898162199 -0.00050420506607318715 5.3540476613030149e-05 0 0.00083474290289450436 0.00021758764336371548 -5.4023400032355522e-05 0 -0.00022605960304936161 0.00059278612731007317 0.00038128648316398115 0.00085529519022852808 0 0.0003280482997826766 -0.00051284030296771621 -5.3742753900587549e-05
leaf_weight=145 22 34 426 94 250 20 36 29 20 62 50 57 108 101 56 30 57 38 27
leaf_count=145 22 34 426 94 250 20 36 29 20 62 50 57 108 101 56 30 57 38 27
internal_value=5.44639e-06 -6.11245e-05 -0.000152294 -0.000180187 -0.000242313 0.000125495 0.00020307 0.000223935 0.000161354 2.75476e-07 -0.000401023 7.77589e-05 0.000451268 0.000199652 0.000417623 0.000600051 7.48832e-06 -0.000275328 7.84466e-06
internal_weight=1662 1265 861 827 676 404 346 397 368 235 72 151 144 163 133 86 202 58 47
internal_count=1662 1265 861 827 676 404 346 397 368 235 72 151 144 163 133 86 202 58 47
is_linear=0
shrinkage=0.03


Tree=140
num_leaves=24
num_cat=0
split_feature=25 16 21 25 17 15 20 19 19 15 23 33 20 14 14 20 19 15 15 19 20 23 29
split_gain=0.0259051 0.0227316 0.0181452 0.0209063 0.0171596 0.0155339 0.0155555 0.0165361 0.0138053 0.0133334 0.0137349 0.021026 0.0190858 0.0114187 0.00924639 0.00888661 0.00875801 0.0144734 0.00863839 0.00698611 0.00593012 0.00123669 8.72239e-05
threshold=0.55136510726741061 -0.44475952409166658 0.45939609427709421 -0.67289002007369647 0.089276178052247759 -0.69363419504909019 0.86652083221267684 -0.86887837013025537 -0.11271920711479312 2.7417823163461308 0.74119360432919723 -0.35897824733645189 -0.7096355676190248 0.2397713492893408 0.42087018616476712 -0.88309101636443887 0.063414780520927416 0.95362005133246153 0.072020528039602738 -0.72210004743790834 -0.75360169018556444 0.77206022723980372 -0.181318613280889
decision_type=2 2 2 2 2 2 2 2 2 2 2 2 2 2 2 2 2 2 2 2 2 2 2
left_child=1 2 3 18 13 15 7 -7 -8 10 11 12 -2 -4 -13 22 21 -18 -1 -5 -17 -12 -3
right_child=9 5 4 19 -6 6 8 -9 -10 -11 16 14 -14 -15 -16 20 17 -19 -20 -21 -22 -23 -24
leaf_value=-0.0002582516480709755 -0.0010707664254074917 0 -0.00043815519556497185 0.00010231750618721193 0.00043923922170485767 -0.00024809123306770184 -2.1295710137431937e-05 8.1876062527980054e-05 -0.00095326073166639104 0.00094999186929477307 0.00021191145072731632 0.0003511017621421488 0 0.00022023425525519996 -8.8009945002718348e-05 -0.00100580520188022 0.00079281455281939679 0 0.00033252547752870724 0.00063347893232334953 -0.000361239826004527 -5.229169838130473e-05 -5.2949263435688659e-05
leaf_weight=65 22 22 101 48 32 198 38 412 30 20 20 122 50 22 50 24 66 20 28 108 112 27 25
leaf_count=65 22 22 101 48 32 198 38 412 30 20 20 122 50 22 50 24 66 20 28 108 112 27 25
internal_value=5.37106e-06 -5.91895e-05 0.000121849 0.000282863 -0.000118284 -0.000147737 -7.52107e-05 -2.10241e-05 -0.000497616 0.000217488 0.00016354 1.56775e-05 -0.000391345 -0.000294145 0.00020699 -0.000394765 0.000406418 0.000583906 -4.43002e-05 0.000493927 -0.000515822 6.10425e-06 0
internal_weight=1662 1265 404 249 155 861 678 610 68 397 377 244 72 123 172 183 133 86 93 156 136 47 47
internal_count=1662 1265 404 249 155 861 678 610 68 397 377 244 72 123 172 183 133 86 93 156 136 47 47
is_linear=0
shrinkage=0.03


Tree=141
num_leaves=22
num_cat=0
split_feature=25 11 19 19 15 23 15 33 10 23 15 27 25 32 23 28 11 15 31 4 27
split_gain=0.0243674 0.0173839 0.0141909 0.0203656 0.0126662 0.0130085 0.0142847 0.0153915 0.0107465 0.0241027 0.00976035 0.0225946 0.0219154 0.0155072 0.00803978 0.0381039 0.0193485 0.00691838 0.00683588 0.00450157 0.0019114
threshold=0.55136510726741061 -0.69721899074883764 0.99266973071533171 -0.77068892021753133 2.7417823163461308 0.78749353869510708 0.95362005133246153 -0.35897824734987333 -0.42411200853131953 0.13157780184471732 -0.3802882655405932 -0.24429010666117715 -1.0469032895761965 -0.21838907777151215 0.41323573590400225 -0.10705127585851676 0.05877014589581387 -0.77449467468230349 -0.014066929183265494 -0.43768718086601521 -0.075567618893428085
decision_type=2 2 2 2 2 2 2 2 2 2 2 2 2 2 2 2 2 2 2 2 2
left_child=1 2 3 18 5 8 7 -7 9 -2 14 12 -12 -13 15 -3 -16 -5 -1 -10 -4
right_child=4 10 20 17 -6 6 -8 -9 19 -11 11 13 -14 -15 16 -17 -18 -19 -20 -21 -22
leaf_value=-0.00057355437963269647 -0.00070994947053647282 -0.00082941321450264436 0 0 0.00092520946304759254 0.00013554089829429157 0 0.0014152721829064512 0.00045951778654989536 0.00022222598966094664 -0.0003746040863181023 -0.00063732811539054678 0.00026119259765927319 -6.612506050758227e-05 0.00038514717316758803 -9.7613850162539667e-05 -0.00037031300385772695 0.00056188279344608031 3.6547724022379798e-05 8.9832970686065005e-05 -0.00042110093103514778
leaf_weight=21 42 85 27 20 20 24 20 20 45 47 54 65 259 158 58 287 58 121 28 179 24
leaf_count=21 42 85 27 20 20 24 20 20 45 47 54 65 259 158 58 287 58 121 28 179 24
internal_value=5.03215e-06 -5.75281e-05 0.00016537 0.000291299 0.00021081 0.000158011 0.000544393 0.000834274 6.5095e-05 -0.000193874 -0.000113238 -1.83755e-05 0.000139494 -0.000252144 -0.000210573 -0.000278124 0 0.000478146 -0.000185237 0.000182407 -0.000238341
internal_weight=1662 1265 241 190 397 377 64 44 313 89 1024 536 313 223 488 372 116 141 49 224 51
internal_count=1662 1265 241 190 397 377 64 44 313 89 1024 536 313 223 488 372 116 141 49 224 51
is_linear=0
shrinkage=0.03


Tree=142
num_leaves=23
num_cat=0
split_feature=25 20 15 28 27 15 28 24 25 15 23 24 20 11 21 15 19 9 29 34 15 10
split_gain=0.0232254 0.0170078 0.0267593 0.036897 0.0258047 0.0198947 0.017356 0.0139734 0.0130568 0.011967 0.0123976 0.0118119 0.0209965 0.00914415 0.00844112 0.0145344 0.00810936 0.00640395 0.00498305 0.00417754 0.00171733 0.0010903
threshold=0.55136510726741061 -0.86261367920817333 -0.48158788001877423 -0.10661360153350144 -0.21203013644748686 1.6035764613351666 -0.10236843085051181 1.0149017234101545 -0.20761237949302147 2.7417823163461308 0.74119360432919723 -0.11984792270804485 -0.72409017810911669 -0.39355438010844063 0.20929024726547032 0.95362005133246153 -0.77068892021753133 0.54304446474004597 -0.18494707246343225 -0.13236501216302091 -0.81455114069753509 -0.52731277506614616
decision_type=2 2 2 2 2 2 2 2 2 2 2 2 2 2 2 2 2 2 2 2 2 2
left_child=1 6 7 5 -5 -4 8 13 16 10 11 17 -13 -3 20 -16 -1 -2 21 -20 -12 -8
right_child=9 2 3 4 -6 -7 18 -9 -10 -11 14 12 -14 -15 15 -17 -18 -19 19 -21 -22 -23
leaf_value=7.4529316703851245e-05 0.00037093484719273048 -5.7999983444460665e-05 0.00029936170639355362 -0.00056888552742713635 -3.0260710439268641e-05 -0.00045094862628452989 0.0002621367212338373 0.00013124036507399162 0.00052742266515997467 0.00090107354084434713 0.00019935210841118958 -0.00095071922116375586 0 -0.00054459419452971398 0.00080463419101821875 0 -0.0003312003708981158 0 0.00017987270967793076 0.00098744372188531125 -9.565138567239045e-05 0
leaf_weight=68 83 61 295 123 257 30 22 35 29 20 31 23 86 190 60 20 86 52 23 26 22 20
leaf_count=68 83 61 295 123 257 30 22 35 29 20 31 23 86 190 60 20 86 52 23 26 22 20
internal_value=4.81235e-06 -5.6221e-05 -0.000115745 -1.16086e-05 -0.000215528 0.000217465 0.000147156 -0.000359279 -7.03079e-06 0.000205752 0.000154147 1.30929e-05 -0.000202741 -0.000440231 0.000384868 0.000577776 -0.000134938 0.000209717 0.000479468 0.000698318 2.47623e-05 0.000127943
internal_weight=1662 1265 991 705 380 325 274 286 183 397 377 244 109 251 133 80 154 135 91 49 53 42
internal_count=1662 1265 991 705 380 325 274 286 183 397 377 244 109 251 133 80 154 135 91 49 53 42
is_linear=0
shrinkage=0.03


Tree=143
num_leaves=23
num_cat=0
split_feature=25 16 15 22 27 19 19 2 17 23 22 9 29 6 25 30 17 17 0 34 22 25
split_gain=0.0218666 0.0200957 0.0133905 0.0139767 0.0194247 0.0120689 0.0147274 0.0119757 0.0136332 0.0134192 0.0129597 0.0101381 0.00822358 0.0081609 0.00770171 0.0063968 0.0057596 0.00561914 0.00414891 0.00260928 0.0023517 0.000161758
threshold=0.55136510726741061 -0.44475952409166658 -0.69363419504909019 -1.1175047211867379 -0.24429010666117715 0.99266973071533171 -0.41639753623913384 -0.30909362191858519 -0.39394291091109496 -0.16165511580604522 -0.29896476309461434 -0.96606126222813937 -0.18131165524603302 0.070125205817207006 -0.13965973384939726 -0.22489273452869898 -0.87799442072479728 -0.088745790636769933 -0.017710127253565879 -0.13248571235510914 -0.96728435859311268 0.33374872847187692
decision_type=2 2 2 2 2 2 2 2 2 2 2 2 2 2 2 2 2 2 2 2 2 2
left_child=1 5 12 -4 -5 6 14 9 10 -2 -9 -8 20 17 -1 -7 -11 -10 -15 -18 -3 -14
right_child=7 2 3 4 -6 15 11 8 13 16 -12 -13 21 18 -16 -17 19 -19 -20 -21 -22 -23
leaf_value=-9.4920142253662618e-05 0.00096117499253402152 2.1600808716080468e-05 0.00057134866541517636 1.9447022093516038e-05 -0.0003105090094929328 5.791935661767163e-05 4.2007225874112911e-05 -0.00074098346159735232 0 -0.00012039402758935466 7.5593840001342212e-05 0.00062005522012089688 -0.00040525747423737562 0.00018247659114739774 0.00030567495705072358 -0.00048506218239824036 0 0.00050808310055766592 -0.00018432524636591554 0.00044078581487282445 -0.00023107227678059296 -0.00094886525358964247
leaf_weight=145 33 20 25 406 247 20 57 29 33 22 25 87 52 52 57 38 20 74 53 56 91 20
leaf_count=145 33 20 25 406 247 20 57 29 33 22 25 87 52 52 57 38 20 74 53 56 91 20
internal_value=4.78767e-06 -5.43773e-05 -0.000137746 -7.00083e-05 -0.000101636 0.000115632 0.000188016 0.000199805 6.87553e-05 0.00043602 -0.000326225 0.00041718 -0.000367403 0.000186465 6.30398e-06 -0.000255007 0.000206182 0.000367055 0 0.000339674 -0.000159859 -0.000628174
internal_weight=1662 1265 861 678 653 404 346 397 266 131 54 144 183 212 202 58 98 107 105 76 111 72
internal_count=1662 1265 861 678 653 404 346 397 266 131 54 144 183 212 202 58 98 107 105 76 111 72
is_linear=0
shrinkage=0.03


Tree=144
num_leaves=22
num_cat=0
split_feature=25 16 21 29 17 15 22 27 15 15 10 21 21 25 19 15 24 25 27 17 21
split_gain=0.0206685 0.0189871 0.0164656 0.018706 0.0156529 0.0127169 0.0132311 0.0183094 0.011317 0.0110471 0.00927186 0.0162415 0.0133681 0.009538 0.0162534 0.00924713 0.00795798 0.00592482 0.00506777 0.00455371 0.00412122
threshold=0.55136510726741061 -0.44475952409166658 0.45939609427709421 -0.18067238667357557 0.089276178052247759 -0.69363419504909019 -1.1175047211867379 -0.24429010666117715 2.7417823163461308 0.11684545500645709 -0.2518039174520243 0.11834266653397067 -0.60923797931802592 0.77480493910428205 0.053291552070846661 -0.3802882655405932 0.20252413584826176 -0.33284017674686661 -0.20697763610514844 1.2086019079901469 0.095605771351095756
decision_type=2 2 2 2 2 2 2 2 2 2 2 2 2 2 2 2 2 2 2 2 2
left_child=1 2 3 17 15 16 -7 -8 10 -5 11 12 -2 14 -12 -4 -3 -1 -13 -15 -18
right_child=8 5 4 9 -6 6 7 -9 -10 -11 13 18 -14 19 -16 -17 20 -19 -20 -21 -22
leaf_value=0.00028922814882325032 0 -0.00091342736866325137 -0.00055998646627353904 -0.00020423890823724101 0.00041492891622308108 0.00055604469224012319 1.886789149987286e-05 -0.00030130552175320919 0.00087019796961027647 0.00034752752053383222 0 0.00033402495104987599 -0.00092721443193861182 0.00018999165819774273 0.00089611031906183878 0 3.681746893688914e-05 0.00085224027537807818 -7.1824772041873068e-05 -0.0001826086435279238 -0.00030922755680391371
leaf_weight=76 29 22 56 79 32 25 406 247 20 51 30 68 24 127 44 67 20 43 27 28 141
leaf_count=76 29 22 56 79 32 25 406 247 20 51 30 68 24 127 44 67 20 43 27 28 141
internal_value=4.80504e-06 -5.26635e-05 0.000112483 0.000266155 -0.000115762 -0.000133747 -6.76067e-05 -9.849e-05 0.000194444 0 0.000144113 -2.29273e-05 -0.00044684 0.000263901 0.000547884 -0.00028423 -0.000357622 0.000533214 0.000189398 0.000101507 -0.000248061
internal_weight=1662 1265 404 249 155 861 678 653 397 130 377 148 53 229 74 123 183 119 95 155 161
internal_count=1662 1265 404 249 155 861 678 653 397 130 377 148 53 229 74 123 183 119 95 155 161
is_linear=0
shrinkage=0.03


Tree=145
num_leaves=21
num_cat=0
split_feature=25 16 21 25 17 22 24 24 8 2 17 22 25 14 22 33 15 28 19 17
split_gain=0.0194641 0.0179127 0.0155857 0.0177805 0.0148417 0.0121386 0.0138379 0.0206333 0.019249 0.0113445 0.0125859 0.0121581 0.0108849 0.0103451 0.00872903 0.00560468 0.0103209 0.00930575 0.00553239 0.00477753
threshold=0.55136510726741061 -0.44475952409166658 0.45939609427709421 -0.67289002007369647 0.089276178052247759 -1.1175047211867379 -1.4222310392755233 1.0149017234101545 -0.29287862220003691 -0.30909362191858519 -0.39394291091109496 -0.29896476309461434 1.4258814428945654 0.2397713492893408 0.074975962958116454 -0.35897824734062955 0.54431184514279451 -0.1070512831531837 -0.72210004743790834 -0.84211983249459166
decision_type=2 2 2 2 2 2 2 2 2 2 2 2 2 2 2 2 2 2 2 2
left_child=1 2 3 14 13 -3 8 -8 -7 12 11 -11 19 -4 -1 17 -17 -12 -5 -2
right_child=9 5 4 18 -6 6 7 -9 -10 10 15 -13 -14 -15 -16 16 -18 -19 -20 -21
leaf_value=0.00014809962111853489 -0.00010771735483507179 0.00038070848109074743 -0.0004144771736414091 9.4936098547323663e-05 0.00040354801157165118 0.00059034391142171328 -0.00030605848390657665 7.6371796883491206e-05 -0.00011145406880937766 -0.00071971139020297415 0.00091046156515569795 6.80879621317477e-05 0.00087010247281824158 0.00020933904690435153 -0.00041915033693964542 -1.6580150733110107e-05 0.0005638933568989159 0 0.00057942671889857692 0.00031569230127542351
leaf_weight=58 20 34 101 48 32 46 521 151 109 29 20 25 36 22 35 141 29 22 108 75
leaf_count=58 20 34 101 48 32 46 521 151 109 29 20 25 36 22 35 141 29 22 108 75
internal_value=4.79272e-06 -5.09201e-05 0.000109377 0.000258986 -0.000112329 -0.000129726 -0.000155626 -0.000215724 8.50886e-05 0.000188866 6.12121e-05 -0.00031797 0.000418511 -0.000276763 -4.05587e-05 0.000174839 7.31621e-05 0.000487407 0.000453825 0.000195372
internal_weight=1662 1265 404 249 155 861 827 672 155 397 266 54 131 123 93 212 170 42 156 95
internal_count=1662 1265 404 249 155 861 827 672 155 397 266 54 131 123 93 212 170 42 156 95
is_linear=0
shrinkage=0.03


end of trees

feature_importances:
Column_25=326
Column_23=197
Column_22=169
Column_15=160
Column_11=139
Column_20=111
Column_19=102
Column_21=97
Column_16=94
Column_24=93
Column_27=85
Column_28=78
Column_33=67
Column_29=65
Column_31=53
Column_14=45
Column_17=41
Column_10=39
Column_34=38
Column_30=36
Column_32=31
Column_7=21
Column_12=18
Column_13=17
Column_9=15
Column_3=13
Column_8=11
Column_5=4
Column_6=3
Column_0=2
Column_1=2
Column_2=2
Column_4=2

parameters:
[boosting: gbdt]
[objective: regression]
[metric: l2]
[tree_learner: serial]
[device_type: cpu]
[data_sample_strategy: bagging]
[data: ]
[valid: ]
[num_iterations: 200]
[learning_rate: 0.03]
[num_leaves: 31]
[num_threads: 40]
[seed: 42]
[deterministic: 0]
[force_col_wise: 0]
[force_row_wise: 0]
[histogram_pool_size: -1]
[max_depth: 5]
[min_data_in_leaf: 20]
[min_sum_hessian_in_leaf: 0.001]
[bagging_fraction: 0.8]
[pos_bagging_fraction: 1]
[neg_bagging_fraction: 1]
[bagging_freq: 0]
[bagging_seed: 400]
[bagging_by_query: 0]
[feature_fraction: 0.8]
[feature_fraction_bynode: 1]
[feature_fraction_seed: 30056]
[extra_trees: 0]
[extra_seed: 12879]
[early_stopping_round: 0]
[early_stopping_min_delta: 0]
[first_metric_only: 0]
[max_delta_step: 0]
[lambda_l1: 0.1]
[lambda_l2: 3]
[linear_lambda: 0]
[min_gain_to_split: 0]
[drop_rate: 0.1]
[max_drop: 50]
[skip_drop: 0.5]
[xgboost_dart_mode: 0]
[uniform_drop: 0]
[drop_seed: 17869]
[top_rate: 0.2]
[other_rate: 0.1]
[min_data_per_group: 100]
[max_cat_threshold: 32]
[cat_l2: 10]
[cat_smooth: 10]
[max_cat_to_onehot: 4]
[top_k: 20]
[monotone_constraints: ]
[monotone_constraints_method: basic]
[monotone_penalty: 0]
[feature_contri: ]
[forcedsplits_filename: ]
[refit_decay_rate: 0.9]
[cegb_tradeoff: 1]
[cegb_penalty_split: 0]
[cegb_penalty_feature_lazy: ]
[cegb_penalty_feature_coupled: ]
[path_smooth: 0]
[interaction_constraints: ]
[verbosity: -1]
[saved_feature_importance_type: 0]
[use_quantized_grad: 0]
[num_grad_quant_bins: 4]
[quant_train_renew_leaf: 0]
[stochastic_rounding: 1]
[linear_tree: 0]
[max_bin: 255]
[max_bin_by_feature: ]
[min_data_in_bin: 3]
[bin_construct_sample_cnt: 200000]
[data_random_seed: 175]
[is_enable_sparse: 1]
[enable_bundle: 1]
[use_missing: 1]
[zero_as_missing: 0]
[feature_pre_filter: 1]
[pre_partition: 0]
[two_round: 0]
[header: 0]
[label_column: ]
[weight_column: ]
[group_column: ]
[ignore_column: ]
[categorical_feature: ]
[forcedbins_filename: ]
[precise_float_parser: 0]
[parser_config_file: ]
[objective_seed: 16083]
[num_class: 1]
[is_unbalance: 0]
[scale_pos_weight: 1]
[sigmoid: 1]
[boost_from_average: 1]
[reg_sqrt: 0]
[alpha: 0.9]
[fair_c: 1]
[poisson_max_delta_step: 0.7]
[tweedie_variance_power: 1.5]
[lambdarank_truncation_level: 30]
[lambdarank_norm: 1]
[label_gain: ]
[lambdarank_position_bias_regularization: 0]
[eval_at: ]
[multi_error_top_k: 1]
[auc_mu_weights: ]
[num_machines: 1]
[local_listen_port: 12400]
[time_out: 120]
[machine_list_filename: ]
[machines: ]
[gpu_platform_id: -1]
[gpu_device_id: -1]
[gpu_device_id_list: ]
[gpu_use_dp: 0]
[num_gpu: 1]

end of parameters

pandas_categorical:null
