tree
version=v4
num_class=1
num_tree_per_iteration=1
label_index=0
max_feature_idx=34
objective=regression
feature_names=Column_0 Column_1 Column_2 Column_3 Column_4 Column_5 Column_6 Column_7 Column_8 Column_9 Column_10 Column_11 Column_12 Column_13 Column_14 Column_15 Column_16 Column_17 Column_18 Column_19 Column_20 Column_21 Column_22 Column_23 Column_24 Column_25 Column_26 Column_27 Column_28 Column_29 Column_30 Column_31 Column_32 Column_33 Column_34
feature_infos=[-8.0840072548303183:5.1689583375412225] [-8.6548474367559258:4.9435730129949107] [-8.0847102285294969:5.1707521057315251] [-8.0847631739805976:5.170812606955054] [-8.0861073426660894:5.1723881892476991] [-8.0853418937700958:5.1725223132648965] [-8.0863027775242191:5.1716406227145351] [-1.1275562963577215:14.528850904044791] [-8.4204148346872074:6.1805567008127333] [-7.4912533591192938:5.5050428257647637] [-6.4023406842413948:6.3924153232313179] [-4.5139617760034962:6.6129334997273403] [-7.5542460190192191:5.9578192675183868] [-6.71976132992343:6.5480558887779567] [-1.3297116275982941:6.2109087868570798] [-1.1787038541320922:5.1806339161871167] [-3.1203725296612821:3.1058202843037752] [-7.939341792787757:3.4648770362641055] none [-1.7254584241740427:3.4572158591932212] [-1.2353263427388483:7.573309256789071] [-1.9217002048346168:2.3629913853165352] [-1.2274370444423215:2.1839112599352184] [-1.0502285770411173:3.0048512040912008] [-1.7740637223846498:2.0413838273034948] [-1.938977424804484:5.034747675175983] none [-0.25058669289067098:11.180125119901263] [-0.10770297636354055:22.670260083747465] [-11.31290849117411:10.013919547156302] [-6.2658903327322175:8.1502401101024002] [-14.753985637847576:22.664053221353178] [-2.9315935766036598:5.7977269247349525] [-2.1784175147028892:4.9705197585031025] [-7.4530423129571215:10.699640108879919]
tree_sizes=1766 2099 1023 1028 1106 1362 2100 1843 1752 1747 1820 1114 1827 1849 1390 1933 2025 2023 1561 1938 1487 1847 2024 1463 1841 1844 1866 1941 1749 1938 1046 2125 1954 1140 1927 1921 1856 2013 1591 2293 1453 960 1482 2204 2143 2188 2180 2294 1401 2225 2233 2195 2207 1714 2114 2108 1657 1315 2062 2174 966 1905 1908 2227 1888 2225 2117 2004 1717 1819 2041 2135 1908 1116 2079 1968 2201 2309 1038 1673 2157 2189 1026 2194 1890 2260 2064 2148 1465 2155 2131 1408 1764 2074 2008 1892 1996 1394 1306 1400 1478 1490 1491 1609 1411 1416 1579 1583 1316 1488 1606 1682 1561 1544 1373 1685 1489 1499 1563 1491 1505 1521 1613 1557 1069 1059 1413 972 1072 1647 1479 1411 1024 852 888 1063 1116 1049 852 1602 1525 1101 1061 1502 1060 1056 1570 1062 1478 1373 965 912 981 1551 975 841 1070 1308 1510 1043 1038 877 865 1475 957 1247 1031 1194 1039 863 959 984 1047 1330 921 1030 1059 1316 1302 921 800 1310 853 936 985 1305 904 1243 1592 915 1306 885 1334 1328 1600 1395 1102 777 1302 1607

Tree=0
num_leaves=19
num_cat=0
split_feature=25 21 23 11 21 11 33 23 25 24 33 23 25 21 33 15 34 10
split_gain=26.8321 6.58248 3.00021 1.29848 1.27653 1.19998 0.992464 0.635809 0.634912 0.458542 0.331685 0.316765 0.239012 0.215336 0.12862 0.09034 0.066173 0.0561334
threshold=0.83195477834674547 -0.77873287716695017 0.59689464743079257 0.53457395963114618 -1.3358576549748076 -0.44754906827466895 -0.36182613365172184 2.0983263827602241 0.62705902559219406 0.30294612121691705 -0.36182613354267984 2.7458441122823509 -0.81894100785028445 0.1287487196747146 -0.290111426731751 1.6805696584974699 -0.13334722614602554 0.42466457447989442
decision_type=2 2 2 2 2 2 2 2 2 2 2 2 2 2 2 2 2 2
left_child=2 3 4 -2 12 9 11 13 -7 -6 17 16 -1 -8 -12 -14 -4 -3
right_child=1 10 6 -5 5 8 7 -9 -10 -11 14 -13 15 -15 -16 -17 -18 -19
leaf_value=0.03489190033349749 0.054458482006684759 0.039566024345903686 0.035540750846910489 0.046115331571173361 0.033855209624784895 0.032432394794351851 0.036387861720985924 0.035189216159963232 0.037117020624195571 0.036065315893328842 0.044775649834334269 0.032272654428651716 0.038395580542347901 0.03995922611253068 0.040675874599044162 0.036167643054146957 0.03705176770611858 0.037191229678275248
leaf_weight=39 56 43 101 48 182 592 20 37 25 161 20 23 50 119 45 28 31 21
leaf_count=39 56 43 101 48 182 592 20 37 25 161 20 23 50 119 45 28 31 21
internal_value=0.0361163 0.0454792 0.0345503 0.0510241 0.0337833 0.0334231 0.0370355 0.0385632 0.032631 0.0348745 0.040749 0.0353063 0.0367077 0.0394831 0.0423078 0.0376644 0.0359307 0.0389146
internal_weight=1641 233 1408 104 1077 960 331 176 617 343 129 155 117 139 65 78 132 64
internal_count=1641 233 1408 104 1077 960 331 176 617 343 129 155 117 139 65 78 132 64
is_linear=0
shrinkage=1


Tree=1
num_leaves=22
num_cat=0
split_feature=25 21 25 24 11 15 22 31 11 33 25 30 27 33 21 33 21 33 27 11 10
split_gain=25.3405 6.20417 2.13723 1.36692 1.22154 1.15684 1.23284 0.660856 0.490144 0.454663 0.338563 0.389019 0.336538 0.313519 0.297889 0.297577 0.136789 0.122526 0.071958 0.0695662 0.0523483
threshold=0.83195477834674547 -0.77873287716695017 0.2471491010285449 0.12063804717038448 0.53457395963114618 0.39795647419609642 0.98537283338139059 -0.010840673677963994 -0.58045876342208891 -0.36182613354268672 -0.90877972217119496 -0.22530858180229527 -0.24935346920341109 -0.36182613354267984 1.3578693634982357 -0.361826133542757 -0.44560672136431373 -0.290111426731751 -0.25034634877028589 -0.37435497584923688 0.42466457447989442
decision_type=2 2 2 2 2 2 2 2 2 2 2 2 2 2 2 2 2 2 2 2 2
left_child=2 4 5 9 -2 6 8 12 -1 15 18 -12 -5 20 -8 -4 -11 -15 -7 -9 -3
right_child=1 13 3 7 -6 10 14 19 -10 16 11 -13 -14 17 -16 -17 -18 -19 -20 -21 -22
leaf_value=-0.00092307462948827516 0.017819859038975278 0.0033529445884911266 -0.00055044305205345146 0.0043633325682686909 0.0097166682131150182 -0.0034146222346104109 -0.006572150972079146 0.0011507574860056108 -0.00275503064356525 0.0016886423863470552 -0.0020512694806803199 0.0013196945912832458 0.00071605084842751518 0.0084334164456180902 -0.0024223736018438129 -0.0050023206712640064 -0.0010945134464744478 0.0044312990256585184 -0.0010810259310634466 -0.00025750816102679513 0.001046675368314027
leaf_weight=191 56 43 22 81 48 23 85 44 500 20 38 118 36 20 28 46 47 45 41 88 21
leaf_count=191 56 43 22 81 48 23 85 44 500 20 38 118 36 20 28 46 47 45 41 88 21
internal_value=7.42618e-07 0.00910148 -0.0015193 0.000380715 0.0144853 -0.00223375 -0.00275997 0.0016988 -0.00225916 -0.00201277 -0.000285939 0.000456484 0.00331205 0.00450778 -0.00565899 -0.00368838 -0.000184099 0.00602457 -0.00207978 0.000204832 0.00272173
internal_weight=1641 233 1408 384 104 1024 804 249 691 135 220 156 117 129 113 68 67 65 64 132 64
internal_count=1641 233 1408 384 104 1024 804 249 691 135 220 156 117 129 113 68 67 65 64 132 64
is_linear=0
shrinkage=0.03


Tree=2
num_leaves=10
num_cat=0
split_feature=20 23 19 28 33 21 10 20 17
split_gain=14.6699 5.09485 3.34507 3.16391 2.9243 2.66258 0.133214 0.0521563 0.0129836
threshold=2.1821366063589243 -1.0461815912316037 1.6284549041380274 -0.10770297633642062 -0.36182613354267984 -1.3358576549748076 0.35454636245453214 3.2689941525884527 1.4266866492917993
decision_type=2 2 2 2 2 2 2 2 2
left_child=1 -1 3 4 -3 -5 -4 -2 -8
right_child=7 2 6 5 -6 -7 8 -9 -10
leaf_value=0.012221506348678045 0.011481095836214397 0.00022140931407517672 0.0050546079814635415 0.0019389826840538855 0.008110336992307567 -0.0025297598325553453 0.0013592411743996377 0.020725222170352935 0.0031988645037636159
leaf_weight=25 20 365 71 135 45 916 23 20 21
leaf_count=25 20 365 71 135 45 916 23 20 21
internal_value=2.19381e-06 -0.000459563 -0.00068546 -0.00107752 0.00114715 -0.00194902 0.0041708 0.0172964 0.00244921
internal_weight=1641 1601 1576 1461 410 1051 115 40 44
internal_count=1641 1601 1576 1461 410 1051 115 40 44
is_linear=0
shrinkage=0.03


Tree=3
num_leaves=10
num_cat=0
split_feature=20 23 19 27 33 21 21 11 24
split_gain=13.9112 4.82292 3.16259 3.00979 2.76218 2.53093 0.146086 0.0916226 0.0529449
threshold=2.1821366063589243 -1.0461815912316037 1.5969773116373125 -0.25058669288008245 -0.36182613354267984 -1.3358576549748076 1.9264812501268735 -0.14631205871826877 -0.66068227017189762
decision_type=2 2 2 2 2 2 2 2 2
left_child=1 -1 3 4 -3 -5 7 -4 -2
right_child=8 2 6 5 -6 -7 -8 -9 -10
leaf_value=0.01189414446268763 0.011167693148164647 0.00021482117555190241 0.0039470968249271498 0.0018820776792639188 0.0078822337053716177 -0.0024761032403223969 0.0058685921954257153 0.0016015741011105114 0.020198460070983224
leaf_weight=25 20 365 50 135 45 911 32 38 20
leaf_count=25 20 365 50 135 45 911 32 38 20
internal_value=5.89339e-06 -0.000443724 -0.000663565 -0.00105348 0.00111477 -0.00190699 0.00395334 0.00305341 0.016847
internal_weight=1641 1601 1576 1456 410 1046 120 88 40
internal_count=1641 1601 1576 1456 410 1046 120 88 40
is_linear=0
shrinkage=0.03


Tree=4
num_leaves=11
num_cat=0
split_feature=20 23 19 27 24 34 10 20 19 17
split_gain=13.1917 4.56542 2.98704 2.83588 2.41616 1.21203 0.109013 0.0570273 0.0282846 0.016167
threshold=2.1821366063589243 -1.0461815912316037 1.5969773116373125 -0.25058669288008245 -0.29606612207883271 2.3150309326556879 0.35454636245453214 3.2689941525884527 2.6134062382012471 1.4266866492917993
decision_type=2 2 2 2 2 2 2 2 2 2
left_child=1 -1 3 4 -3 -5 8 -2 -4 -8
right_child=7 2 6 5 -6 -7 9 -9 -10 -11
leaf_value=0.011575551069208554 0.01085491997262706 0.0082956695220384163 0.0035743955926583063 -0.0020470452601795003 0.00034172665857015152 0.0033403770947793071 0.0012411771909747683 0.01969298549838688 0.006101897087362077 0.0030470054174959659
leaf_weight=25 20 35 50 1010 375 36 24 20 24 22
leaf_count=25 20 35 50 1010 375 36 24 20 24 22
internal_value=9.50386e-06 -0.00042829 -0.000642237 -0.00102123 0.00108331 -0.00184974 0.00384456 0.0164093 0.00463889 0.00229973
internal_weight=1641 1601 1576 1456 410 1046 120 40 74 46
internal_count=1641 1601 1576 1456 410 1046 120 40 74 46
is_linear=0
shrinkage=0.03


Tree=5
num_leaves=14
num_cat=0
split_feature=20 21 19 19 27 15 11 11 21 11 27 24 17
split_gain=12.509 4.33404 4.36704 3.31641 2.94043 1.16235 0.853989 0.19787 0.134386 0.0823531 0.0780584 0.0571017 0.0198882
threshold=2.1821366063589243 -1.3358576549748076 -0.26224560150277182 1.5969773116373125 -0.25058669285957857 0.098547455458655717 -0.44754906827466895 0.61261977845855753 1.9437119133580445 -0.14631205871826877 -0.23522969946971087 -0.66068227017189762 1.1641214462058385
decision_type=2 2 2 2 2 2 2 2 2 2 2 2 2
left_child=1 2 7 4 5 -3 -6 10 9 -5 -1 -2 -9
right_child=11 3 -4 8 6 -7 -8 12 -10 -11 -12 -13 -14
leaf_value=0.0027109412592985936 0.010558606265031772 0.0011960382195010612 0.010269291859120129 0.0037546266763367588 -0.001007010605342694 -0.0043017486122093711 -0.0030138521049930399 -0.0012265892401841041 0.0056562450981952929 0.0015432274171783189 0.0004300886595049936 0.019192397521889726 0
leaf_weight=28 20 374 61 51 292 35 604 34 30 39 33 20 20
leaf_count=28 20 374 61 51 292 35 604 34 30 39 33 20 20
internal_value=1.32709e-05 -0.000413002 0.00398525 -0.000965557 -0.00140828 0.000690388 -0.00236872 0.000450207 0.00374164 0.00290931 0.00160191 0.0159831 -0.000813999
internal_weight=1641 1601 176 1425 1305 409 896 115 120 90 61 40 54
internal_count=1641 1601 176 1425 1305 409 896 115 120 90 61 40 54
is_linear=0
shrinkage=0.03


Tree=6
num_leaves=22
num_cat=0
split_feature=25 21 25 16 21 24 28 31 24 13 29 33 11 27 33 27 25 13 11 25 33
split_gain=20.0108 4.72337 1.64559 0.934874 0.704543 1.27719 0.852596 0.72409 0.656739 0.318899 0.317087 0.207402 0.197748 0.142756 0.119056 0.0744289 0.0562513 0.0401858 0.0299818 0.015984 0.000750885
threshold=0.83195477834674547 -0.77873287716695017 0.48953366865481612 0.23858891035465027 -1.3358576549748076 0.27690211063884096 -0.10281932705446135 -0.010840673675103637 0.10761604188134644 -0.264776358789786 -0.18251643384552094 -0.36182613354267984 0.61261977845855753 -0.24935346920341109 -0.290111426731751 -0.2381095285581106 0.70508298788454504 0.30621884593174814 -0.23588586865189945 -0.92532541983406058 0.04901456699466248
decision_type=2 2 2 2 2 2 2 2 2 2 2 2 2 2 2 2 2 2 2 2 2
left_child=2 3 4 -2 12 6 -6 -7 9 -4 18 17 15 -12 -13 -1 -11 -3 -10 -14 -16
right_child=1 11 8 -5 5 7 -8 -9 10 16 13 14 19 -15 20 -17 -18 -19 -20 -21 -22
leaf_value=0.0027127537756901359 0.016400920118604386 0.0033125665222222991 -0.0033427471603979081 0.009237112570981509 -0.0019608750028767582 -5.0742773457584753e-05 -0.0046732693560591612 -0.0020867106443248737 0.00094638836946662357 -0.00041567330366212575 0.0039579605779177709 0.0076224164392637173 -0.0012917146784636904 0.0010578987404209327 0.0024294940012693405 0.0004976989179092925 0.0015446771030597712 0.0013012835327986506 -0.00049573566795360039 -7.4270186685025679e-05 0.0046775013540799803
leaf_weight=26 46 36 31 58 236 300 205 335 20 25 68 20 31 27 22 37 20 28 25 22 23
leaf_count=26 46 36 31 58 236 300 205 335 20 25 68 20 31 27 22 37 20 28 25 22 23
internal_value=1.55784e-05 0.00810299 -0.00133501 0.0128048 -0.00177202 -0.00201147 -0.00325155 -0.0011343 0.00105422 -0.00113626 0.00226321 0.00408483 0.000418511 0.00322196 0.00534806 0.00153906 0.000435182 0.00257507 0.000101799 -0.000870983 0.00386151
internal_weight=1641 233 1408 104 1192 1076 441 635 216 76 140 129 116 95 65 63 45 64 45 53 45
internal_count=1641 233 1408 104 1192 1076 441 635 216 76 140 129 116 95 65 63 45 64 45 53 45
is_linear=0
shrinkage=0.03


Tree=7
num_leaves=19
num_cat=0
split_feature=25 21 23 11 22 11 33 23 11 27 25 22 23 27 16 34 15 25
split_gain=18.9098 4.44874 2.21083 0.978867 1.01863 0.883352 0.763164 0.693313 0.483208 0.321585 0.293388 0.24632 0.211325 0.149591 0.0727497 0.0690641 0.0613709 0.0216969
threshold=0.83195477834674547 -0.77873287716695017 0.59689464743079257 -0.44754906827466895 0.98537283338139059 0.3244064371142677 -0.36182613365172184 0.2731357826697291 0.28530093901253212 0.068334140374832195 -1.2219472483058753 2.1284705499084002 0.59689464743079257 -0.25055064411564743 0.768478357226687 -0.13334722614602554 -0.063703918316666691 -0.23114834559645595
decision_type=2 2 2 2 2 2 2 2 2 2 2 2 2 2 2 2 2 2
left_child=2 5 3 9 7 -2 11 -5 -8 10 -1 15 -3 -10 -14 -4 -11 -6
right_child=1 12 6 4 17 -7 8 -9 13 16 -12 -13 14 -15 -16 -17 -18 -19
leaf_value=-0.0029940938821665067 0.015539673617753115 0.0060444310032404386 -0.00052597897335293121 -0.0017059430986540805 -0.0067182391846881189 0.0086131100242788153 0.0037171245412632396 -0.0043580032516501643 -0.00020630734710547544 -0.0040761567038985393 -4.1616087553992122e-05 -0.0033522109833474343 0.0035039922414968412 0.0024153307852231793 0.0011519465425776109 0.0010220307375523533 -0.0014864628002077582 -0.0038216024652637285
leaf_weight=31 52 36 101 511 48 52 88 110 64 23 300 23 69 24 24 31 28 26
leaf_count=31 52 36 101 511 48 52 88 110 64 23 300 23 69 24 24 31 28 26
internal_value=1.75366e-05 0.00787935 -0.00129532 -0.00195392 -0.00262431 0.012443 0.000836944 -0.00219921 0.00217681 -0.000715505 -0.000351524 -0.000677913 0.0039782 0.000531773 0.00298323 -0.000125576 -0.00287149 -0.00592801
internal_weight=1641 233 1408 1077 695 104 331 621 176 382 331 155 129 88 93 132 51 74
internal_count=1641 233 1408 1077 695 104 331 621 176 382 331 155 129 88 93 132 51 74
is_linear=0
shrinkage=0.03


Tree=8
num_leaves=18
num_cat=0
split_feature=25 23 23 11 22 25 33 23 11 27 25 22 27 10 34 25 24
split_gain=17.8589 4.18224 2.08539 0.9204 0.964743 0.917226 0.720605 0.653574 0.454952 0.304905 0.277515 0.233534 0.141767 0.115281 0.0652754 0.0187298 0.006851
threshold=0.83195477834674547 0.22861893876508291 0.59689464743079257 -0.44754906827466895 0.98537283338139059 2.084847529050152 -0.36182613365172184 0.2731357826697291 0.28530093901253212 0.068334140374832195 -1.2219472483058753 2.1284705499084002 -0.25055064411564743 0.20312617473749756 -0.13334722614602554 -0.23114834559645595 -0.061670026876148067
decision_type=2 2 2 2 2 2 2 2 2 2 2 2 2 2 2 2 2
left_child=2 5 3 9 7 -2 11 -5 -8 10 -1 14 -10 -3 -4 -6 -11
right_child=1 13 6 4 15 -7 8 -9 12 16 -12 -13 -14 -15 -16 -17 -18
leaf_value=-0.0029121966593734483 0.0086286938099505057 0.0040526352833564344 -0.00051065478008408363 -0.0016550635141554942 -0.006528547989971498 0.01512348496556282 0.0036092870720779869 -0.0042307340351089972 -0.000200395263054707 -0.0035919133114814756 -4.0379981211234477e-05 -0.0032632484074968555 0.0023509219522691435 0.0016584035472146101 0.00099407518811195188 -0.0037188146587075854 -0.0018187941688447608
leaf_weight=31 74 73 101 511 48 47 88 110 64 22 300 23 24 39 31 26 29
leaf_count=31 74 73 101 511 48 47 88 110 64 22 300 23 24 39 31 26 29
internal_value=1.7488e-05 0.00765778 -0.00125832 -0.00189799 -0.0025481 0.0114805 0.000812394 -0.00213426 0.00211449 -0.000696751 -0.000342065 -0.000659203 0.000517015 0.00331003 -0.000120811 -0.00576366 -0.00279628
internal_weight=1641 233 1408 1077 695 121 331 621 176 382 331 155 88 112 132 74 51
internal_count=1641 233 1408 1077 695 121 331 621 176 382 331 155 88 112 132 74 51
is_linear=0
shrinkage=0.03


Tree=9
num_leaves=18
num_cat=0
split_feature=25 23 23 20 22 25 33 25 27 22 22 16 16 22 27 34 13
split_gain=16.8587 3.94629 1.9671 0.899747 0.823478 0.718481 0.680425 0.5945 0.848016 0.402138 0.221411 0.156727 0.106182 0.074188 0.0690572 0.0618287 0.000809777
threshold=0.83195477834674547 0.22861893876508291 0.59689464743079257 3.2689941525884527 0.98537283338139059 0.28327524215534 -0.36182613365172184 -1.2219472483058753 -0.25036394299674541 1.9332926656581353 2.1284705499084002 0.34328393699945309 0.768478357226687 -0.042634178414618175 0.13820686924362968 -0.13334722614601707 -0.69648135854463333
decision_type=2 2 2 2 2 2 2 2 2 2 2 2 2 2 2 2 2
left_child=2 3 4 -2 7 -6 10 13 -9 11 15 -8 16 -1 -7 -4 -3
right_child=1 12 6 -5 5 14 9 8 -10 -11 -12 -13 -14 -15 -16 -17 -18
leaf_value=-0.0018998808137451607 0.0093978202642801285 0.0044101073255141581 -0.0004608606591957157 0.017510024754897408 -0.0056747603498656166 0.00044603703250733974 0.0036703558412930332 -0.0021144502414576034 -0.00014023334284900279 -0.00062141424283327067 -0.0031766468461316365 0.0014173248318294362 0.0010770038503429128 -0.0036707529290214828 -0.0018277869595457676 0.0010878298520913411 0.0027817079586033916
leaf_weight=51 101 42 106 20 84 20 80 411 379 37 23 59 24 112 20 26 46
leaf_count=51 101 42 106 20 84 20 80 411 379 37 23 59 24 112 20 26 46
internal_value=1.71247e-05 0.00744043 -0.00122239 0.0111541 -0.00184367 -0.00413767 0.000788556 -0.00153 -0.00117522 0.00205395 -0.00064101 0.00278531 0.00321598 -0.0031791 -0.000669308 -0.000116198 0.00371163
internal_weight=1641 233 1408 121 1077 124 331 953 790 176 155 139 112 163 40 132 88
internal_count=1641 233 1408 121 1077 124 331 953 790 176 155 139 112 163 40 132 88
is_linear=0
shrinkage=0.03


Tree=10
num_leaves=19
num_cat=0
split_feature=25 21 25 11 21 24 28 19 24 25 29 11 17 31 10 28 11 25
split_gain=15.9284 3.61408 1.61336 0.830134 0.623429 1.06337 0.701006 0.620561 0.442519 0.320789 0.25663 0.178536 0.174663 0.132132 0.093419 0.0747752 0.0326047 0.0158134
threshold=0.866264064599366 -0.68683600660070554 0.48953366865481612 0.058322986519444391 -1.3358576549748076 0.27690211063884096 -0.10383772495592976 -0.86946355712238044 0.10761604188134644 0.72431503451410173 -0.18251643384552094 0.61261977845855753 -0.22154457635229768 -0.011192714262975046 0.032983381743230712 -0.10689543125124655 -0.30119663753261677 -0.92532541983406058
decision_type=2 2 2 2 2 2 2 2 2 2 2 2 2 2 2 2 2 2
left_child=2 3 4 -2 11 6 -6 -7 9 12 16 15 -4 -12 -3 -1 -10 -13
right_child=1 14 8 -5 5 7 -8 -9 10 -11 13 17 -14 -15 -16 -17 -18 -19
leaf_value=0.002717000899515275 0.014380788751081987 0.0041551049335495291 -0.0035485492626783147 0.0079708797662961656 -0.0017551222154575906 -0.0031714379688595781 -0.0042156813849670086 -0.00058883057820389192 0.0010379154922683601 0.0017970923981311814 0.0008975935170967733 -0.0011559554023859912 -0.00015371564170345664 0.0035964753791786633 0.0018583768197734439 0.00049743241739342919 -0.000448394204417629 0
leaf_weight=26 52 66 26 58 234 98 207 537 20 30 28 31 30 74 39 37 26 22
leaf_count=26 52 66 26 58 234 98 207 537 20 30 28 31 30 74 39 37 26 22
internal_value=1.77721e-05 0.00757303 -0.00113275 0.0113289 -0.00158046 -0.00180588 -0.00293752 -0.00100515 0.00112635 -0.000546927 0.00211008 0.000478075 -0.00188103 0.00293099 0.00340513 0.00154076 0.000160584 -0.000746418
internal_weight=1641 215 1426 110 1192 1076 441 635 234 86 148 116 56 102 105 63 46 53
internal_count=1641 215 1426 110 1192 1076 441 635 234 86 148 116 56 102 105 63 46 53
is_linear=0
shrinkage=0.03


Tree=11
num_leaves=11
num_cat=0
split_feature=20 23 19 28 33 34 20 10 19 17
split_gain=9.11507 3.07128 2.09895 1.8554 1.86487 0.819089 0.145127 0.0744999 0.0255343 0.0135814
threshold=2.1821366063589243 -1.0461815912316037 1.6284549041380274 -0.10770297633642062 -0.36182613354267984 2.3150309326556879 3.2689941525884527 0.35454636245453214 2.6134062382012471 1.4266866492917993
decision_type=2 2 2 2 2 2 2 2 2 2
left_child=1 -1 3 4 -3 -5 -2 8 -4 -9
right_child=6 2 7 5 -6 -7 -8 9 -10 -11
leaf_value=0.0094994899673121313 0.0087130598063054291 0.00013020208475231611 0.0030077221407881008 -0.0016612411920694085 0.0064311465432401746 0.0027621268768741104 0.016678089660146962 0.001001708739087917 0.0053017649153868363 0.0026564646041952072
leaf_weight=25 20 365 47 1015 45 36 20 23 24 21
leaf_count=25 20 365 47 1015 45 36 20 23 24 21
internal_value=1.85549e-05 -0.00034507 -0.000520885 -0.000831838 0.000870725 -0.00149945 0.0136511 0.00332486 0.00400721 0.00197446
internal_weight=1641 1601 1576 1461 410 1051 40 115 71 44
internal_count=1641 1601 1576 1461 410 1051 40 115 71 44
is_linear=0
shrinkage=0.03


Tree=12
num_leaves=19
num_cat=0
split_feature=25 21 23 11 16 21 33 25 23 27 25 11 25 23 10 15 16 34
split_gain=14.3962 3.38138 1.70886 0.812035 0.746424 0.687884 0.666882 0.438031 0.424776 0.262877 0.246911 0.214688 0.17134 0.158176 0.0586906 0.0565531 0.0540528 0.0437231
threshold=0.83195477834674547 -0.77873287716695017 0.6575994345734919 -0.44754906827466895 0.033510760837214305 -1.1922687947150508 -0.36182613362345756 0.68445244101162783 2.0983263827602241 0.068334140374832195 -0.72695467012262072 0.77438463283025627 -0.83502870113035754 0.59689464743079257 0.35454636245453214 -0.063703918316666691 0.768478357226687 -0.13334722614601707
decision_type=2 2 2 2 2 2 2 2 2 2 2 2 2 2 2 2 2 2
left_child=2 4 3 9 -2 12 11 -7 14 10 -1 17 -5 -3 -8 -11 -15 -4
right_child=1 13 6 5 -6 7 8 -9 -10 15 -12 -13 -14 16 -16 -17 -18 -19
leaf_value=-0.00166455750577095 0.014602122178891808 0.0052766385256097868 -0.00022599014748258997 -0.0010417680344300606 0.0081237220252337664 -0.0028276189668561395 0.0035986316341765317 0.0012542169926874338 -0.00054772216728888451 -0.0036375654964492868 0.00022264600187216487 -0.0024590858351555651 0.0013916644596332765 0.003056859885342419 0.0017964479918591678 -0.001217308605345146 0.00099559544595993234 0.0010900188968998603
leaf_weight=79 38 36 98 57 66 585 76 22 37 23 252 37 43 69 45 28 24 26
leaf_count=79 38 36 98 57 66 585 76 22 37 23 252 37 43 69 45 28 24 26
internal_value=2.1421e-05 0.0068813 -0.00112386 -0.00168938 0.0108619 -0.00229123 0.000795139 -0.00266932 0.0021653 -0.000558525 -0.000229698 -0.000546207 0 0.00347548 0.00301227 -0.0025058 0.00260391 4.55555e-05
internal_weight=1641 233 1408 1089 104 707 319 607 158 382 331 161 100 129 121 51 93 124
internal_count=1641 233 1408 1089 104 707 319 607 158 382 331 161 100 129 121 51 93 124
is_linear=0
shrinkage=0.03


Tree=13
num_leaves=19
num_cat=0
split_feature=25 21 25 11 11 15 29 24 29 33 30 25 29 17 27 15 10 11
split_gain=13.5964 3.0643 1.36796 0.704108 0.583392 0.54041 0.701472 0.403633 0.295542 0.28941 0.262815 0.225526 0.221224 0.205463 0.115453 0.112294 0.0750809 0.0303977
threshold=0.866264064599366 -0.68683600660070554 0.48953366865481612 0.058322986519444391 -0.58045876342208891 0.39795647419609642 -0.17897157405742189 0.10761604188134644 -0.18250644329431789 -0.36182613354267984 -0.011839711072515425 -0.44246509363363579 -0.18251643384552094 -0.20451982198705931 -0.24935346920341109 -0.057174214883057767 0.032983381743230712 -0.30119663753261677
decision_type=2 2 2 2 2 2 2 2 2 2 2 2 2 2 2 2 2 2
left_child=2 3 4 -2 10 6 -6 9 -7 13 11 -1 17 -4 -14 -12 -3 -9
right_child=1 16 7 -5 5 8 -8 12 -10 -11 15 -13 14 -15 -16 -17 -18 -19
leaf_value=-0.0010257595733972266 0.013280887700752777 0.0038426189608871939 -0.0036521077502805451 0.0073578175042496351 -0.0016593656713000796 -0.002569019096943995 -0.0039058510693560896 0.0010103339324502841 0.00014315150408831316 0.0023291069209656636 -0.0037014287356287238 0.00086044478817848952 0.0033648471143338586 -0.00017836637833945293 0.00083239528772631488 -0.00081994418152025897 0.0017429454119742979 -0.00042263826645974969
leaf_weight=87 52 66 23 58 522 43 171 20 160 20 21 151 74 43 28 37 39 26
leaf_count=87 52 66 23 58 522 43 171 20 160 20 21 151 74 43 28 37 39 26
internal_value=2.2409e-05 0.00700284 -0.00104043 0.0104626 -0.00145278 -0.00183384 -0.00223245 0.00103919 -0.000445831 -0.000557193 -0.000282414 0.000154316 0.00197933 -0.00153855 0.00274188 -0.00204315 0.0031606 0.000162881
internal_weight=1641 215 1426 110 1192 896 693 234 203 86 296 238 148 66 102 58 105 46
internal_count=1641 215 1426 110 1192 896 693 234 203 86 296 238 148 66 102 58 105 46
is_linear=0
shrinkage=0.03


Tree=14
num_leaves=14
num_cat=0
split_feature=20 21 19 19 28 33 11 24 11 21 27 27 24
split_gain=7.76516 2.71238 2.46651 2.11634 1.78141 1.01857 0.624183 0.186803 0.161222 0.127572 0.069046 0.0562316 0.0100659
threshold=2.1821366063589243 -1.3358576549748076 -0.26224560150277182 1.5969773116373125 -0.10770297629884923 -0.36182613354267984 -0.37043742787485273 -0.66068227017189762 0.61261977845855753 1.9264812501268735 -0.23522969946971087 -0.24037798052427586 -1.5331566245374459
decision_type=2 2 2 2 2 2 2 2 2 2 2 2 2
left_child=1 2 8 4 5 -3 -6 -2 10 11 -1 -5 -10
right_child=7 3 -4 9 6 -7 -8 -9 12 -11 -12 -13 -14
leaf_value=0.0025812159048453453 0.0078613292510094843 9.1589536649285265e-05 0.0078906596470624205 0.0013979963325285191 -0.00079666080911372972 0.0056769637607212648 -0.0024569236123737114 0.015574816392815629 -0.0010882978878992921 0.0047237712966544292 0.00042333884201555823 0.0032678099848562851 -0.00012648585361470891
leaf_weight=28 20 377 61 55 334 29 565 20 24 32 33 33 30
leaf_count=28 20 377 61 55 334 29 565 20 24 32 33 33 30
internal_value=2.26581e-05 -0.000312831 0.00316593 -0.000750339 -0.00110439 0.000536594 -0.00184812 0.0126054 0.000497456 0.00300859 0.00153528 0.00221676 -0.00064137
internal_weight=1641 1601 176 1425 1305 406 899 40 115 120 61 88 54
internal_count=1641 1601 176 1425 1305 406 899 40 115 120 61 88 54
is_linear=0
shrinkage=0.03


Tree=15
num_leaves=20
num_cat=0
split_feature=25 23 23 25 11 22 33 28 22 27 15 11 10 10 16 15 27 25 11
split_gain=12.2417 2.94071 1.47628 0.841708 0.75114 0.751831 0.585762 0.569485 0.346163 0.232119 0.238516 0.180447 0.104354 0.0693241 0.0547544 0.0528997 0.0434604 0.032493 0.00317248
threshold=0.79817083208853534 0.22861893876508291 0.6575994345734919 2.084847529050152 -0.44754906827466895 0.98537283338139059 -0.36182613365172184 -0.10768924940724416 1.9332926656581353 0.068334140374832195 -0.22443005964184437 1.0315542896979142 0.20312617473749756 -0.29342081763742539 0.34328393699945309 -0.063703918316666691 -0.23522969946971087 -0.23114834559645595 0.4404812845244015
decision_type=2 2 2 2 2 2 2 2 2 2 2 2 2 2 2 2 2 2 2
left_child=2 3 4 -2 9 7 11 -6 14 10 -1 16 -3 -5 -8 -11 -4 -7 -14
right_child=1 12 6 13 5 17 8 -9 -10 15 -12 -13 18 -15 -16 -17 -18 -19 -20
leaf_value=-0.00094451692673425027 0.0068329275891813165 0.0033726320262998342 -0.00039429841643805132 0.015701176892156186 -0.0028749990014826313 -0.0057637986067463377 0.003335961712954136 -0.0010171268288698431 -0.00044346615615795598 -0.0034378993943906745 0.00065548904691637615 -0.0028081434857514164 0.0016498677044641224 0.0089791392326354982 0.0016277198828091579 -0.0010915364746964767 0.00087847567487868569 -0.0031013842289303907 0.00057576370905862071
leaf_weight=179 80 77 100 20 266 48 75 360 37 23 151 24 27 27 46 27 28 26 20
leaf_count=179 80 77 100 20 266 48 75 360 37 23 151 24 27 27 46 27 28 26 20
internal_value=2.47167e-05 0.0060834 -0.00107792 0.00925872 -0.00160164 -0.00218419 0.000734903 -0.00182129 0.0020014 -0.00051198 -0.000204074 -0.000575483 0.00266574 0.01267 0.00276583 -0.00236097 -7.92366e-05 -0.0050246 0.00131477
internal_weight=1641 251 1390 127 1080 700 310 626 158 380 330 152 124 47 121 50 128 74 47
internal_count=1641 251 1390 127 1080 700 310 626 158 380 330 152 124 47 121 50 128 74 47
is_linear=0
shrinkage=0.03


Tree=16
num_leaves=21
num_cat=0
split_feature=25 21 23 11 22 13 23 31 11 25 27 25 23 19 34 23 27 25 24 11
split_gain=11.5775 2.68017 1.42403 0.675865 0.731195 0.624423 0.58066 0.500681 0.299507 0.228711 0.216302 0.174057 0.126394 0.101628 0.0543283 0.044574 0.041853 0.0292648 0.00731677 0.00295873
threshold=0.83195477834674547 -0.77873287716695017 0.59689464743079257 -0.44754906827466895 0.98537283338139059 -0.38334926111540707 0.2731357826697291 -0.010840673677963958 0.28530093901253212 -1.2021742204914938 0.021679224852313269 0.061071886328776366 0.59689464743079257 1.8427073340376909 -0.13334722614602554 0.83971379600159002 -0.25011732718146001 -0.23114834559645595 -1.090408444710153 0.058322986519444391
decision_type=2 2 2 2 2 2 2 2 2 2 2 2 2 2 2 2 2 2 2 2
left_child=2 5 3 9 6 -2 -5 8 16 18 -11 -9 -3 -10 -13 19 -4 -6 -1 -14
right_child=1 12 7 4 17 -7 -8 11 13 10 -12 14 15 -15 -16 -17 -18 -19 -20 -21
leaf_value=-0.0030604475877351227 0.014310963871223586 0.0047607732342842685 0.0033544583405329758 -0.0012785184846610938 -0.0056010560568641211 0.0077644496425622843 -0.0036969510147150243 -0.0028535776796936988 -4.2585328802217827e-05 8.9346426871296592e-05 -0.0020212062190642908 -0.00045814141478287191 0.0017470851283786551 0.0021764410791802217 0.00092412104372702089 0.0030642284445245474 0.0012110116056612003 -0.0030179677482309012 -0.0013223205769191616 0.00063155560039740519
leaf_weight=24 25 36 70 511 48 79 110 22 71 290 48 96 25 21 31 48 20 26 20 20
leaf_count=24 25 36 70 511 48 79 110 22 71 290 48 96 25 21 31 48 20 26 20 20
internal_value=2.51102e-05 0.00617704 -0.00100177 -0.00153059 -0.00208752 0.00972329 -0.00172743 0.000708194 0.00175574 -0.000501165 -0.000216724 -0.000561022 0.00313932 0.000485087 -8.41222e-05 0.00235125 0.00296483 -0.00488539 -0.00246905 0.00138425
internal_weight=1641 233 1408 1077 695 104 621 331 182 382 338 149 129 92 127 93 90 74 44 45
internal_count=1641 233 1408 1077 695 104 621 331 182 382 338 149 129 92 127 93 90 74 44 45
is_linear=0
shrinkage=0.03


Tree=17
num_leaves=21
num_cat=0
split_feature=25 21 23 11 22 11 33 28 22 15 22 11 23 25 21 10 27 25 12 17
split_gain=10.9526 2.75375 1.31498 0.666649 0.673455 0.609155 0.52367 0.519967 0.328867 0.218555 0.385299 0.168424 0.154517 0.141977 0.0528363 0.0409093 0.02825 0.0262694 0.0250462 0.00160342
threshold=0.79817083208853534 -0.79021998598773069 0.6575994345734919 -0.44754906827466895 0.98537283338139059 0.53457395963114618 -0.36182613362345756 -0.10768696557973041 1.9332926656581353 -0.092102840557015619 -0.35367816194171237 0.77438463283025627 0.59689464743079257 -0.44866614181371517 -0.18140321848636079 0.35454636245453214 -0.22853716857364134 -0.23114834559645595 -0.49965088522451379 0.31000387388319345
decision_type=2 2 2 2 2 2 2 2 2 2 2 2 2 2 2 2 2 2 2 2
left_child=2 5 3 9 7 -2 11 -5 15 10 -1 16 18 -11 -14 -8 -4 -6 -3 -16
right_child=1 12 6 4 17 -7 8 -9 -10 13 -12 -13 14 -15 19 -17 -18 -19 -20 -21
leaf_value=2.7584121804102322e-05 0.011771602561918355 0.0027521705867256966 -0.00018546037137037982 -0.002701092954993288 -0.0054429084378130304 0.0061516145581708235 0.0032153344466169546 -0.00093119370656953267 -0.00042997822122270007 -0.00062375938047219508 -0.0024830250117508696 -0.002188150972081348 0.00063415536920701226 0.0010985767876956071 0.0029255927255643268 0.0015873888244598425 0.00087486339373321371 -0.0029367946771712136 0.0057488079154863949 0.0016082784682803319
leaf_weight=117 56 21 95 273 48 48 74 353 37 74 97 37 23 92 53 41 26 26 21 29
leaf_count=117 56 21 95 273 48 48 74 353 37 74 97 37 23 92 53 41 26 26 21 29
internal_value=2.52701e-05 0.00575617 -0.0010176 -0.00151193 -0.00206083 0.009451 0.00069296 -0.00171702 0.00193695 -0.000484744 -0.00111517 -0.000498945 0.0029854 0.000315594 0.00220172 0.00271547 3.38381e-05 -0.00475007 0.00460052 0.00256821
internal_weight=1641 251 1390 1080 700 104 310 626 152 380 214 158 147 166 105 115 121 74 42 82
internal_count=1641 251 1390 1080 700 104 310 626 152 380 214 158 147 166 105 115 121 74 42 82
is_linear=0
shrinkage=0.03


Tree=18
num_leaves=16
num_cat=0
split_feature=25 21 23 11 22 11 25 25 27 31 27 19 20 10 25
split_gain=10.3522 2.29368 1.34179 0.650525 0.636526 0.567777 0.545496 0.517059 0.531864 0.229226 0.121223 0.0834046 0.0642275 0.0337544 0.0204752
threshold=0.866264064599366 -0.62940046249680293 0.77091503723986421 -0.0030482744079348813 0.98537283338139059 0.28530093901253212 0.34711536664687592 -1.2219472483058753 -0.25036394299674541 -0.010840673677963838 -0.24935346920341109 1.8427073340376909 -0.61075760782946709 0.26850407923990222 0.11207697263801215
decision_type=2 2 2 2 2 2 2 2 2 2 2 2 2 2 2
left_child=2 3 4 -2 7 10 -6 12 -9 11 -4 -7 -1 -3 -11
right_child=1 13 5 -5 6 9 -8 8 -10 14 -12 -13 -14 -15 -16
leaf_value=-0.0013131243812385947 0.011738001568449867 0.003054817122573565 0.0031853428273518549 0.0063097992967390878 -0.0045816239055408081 0 -0.00012683499611627596 -0.0014326690729723054 5.1566676933657262e-05 -0.0027204760301113126 0.0010247209224908147 0.0020715357221779409 -0.0030098257160782816 0.0012990453546866774 -0.00093554422108886332
leaf_weight=41 51 74 79 63 89 75 36 494 379 22 45 21 122 27 23
leaf_count=41 51 74 79 63 89 75 36 494 379 22 45 21 122 27 23
internal_value=2.57423e-05 0.00611693 -0.000901449 0.00900255 -0.00134175 0.00100981 -0.00335512 -0.00108695 -0.000786916 -0.000276082 0.0024676 0.000531114 -0.00263256 0.00266531 -0.00198617
internal_weight=1641 215 1426 114 1161 265 125 1036 873 141 124 96 163 101 45
internal_count=1641 215 1426 114 1161 265 125 1036 873 141 124 96 163 101 45
is_linear=0
shrinkage=0.03


Tree=19
num_leaves=20
num_cat=0
split_feature=25 21 23 11 10 22 32 23 22 29 25 11 23 24 16 21 27 25 12
split_gain=9.79959 2.43828 1.1806 0.614516 0.598679 0.596215 0.462866 0.424929 0.287825 0.202207 0.162873 0.151453 0.145454 0.0754168 0.0489354 0.0445193 0.032595 0.0270659 0.0255068
threshold=0.79817083208853534 -0.79021998598773069 0.6575994345734919 -0.44754906827466895 -0.77112548423633187 0.98537283338139059 -0.29293297432101217 0.2731357826697291 1.9332926656581353 -0.042203585565308933 -0.72695467012262072 1.0315542896979142 0.59689464743079257 -0.087714037454224139 0.768478357226687 1.8230972707398487 -0.22853716857364134 -0.23114834559645595 -0.49965088522451379
decision_type=2 2 2 2 2 2 2 2 2 2 2 2 2 2 2 2 2 2 2
left_child=2 4 3 9 -2 7 11 -5 15 10 -1 16 18 -11 -14 -8 -4 -7 -3
right_child=1 12 6 5 -6 17 8 -9 -10 13 -12 -13 14 -15 -16 -17 -18 -19 -20
leaf_value=-0.0013785777849793109 0.013974831660156664 0.0026052547407452945 -0.0003012651321712106 -0.0012301957624135812 0.0072475300657338102 -0.0051598628443830152 0.002003601784410421 -0.0032461807122597182 -0.0004180463427590439 -0.0031027539417404553 0.00027007259386219732 -0.0025355572621855471 0.0024853223010781219 -0.00092322919276707305 0.00073166402238571354 0.0038152930695435094 0.00082695128582417968 -0.0027391836447962395 0.005520444327965379
leaf_weight=66 20 21 104 507 84 48 93 119 37 26 240 24 77 48 28 26 26 26 21
leaf_count=66 20 21 104 507 84 48 93 119 37 26 240 24 77 48 28 26 26 26 21
internal_value=2.58224e-05 0.00544677 -0.000960537 -0.00142898 0.00892482 -0.00195594 0.000659916 -0.00163185 0.00180042 -0.000442712 -8.57418e-05 -0.000488623 0.00283683 -0.00181902 0.00207877 0.00250811 -3.95021e-05 -0.00448817 0.00440037
internal_weight=1641 251 1390 1080 104 700 310 626 156 380 306 154 147 74 105 119 130 74 42
internal_count=1641 251 1390 1080 104 700 310 626 156 380 306 154 147 74 105 119 130 74 42
is_linear=0
shrinkage=0.03


Tree=20
num_leaves=15
num_cat=0
split_feature=25 25 24 19 11 28 19 14 24 21 21 21 16 24
split_gain=9.26366 2.30272 0.811242 0.755744 0.691516 0.373225 0.326313 0.309313 0.299744 0.243301 0.17715 0.0911694 0.0780781 0.0699393
threshold=0.79817083208853534 2.084847529050152 -0.23746709827816156 1.6436862675146988 -0.29343694644449464 -0.10001334947937336 -0.8390016000529037 0.94524301478762107 0.43316617410729735 -1.3358576549748076 -0.96252661829943909 1.8058666075086778 -0.03059450604954796 0.12063804717038448
decision_type=2 2 2 2 2 2 2 2 2 2 2 2 2 2
left_child=3 2 -2 4 6 9 10 -7 -8 -6 -1 -5 -3 -4
right_child=1 12 13 11 5 7 8 -9 -10 -11 -12 -13 -14 -15
leaf_value=-0.00024093868010319197 0.0063045456952562457 0.013441011369228364 0.000539019222106112 0.00087641835961520904 0.0012263926350895096 -0.0032421606594522654 -0.00061688726599144728 -0.00028265969405183569 0.00094136031805821716 -0.0013736566878223646 -0.0027199772737920283 0.0035610671253694642 0.0073856644722131585 0.0025883934697686611
leaf_weight=49 73 24 24 28 31 179 233 42 206 532 62 28 23 107
leaf_count=49 73 24 24 28 31 179 233 42 206 532 62 28 23 107
internal_value=2.60028e-05 0.00529668 0.00378948 -0.000932956 -0.00107941 -0.00165057 -0.000255277 -0.00270443 0.000108957 -0.00121945 -0.00168708 0.00238241 0.0111587 0.0022558
internal_weight=1641 251 204 1390 1334 784 550 221 439 563 111 56 47 131
internal_count=1641 251 204 1390 1334 784 550 221 439 563 111 56 47 131
is_linear=0
shrinkage=0.03


Tree=21
num_leaves=19
num_cat=0
split_feature=25 25 23 24 21 11 32 29 19 11 25 23 10 27 19 24 27 11
split_gain=8.75178 2.18713 1.09112 0.76441 0.571596 0.647415 0.387234 0.326118 0.256366 0.240992 0.173115 0.138023 0.106297 0.0791699 0.0743463 0.0653553 0.0293406 0.00721275
threshold=0.79817083208853534 2.084847529050152 0.59689464743079257 -0.23746709827816156 -1.1922687947150508 -0.36158090934200654 -0.29293297432101217 -0.1825165268706668 -0.83189295725759516 0.28530093901253212 -0.83502870113035754 2.7458441122823509 -0.29342081763742539 -0.2381095285581106 1.8427073340376909 0.12063804717038448 -0.23522969946971087 1.0419685430928542
decision_type=2 2 2 2 2 2 2 2 2 2 2 2 2 2 2 2 2 2
left_child=2 3 4 -2 10 8 11 -7 -6 -8 17 16 -3 -12 -11 -5 -4 -1
right_child=1 12 6 15 5 7 9 -9 -10 14 13 -13 -14 -15 -16 -17 -18 -19
leaf_value=-0.00020051283410025964 0.0061228752046529394 0.013667791361394135 -0.00027782379485005601 0.00052464537837335632 -0.0020799720279022081 -0.00089182774654926911 0.0027838798379862164 -0.0027132038681035552 -0.00025327241525281447 -4.4434794061035324e-05 0.0024624455335804005 -0.002437839845768534 0.0075267245262861252 0.00045197447898205032 0.0018707564864307641 0.0025128594467416403 0.00076784344804154011 -0.0011123197438719216
leaf_weight=24 73 20 103 24 89 124 80 415 304 64 30 23 27 52 21 107 28 33
leaf_count=24 73 20 103 24 89 124 80 415 304 64 30 23 27 52 21 107 28 33
internal_value=2.68863e-05 0.00514992 -0.000905153 0.00368077 -0.0013639 -0.00163154 0.000624078 -0.00230698 -0.000687152 0.0016249 0.00040607 -0.000439682 0.0108632 0.00128376 0.000442284 0.0021909 -1.97476e-05 -0.000807623
internal_weight=1641 251 1390 204 1071 932 319 539 393 165 139 154 47 82 85 131 131 57
internal_count=1641 251 1390 204 1071 932 319 539 393 165 139 154 47 82 85 131 131 57
is_linear=0
shrinkage=0.03


Tree=22
num_leaves=21
num_cat=0
split_feature=25 25 23 23 21 11 20 31 19 11 25 21 25 27 16 29 21 34 31 11
split_gain=8.26958 2.07834 1.02796 0.585171 0.53875 0.6094 0.444123 0.368079 0.264849 0.215448 0.164176 0.147828 0.127324 0.0748051 0.0693551 0.0689151 0.0434911 0.0317956 0.0214853 0.00667145
threshold=0.79817083208853534 2.084847529050152 0.59689464743079257 0.59689464743079257 -1.1922687947150508 -0.28556474742202492 -0.29577857594451012 -0.010840673677963958 -0.83189295725759516 0.28530093901253212 -0.83502870113035754 -0.52601648310977767 0.061071886328776366 -0.23522969946971087 -0.03059450604954796 -0.18248229413989453 -0.18140321848636079 -0.13334722614602987 -0.011161402891283784 1.0419685430928542
decision_type=2 2 2 2 2 2 2 2 2 2 2 2 2 2 2 2 2 2 2 2
left_child=2 3 4 11 10 8 -7 9 -6 -4 19 -2 -9 -12 -3 -11 -5 -14 -18 -1
right_child=1 14 7 16 5 6 -8 12 -10 15 13 -13 17 -15 -16 -17 18 -19 -20 -21
leaf_value=-0.00019516582766340837 0.005967667267887623 0.012745403044753604 0.0026057922945062809 0.00047446511642864117 -0.002068838391474993 -0.0015881042450142005 -0.0035185783798832092 -0.0024407335031032562 -0.00032924834199797364 -3.0461253547717047e-05 0.0023385436132550238 0.0025269279505467108 -0.00037861491815607633 0.00040281119673811602 0.0069899124583372701 0.001751082234030876 0.0010454042494696166 0.00065333368215470802 0.002603226261609234 -0.001081730939215049
leaf_weight=24 74 24 84 23 103 314 178 22 337 66 32 25 90 50 23 23 25 34 57 33
leaf_count=24 74 24 84 23 103 314 178 22 337 66 32 25 90 50 23 23 25 34 57 33
internal_value=2.76498e-05 0.00500759 -0.000878301 0.00357519 -0.0013236 -0.00158346 -0.00230968 0.00060582 -0.000754495 0.00153483 0.000394269 0.00522808 -0.000483599 0.00124939 0.0105773 0.000439416 0.00188705 -6.32901e-05 0.00221723 -0.000786863
internal_weight=1641 251 1390 204 1071 932 492 319 440 173 139 99 146 82 47 89 105 124 82 57
internal_count=1641 251 1390 204 1071 932 492 319 440 173 139 99 146 82 47 89 105 124 82 57
is_linear=0
shrinkage=0.03


Tree=23
num_leaves=15
num_cat=0
split_feature=20 21 23 19 23 24 29 11 24 31 11 24 29 24
split_gain=4.87447 1.68471 1.5574 1.33984 0.552971 0.896052 0.617542 0.51706 0.187212 0.178191 0.117417 0.108337 0.0652371 0.0135465
threshold=2.1821366063589243 -1.3358576549748076 0.77091503723986421 -0.23584539311985867 -0.79526847104177978 -0.21793409034460451 -0.17897157405742189 0.40939843398471332 -0.66068227017189762 -0.010840673677963838 0.61261977845855753 1.7223446977220631 -0.1713466977927619 -1.5331566245374459
decision_type=2 2 2 2 2 2 2 2 2 2 2 2 2 2
left_child=1 3 4 10 6 -6 -3 11 -2 -9 12 -4 -1 -12
right_child=8 2 7 -5 5 -7 -8 9 -10 -11 13 -13 -14 -15
leaf_value=0.002518152665475319 0.0059684137028399049 -0.0006227231848229852 0.001728539860409716 0.0060323365146205538 0.00400249895421522 -0.00090378806432501037 -0.0032727106665797687 0.00049411440032611908 0.012593102337225624 -0.00177476098716285 -0.00089911474125821964 0.0037800628449235641 0.00041574246833395016 0
leaf_weight=26 20 143 175 60 32 723 189 87 20 44 24 32 35 31
leaf_count=26 20 143 175 60 32 723 189 87 20 44 24 32 35 31
internal_value=2.84885e-05 -0.000236957 -0.000582144 0.00250403 -0.00113609 -0.000676864 -0.00215605 0.00118486 0.00999802 -0.000268235 0.000547772 0.00210944 0.00143476 -0.000407581
internal_weight=1641 1601 1425 176 1087 755 332 338 40 131 116 207 61 55
internal_count=1641 1601 1425 176 1087 755 332 338 40 131 116 207 61 55
is_linear=0
shrinkage=0.03


Tree=24
num_leaves=19
num_cat=0
split_feature=25 25 23 22 25 23 25 27 33 22 11 10 20 10 27 23 21 19
split_gain=7.46225 1.63451 0.985264 0.48492 0.429976 0.427233 0.377183 0.543104 0.372647 0.240518 0.128728 0.0965703 0.0660292 0.0403501 0.0235582 0.0209857 0.0160293 0.00695463
threshold=0.866264064599366 2.084847529050152 0.6575994345734919 0.98537283338139059 0.34711536664687592 0.59689464743079257 -1.2021742204914938 -0.25036394299674541 -0.36182613362345756 1.9332926656581353 0.7552775586345396 -0.29342081763742539 -0.64069858394167067 0.35454636245453214 -0.22853716857364134 0.83971379600159002 -0.62940046249680293 -0.14242748542674236
decision_type=2 2 2 2 2 2 2 2 2 2 2 2 2 2 2 2 2 2
left_child=2 5 3 6 17 16 12 -8 10 13 14 -3 -1 -10 -4 -7 -2 -5
right_child=1 11 8 4 -6 15 7 -9 9 -11 -12 -13 -14 -15 -16 -17 -18 -19
leaf_value=-0.00099453992105048633 0.0056038029603660104 0.012693023155564847 -8.6469654232021234e-05 -0.0026677195357487481 -7.0719621574076306e-05 0.0011419434329092671 -0.0013987962810362575 0.00015572443150172364 0.0027093991569194639 -0.00038611246424698041 -0.0017991372545806282 0.0069432144999504088 -0.0025970493552776486 0.0012819300063920671 0.0008347524167911615 0.002514280637825972 0.0030450130653753875 -0.0045431780614813818
leaf_weight=43 66 20 95 31 36 41 427 375 83 37 38 27 127 47 29 39 22 58
leaf_count=43 66 20 95 31 36 41 427 375 83 37 38 27 127 47 29 39 22 58
internal_value=2.94553e-05 0.00520123 -0.000757484 -0.00118962 -0.00294214 0.00367037 -0.000952804 -0.000670334 0.00067209 0.00165683 -0.000336525 0.0100647 -0.00223333 0.00225643 0.000119985 0.0019138 0.00511855 -0.00403083
internal_weight=1641 215 1426 1097 125 168 972 802 329 167 162 47 170 130 124 80 88 89
internal_count=1641 215 1426 1097 125 168 972 802 329 167 162 47 170 130 124 80 88 89
is_linear=0
shrinkage=0.03


Tree=25
num_leaves=19
num_cat=0
split_feature=25 25 23 24 11 21 29 29 23 27 15 25 11 10 24 21 15 34
split_gain=7.07279 1.78557 0.869406 0.59748 0.487117 0.436098 0.333747 0.319711 0.220696 0.181158 0.192788 0.123029 0.115977 0.0911788 0.0538658 0.0380785 0.037213 0.0213714
threshold=0.79817083208853534 2.084847529050152 0.6575994345734919 -0.23746709827816156 -0.44754906827466895 -1.1922687947150508 -0.18251643384552094 -0.1825165268706668 2.0983263827602241 0.068334140374832195 -0.22443005964184437 -0.83502870113035754 1.0315542896979142 -0.29342081763742539 0.12063804717038448 1.8230972707398487 -0.063703918316666691 -0.13334722614602987
decision_type=2 2 2 2 2 2 2 2 2 2 2 2 2 2 2 2 2 2
left_child=2 3 4 -2 9 11 12 -7 15 10 -1 -6 17 -3 -5 -8 -11 -4
right_child=1 13 6 14 5 7 8 -9 -10 16 -12 -13 -14 -15 -16 -17 -18 -19
leaf_value=-0.00072908681777790756 0.0054696390577837041 0.012361900720907294 -0.00024318592952506153 0.000458527657099896 -0.00074290083446539935 -0.00067333175103037872 0.0017173286681296304 -0.0023654610518607459 -0.00037539783680113031 -0.0028716311004872504 0.00071158541581448304 0.0013121413402158119 -0.0021758485891752769 0.0067557475954294205 0.0022757250373505733 0.0033729676879171665 -0.00087727478202432392 0.00060000653436558481
leaf_weight=179 73 20 97 24 57 139 92 461 37 23 151 43 24 27 107 26 27 34
leaf_count=179 73 20 97 24 57 139 92 461 37 23 151 43 24 27 107 26 27 34
internal_value=2.97968e-05 0.00463543 -0.000807906 0.00330629 -0.00121006 -0.00167909 0.000581726 -0.00198373 0.00155662 -0.000331828 -6.03893e-05 0.000124121 -0.00038523 0.00979992 0.00198291 0.00218151 -0.0019619 0
internal_weight=1641 251 1390 204 1080 700 310 600 155 380 330 100 155 47 131 118 50 131
internal_count=1641 251 1390 204 1080 700 310 600 155 380 330 100 155 47 131 118 50 131
is_linear=0
shrinkage=0.03


Tree=26
num_leaves=19
num_cat=0
split_feature=25 25 23 24 11 22 23 31 11 27 15 25 10 29 21 15 25 11
split_gain=6.68385 1.69671 0.820716 0.562865 0.468014 0.449889 0.442199 0.294824 0.182834 0.171944 0.181607 0.106843 0.086044 0.0840276 0.0512191 0.0349546 0.0309589 0.0227625
threshold=0.79817083208853534 2.084847529050152 0.59689464743079257 -0.23746709827816156 -0.44754906827466895 0.98537283338139059 0.2731357826697291 -0.010840673677963958 0.098473891216437057 0.068334140374832195 -0.22443005964184437 0.061071886328776366 -0.29342081763742539 -0.18248229413989453 -0.18140321848636079 -0.063703918316666691 -0.23114834559645595 -0.30119663753261677
decision_type=2 2 2 2 2 2 2 2 2 2 2 2 2 2 2 2 2 2
left_child=2 3 4 -2 9 6 -6 8 -4 10 -1 -9 -3 -10 -5 -11 -7 -13
right_child=1 12 7 14 5 16 -8 11 13 15 -12 17 -14 -15 -16 -17 -18 -19
leaf_value=-0.00070757474889658948 0.0053120271210607729 0.012039416631926661 0.0025783923761653047 0.00055700728874052724 -0.00096687234733023664 -0.0044752767559360059 -0.0030763136351365694 -0.002224504867494106 -2.1622808594256636e-05 -0.0027954224156072505 0.00069065371342608096 0.00059426458786679989 0.0065733424961566924 0.0016978998772447574 0.0022434675627880079 -0.00085358834834769364 -0.0022365588748763346 -0.00030174175204774652
leaf_weight=179 73 20 67 28 507 48 110 22 72 23 151 31 27 34 103 27 26 93
leaf_count=179 73 20 67 28 507 48 110 22 72 23 151 31 27 34 103 27 26 93
internal_value=3.02158e-05 0.00450746 -0.000784078 0.00321154 -0.00118206 -0.00164673 -0.00136085 0.000541345 0.00137323 -0.000322994 -5.83121e-05 -0.000432046 0.00954214 0.00053395 0.00192593 -0.00191111 -0.00384545 -4.53717e-05
internal_weight=1641 251 1390 204 1071 691 617 319 173 380 330 146 47 106 131 50 74 124
internal_count=1641 251 1390 204 1071 691 617 319 173 380 330 146 47 106 131 50 74 124
is_linear=0
shrinkage=0.03


Tree=27
num_leaves=20
num_cat=0
split_feature=25 25 23 24 22 21 19 25 31 22 25 25 13 21 21 17 24 22 19
split_gain=6.3216 1.73606 0.691432 0.559272 0.458692 0.321854 0.425604 0.287741 0.268271 0.166475 0.135875 0.0947288 0.0815219 0.0528333 0.0452906 0.0178389 0.0164901 0.0146305 0.0129377
threshold=0.73422957382239107 2.084847529050152 0.59689464743079257 -0.27002211150075661 0.98537283338139059 -1.1922687947150508 -0.94663524279935152 0.3280010303229644 -0.010840673677963958 1.9332926656581353 -0.83502870113035754 0.061071886328776366 -0.29631873352684196 -0.18140321848636079 1.8230972707398487 0.35748119782172999 1.4619045919413025 -0.61661999096501663 -0.14242748542674236
decision_type=2 2 2 2 2 2 2 2 2 2 2 2 2 2 2 2 2 2 2
left_child=2 3 4 -2 5 10 -7 18 9 14 -1 -10 -3 -5 -4 -15 -11 -13 -6
right_child=1 12 8 13 7 6 -8 -9 11 16 -12 17 -14 15 -16 -17 -18 -19 -20
leaf_value=-0.00069417229124810534 0.0051977335611638953 0.011726691468902256 0.0014150542205670063 0.0007363862954911642 -0.0024502488918164197 -0.0023534593506420892 -0.00074962010242453825 -0.00037037643844572206 -0.0021657779368758202 0.00024285425955389178 0.0011561947776990778 -0.00042684248369231892 0.0063948296695947645 0.0025378718937201232 0.0031234231897526313 0.0012551854644093268 -0.00081382841935381291 0.00020444212461149963 -0.0043180038648641715
leaf_weight=57 70 20 94 39 31 202 603 33 22 20 82 62 27 84 24 35 22 58 56
leaf_count=57 70 20 94 39 31 202 603 33 22 20 82 62 27 84 24 35 22 58 56
internal_value=3.00005e-05 0.00415616 -0.000805765 0.00297773 -0.00116542 -0.000932527 -0.00116303 -0.00290573 0.000450539 0.00128732 0.000377649 -0.000478746 0.00929118 0.00189702 0.00185614 0.00222534 -0.000261335 -9.97869e-05 -0.00378967
internal_weight=1641 275 1366 228 1064 944 805 120 302 160 139 142 47 158 118 119 42 120 87
internal_count=1641 275 1366 228 1064 944 805 120 302 160 139 142 47 158 118 119 42 120 87
is_linear=0
shrinkage=0.03


Tree=28
num_leaves=18
num_cat=0
split_feature=25 20 23 22 25 20 25 27 33 22 23 11 24 10 27 19 33
split_gain=5.97881 1.34166 0.77881 0.404612 0.353791 0.340898 0.33248 0.464 0.299936 0.203972 0.158986 0.109124 0.0620999 0.0498757 0.0184453 0.00702657 0.00664873
threshold=0.866264064599366 0.9761142153414345 0.6575994345734919 0.98537283338139059 0.34711536664687592 3.2689941525884527 -1.2021742204914938 -0.25036394299674541 -0.36182613360258598 1.9332926656581353 0.59689464743079257 0.7552775586345396 0.28992411592787898 0.21232182198322605 -0.22853716857364134 -0.14242748542674236 -0.3618261335430083
decision_type=2 2 2 2 2 2 2 2 2 2 2 2 2 2 2 2 2
left_child=2 10 3 6 15 -3 12 -8 11 13 -2 14 -1 -10 -4 -5 -12
right_child=1 5 8 4 -6 -7 7 -9 9 -11 16 -13 -14 -15 -16 -17 -18
leaf_value=-0.0023517464171197728 0.0037593308149953372 0.005818993044120294 -4.3483730488403054e-05 -0.0023832274044261257 -4.8436287396515788e-05 0.011107146473034568 -0.0012502501285104296 0.0001862998887180953 0.0026542917209601887 -0.00035368444944906515 0.001603426497671753 -0.0016305944170893691 -0.00072634127535499058 0.0011741718554632305 0.00076104558001679839 -0.004122732695558521 0.00058518571996994846
leaf_weight=134 45 78 101 31 36 20 427 375 71 37 47 38 36 53 29 58 25
leaf_count=134 45 78 101 31 36 20 427 375 71 37 47 38 36 53 29 58 25
internal_value=3.02309e-05 0.00465967 -0.000673973 -0.00105828 -0.00265942 0.00722577 -0.000841746 -0.000576629 0.000596387 0.00151234 0.00235837 -0.00027499 -0.00204345 0.00208796 0.00012655 -0.00364692 0.00132742
internal_weight=1641 215 1426 1097 125 98 972 802 329 161 117 168 170 124 130 89 72
internal_count=1641 215 1426 1097 125 98 972 802 329 161 117 168 170 124 130 89 72
is_linear=0
shrinkage=0.03


Tree=29
num_leaves=20
num_cat=0
split_feature=25 25 23 24 11 22 23 31 22 15 20 25 25 16 24 17 24 24 34
split_gain=5.67149 1.57504 0.616895 0.494721 0.413567 0.397604 0.363922 0.251516 0.161066 0.138458 0.326333 0.0863085 0.0844451 0.055271 0.0349367 0.0371583 0.0214315 0.015447 0.0148387
threshold=0.73422957382239107 2.084847529050152 0.6575994345734919 -0.27002211150075661 -0.37043742787485273 0.98537283338139059 0.2731357826697291 -0.010840673677963958 1.9332926656581353 -0.10476641295600346 -0.53291105640441627 0.061071886328776366 -0.44866614181371517 0.012466136351338183 0.12063804717038448 0.35046166796861383 1.7223446977220631 1.4619045919413025 -0.13334722614602987
decision_type=2 2 2 2 2 2 2 2 2 2 2 2 2 2 2 2 2 2 2
left_child=2 3 4 -2 9 6 -6 8 16 10 -1 -9 -11 -3 -5 -16 -4 -10 -13
right_child=1 13 7 14 5 -7 -8 11 17 12 -12 18 -14 -15 15 -17 -18 -19 -20
leaf_value=8.0050506586077673e-05 0.0049053830775649173 0.010596276254526206 0.001469233182979928 0.00074257013430962192 -0.0009142725622702379 -0.0037130844940741858 -0.0028593065393585212 -0.0020655536967515947 0.00023847551567925384 -0.0004005376066114487 -0.0021051420951171697 -0.00030741871712202935 0.00088627545296432941 0.0056722914683818822 0.0024237044011941179 0.0009522733943794216 0.0028723099594219368 -0.00078300607220269732 0.0004097304808331982
leaf_weight=146 70 25 90 36 471 69 108 22 20 81 100 89 94 22 87 35 23 22 31
leaf_count=146 70 25 90 36 471 69 108 22 20 81 100 89 94 22 87 35 23 22 31
internal_value=3.00761e-05 0.0039384 -0.000761454 0.00281547 -0.00109764 -0.0015731 -0.0012951 0.00043746 0.00126727 -0.00035278 -0.000810852 -0.000455107 0.000277099 0.00883006 0.00179677 0.00205856 0.00184758 -0.000246449 -9.22901e-05
internal_weight=1641 275 1366 228 1069 648 579 297 155 421 246 142 175 47 158 122 113 42 120
internal_count=1641 275 1366 228 1069 648 579 297 155 421 246 142 175 47 158 122 113 42 120
is_linear=0
shrinkage=0.03


Tree=30
num_leaves=10
num_cat=0
split_feature=20 23 19 22 24 29 24 24 27
split_gain=3.41323 1.01993 0.794881 0.698661 0.827813 0.428213 0.156752 0.0642226 0.0705009
threshold=2.1821366063589243 -1.0461815912316037 1.6436862675146988 -0.042634178414618175 -0.21793409034460451 -0.17897157405742189 -0.66068227017189762 1.7223446977220631 -0.23986233162894963
decision_type=2 2 2 2 2 2 2 2 2
left_child=1 -1 3 4 -3 -5 -2 8 -4
right_child=6 2 7 5 -6 -7 -8 -9 -10
leaf_value=0.0054793529547750956 0.0048707553925721545 0.0016750305984550603 0.0005391425223788246 -0.00048971405209298339 -0.00046706636540472604 -0.0023454453895232039 0.01065263194752776 0.0031928973027232398 0.0025858525834977627
leaf_weight=25 20 200 45 226 807 233 20 38 27
leaf_count=25 20 200 45 226 807 233 20 38 27
internal_value=3.0329e-05 -0.000191507 -0.000293603 -0.000481254 -3.49431e-05 -0.00144734 0.00837297 0.00212711 0.00141939
internal_weight=1641 1601 1576 1466 1007 459 40 110 72
internal_count=1641 1601 1576 1466 1007 459 40 110 72
is_linear=0
shrinkage=0.03


Tree=31
num_leaves=22
num_cat=0
split_feature=25 25 23 11 22 23 23 31 22 27 15 25 10 23 17 16 15 34 27 25 34
split_gain=5.17736 1.41184 0.570075 0.395667 0.355974 0.351769 0.342009 0.23193 0.148193 0.128129 0.142954 0.0819673 0.076963 0.0440929 0.035182 0.0210253 0.0204691 0.0138105 0.00583182 0.00108199 0.000169214
threshold=0.73422957382239107 2.084847529050152 0.6575994345734919 -0.37043742787485273 0.98537283338139059 0.59689464743079257 0.2731357826697291 -0.010840673677963958 1.9332926656581353 0.068334140374832195 -0.22443005964184437 0.061071886328776366 -0.29342081763742539 0.81543188114451037 0.11528220389117663 0.34328393699945309 -0.063703918316666691 -0.13334722614602987 -0.25057556526592573 -0.23114834559645595 -0.13601341990381072
decision_type=2 2 2 2 2 2 2 2 2 2 2 2 2 2 2 2 2 2 2 2 2
left_child=2 5 3 9 6 20 -5 8 15 10 -1 -9 -3 -7 -15 -4 -11 -13 -10 -6 -2
right_child=1 12 7 4 19 13 -8 11 18 16 -12 17 -14 14 -16 -17 -18 -19 -20 -21 -22
leaf_value=-0.00062836815407571402 0.0024067540985460464 0.010657495783722919 0.0021702543295299016 -0.00088025879409625422 -0.0039586832646061393 0.0004546536409224455 -0.0027662649943518474 -0.0019980946446955202 -0.00056048975745216008 -0.0023155854889031114 0.00055157218620993838 -0.00028486057714389578 0.0057283457085490225 0.0023926019469508904 0.00084140583657426758 0.0010061937061911252 -0.0007621313280891627 0.00040838913339115711 1.210608340261387e-05 -0.0020841421531513334 0.0042695698125320381
leaf_weight=208 23 20 69 471 48 36 108 22 21 26 160 89 27 53 33 44 27 31 21 21 83
leaf_count=208 23 20 69 471 48 36 108 22 21 26 160 89 27 53 33 44 27 31 21 21 83
internal_value=3.09899e-05 0.00376525 -0.000725195 -0.00104842 -0.00151338 0.00270029 -0.00124965 0.000427046 0.00122398 -0.000320036 -0.000106953 -0.000429478 0.00839946 0.00150406 0.00187951 0.0017806 -0.001661 -7.57882e-05 -0.000225805 -0.00354045 0.00397026
internal_weight=1641 275 1366 1069 648 228 579 297 155 421 368 142 47 122 86 113 53 120 42 69 106
internal_count=1641 275 1366 1069 648 228 579 297 155 421 368 142 47 122 86 113 53 120 42 69 106
is_linear=0
shrinkage=0.03


Tree=32
num_leaves=20
num_cat=0
split_feature=25 25 23 24 11 22 28 31 29 25 15 25 10 15 21 21 17 34 19
split_gain=4.8975 1.34036 0.538926 0.422627 0.378422 0.344449 0.381689 0.210556 0.138658 0.132544 0.12957 0.0777262 0.0724851 0.067207 0.0457857 0.0421484 0.0136097 0.0130589 0.0103425
threshold=0.73422957382239107 2.084847529050152 0.59689464743079257 -0.27002211150075661 -0.44754906827466895 0.98537283338139059 -0.10768696557973041 -0.010840673677963958 -0.042203585565308933 -0.11347624184764997 -0.22443005964184437 0.061071886328776366 -0.29342081763742539 -0.063703918316666691 1.8230972707398487 -0.18140321848636079 0.75743445270867238 -0.13334722614602987 -0.14242748542674236
decision_type=2 2 2 2 2 2 2 2 2 2 2 2 2 2 2 2 2 2 2
left_child=2 3 4 -2 8 6 -6 9 10 -4 -1 -9 -3 -10 -11 -5 -17 -13 -7
right_child=1 12 7 15 5 18 -8 11 13 14 -12 17 -14 -15 -16 16 -18 -19 -20
leaf_value=-0.00049470287083160406 0.0045591785528199518 0.010379474265419918 -0.00057022479341276272 0.00063452069207310809 -0.0020550217067177036 -0.0021143057920759724 -0.00052671970277789223 -0.0019453449162840841 -0.0024393943490629844 0.0011757644760803404 0.00074518526889646151 -0.00027659342610834002 0.0055736804470419886 -0.00048743828479448295 0.0028018060715662109 0.0021548303926610967 0.0007862468032652269 0.00039721849318919019 -0.0039239066056907176
leaf_weight=171 70 20 29 39 262 28 353 22 30 107 131 89 27 44 24 99 20 31 45
leaf_count=171 70 20 29 39 262 28 353 22 30 107 131 89 27 44 24 99 20 31 45
internal_value=3.09175e-05 0.00366289 -0.000704497 0.00262488 -0.00102213 -0.00143992 -0.00118947 0.000403806 -0.000244414 0.00114562 3.53329e-05 -0.000417757 0.00817877 -0.00138194 0.00155211 0.00168029 0.0019744 -7.26924e-05 -0.00338014
internal_weight=1641 275 1366 228 1064 688 615 302 376 160 302 142 47 74 131 158 119 120 73
internal_count=1641 275 1366 228 1064 688 615 302 376 160 302 142 47 74 131 158 119 120 73
is_linear=0
shrinkage=0.03


Tree=33
num_leaves=11
num_cat=0
split_feature=20 23 23 11 11 34 29 24 31 27
split_gain=2.93491 0.849983 0.669289 0.32755 0.270821 0.233545 0.191589 0.13845 0.109795 0.103203
threshold=2.1821366063589243 -1.0461815912316037 0.77091503723986421 0.42173904919704935 -0.8809700380016422 2.3150309326556879 0.088969087890392276 -0.66068227017189762 -0.010840673677963838 -0.24935346920341109
decision_type=2 2 2 2 2 2 2 2 2 2
left_child=1 -1 4 9 6 -6 -3 -2 -5 -4
right_child=7 2 3 8 5 -7 -8 -9 -10 -11
leaf_value=0.0050015497170388702 0.0044878615310577595 0.00097835360065316019 0.0021508882915187216 0.00034558074651390642 -0.00085793122739239998 0.0014909622029562551 -0.0015090588271283623 0.0099023393690586079 -0.0014344255290430117 0.00066203976619422808
leaf_weight=25 20 141 132 86 1030 36 31 20 44 76
leaf_count=25 20 141 132 86 1030 36 31 20 44 76
internal_value=3.07222e-05 -0.000174855 -0.000268215 0.000906187 -0.000592684 -0.000771839 0.000494714 0.00776685 -0.000253093 0.00163825
internal_weight=1641 1601 1576 338 1238 1066 172 40 130 208
internal_count=1641 1601 1576 338 1238 1066 172 40 130 208
is_linear=0
shrinkage=0.03


Tree=34
num_leaves=20
num_cat=0
split_feature=25 25 23 24 21 20 34 21 25 33 11 25 28 10 23 21 20 11 21
split_gain=4.48077 1.22213 0.473495 0.402591 0.357591 0.370043 0.26756 0.209946 0.18427 0.157716 0.116748 0.11337 0.0791707 0.0649487 0.0432363 0.0384784 0.0153397 0.00907538 0.00161622
threshold=0.72431503451410173 2.084847529050152 0.42287425762172098 -0.27002211150075661 -1.1922687947150508 -0.8155538927246021 -0.13334725392072275 -0.45709383018509425 -0.062279156124026888 -0.36182613360258598 -0.074760429904240713 -0.83502870113035754 -0.10689543125124655 -0.29342081763742539 2.3209106022834551 -0.18140321848636079 -0.40476371320804849 1.0419685430928542 1.7254568457632138
decision_type=2 2 2 2 2 2 2 2 2 2 2 2 2 2 2 2 2 2 2
left_child=2 3 4 -2 11 10 -7 -4 14 -10 -6 17 -13 -3 -9 16 -5 -1 -17
right_child=1 13 7 15 5 6 -8 8 9 -11 -12 12 -14 -15 -16 18 -18 -19 -20
leaf_value=-2.5267592320839556e-05 0.0043902876023075551 0.0098823451918104432 -0.0024948256762290836 0.0011318783647567034 0.00010962633007689282 -0.00095605148561533546 -0.0023389371208559591 -0.00023948967014056461 0.00017361493448236223 0.0016547743269411678 -0.0010682217689341122 0.0022334437305954365 0.0002560337256111035 0.0052962995260953912 -0.0017624479100108144 0.0016089038653355726 0 -0.00093140220898203536 0.0026742451894283289
leaf_weight=24 70 20 21 22 169 245 298 54 172 107 128 30 52 27 27 100 20 33 22
leaf_count=24 70 20 21 22 169 245 298 54 172 107 128 30 52 27 27 100 20 33 22
internal_value=3.11811e-05 0.00346086 -0.000681307 0.00249241 -0.00103017 -0.00126359 -0.00172916 0.000208353 0.000393618 0.000763857 -0.000393604 0.000356146 0.00106806 0.00778366 -0.000827671 0.00160006 0.000636362 -0.000620212 0.00188459
internal_weight=1641 281 1360 234 979 840 543 381 360 279 297 139 82 47 81 164 42 57 122
internal_count=1641 281 1360 234 979 840 543 381 360 279 297 139 82 47 81 164 42 57 122
is_linear=0
shrinkage=0.03


Tree=35
num_leaves=20
num_cat=0
split_feature=25 25 23 24 22 28 25 25 24 25 22 31 13 30 14 24 14 19 22
split_gain=4.23704 1.16039 0.44509 0.378627 0.301054 0.433765 0.468175 0.214065 0.183063 0.176085 0.166967 0.150731 0.0658467 0.0380629 0.030837 0.0585903 0.0450049 0.0160195 0.000537304
threshold=0.72431503451410173 2.084847529050152 0.42287425762172098 -0.27002211150075661 0.98537283338139059 -0.10770215908039667 -1.2219472483058753 0.3280010303229644 0.042506015436156237 -0.081183909855401762 -0.29973285568185021 -0.010840673677964001 -0.29631873352684196 -0.22534046977893082 0.0966252626575409 0.016462004858080151 0.46141238875223306 -0.14242748542674236 -0.32817321991638576
decision_type=2 2 2 2 2 2 2 2 2 2 2 2 2 2 2 2 2 2 2
left_child=2 3 4 18 5 10 -7 17 -4 13 -1 -11 -3 -10 15 -5 -16 -6 -2
right_child=1 12 8 14 7 6 -8 -9 9 11 -12 -13 -14 -15 16 -17 -18 -19 -20
leaf_value=-0.0024447409799264641 0.002904746744612401 0.0096453718504180084 -0.0021673468522106602 0 -0.0019578795827486935 -0.0018208618816216847 2.1255841902106338e-05 -0.00021732292553254716 -0.0019073770757278667 0.0016003036137294008 -8.1198666205940102e-06 0.0001567613809603176 0.0051373322546482084 -0.00034063019318654979 0.0032354168393131755 0.0015249904516253577 0.0010910242216195911 -0.0036506690136709459 0.0049398779138749424
leaf_weight=158 30 20 24 26 31 160 508 33 20 109 33 170 27 58 24 85 29 56 40
leaf_count=158 30 20 24 26 31 160 508 33 20 109 33 170 27 58 24 85 29 56 40
internal_value=3.1434e-05 0.00336657 -0.000661356 0.00242254 -0.000999608 -0.000792151 -0.000421667 -0.00240472 0.000201008 0.000385293 -0.00204585 0.000742389 0.00757927 -0.000835162 0.00155611 0.0011544 0.00223695 -0.00316619 0.00426399
internal_weight=1641 281 1360 234 979 859 668 120 381 357 191 279 47 78 164 111 53 87 70
internal_count=1641 281 1360 234 979 859 668 120 381 357 191 279 47 78 164 111 53 87 70
is_linear=0
shrinkage=0.03


Tree=36
num_leaves=19
num_cat=0
split_feature=25 25 23 24 21 22 21 24 25 33 25 24 15 16 30 21 17 17
split_gain=4.01081 1.101 0.419059 0.357767 0.324393 0.445911 0.189337 0.181777 0.165446 0.141173 0.106756 0.104298 0.066216 0.0446013 0.0360157 0.0339748 0.012664 0.00180374
threshold=0.72431503451410173 2.084847529050152 0.42287425762172098 -0.27002211150075661 -1.1922687947150508 -0.86239236933066354 -0.45709383018509425 -1.3768925610689895 -0.081183909855401762 -0.36182613360258598 -0.90877972217119496 0.38107815295114528 1.6805696584974699 -0.31140244887865937 -0.22534046977893082 -0.18140321848636079 0.75743445270867238 0.086455811932473384
decision_type=2 2 2 2 2 2 2 2 2 2 2 2 2 2 2 2 2 2
left_child=2 3 4 -2 10 11 -4 -7 14 -10 -1 -6 -12 -3 -8 17 -17 -5
right_child=1 13 6 15 5 7 8 -9 9 -11 12 -13 -14 -15 -16 16 -18 -19
leaf_value=-0.00074960540345404283 0.0041469763166156332 0.0093154402193815801 -0.0023724436475531544 0.00083417523183859882 -0.00073625049988588532 -0.00072024597048584837 -0.0018576194478765776 -0.0020301100985718238 0.00015780547102165932 0.0015528869389090686 0.0014904120643694813 0.00037997317072586154 -0.00011770356211557305 0.0050586643457412725 -0.00033091386619642314 0.0019530654118299514 0.00069088439352344723 0.00013690965439435904
leaf_weight=47 70 20 21 22 167 141 20 403 174 108 62 129 30 27 58 101 21 20
leaf_count=47 70 20 21 22 167 141 20 403 174 108 62 129 30 27 58 101 21 20
internal_value=3.13054e-05 0.00327622 -0.000642686 0.00235626 -0.00097091 -0.00119329 0.000193886 -0.0017019 0.000370223 0.00071334 0.000348678 -0.000240823 0.00094729 0.0073803 -0.000813716 0.00151319 0.0017816 0.000600073
internal_weight=1641 281 1360 234 979 840 381 544 360 282 139 296 92 47 78 164 122 42
internal_count=1641 281 1360 234 979 840 381 544 360 282 139 296 92 47 78 164 122 42
is_linear=0
shrinkage=0.03


Tree=37
num_leaves=21
num_cat=0
split_feature=25 25 23 24 21 22 21 34 25 31 25 24 27 10 10 30 14 21 19 22
split_gain=3.7926 1.04546 0.393916 0.336524 0.305235 0.419816 0.179317 0.173689 0.156818 0.127603 0.101564 0.0982974 0.0731044 0.0603072 0.0572468 0.0385026 0.0208663 0.0133403 0.00585336 0.00322861
threshold=0.72431503451410173 2.084847529050152 0.42287425762172098 -0.27002211150075661 -1.1922687947150508 -0.86239236933066354 -0.45709383018509425 -0.1333472405797971 -0.062279156124026888 -0.010840673677964001 -0.83502870113035754 0.38107815295114528 -0.2381095285581106 -0.29342081763742539 0.032983381743230712 -0.22534046977893082 0.0966252626575409 -0.2618129802318247 -1.3314772691153425 -0.32817321991638576
decision_type=2 2 2 2 2 2 2 2 2 2 2 2 2 2 2 2 2 2 2 2
left_child=2 3 4 19 10 11 -4 -7 15 -10 18 -6 -12 -3 16 -8 -5 -16 -1 -2
right_child=1 13 6 14 5 7 8 -9 9 -11 12 -13 -14 -15 17 -17 -18 -19 -20 -21
leaf_value=-4.7669205742959786e-05 0.0027124270099130542 0.0091583322558713987 -0.0023101670010946687 0.0013717758692364441 -0.00071455276737893549 -0.000977929185301162 -0.0018137396937236187 -0.0021178298264545306 0.0014790197122033293 0.00015212173388429442 0.0021313042528927325 0.00036883304975873955 0.0002304555966645818 0.0048562211781740189 0 -0.00028357181059462683 0.002674821969730636 0.00094214901496656226 -0.00083420791244448933 0.0046862913286530002
leaf_weight=23 30 20 21 61 167 229 21 315 111 168 30 129 52 27 20 60 36 47 34 40
leaf_count=23 30 20 21 61 167 229 21 315 111 168 30 129 52 27 20 60 36 47 34 40
internal_value=3.13956e-05 0.00318685 -0.000623956 0.00229003 -0.000942194 -0.00115793 0.000186933 -0.00165146 0.00035875 0.000700784 0.000337345 -0.000233405 0.00101186 0.00718657 0.00147136 -0.000766604 0.00195112 0.000680084 -0.000585085 0.00402768
internal_weight=1641 281 1360 234 979 840 381 544 360 279 139 296 82 47 164 81 97 67 57 70
internal_count=1641 281 1360 234 979 840 381 544 360 279 139 296 82 47 164 81 97 67 57 70
is_linear=0
shrinkage=0.03


Tree=38
num_leaves=16
num_cat=0
split_feature=20 21 24 24 28 22 33 28 33 22 24 34 14 24 20
split_gain=2.28879 0.819806 0.546634 0.476617 0.667653 0.559806 0.449989 0.265809 0.213569 0.0571736 0.055924 0.0438021 0.0194452 0.00509456 0.00261584
threshold=2.5809504071674594 -1.3358576549748076 -1.3768925610689895 0.12063804717038448 -0.10545768971210294 -0.69033785814353477 -0.36182613354268672 -0.10770237557265998 -0.36182613360258598 -0.20740551940341825 -0.087714037454224139 -0.1327161128218686 1.2321884133282517 -1.5331566245374459 1.0228220659546474
decision_type=2 2 2 2 2 2 2 2 2 2 2 2 2 2 2
left_child=1 2 11 4 6 7 -3 -5 -7 14 -6 12 -1 -13 -4
right_child=-2 3 9 5 10 8 -8 -9 -10 -11 -12 13 -14 -15 -16
leaf_value=0.0014310090166071185 0.0078543904234062538 -0.0020049632203133242 0.0022239584802933358 -0.0018381612996768929 -0.0026332892418284432 3.9158699327556754e-05 0.00048067594873683786 -0.00021940249893727013 0.0013287018259755293 0.0014317294450011103 -0.00091917876374315128 -0.00074906914906265837 7.3074410902336171e-06 -3.580096676705579e-05 0.0042689104408312299
leaf_weight=20 30 88 20 133 175 216 229 297 259 21 30 24 21 29 49
leaf_count=20 30 88 20 133 175 216 229 297 259 21 30 24 21 29 49
internal_value=3.1813e-05 -0.000126329 0.00173911 -0.000372104 -0.00109142 4.17235e-05 -0.000212296 -0.000736283 0.000752501 0.00337092 -0.00241374 8.98772e-05 0.000820195 -0.000435187 0.0038352
internal_weight=1641 1611 184 1427 522 905 317 430 475 90 205 94 41 53 69
internal_count=1641 1611 184 1427 522 905 317 430 475 90 205 94 41 53 69
is_linear=0
shrinkage=0.03


Tree=39
num_leaves=24
num_cat=0
split_feature=25 25 24 21 31 24 28 28 33 24 16 25 22 27 19 10 22 10 29 21 22 19 24
split_gain=3.44192 0.935772 0.33863 0.390161 0.352164 0.300956 0.234177 0.219942 0.316733 0.140154 0.119981 0.0932264 0.0787245 0.0675546 0.0665346 0.0615705 0.057419 0.0510777 0.0327605 0.0105403 0.00720116 0.00532231 0.00109884
threshold=0.72431503451410173 2.084847529050152 0.31596812650595502 -1.1922687947150508 -0.010840673676569082 -0.27002211150075661 -0.10770146666805565 -0.10410219011361038 -0.34433482496162532 -0.087714037454224139 0.17330177480652662 -0.83502870113035754 2.1284705499084002 -0.2381095285581106 1.8427073340376909 -0.29342081763742539 -0.55965618450888888 0.032983381743230712 -0.18251643386417246 -0.2618129802318247 -0.32817321991638576 -1.3314772691153425 0.47223218997441152
decision_type=2 2 2 2 2 2 2 2 2 2 2 2 2 2 2 2 2 2 2 2 2 2 2
left_child=2 5 3 11 10 20 18 8 -5 -9 16 21 -8 -13 -12 -3 -4 22 -6 -19 -2 -1 -7
right_child=1 15 4 7 6 17 12 9 -10 -11 14 13 -14 -15 -16 -17 -18 19 -20 -21 -22 -23 -24
leaf_value=-4.6021239760403445e-05 0.0025406173833391883 0.0087379054971363241 0.00056070207225411648 -0.0015438515263974841 -0.0019091520701043719 0.0011533209215776876 0.00010412355230258498 -0.0026116052661255443 0.00053436352264558528 -0.00087665547068900183 -0.00038144144392487548 0.002038931658322161 -0.0016579260042367072 0.00021033788446273485 0.0011557704754814038 0.004574492202699185 0.0016838050645522095 0 -0.00033472837541890133 0.00089201572137884795 0.0044877920795318689 -0.00080521823502164582 0.0021206876293629229
leaf_weight=23 30 20 125 197 124 33 170 167 94 69 130 30 23 52 28 27 74 20 20 47 40 34 64
leaf_count=23 30 20 125 197 124 33 170 167 94 69 130 30 23 52 28 27 74 20 20 47 40 34 64
internal_value=3.14973e-05 0.00303761 -0.000592736 -0.00107499 -0.000123004 0.00218765 -0.000818393 -0.00144722 -0.000863731 -0.00213428 0.000526445 0.000315942 -0.000112718 0.00096298 -7.39306e-05 0.00682413 0.00101199 0.00141113 -0.00172218 0.000657901 0.00383309 -0.000566494 0.00186606
internal_weight=1641 281 1360 666 694 234 337 527 291 236 357 139 193 82 158 47 199 164 144 67 70 57 97
internal_count=1641 281 1360 666 694 234 337 527 291 236 357 139 193 82 158 47 199 164 144 67 70 57 97
is_linear=0
shrinkage=0.03


Tree=40
num_leaves=15
num_cat=0
split_feature=20 21 23 24 34 11 22 22 27 31 21 11 28 3
split_gain=2.06315 0.730786 0.580137 0.488307 0.299765 0.249329 0.211079 0.145253 0.0981331 0.0966756 0.0490589 0.0428558 0.0215756 0.00394035
threshold=2.5809504071674594 -1.3358576549748076 0.77091503723986421 -1.3768925610689895 -0.13133949233593287 0.28530093901253212 1.6174024662196071 0.31102881247075381 -0.24935346920341109 -0.010840673677963838 -1.6632402563670539 0.61261977845855753 -0.10532134278872708 0.88927934807779552
decision_type=2 2 2 2 2 2 2 2 2 2 2 2 2 2
left_child=1 3 4 11 6 8 -3 -6 -4 -7 -5 12 -1 -13
right_child=-2 2 5 10 7 9 -8 -9 -10 -11 -12 13 -14 -15
leaf_value=0.0014389531505901527 0.0074589623050256206 -0.00058512741165063227 0.0020144643198241126 0.003796291789925489 -0.0010054806542213019 0.00031753233827423949 0.0015301934089511631 -0.0030371573743495075 0.00050269110777062943 -0.0012837198691559022 0.0017617104989609547 -0.00064522924747850209 0 0
leaf_weight=20 30 903 113 58 82 109 41 63 71 45 32 32 22 20
leaf_count=20 30 903 113 58 82 109 41 63 71 45 32 32 22 20
internal_value=3.19271e-05 -0.000118127 -0.000350275 0.00164297 -0.000688384 0.000726751 -0.00048553 -0.00195215 0.00146458 -0.000146847 0.00318531 8.24934e-05 0.000791699 -0.00044772
internal_weight=1641 1611 1427 184 1089 338 944 145 184 154 90 94 42 52
internal_count=1641 1611 1427 184 1089 338 944 145 184 154 90 94 42 52
is_linear=0
shrinkage=0.03


Tree=41
num_leaves=9
num_cat=0
split_feature=20 23 19 22 22 29 19 27
split_gain=1.95176 0.625686 0.460453 0.460379 0.433884 0.28421 0.0454275 0.0590823
threshold=2.5809504071674594 -1.0461815912316037 1.6436862675146988 -0.042634178414618175 -0.69033785814353477 -0.17897157405742189 2.6134062382012471 -0.23986233162894963
decision_type=2 2 2 2 2 2 2 2
left_child=1 -1 3 4 -3 -5 7 -4
right_child=-2 2 6 5 -6 -7 -8 -9
leaf_value=0.0040350327445194123 0.00725553601438349 -0.00068742180065664896 0.00025395462957199689 -0.00034527093551897414 0.00056057135765642189 -0.0018588991072916788 0.0025893585564764703 0.0020361389192506013
leaf_weight=29 30 442 44 226 571 233 35 31
leaf_count=29 30 442 44 226 571 233 35 31
internal_value=3.17591e-05 -0.000114139 -0.000199585 -0.000342306 1.26627e-05 -0.0011272 0.00164213 0.00107903
internal_weight=1641 1611 1582 1472 1013 459 110 75
internal_count=1641 1611 1582 1472 1013 459 110 75
is_linear=0
shrinkage=0.03


Tree=42
num_leaves=15
num_cat=0
split_feature=20 21 23 19 34 19 11 22 27 31 27 17 11 8
split_gain=1.84632 0.660993 0.522156 0.484233 0.271551 0.282864 0.230622 0.133962 0.0965054 0.089983 0.0898163 0.0320566 0.0215864 0.0123503
threshold=2.5809504071674594 -1.3358576549748076 0.77091503723986421 -0.57093234725689612 -0.13133949233593287 -0.86946355712238044 0.28530093901253212 0.31102881247075381 -0.22622015928666508 -0.010840673677963838 -0.24935346920341109 0.53164197436026417 1.3544218251750662 -0.37621482019736374
decision_type=2 2 2 2 2 2 2 2 2 2 2 2 2 2
left_child=1 3 4 8 5 -3 10 -6 11 -8 -4 -1 -5 -10
right_child=-2 2 6 12 7 -7 9 -9 13 -11 -12 -13 -14 -15
leaf_value=0.0019282702815173001 0.0070576578189026221 -0.0013839791439025405 0.001926697958104216 0.0039836777406079427 -0.00094515064199701606 -0.00016206852188767405 0.00029832807642664447 -0.0028969521200792356 0 -0.0012458305995678527 0.00047778890273735122 0.00015208145291746957 0.0020343121122568843 -0.00076209764828143471
leaf_weight=26 30 224 113 46 82 720 109 63 23 45 71 20 28 41
leaf_count=26 30 224 113 46 82 720 109 63 23 45 71 20 28 41
internal_value=3.16734e-05 -0.000110181 -0.000331055 0.00156459 -0.000651901 -0.000458647 0.000690517 -0.00185498 0.000250564 -0.000148963 0.00140029 0.00127383 0.00339304 -0.000464238
internal_weight=1641 1611 1427 184 1089 944 338 145 110 154 184 46 74 64
internal_count=1641 1611 1427 184 1089 944 338 145 110 154 184 46 74 64
is_linear=0
shrinkage=0.03


Tree=43
num_leaves=23
num_cat=0
split_feature=25 25 24 21 31 24 34 25 28 33 24 16 28 19 21 22 14 21 17 25 14 22
split_gain=2.88847 0.746098 0.294468 0.332733 0.295179 0.286434 0.246668 0.167617 0.122 0.264355 0.112308 0.108031 0.0873605 0.0572949 0.0523122 0.04119 0.0346585 0.0409778 0.0359195 0.026167 0.0106508 0.000515946
threshold=0.72431503451410173 3.198169715029644 0.31596812650595502 -0.96252661829943909 -0.010840673676569082 -0.27002211150075661 -0.13334722305965788 -0.90877972217119496 -0.10042917368956104 -0.34433482496162532 -0.087714037454224139 0.17330177480652662 -0.10707811334947616 1.8427073340376909 0.48484909311891228 -0.55965618450888888 0.0966252626575409 -0.38817117726041078 0.31000387388319345 -0.51425638777341265 0.34095259865817845 -0.32817321991638576
decision_type=2 2 2 2 2 2 2 2 2 2 2 2 2 2 2 2 2 2 2 2 2 2
left_child=2 5 3 7 11 21 14 20 9 -5 -10 15 -9 -13 -6 -4 17 -7 -18 -8 -1 -2
right_child=1 -3 4 8 6 16 19 12 10 -11 -12 13 -14 -15 -16 -17 18 -19 -20 -21 -22 -23
leaf_value=-0.0016060531321913003 0.0026058579876932293 0.0067749140737088107 0.00055965288796778622 -0.0014537518773048829 -0.00029733467351396157 0 -0.00016694231370506299 0.001645994924966527 -0.0023925778701339127 0.00082369774758373772 -0.00078027670121724334 -0.00036301371210282731 3.1498783443423308e-06 0.0010623444007454258 -0.0016339765045488904 0.0015308285559370337 0.0026556844719064728 0.0012523144037206127 0.00069489522215735627 0.00063169649659224937 -0.00060454652674728996 0.0042475328253243462
leaf_weight=27 40 35 125 192 40 26 63 50 156 56 65 130 73 28 163 74 33 85 21 71 47 41
leaf_count=27 40 35 125 192 40 26 63 50 156 56 65 130 73 28 163 74 33 85 21 71 47 41
internal_value=3.13951e-05 0.00278537 -0.000540301 -0.000989976 -0.000102062 0.00213091 -0.000739112 3.0341e-05 -0.00142238 -0.000923838 -0.00194857 0.000492115 0.000718072 -7.66966e-05 -0.00139333 0.000953017 0.00134318 0.000941861 0.00202249 0.000238886 -0.00105726 0.00359456
internal_weight=1641 281 1360 666 694 246 337 197 469 248 221 357 123 158 203 199 165 111 54 134 74 81
internal_count=1641 281 1360 666 694 246 337 197 469 248 221 357 123 158 203 199 165 111 54 134 74 81
is_linear=0
shrinkage=0.03


Tree=44
num_leaves=22
num_cat=0
split_feature=25 25 24 21 31 24 34 25 29 33 11 24 19 21 31 22 25 33 33 31 22
split_gain=2.73014 0.704867 0.277626 0.313354 0.27865 0.270459 0.246128 0.158749 0.105917 0.290959 0.0914497 0.0874038 0.0867868 0.0566055 0.0563126 0.0433342 0.0247282 0.023262 0.0324326 0.0274097 0.00655887
threshold=0.72431503451410173 3.198169715029644 0.31596812650595502 -0.96252661829943909 -0.010840673675103637 -0.27002211150075661 -0.13334722305965788 -0.90877972217119496 -0.17931252808699241 -0.34032595314706549 0.009749739936098541 -0.1137580480323002 1.8427073340376909 0.48484909311891228 -0.01334186152719276 -0.55965618450888888 -0.51425638777341265 -0.36182613354267984 -0.3618261335430083 -0.011161402891283784 -0.042634178414618175
decision_type=2 2 2 2 2 2 2 2 2 2 2 2 2 2 2 2 2 2 2 2 2
left_child=2 5 3 7 10 -2 13 20 9 -5 15 -10 -12 -6 -9 -4 -8 18 -7 -19 -1
right_child=1 -3 4 8 6 17 16 14 11 -11 12 -13 -14 -15 -16 -17 -18 19 -20 -21 -22
leaf_value=-0.00057394763655029229 0.0034951409623858384 0.0065877124953426817 0.00053656196089937012 -0.0013379251664570931 -0.00028903696351403072 0.0011686538352537899 -0.0001621616934452587 6.2709230684894986e-05 -0.0022813255865923843 0.0014848942767436565 -0.00039960235689875468 -0.00078567454605529613 0.0012710340188150958 -0.0016796547680815611 0.0013887737638493677 0.0015540568627290089 0.00061351387633161772 0.0011762654630297963 -3.258312656544148e-05 0.0028187967706471682 -0.0014407989496631279
leaf_weight=42 81 35 138 221 40 72 63 68 153 35 134 60 32 153 55 63 71 52 21 20 32
leaf_count=42 81 35 138 221 40 72 63 68 153 35 134 60 32 153 55 63 71 52 21 20 32
internal_value=3.13974e-05 0.00270887 -0.000524359 -0.000960998 -9.86997e-05 0.00207223 -0.000735628 2.87281e-05 -0.00138062 -0.000927681 0.000462064 -0.00189067 -4.29546e-05 -0.00141559 0.000698422 0.000888348 0.000231368 0.00130592 0.000873615 0.00176703 -0.00102929
internal_weight=1641 281 1360 666 694 246 327 197 469 256 367 213 166 193 123 201 134 165 93 72 74
internal_count=1641 281 1360 666 694 246 327 197 469 256 367 213 166 193 123 201 134 165 93 72 74
is_linear=0
shrinkage=0.03


Tree=45
num_leaves=23
num_cat=0
split_feature=25 25 24 21 31 24 22 25 28 33 16 24 11 28 19 22 25 14 21 17 14 22
split_gain=2.57859 0.666333 0.261698 0.29504 0.263616 0.254125 0.189841 0.150311 0.108532 0.247609 0.101317 0.0994561 0.0885437 0.0790196 0.0509174 0.0329258 0.0326592 0.0318532 0.037521 0.0330133 0.00981125 0.00270464
threshold=0.72431503451410173 3.198169715029644 0.31596812650595502 -0.96252661829943909 -0.010840673676989881 -0.27002211150075661 -0.86239236933066354 -0.90877972217119496 -0.10216804155592006 -0.34433482496162532 0.17330177480652662 -0.087714037454224139 -0.55277678649126838 -0.10707811334947616 1.8427073340376909 -0.55965618450888888 -0.51425638777341265 0.0966252626575409 -0.38817117726041078 0.31000387388319345 0.34095259865817845 -0.32817321991638576
decision_type=2 2 2 2 2 2 2 2 2 2 2 2 2 2 2 2 2 2 2 2 2 2
left_child=2 5 3 7 10 21 16 20 9 -5 15 -10 -8 -9 -12 -4 -6 18 -7 -19 -1 -2
right_child=1 -3 4 8 6 17 12 13 11 -11 14 -13 -14 -15 -16 -17 -18 19 -20 -21 -22 -23
leaf_value=-0.0015289892382919787 0.0024355975620361956 0.0064056835276515862 0.00055699060689452069 -0.0013712900378795054 -0.00020474809003474849 -6.3551873819709789e-06 0 0.0015616064939959818 -0.0022558963584081043 0.00086156462422130918 -0.00034404826814114439 -0.00074966918947175145 -0.001570555569737882 0 0.000999117396156033 0.0014484181131074482 0.00069597474420603743 0.0025284307640977203 0.0011821016747443618 0.00064582484087441115 -0.00056559177795192223 0.0040310898272357667
leaf_weight=27 40 35 120 192 87 26 36 50 156 54 130 67 164 73 28 74 55 33 85 21 47 41
leaf_count=27 40 35 120 192 87 26 36 50 156 54 130 67 164 73 28 74 55 33 85 21 47 41
internal_value=3.12315e-05 0.00263338 -0.000508829 -0.000932772 -9.54231e-05 0.00201391 -0.000689166 2.71628e-05 -0.00133995 -0.000864628 0.00047395 -0.00183259 -0.00127932 0.000679221 -7.32036e-05 0.000929127 0.000130615 0.00127002 0.000884567 0.00192146 -0.00100194 0.00339403
internal_weight=1641 281 1360 666 694 246 342 197 469 246 352 223 200 123 158 194 142 165 111 54 74 81
internal_count=1641 281 1360 666 694 246 342 197 469 246 352 223 200 123 158 194 142 165 111 54 74 81
is_linear=0
shrinkage=0.03


Tree=46
num_leaves=23
num_cat=0
split_feature=25 25 24 21 31 24 34 28 33 24 16 10 25 21 27 21 21 25 23 10 11 23
split_gain=2.4371 0.632886 0.24691 0.278441 0.248484 0.215652 0.203115 0.150382 0.259302 0.0971704 0.0965539 0.0838713 0.0716986 0.0619592 0.0530211 0.0391206 0.0389359 0.0264765 0.0156255 0.0144845 0.00663889 0.00654532
threshold=0.72431503451410173 2.084847529050152 0.31596812650595502 -1.1922687947150508 -0.010840673676989881 -0.21793409034460451 -0.13334721644272224 -0.10410219011361038 -0.34433482496162532 -0.087714037454224139 -0.037986190713287397 -0.29342081763742539 -0.83502870113035754 1.8518150427917999 -0.2381095285581106 -0.38817117726041078 0.48484909311891228 -0.51425638777341265 0.83971379600159002 0.032983381743230712 1.0419685430928542 -1.0218996763745241
decision_type=2 2 2 2 2 2 2 2 2 2 2 2 2 2 2 2 2 2 2 2 2 2
left_child=2 5 3 12 10 21 16 8 -5 -9 18 -3 20 -12 -14 -7 -6 -8 -4 -17 -1 -2
right_child=1 11 4 7 6 15 17 9 -10 -11 13 -13 14 -15 -16 19 -18 -19 -20 -21 -22 -23
leaf_value=0 0.0020274608681528743 0.0075170077143803891 0.00071844621349565299 -0.0013503472619807871 -0.00026791719230823222 0 -0.00015165473115154204 -0.0021893677001449223 0.00052849183097174483 -0.00073136116366125255 -0.00018386309020915778 0.0036084783166646958 0.0017895714413551269 0.0013837051473271386 0.00016416576893560968 0.0016234774015773093 -0.0014317429881101071 0.00066474551211855287 0.0015308330388027517 0.00073512593352121627 -0.0007668049106650869 0.0036596078664623203
leaf_weight=24 30 20 107 197 40 22 63 167 94 69 174 27 30 23 52 85 173 66 48 50 33 47
leaf_count=24 30 20 107 197 40 22 63 167 94 69 174 27 30 23 52 85 173 66 48 50 33 47
internal_value=3.13103e-05 0.0025611 -0.000493674 -0.000905476 -9.19869e-05 0.00185741 -0.000668548 -0.00122011 -0.000734033 -0.00179017 0.00046066 0.00568291 0.000266852 2.16283e-06 0.000836294 0.001152 -0.00123383 0.000248926 0.0010133 0.00133933 -0.0005032 0.00316108
internal_weight=1641 281 1360 666 694 234 342 527 291 236 352 47 139 197 82 157 213 129 155 135 57 77
internal_count=1641 281 1360 666 694 234 342 527 291 236 352 47 139 197 82 157 213 129 155 135 57 77
is_linear=0
shrinkage=0.03


Tree=47
num_leaves=24
num_cat=0
split_feature=25 20 24 21 31 34 20 28 22 24 24 16 25 27 21 11 29 22 14 14 25 27 11
split_gain=2.30499 0.601928 0.232749 0.262525 0.235194 0.208874 0.169972 0.141709 0.240277 0.111787 0.0910994 0.0810939 0.068084 0.0501815 0.0481155 0.0443398 0.0418379 0.0388332 0.0334736 0.0273325 0.0212705 0.00871759 0.00620132
threshold=0.72431503451410173 1.0922851223431085 0.31596812650595502 -1.1922687947150508 -0.010840673675103637 -0.13334722305965788 3.2689941525884527 -0.10410219011361038 0.52008072055889842 -0.21793409034460451 -0.087714037454224139 0.17330177480652662 -0.83502870113035754 -0.23522969946971087 0.51931041958125401 1.1282619445732613 -0.17357910727770834 -0.55965618450888888 1.1335451682725772 -0.12316225186950269 -0.51425638777341265 -0.24980412408271793 1.0419685430928542
decision_type=2 2 2 2 2 2 2 2 2 2 2 2 2 2 2 2 2 2 2 2 2 2 2
left_child=2 9 3 12 11 14 21 8 -5 15 -9 17 22 -14 -6 -2 19 -4 -13 -11 -7 -3 -1
right_child=1 6 4 7 5 20 -8 10 -10 16 -12 18 13 -15 -16 -17 -18 -19 -20 -21 -22 -23 -24
leaf_value=0 0.0036129289758873397 0.0038434728554703973 0.00045667639171891928 -0.0012650217796554991 -0.00031265658406699276 -0.00014731189338172872 0.0071077973026296374 -0.0021248457509887349 0.0005917501170770265 0.00092646087625146119 -0.00071033452879055395 -0.00025873892738990375 0.0016957084987379077 0.00012959368312006535 -0.0015610239556852704 0.0012019640349608379 0.0020139163921196615 0.0013746593931036723 0.0009662592275847641 -1.4959671364964112e-05 0.00057004634493716504 0.001893148829107699 -0.00074571778578683731
leaf_weight=24 26 52 135 206 44 63 20 167 85 82 69 138 32 50 149 21 28 74 20 32 71 20 33
leaf_count=24 26 52 135 206 44 63 20 167 85 82 69 138 32 50 149 21 28 74 20 32 71 20 33
internal_value=3.15669e-05 0.00249187 -0.00047894 -0.000878771 -8.8806e-05 -0.000674272 0.0044675 -0.00118431 -0.000711958 0.00145979 -0.00173794 0.000425978 0.000259052 0.000814333 -0.00130087 0.00273244 0.000970048 0.000810708 -6.99269e-05 0.000642954 0.000215043 0.00343911 -0.000490548
internal_weight=1641 281 1360 666 694 327 92 527 291 189 236 367 139 82 193 47 142 209 158 114 134 72 57
internal_count=1641 281 1360 666 694 327 92 527 291 189 236 367 139 82 193 47 142 209 158 114 134 72 57
is_linear=0
shrinkage=0.03


Tree=48
num_leaves=14
num_cat=0
split_feature=20 21 19 27 33 19 11 21 27 27 17 11 8
split_gain=1.37157 0.465581 0.384734 0.356073 0.349405 0.336206 0.175226 0.0823461 0.075394 0.0548025 0.0266084 0.0159954 0.0112427
threshold=2.5809504071674594 -1.3358576549748076 1.5969773116373125 -0.25058669285957857 -0.36182613354267984 -0.57093234725689612 -0.22523077960491791 1.9609425765892157 -0.22622015928666508 -0.24037798052427586 0.53164197436026417 1.3544218251750662 -0.37621482019736374
decision_type=2 2 2 2 2 2 2 2 2 2 2 2 2
left_child=1 5 3 4 -3 8 -5 9 10 -4 -1 -7 -10
right_child=-2 2 7 6 -6 11 -8 -9 12 -11 -12 -13 -14
leaf_value=0.0017157832034702958 0.0060876366035504774 2.7856054532251004e-05 0.00016448734744100817 -0.00028705958143077271 0.003211303092561566 0.0033484911927763295 -0.0011439471424099545 0.0027222184259444475 4.4563480008106898e-06 0.0017280443894366422 9.5577783315725946e-05 0.0016627546421762915 -0.00069987517285203041
leaf_weight=26 30 380 59 404 31 46 492 28 23 33 20 28 41
leaf_count=26 30 380 59 404 31 46 492 28 23 33 20 28 41
internal_value=3.18452e-05 -9.01726e-05 -0.00027583 -0.000427659 0.000296747 0.00131497 -0.000763167 0.00132355 0.000214844 0.000793766 0.00112155 0.00283924 -0.000413114
internal_weight=1641 1611 1427 1307 411 184 896 120 110 92 46 74 64
internal_count=1641 1611 1427 1307 411 184 896 120 110 92 46 74 64
is_linear=0
shrinkage=0.03


Tree=49
num_leaves=23
num_cat=0
split_feature=25 25 24 21 31 24 34 25 28 33 16 24 28 21 21 25 33 33 31 23 17 23
split_gain=2.07889 0.547482 0.218831 0.241271 0.214659 0.199955 0.177941 0.126505 0.088075 0.219079 0.0862693 0.0811842 0.0683821 0.0545893 0.0354472 0.0236292 0.0158124 0.027483 0.022428 0.0129686 0.00672613 0.00336554
threshold=0.72431503451410173 3.198169715029644 0.31596812650595502 -0.96252661829943909 -0.010840673676989881 -0.27002211150075661 -0.13334721644272224 -0.90877972217119496 -0.10216804155592006 -0.34433482496162532 -0.037986190713287397 -0.087714037454224139 -0.10715155469447485 1.8058666075086778 0.48484909311891228 -0.51425638777341265 -0.36182613354267984 -0.3618261335430083 -0.011161402891283784 0.83971379600159002 -0.5548229706730704 -1.0218996763745241
decision_type=2 2 2 2 2 2 2 2 2 2 2 2 2 2 2 2 2 2 2 2 2 2
left_child=2 5 3 7 10 21 14 20 9 -5 19 -10 -9 -12 -6 -8 17 -7 -18 -4 -1 -2
right_child=1 -3 4 8 6 16 15 12 11 -11 13 -13 -14 -15 -16 -17 18 -19 -20 -21 -22 -23
leaf_value=-0.00029644210681350352 0.0021497278665517303 0.0057906402982771396 0.00068511898490092294 -0.0012552264761143865 -0.00021979102982190536 0.001041407004687935 -0.00012903065914393995 0.0015193045091873498 -0.0020366016089573571 0.00084372052584627728 -0.0001811048894922915 -0.0006689548293687818 3.625338383156944e-05 0.0012237323229040563 -0.001328135759979804 0.00063959436621719389 0.0010000415465625172 -5.5858614839962674e-05 0.002484231506616039 0.0014427493433741962 -0.0011558928813730528 0.0036222402541474866
leaf_weight=26 40 35 107 192 40 72 63 45 156 54 171 67 78 26 173 66 52 21 20 48 48 41
leaf_count=26 40 35 107 192 40 72 63 45 156 54 171 67 78 26 173 66 52 21 20 48 48 41
internal_value=3.22934e-05 0.00236889 -0.00045244 -0.000840071 -7.41286e-05 0.00180611 -0.000610397 2.65789e-05 -0.00120831 -0.00077782 0.000439209 -0.0016533 0.000625898 4.87993e-06 -0.00113983 0.000247091 0.00114229 0.000768385 0.00153519 0.000961666 -0.000916199 0.00303353
internal_weight=1641 281 1360 666 694 246 342 197 469 246 352 223 123 197 213 129 165 93 72 155 74 81
internal_count=1641 281 1360 666 694 246 342 197 469 246 352 223 123 197 213 129 165 93 72 155 74 81
is_linear=0
shrinkage=0.03


Tree=50
num_leaves=23
num_cat=0
split_feature=25 25 24 24 28 31 28 24 34 17 25 25 16 20 24 22 25 25 33 33 31 22
split_gain=1.96531 0.517066 0.206343 0.214653 0.206943 0.203452 0.201905 0.188696 0.18296 0.1199 0.113255 0.109186 0.0725442 0.0523928 0.0431354 0.0335753 0.0290143 0.018986 0.0149999 0.026072 0.0211584 0.00262197
threshold=0.72431503451410173 3.198169715029644 0.31596812650595502 -1.2857385240457233 -0.10641603663627407 -0.010840673675103637 -0.10768331973575741 -0.27002211150075661 -0.13334722305965788 -0.22154457635229768 0.49783266691381994 -0.33695843893920563 0.17330177480652662 -0.55626503919769799 0.49827620055248761 -0.55965618450888888 -0.11347624184764997 -0.51425638777341265 -0.36182613354267984 -0.3618261335430083 -0.011161402891283784 -0.32817321991638576
decision_type=2 2 2 2 2 2 2 2 2 2 2 2 2 2 2 2 2 2 2 2 2 2
left_child=2 7 3 4 6 12 -1 21 14 13 -11 -6 15 -5 -7 -4 -14 -10 19 -9 -20 -2
right_child=1 -3 5 9 11 8 -8 18 17 10 -12 -13 16 -15 -16 -17 -18 -19 20 -21 -22 -23
leaf_value=-0.00096491546225416539 0.0020897354504613337 0.0056306357340593092 0.00043838435536726252 -0.00089972079555237919 -0.001498962415752957 -0.00021365732083579005 0.0012406569162225684 0.0010114144941233097 -0.00012533568519442766 -0.0011676988039671804 0.00053122640677195573 0.00024781938153995895 -0.00065935576603582226 -0.0024666328423607504 -0.0014335674025009772 0.0012976867775039674 0.00019149655807424487 0.00054973349538222705 0.00097167672382836995 -5.4392324207583432e-05 0.002419425452897406 0.0035209821813993836
leaf_weight=52 40 35 135 39 111 40 109 72 63 184 39 40 49 92 153 74 109 71 52 21 20 41
leaf_count=52 40 35 135 39 111 40 109 72 63 184 39 40 49 92 153 74 109 71 52 21 20 41
internal_value=3.22635e-05 0.00230417 -0.000438991 -0.000815409 -0.000226483 -7.15002e-05 0.000505386 0.00175671 -0.000616411 -0.00131979 -0.000854195 -0.00102094 0.000406973 -0.00205312 -0.00120318 0.000770844 -6.11111e-05 0.000214658 0.00111095 0.000745319 0.00149452 0.00294978
internal_weight=1641 281 1360 666 312 694 161 246 327 354 223 151 367 131 193 209 158 134 165 93 72 81
internal_count=1641 281 1360 666 312 694 161 246 327 354 223 151 367 131 193 209 158 134 165 93 72 81
is_linear=0
shrinkage=0.03


Tree=51
num_leaves=23
num_cat=0
split_feature=25 25 24 19 25 30 24 22 27 17 11 19 20 25 11 16 30 22 14 14 14 21
split_gain=1.85835 0.488319 0.194574 0.22182 0.199723 0.188948 0.178063 0.174932 0.157005 0.0861368 0.0777212 0.0697331 0.0676187 0.0550211 0.0494182 0.0409511 0.0355178 0.0225 0.0164534 0.0156357 0.00894939 0.00828745
threshold=0.72431503451410173 3.198169715029644 0.31596812650595502 0.14188876516175994 -0.96369759512555964 -0.22534046975978431 -0.27002211150075661 0.76607464022335403 -0.25058647140946716 -0.14166993913018158 0.009749739936098541 1.8427073340376909 -0.55626503919769799 0.47209795399973564 1.1282619445732613 0.11944582384030576 -0.22534046977893082 -0.55965618450888888 0.123386452091322 0.56270201104447393 -0.19268683914873805 -0.35370985079806933
decision_type=2 2 2 2 2 2 2 2 2 2 2 2 2 2 2 2 2 2 2 2 2 2
left_child=2 6 3 4 19 8 20 -6 16 12 17 -12 -5 -11 -10 18 -4 -7 -8 -1 -2 -17
right_child=1 -3 5 9 7 10 15 -9 14 13 11 -13 -14 -15 -16 21 -18 -19 -20 -21 -22 -23
leaf_value=-0.0014612226956380674 0.00394342022202909 0.0054750523678958416 -0.0015622829688498035 -0.00099754087428695392 0.00041710334978987962 0.00052905608655689931 0.00099540991601603673 -0.0011539970365360955 0.00010388004670510433 -0.0013202120893962541 -0.00038474949226722604 0.0011171352862779582 -0.0030396534420292953 0.00029134044547200852 -0.0013628103757358115 0 -2.6690340039077327e-05 0.0013165041719277559 0.0020905929553823974 -0.00050168707492962686 0.0022746232620584556 0.00061940535341273057
leaf_weight=127 21 35 114 32 236 126 64 84 190 78 129 32 55 20 20 20 20 63 36 34 60 45
leaf_count=127 21 35 114 32 236 126 64 84 190 78 129 32 55 20 20 20 20 63 36 34 60 45
internal_value=3.19885e-05 0.00224126 -0.000426213 -0.000791751 -0.000438495 -6.92202e-05 0.0017087 0 -0.000569731 -0.00167261 0.000414873 -5.29707e-05 -0.00238015 -0.000962736 -3.89474e-05 0.00108049 -0.00136059 0.000823633 0.00146821 -0.00128976 0.00286837 0.000401415
internal_weight=1641 281 1360 666 481 694 246 320 344 185 350 161 87 98 210 165 134 189 100 161 81 65
internal_count=1641 281 1360 666 481 694 246 320 344 185 350 161 87 98 210 165 134 189 100 161 81 65
is_linear=0
shrinkage=0.03


Tree=52
num_leaves=23
num_cat=0
split_feature=25 20 24 24 24 15 31 34 25 17 25 11 11 20 15 29 16 22 25 14 24 16
split_gain=1.75792 0.466543 0.242513 0.183807 0.193477 0.181404 0.181254 0.164967 0.130075 0.106258 0.102387 0.0792767 0.0653002 0.0453822 0.044771 0.0375978 0.034133 0.0270178 0.0181146 0.00895608 0.00483468 0.00212042
threshold=0.72431503451410173 3.2689941525884527 -0.27002211150075661 0.31596812650595502 -1.2857385240457233 -0.032465400050028577 -0.010840673675103637 -0.13334722305965788 -0.55233819300247566 -0.22154457635229768 0.49783266691381994 0.45184831768576283 0.009749739936098541 -0.55626503919769799 1.0731579883590634 -0.18251644852295526 0.11944582384030576 -0.55965618450888888 -0.51425638777341265 0.123386452091322 0.016462004858080151 1.1084527894920722
decision_type=2 2 2 2 2 2 2 2 2 2 2 2 2 2 2 2 2 2 2 2 2 2
left_child=3 2 21 4 5 11 12 15 -7 13 -11 -1 17 -6 -14 -8 19 -5 -9 -4 -18 -2
right_child=1 -3 16 6 9 8 7 18 -10 10 -12 -13 14 -15 -16 -17 20 -19 -20 -21 -22 -23
leaf_value=-0.00060332280484656515 0.0032750001868411694 0.006374728777162407 0.00096688474146927237 0.00045762215051899086 -0.00085394170457896363 -0.00037266073954690779 -0.00061765136638950932 -0.00012472127780148931 0.0011178283127115981 -0.001106883543571639 0.00050633577528476185 -0.0024911013952223582 -0.00025550916186285592 -0.0023270916555272903 0.0011129339555930346 -0.001562471305752553 0 0.0012788042908978242 0.00053429738686561993 0.001908681128051524 0.00055240544401749503 0.0018239827683195469
leaf_weight=80 70 20 64 138 39 109 93 63 94 184 39 29 144 92 22 100 20 63 71 35 45 27
leaf_count=80 70 20 64 138 39 109 93 63 94 184 39 29 144 92 22 100 20 63 71 35 45 27
internal_value=3.14422e-05 0.00218023 0.00177866 -0.000414155 -0.000769447 -0.00020984 -6.70493e-05 -0.000581584 0.000309181 -0.00124835 -0.000808501 -0.00118563 0.000384295 -0.00193985 -3.98609e-05 -0.00113892 0.00101659 0.000744734 0.000206616 0.0013756 0.000389118 0.00296794
internal_weight=1641 281 261 1360 666 312 694 327 203 354 223 109 367 131 166 193 164 201 134 99 65 97
internal_count=1641 281 261 1360 666 312 694 327 203 354 223 109 367 131 166 193 164 201 134 99 65 97
is_linear=0
shrinkage=0.03


Tree=53
num_leaves=18
num_cat=0
split_feature=25 20 24 23 23 22 25 21 25 25 34 16 22 34 14 21 16
split_gain=1.66305 0.442769 0.228442 0.173937 0.172468 0.185208 0.185095 0.10974 0.10879 0.0845199 0.066269 0.0321232 0.023345 0.00907155 0.0082803 0.00755976 0.00120858
threshold=0.72431503451410173 3.2689941525884527 -0.27002211150075661 0.42287425762172098 0.2731357826697291 0.98537283338139059 -1.1118444267171943 -0.45709383018509425 0.35442812593076939 -0.081183909855401762 -0.13334722614603206 0.11944582384030576 1.9785424759397661 -0.13334722614543154 0.123386452091322 -0.35370985079806933 1.1084527894920722
decision_type=2 2 2 2 2 2 2 2 2 2 2 2 2 2 2 2 2
left_child=3 2 16 4 5 6 -1 -5 -7 12 -11 14 -9 -6 -4 -13 -2
right_child=1 -3 11 7 13 8 -8 9 -10 10 -12 15 -14 -15 -16 -17 -18
leaf_value=-0.0011056418363665009 0.0031807878219637358 0.0062084315947216499 0.00093917700126523881 -0.0018159033794363493 -0.0023419419376456991 -0.0020759856253561955 -2.9457841654532296e-05 -0.00011725456391207194 0 -0.00013950115283369087 0.00082310401982359704 0 -0.0012680620339394 -0.0012203188250246254 0.00185594128985203 0.00058679342450341208 0.0017747352608479558
leaf_weight=191 70 20 64 21 44 90 581 52 30 87 195 20 26 43 35 45 27
leaf_count=191 70 20 64 21 44 90 581 52 30 87 195 20 26 43 35 45 27
internal_value=3.10779e-05 0.00212112 0.00172956 -0.000402279 -0.000613973 -0.000481246 -0.000302836 0.000134414 -0.00156925 0.000270514 0.000517261 0.000989011 -0.000570652 -0.00188007 0.00133775 0.000378151 0.0028844
internal_weight=1641 281 261 1360 979 892 772 381 120 360 282 164 78 87 99 65 97
internal_count=1641 281 261 1360 979 892 772 381 120 360 282 164 78 87 99 65 97
is_linear=0
shrinkage=0.03


Tree=54
num_leaves=22
num_cat=0
split_feature=25 15 24 24 19 25 31 19 28 17 16 20 19 25 22 19 28 31 33 14 22
split_gain=1.57374 0.425178 0.241195 0.164457 0.195729 0.176834 0.165506 0.16503 0.128078 0.0774388 0.069253 0.0570471 0.0523274 0.0498017 0.042617 0.0364467 0.0332374 0.0241967 0.0286579 0.021063 0.0140839
threshold=0.72431503451410173 1.4991933689309473 -0.23746709827816156 0.31596812650595502 0.14188876516175994 -0.90877972217119496 -0.010840673676989881 -0.47243705849222117 -0.10770146666805565 -0.14166993913018158 -0.037986190713287397 -0.55626503919769799 1.8427073340376909 0.038869208461838528 2.1284705499084002 0.26576940570070257 -0.10770297622390632 -0.013473502992820146 -0.3618261335430083 0.34095259865817845 -0.55965618450888888
decision_type=2 2 2 2 2 2 2 2 2 2 2 2 2 2 2 2 2 2 2 2 2
left_child=3 2 15 4 5 19 10 -7 16 11 20 -6 -12 -11 -10 -2 -8 -4 -19 -1 -5
right_child=1 -3 17 6 9 7 8 -9 14 13 12 -13 -14 -15 -16 -17 -18 18 -20 -21 -22
leaf_value=-0.0013968006820883603 0.0019060086367073759 0.00528193150504547 0.0015810075873001054 0.00055407592092181885 -0.00093833233723416914 0.00063320900031831116 -2.3951663144139771e-05 -0.00076839198244370679 0.00014973585245403397 -0.0014576634783217491 -0.00021932087000300682 -0.0028352752041376742 0.0010151209737952356 -3.2104656582384405e-05 -0.0011516209613753464 0.0035666080229794202 -0.0013794450055720517 0.00091209773529786606 0 -0.0005519968589346501 0.0012820911417809962
leaf_weight=117 55 31 30 99 32 177 24 127 170 55 162 55 35 43 23 43 125 72 50 60 56
leaf_count=117 55 31 30 99 32 177 24 127 170 55 162 55 35 43 23 43 125 72 50 60 56
internal_value=3.02252e-05 0.00206342 0.00159457 -0.000391285 -0.000727375 -0.000395259 -6.27084e-05 3.61129e-05 -0.000534068 -0.00155483 0.000387453 -0.00222542 0 -0.000881399 -5.29511e-06 0.00274864 -0.00118563 0.000792348 0.000541125 -0.00114107 0.000855437
internal_weight=1641 281 250 1360 666 481 694 304 342 185 352 87 197 98 193 98 149 152 122 177 155
internal_count=1641 281 250 1360 666 481 694 304 342 185 352 87 197 98 193 98 149 152 122 177 155
is_linear=0
shrinkage=0.03


Tree=55
num_leaves=22
num_cat=0
split_feature=25 20 24 24 19 25 22 31 27 22 22 16 19 11 11 30 16 14 25 22 14
split_gain=1.48845 0.407159 0.202169 0.155546 0.185149 0.166792 0.157301 0.156366 0.121111 0.0743535 0.0923636 0.0653579 0.0494443 0.0423945 0.0418114 0.0349223 0.0299656 0.019633 0.0157225 0.0131592 0.00558289
threshold=0.72431503451410173 3.2689941525884527 -0.27002211150075661 0.31596812650595502 0.14188876516175994 -0.90877972217119496 0.76607464022335403 -0.010840673676989881 -0.25058647140946716 -0.42479291885923115 1.4414986749656802 -0.037986190713287397 1.8427073340376909 1.3544218251750662 1.1282619445732613 -0.22534046977893082 0.74684615308661717 0.32340678374989362 -1.0046375873822015 -0.55965618450888888 0.0966252626575409
decision_type=2 2 2 2 2 2 2 2 2 2 2 2 2 2 2 2 2 2 2 2 2
left_child=3 2 13 4 5 17 -7 11 15 18 -11 19 -13 -2 -10 -9 20 -1 -6 -5 -4
right_child=1 -3 16 7 9 6 -8 8 14 10 -12 12 -14 -15 -16 -17 -18 -19 -20 -21 -22
leaf_value=-0.0013629493338955662 0.0031205011913797965 0.0059262964885843841 0.00082322099452576366 0.00053794253743527567 -0.00086159748497552098 0.00046579113499952622 -0.0010370060465125976 -0.0014112654714546621 9.4891046385724766e-05 -0.0023983388388164571 -0.00037522760130564813 -0.00021286087495014228 0.00098707156793189851 0.0011746379757403497 -0.0012553842045042827 0 8.0974690154835097e-05 -0.00054873073312650936 2.9373922501690676e-05 0.0012455841184818674 0.0015223802127831455
leaf_weight=115 73 20 77 99 39 220 84 114 185 94 32 162 35 24 20 23 37 62 20 56 50
leaf_count=115 73 20 77 99 39 220 84 114 185 94 32 162 35 24 20 23 37 62 20 56 50
internal_value=2.95304e-05 0.0020069 0.00163127 -0.000380347 -0.000707215 -0.000383974 3.46967e-05 -6.06687e-05 -0.000518934 -0.00151215 -0.00192846 0.00037675 0 0.00271873 -3.86265e-05 -0.00119999 0.000932831 -0.00110831 -0.000524379 0.00083139 0.00115034
internal_weight=1641 281 261 1360 666 481 304 694 342 185 126 352 197 97 205 137 164 177 59 155 127
internal_count=1641 281 261 1360 666 481 304 694 342 185 126 352 197 97 205 137 164 177 59 155 127
is_linear=0
shrinkage=0.03


Tree=56
num_leaves=17
num_cat=0
split_feature=25 14 24 23 23 22 25 21 25 25 34 11 16 14 22 34
split_gain=1.40798 0.39042 0.207448 0.14746 0.150552 0.160569 0.158684 0.0946884 0.0941405 0.0747641 0.0639663 0.0402136 0.0249493 0.0156267 0.0150392 0.00973423
threshold=0.72431503451410173 1.7648299561539922 -0.27002211150075661 0.42287425762172098 0.2731357826697291 0.98537283338139059 -1.1118444267171943 -0.45709383018509425 0.3280010303229644 -0.1171781584838137 -0.13334722614603206 0.99532840526544863 0.74684615308661717 0.46141238875223306 1.9785424759397661 -0.13334722614306363
decision_type=2 2 2 2 2 2 2 2 2 2 2 2 2 2 2 2
left_child=3 2 11 4 5 6 -1 -5 -7 14 -11 -2 13 -4 -9 -6
right_child=1 -3 12 7 15 8 -8 9 -10 10 -12 -13 -14 -15 -16 -17
leaf_value=-0.0010171268973951098 0.0031958908598700708 0.0057902589435486693 0.0012318367096685015 -0.0016863979665213264 -0.0021436423315451692 -0.0019567152417361892 -2.0427666455249629e-05 -0.00018115764015125865 0 -0.00016004928795342906 0.00077335643064671143 0.0014935295287985355 7.8727639495627941e-05 0.00016709203856030047 -0.0011924548825213255 -0.0010447738248764013
leaf_weight=191 63 20 101 21 49 87 581 49 33 90 198 37 37 23 23 38
leaf_count=191 63 20 101 21 49 87 581 49 33 90 198 37 37 23 23 38
internal_value=2.90597e-05 0.00195229 0.00158437 -0.000369535 -0.0005645 -0.000440261 -0.000273874 0.000124121 -0.00145351 0.000251063 0.000472715 0.00265699 0.000863442 0.00106658 -0.000578987 -0.00174783
internal_weight=1641 281 261 1360 979 892 772 381 120 360 288 100 161 124 72 87
internal_count=1641 281 261 1360 979 892 772 381 120 360 288 100 161 124 72 87
is_linear=0
shrinkage=0.03


Tree=57
num_leaves=13
num_cat=0
split_feature=20 21 19 27 15 19 11 21 27 27 8 11
split_gain=0.872663 0.280821 0.245734 0.206931 0.235136 0.190147 0.137218 0.0684236 0.0641717 0.0501193 0.0092659 0.00916166
threshold=2.5809504071674594 -1.3358576549748076 1.6436862675146988 -0.25058669285957857 0.4613116553161748 -0.57093234725689612 0.40939843398471332 1.9609425765892157 -0.23522969946971087 -0.23986233162894963 -0.37621482019736374 1.3544218251750662
decision_type=2 2 2 2 2 2 2 2 2 2 2 2
left_child=1 5 3 4 -3 8 -5 9 -1 -4 -10 -7
right_child=-2 2 7 6 -6 11 -8 -9 10 -11 -12 -13
leaf_value=0.0011350154674478938 0.0048587931824678725 0.00041845712070784276 1.8409575023925149e-05 -0.00036810204419268411 -0.0024198642891299512 0.0025713362455063939 -0.0012464782214769454 0.0024009967293590305 5.4541470314789967e-05 0.0015972066462039947 -0.00056244277063662138 0.0012281464548713917
leaf_weight=39 30 386 56 691 25 46 215 27 24 27 47 28
leaf_count=39 30 386 56 691 25 46 215 27 24 27 47 28
internal_value=2.8157e-05 -6.88042e-05 -0.000213384 -0.000329675 0.000222279 0.00102187 -0.000583273 0.00112418 0.000186028 0.000604679 -0.000319588 0.00216971
internal_weight=1641 1611 1427 1317 411 184 906 110 110 83 71 74
internal_count=1641 1611 1427 1317 411 184 906 110 110 83 71 74
is_linear=0
shrinkage=0.03


Tree=58
num_leaves=22
num_cat=0
split_feature=25 25 24 11 19 34 29 21 24 21 24 21 28 11 22 19 16 24 22 24 27
split_gain=1.27498 0.360266 0.145254 0.138151 0.145739 0.0816136 0.121041 0.0805338 0.11866 0.0699421 0.0646909 0.0496331 0.045961 0.0396784 0.0387848 0.0248154 0.0202973 0.0109851 0.00900081 0.00379846 0.00154473
threshold=0.72431503451410173 3.5285158736328763 -0.23746709827816156 -0.27671752213727424 1.6436862675146988 -0.14013165643169276 -0.18210529313309984 -1.1463203594319282 0.10761604188134644 0.025364740287689612 0.31596812650595502 1.8058666075086778 -0.10715155469447485 0.25604541522416063 0.10438616600715263 0.2586615376663301 -0.26083773876783373 0.42014416881825928 -0.32817321991638576 0.26388010534980294 -0.11754209406176656
decision_type=2 2 2 2 2 2 2 2 2 2 2 2 2 2 2 2 2 2 2 2 2
left_child=3 2 15 5 7 10 9 13 -9 -7 14 -6 -8 -5 -1 18 17 -4 -2 -18 -12
right_child=1 -3 16 4 11 6 12 8 -10 -11 20 -13 -14 -15 -16 -17 19 -19 -20 -21 -22
leaf_value=0 0.00082766635000007223 0.0053046631063692843 0.00037225597369699526 0.0010514405034815094 0 -0.0007339742336970388 0.0021585519469196073 -0.0013669845413277317 -0.00050662581965220323 0.00029403512143526543 0.00069414974954997886 0.0018265357624946367 0.00016976927237018295 -0.00025701918123433222 -0.0011122796390263829 0.0030866564862390465 0.00054689294730135422 0.0014351420262183707 0.0021254622275009749 0 7.0261988225747284e-05
leaf_weight=41 25 23 23 25 23 76 35 236 427 236 21 24 20 75 101 44 54 62 29 21 20
leaf_count=41 25 23 23 25 23 76 35 236 427 236 21 24 20 75 101 44 54 62 29 21 20
internal_value=2.80615e-05 0.00185828 0.00148211 -0.000351151 -0.000599651 1.06654e-05 0.000273568 -0.000702566 -0.00082216 2.94934e-05 -0.000496356 0.00095298 0.00153327 6.20664e-05 -0.000804123 0.00239864 0.000868517 0.00120412 0.00165245 0.000418018 0.000483537
internal_weight=1641 281 258 1360 810 550 367 763 663 312 183 47 55 100 142 98 160 85 54 75 41
internal_count=1641 281 258 1360 810 550 367 763 663 312 183 47 55 100 142 98 160 85 54 75 41
is_linear=0
shrinkage=0.03


Tree=59
num_leaves=23
num_cat=0
split_feature=25 20 24 11 23 23 28 34 29 15 33 23 29 11 28 24 17 25 11 24 24 20
split_gain=1.20648 0.342195 0.159835 0.130272 0.135735 0.105864 0.102122 0.0768075 0.114717 0.0707275 0.065337 0.0634865 0.0634737 0.0519331 0.0431635 0.0279833 0.0276626 0.0271729 0.0173816 0.0136344 0.00917397 0.00821251
threshold=0.72431503451410173 3.2689941525884527 -0.23746709827816156 -0.27671752213727424 0.59689464743079257 0.2731357826697291 -0.10001334947937336 -0.14013165643169276 -0.18210529313309984 -0.073672088108585471 -0.361826133542757 0.42287425762172098 -0.18247906605999459 0.99532840526544863 -0.10715155469447485 1.683278681854949 0.20717712369456762 -0.0099481556805973669 -0.14195471238426829 0.35503414237306924 0.35503414237306924 -0.38620033938464943
decision_type=2 2 2 2 2 2 2 2 2 2 2 2 2 2 2 2 2 2 2 2 2 2
left_child=3 2 13 7 5 6 -5 9 11 16 -7 -9 17 -2 -10 -14 -1 -6 20 -11 -4 -20
right_child=1 -3 18 4 12 10 -8 8 14 19 -12 -13 15 -15 -16 -17 -18 -19 21 -21 -22 -23
leaf_value=-0.0016040293574333189 0.0029750374360010029 0.0054036423311082894 0.00029864597525626707 -0.00027468049652916123 -0.00077409434590178228 -0.0010626572740000131 -0.0011881118795559317 -0.00032143412712848162 0.0020989077356398885 -0.00020762752052872781 -0.002959933217440266 0.0005364468882111587 4.2110723564806183e-05 0.0012391384606016797 0.00016534051298082846 0.0017261213280446825 -0.00011771480273455379 0 0.00060562493639238369 0.00051470175644317351 0.0012541211697702796 0
leaf_weight=48 63 20 23 303 51 64 184 182 35 85 29 130 20 39 20 22 21 137 35 29 75 26
leaf_count=48 63 20 23 303 51 64 184 182 35 85 29 130 20 39 20 22 21 137 35 29 75 26
internal_value=2.85117e-05 0.00180893 0.00146383 -0.000340324 -0.000581641 -0.000825292 -0.00063108 1.08717e-05 0.000266063 -0.000480814 -0.00175954 2.81972e-05 2.26232e-05 0.00239425 0.00149244 0.00104715 -0.00121709 -0.000203405 0.000815155 0 0.00107511 0.000319825
internal_weight=1641 281 261 1360 810 580 487 550 367 183 93 312 230 102 55 42 69 188 159 114 98 61
internal_count=1641 281 261 1360 810 580 487 550 367 183 93 312 230 102 55 42 69 188 159 114 98 61
is_linear=0
shrinkage=0.03


Tree=60
num_leaves=9
num_cat=0
split_feature=20 23 19 22 24 30 24 27
split_gain=0.745596 0.197084 0.182744 0.154296 0.231049 0.134101 0.0425433 0.0450633
threshold=2.5809504071674594 -1.0461815912316037 1.7442128190185371 -0.042634178414618175 -0.21793409034460451 -0.21996232317656364 1.8134987347453295 -0.23678269222826634
decision_type=2 2 2 2 2 2 2 2
left_child=1 -1 3 4 -3 -5 7 -4
right_child=-2 2 6 5 -6 -7 -8 -9
leaf_value=0.0022655652133980763 0.0044933965252712364 0.00090160117457976181 6.5830310730432919e-05 -0.0001205533150487787 -0.00021700248698984474 -0.0011496152877564472 0.0021475617548386595 0.0016887396562099456
leaf_weight=29 30 206 52 235 807 234 26 22
leaf_count=29 30 206 52 235 807 234 26 22
internal_value=2.82304e-05 -6.12586e-05 -0.000110012 -0.000196288 9.51046e-06 -0.000644387 0.00110795 0.000634275
internal_weight=1641 1611 1582 1482 1013 469 100 74
internal_count=1641 1611 1582 1482 1013 469 100 74
is_linear=0
shrinkage=0.03


Tree=61
num_leaves=20
num_cat=0
split_feature=25 14 23 11 19 19 14 23 27 33 23 28 11 17 9 11 33 16 19
split_gain=1.10085 0.317132 0.14379 0.125177 0.126875 0.0766505 0.0644644 0.0742577 0.0597589 0.0490828 0.0332041 0.0481471 0.0300812 0.0285317 0.0204446 0.0189498 0.0145273 0.0247136 0.011275
threshold=0.72431503451410173 1.7648299561539922 0.59689464743079257 -0.27671752213727424 1.6436862675146988 -0.81057012994624067 1.1115650520365887 0.59689464743079257 0.021679224852313269 -0.36182613354267901 -1.0138057047554974 -0.10680425835416564 1.3544218251750662 -0.27569175343686542 -0.48175994790140592 0.4867172996102645 -0.24001782005154962 0.22542949162469716 2.6134062382012471
decision_type=2 2 2 2 2 2 2 2 2 2 2 2 2 2 2 2 2 2 2
left_child=3 2 9 5 6 10 7 -5 13 -2 11 -1 -11 -7 -10 -8 17 -4 -6
right_child=1 -3 16 4 18 8 15 -9 14 12 -12 -13 -14 -15 -16 -17 -18 -19 -20
leaf_value=0.00051797666294234139 0.00041391384455820789 0.0051901335588291934 0.0012689656543843737 -0.00094072584633381618 0.00026089163394323712 8.3977407390729671e-05 0.00078514489827729347 -0.00020351119181935646 -0.0012056477177888154 0.0025741273796320266 -0.0011995615560719565 -0.0009023296492772974 0.000946623741545611 0.00063421480257787397 0 -0.00015218137989286335 0 0.00021394852227402022 0.0014058727143565191
leaf_weight=39 20 20 45 502 26 187 24 180 27 94 50 39 24 180 28 57 27 51 21
leaf_count=39 20 20 45 502 26 187 24 180 27 94 50 39 24 180 28 57 27 51 21
internal_value=2.80445e-05 0.0017288 0.00139623 -0.000324192 -0.000560805 2.00016e-05 -0.000656973 -0.000752276 0.00022066 0.00206219 -0.000608546 -0.000162257 0.00229958 0.000364911 -0.000659251 0.000107953 0.000593939 0.000762258 0.000886136
internal_weight=1641 281 261 1360 810 550 763 682 422 138 128 78 118 367 55 81 123 96 47
internal_count=1641 281 261 1360 810 550 763 682 422 138 128 78 118 367 55 81 123 96 47
is_linear=0
shrinkage=0.03


Tree=62
num_leaves=20
num_cat=0
split_feature=25 25 11 19 23 19 21 23 15 27 33 21 11 21 17 11 12 21 15
split_gain=1.04092 0.304927 0.117493 0.120263 0.11501 0.0722716 0.0676923 0.0801564 0.0609347 0.0566421 0.0429604 0.0426549 0.035668 0.0292834 0.0264215 0.025286 0.0198069 0.018439 0.025007
threshold=0.72431503451410173 3.5285158736328763 -0.27671752213727424 1.6436862675146988 0.59689464743079257 -0.81057012994624067 -1.1463203594319282 0.59689464743079257 0.1125750071900511 0.021679224852313269 -0.36182613354267901 1.8058666075086778 0.25604541522416063 0.025364740287689612 0.29558590603532087 1.3544218251750662 -1.0607717283408766 1.7254568457632138 -0.44796964645996934
decision_type=2 2 2 2 2 2 2 2 2 2 2 2 2 2 2 2 2 2 2
left_child=2 4 5 6 10 8 12 -8 14 13 -2 -5 -4 -7 -1 -12 -11 18 -6
right_child=1 -3 3 11 17 9 7 -9 -10 16 15 -13 -14 -15 -16 -17 -18 -19 -20
leaf_value=-0.0012063499209238216 0.00040311610621764614 0.0048539081433644658 0.0010002468870786417 0 0.00082275942967329494 -2.2643455242987015e-05 -0.00095155893631246205 -0.00018817083159134901 0.00049275100133805113 -0.001290773610882461 0.0024640123691246078 0.0016749204691085548 -0.00023953878469015202 0.0005320925453664978 0 0.00092138044908642762 -5.529511919303331e-05 0.0014237504737637935 -4.3353403472932625e-05
leaf_weight=77 20 23 25 23 55 113 480 183 30 22 88 24 75 254 21 24 33 22 49
leaf_count=77 20 23 25 23 55 113 480 183 30 22 88 24 75 254 21 24 33 22 49
internal_value=2.79583e-05 0.00168181 -0.000314506 -0.000543742 0.00133499 1.87896e-05 -0.000637441 -0.000747151 -0.000591378 0.000213791 0.00195833 0.000864352 6.13873e-05 0.000354381 -0.000957736 0.00219219 -0.000642413 0.000628368 0.000396875
internal_weight=1641 281 1360 810 258 550 763 663 128 422 132 47 100 367 98 112 55 126 104
internal_count=1641 281 1360 810 258 550 763 663 128 422 132 47 100 367 98 112 55 126 104
is_linear=0
shrinkage=0.03


Tree=63
num_leaves=23
num_cat=0
split_feature=25 25 24 19 25 19 30 27 24 17 11 20 25 19 11 11 30 11 24 15 33 20
split_gain=0.984376 0.288966 0.111069 0.155057 0.134671 0.117614 0.11679 0.112679 0.110337 0.0651137 0.0539102 0.0441409 0.0421203 0.0384709 0.0365958 0.0362203 0.0195392 0.0172159 0.0156321 0.0110544 0.00764878 0.00164496
threshold=0.72431503451410173 3.5285158736328763 0.31596812650595502 0.12868866046259664 -0.90877972217119496 -0.47243705849222117 -0.22534046975978431 -0.25058647140946716 -0.21793409034460451 -0.14166993913018158 0.009749739936098541 -0.55626503919769799 0.47209795399973564 1.8427073340376909 1.1282619445732613 0.99532840526544863 -0.22534046977893082 -0.14195471238426829 1.0321784174030471 2.3984523991091442 -0.3618261335430083 0.83060093618674491
decision_type=2 2 2 2 2 2 2 2 2 2 2 2 2 2 2 2 2 2 2 2 2 2
left_child=2 8 3 4 19 -6 7 16 15 11 18 -5 -11 -12 -9 -2 -4 21 -8 -1 -19 -10
right_child=1 -3 6 9 5 -7 10 14 17 12 13 -13 -14 -15 -16 -17 -18 20 -20 -21 -22 -23
leaf_value=-0.0010284749517665145 0.0025947249622258824 0.0047250929577992516 -0.0012501145062538293 -0.0007824643424046891 0.00059677504953142488 -0.00059228475042458391 0.00083525636946257429 0.00014205898469587825 0.00075674346040982695 -0.001032094629529123 -0.00029239096090234598 -0.0024616761009513947 0.00032053003883454948 0.0008215690370653256 -0.001123683651747263 0.0010907116280203417 -5.3701134540302584e-05 0.00051079842774197457 9.1141814707636668e-05 -0.00011500383378413971 -9.0582615783205251e-05 0.0014599807314059163
leaf_weight=154 61 23 114 32 177 124 146 190 74 80 129 55 22 32 20 39 20 38 43 22 21 25
leaf_count=154 61 23 114 32 177 124 146 190 74 80 129 55 22 32 20 39 20 38 43 22 21 25
internal_value=2.77135e-05 0.00163606 -0.000305269 -0.000581406 -0.000281555 9.60505e-05 -3.46066e-05 -0.000429181 0.00129805 -0.00130632 0.000345057 -0.00192404 -0.000710958 -4.17115e-05 0 0.00208614 -0.00109853 0.00075104 0.000685655 -0.000934892 0.000254335 0.00100146
internal_weight=1641 281 1360 666 477 301 694 344 258 189 350 87 102 161 210 100 134 158 189 176 59 99
internal_count=1641 281 1360 666 477 301 694 344 258 189 350 87 102 161 210 100 134 158 189 176 59 99
is_linear=0
shrinkage=0.03


Tree=64
num_leaves=20
num_cat=0
split_feature=25 14 23 11 19 19 22 19 27 27 33 21 21 21 22 11 12 33 16
split_gain=0.931484 0.284318 0.119347 0.105886 0.108875 0.0650061 0.0615193 0.0682538 0.0492326 0.0467387 0.0423073 0.0401743 0.0361367 0.0265527 0.0246881 0.0237488 0.0184568 0.0128748 0.0219778
threshold=0.72431503451410173 1.7648299561539922 0.59689464743079257 -0.27671752213727424 1.6436862675146988 -0.81057012994624067 0.76607464022335403 0.8293245278369783 0.021679224852313269 -0.25036394299674541 -0.36182613354267901 1.8058666075086778 -1.1463203594319282 0.025364740287689612 0.46450154722032305 1.3544218251750662 -1.0607717283408766 -0.24001782005154962 0.22542949162469716
decision_type=2 2 2 2 2 2 2 2 2 2 2 2 2 2 2 2 2 2 2
left_child=3 2 10 5 6 12 9 -8 13 -5 -2 -6 -1 -7 -14 -12 -10 18 -4
right_child=1 -3 17 4 11 8 7 -9 16 -11 15 -13 14 -15 -16 -17 -18 -19 -20
leaf_value=0.00044579675025306647 0.00034980346906282334 0.0048679068695915784 0.001178630379785318 -0.00068733796028501209 0 -2.1880478104165e-05 -0.0017164563836446509 -0.00038346680559567172 -0.0012152948633953927 -0.0001384955763236603 0.0023529620808699246 0.001611593757251588 -0.0010402070752045672 0.00050526328166042626 0 0.00086772465933528207 -2.6754112242997501e-05 0 0.00018263478715218503
leaf_weight=21 20 20 45 341 23 113 85 72 22 265 94 24 81 254 26 24 33 27 51
leaf_count=21 20 20 45 341 23 113 85 72 22 265 94 24 81 254 26 24 33 27 51
internal_value=2.71625e-05 0.00159175 0.00127688 -0.0002967 -0.000514339 1.9449e-05 -0.000603615 -0.00114255 0.000204633 -0.000454123 0.00188448 0.000824239 -0.000558883 0.000335985 -0.000790117 0.00210468 -0.000592164 0.00054273 0.000701379
internal_weight=1641 281 261 1360 810 550 763 157 422 606 138 47 128 367 107 118 55 123 96
internal_count=1641 281 261 1360 810 550 763 157 422 606 138 47 128 367 107 118 55 123 96
is_linear=0
shrinkage=0.03


Tree=65
num_leaves=23
num_cat=0
split_feature=25 15 24 24 19 25 22 31 28 22 22 11 19 11 19 30 31 33 24 25 22 22
split_gain=0.881288 0.265235 0.137218 0.100377 0.144843 0.126308 0.116683 0.111108 0.0983739 0.0618215 0.0762091 0.0491575 0.0364789 0.0334891 0.0322466 0.0209662 0.0153591 0.0265756 0.0146122 0.0124731 0.011561 0.0062065
threshold=0.72431503451410173 1.4991933689309473 -0.21793409034460451 0.31596812650595502 0.12868866046259664 -0.90877972217119496 0.76607464022335403 -0.010840673676989881 -0.10770243416120476 -0.42479291885923115 1.4414986749656802 0.009749739936098541 0.23023006755966705 1.1282619445732613 1.8427073340376909 -0.22534046977893082 -0.013473502992820146 -0.3618261335430083 1.0321784174030471 -1.0046375873822015 -0.042634178414618175 -0.32817321991638576
decision_type=2 2 2 2 2 2 2 2 2 2 2 2 2 2 2 2 2 2 2 2 2 2
left_child=3 2 12 4 5 20 -7 11 15 19 -11 18 21 -10 -13 -9 -4 -18 -5 -6 -1 -2
right_child=1 -3 16 7 9 6 -8 8 13 10 -12 14 -14 -15 -16 -17 17 -19 -20 -21 -22 -23
leaf_value=-0.00034470687565757246 0.00056379573572323555 0.0040931888995144302 0.0011809966724619946 0.0008164319660457183 -0.0006813426087123103 0.00048001044406105806 -0.0008140102710398235 -0.0012020047321747024 0.00012975906708004279 -0.002045350062555041 -0.0002232790070970493 -0.00024575565794434393 0.0027371905743695645 -0.0010826280067431861 0.0007714072528561311 -5.3282524723237228e-05 0.0007117030054703355 -0.00014256062631851389 9.1634088968337726e-05 9.7686163688194929e-05 -0.0010534680530610949 0.0016425023804503408
leaf_weight=46 24 31 30 143 40 217 84 113 186 96 32 134 46 20 32 23 72 48 43 21 130 30
leaf_count=46 24 31 30 143 40 217 84 113 186 96 32 134 46 20 32 23 72 48 43 21 130 30
internal_value=2.66854e-05 0.00154858 0.00117639 -0.00028828 -0.000550787 -0.000260872 0.000104551 -3.07732e-05 -0.000417953 -0.00125134 -0.00162828 0.00033731 0.00203444 0 -2.17117e-05 -0.00103466 0.000556079 0.000350464 0.000668858 -0.00037427 -0.000893865 0.00127062
internal_weight=1641 281 250 1360 666 477 301 694 342 189 128 352 100 206 166 136 150 120 186 61 176 54
internal_count=1641 281 250 1360 666 477 301 694 342 189 128 352 100 206 166 136 150 120 186 61 176 54
is_linear=0
shrinkage=0.03


Tree=66
num_leaves=22
num_cat=0
split_feature=25 14 11 19 33 31 34 30 19 22 25 28 11 22 27 25 25 19 9 30 11
split_gain=0.834093 0.258892 0.0965367 0.102367 0.0769953 0.0902056 0.0549816 0.135687 0.05814 0.0489601 0.0650777 0.0484946 0.0470761 0.0448145 0.0355898 0.0307372 0.0267026 0.0145202 0.00811902 0.00586973 0.0028299
threshold=0.72431503451410173 1.7648299561539922 -0.16527062906369455 1.5421448604176271 -0.36182613354267901 -0.01094732280497865 -0.13971425441552479 -0.2247167003674839 -0.77807613537666453 0.76607464022335403 -0.0099481556805973669 -0.10719247579236559 0.99532840526544863 -0.20740551940341825 -0.24037798052427586 -1.2947779259263326 0.37068535819444842 2.6134062382012471 0.23069083281347488 -0.017851369493374632 0.1776047265775787
decision_type=2 2 2 2 2 2 2 2 2 2 2 2 2 2 2 2 2 2 2 2 2
left_child=2 4 6 9 18 14 13 8 -8 15 -11 -9 -7 19 -6 -4 -15 -5 20 -1 -2
right_child=1 -3 3 17 5 12 7 11 -10 10 -12 -13 -14 16 -16 -17 -18 -19 -20 -21 -22
leaf_value=0.000548140241913643 0.00083902839652516613 0.0046341391038554518 -0.00099988025763692945 0.0001514050675711284 -7.9386387811973685e-05 0.0027575846061226911 -0.00082989098180551071 0.0020080388600472359 0.00012217823907085401 -0.0014083345009456955 0.00017660328194162703 0.00015783362152675787 0.00098306388951673669 -0.00090440981177528296 0.001237000739810845 -0.00035399857978722789 3.8907290878705676e-05 0.0012743445341475306 3.1278617739853622e-05 0 0.00014229090820552535
leaf_weight=29 52 20 87 33 27 61 67 41 317 120 24 24 31 115 36 434 27 21 34 21 20
leaf_count=29 52 20 87 33 27 61 67 41 317 120 24 24 31 115 36 434 27 21 34 21 20
internal_value=2.6182e-05 0.00150681 -0.000280183 -0.000518156 0.00120586 0.00163779 -7.42395e-06 0.000169513 -4.13316e-05 -0.000622969 -0.00112556 0.00140611 0.00224115 -0.000432825 0.000649416 -0.000472684 -0.000707263 0.000684822 0.000519051 0.000285891 0.000698923
internal_weight=1641 281 1360 719 261 155 641 449 384 665 144 65 92 192 63 521 142 54 106 50 72
internal_count=1641 281 1360 719 261 155 641 449 384 665 144 65 92 192 63 521 142 54 106 50 72
is_linear=0
shrinkage=0.03


Tree=67
num_leaves=21
num_cat=0
split_feature=25 25 23 11 23 28 27 23 22 23 31 25 19 25 11 27 19 31 16 30
split_gain=0.789085 0.246052 0.0917566 0.115659 0.0855756 0.0773964 0.165507 0.0880734 0.0722659 0.0716087 0.0599042 0.0353073 0.0253127 0.0252601 0.0212287 0.0187186 0.0177122 0.0131229 0.0236132 0.00445561
threshold=0.72431503451410173 3.5285158736328763 0.59689464743079257 -0.02730912956269493 0.59689464743079257 -0.10770025376800213 -0.24187342368775369 0.42287425762172098 1.2286805647977925 0.2731357826697291 -0.010840673677963838 -0.11347624184764997 0.20687520274821322 1.261712282635566 0.712190405786434 -0.24999646119593064 0.56227012758795969 -0.011192714262975046 -0.083001470198959204 -0.22534046975408442
decision_type=2 2 2 2 2 2 2 2 2 2 2 2 2 2 2 2 2 2 2 2
left_child=2 4 3 5 12 7 -7 -1 9 -5 11 -4 13 -2 19 -13 -14 -6 -19 -12
right_child=1 -3 10 8 17 6 -8 -9 -10 -11 14 15 16 -15 -16 -17 -18 18 -20 -21
leaf_value=-0.00098725561068595366 1.0478514773041581e-07 0.0043169157406888325 -0.0003055384397484886 -0.00047748741681078789 0 0.00081710728598768858 -0.00037679678680579488 0.00028860497019347501 -0.0020941320051390089 -0.0017655980044255556 0.0001792175471918915 0.00089004636916704472 0.0028207427664526871 0.0014533565014974365 -0.00085503299024648869 0 0.0013578985691135531 0.0012179130662090913 0.00020280796052913686 -0.00022823882197508283
leaf_weight=156 20 23 29 329 27 167 266 64 35 45 44 122 32 40 38 20 40 43 56 45
leaf_count=156 20 23 29 329 27 167 266 64 35 45 44 122 32 40 38 20 40 43 56 45
internal_value=2.63671e-05 0.00146653 -0.000271567 -0.000402759 0.00115423 -0.000147999 7.92429e-05 -0.000603754 -0.000798183 -0.000653248 0.000185357 0.000553914 0.00169342 0.00103963 -0.000289143 0.000752816 0.00213488 0.000539858 0.000695977 0
internal_weight=1641 281 1360 1062 258 653 433 220 409 374 298 171 132 60 127 142 72 126 99 89
internal_count=1641 281 1360 1062 258 653 433 220 409 374 298 171 132 60 127 142 72 126 99 89
is_linear=0
shrinkage=0.03


Tree=68
num_leaves=18
num_cat=0
split_feature=25 14 24 11 19 22 25 19 15 24 33 21 11 21 17 21 14
split_gain=0.74769 0.238563 0.104965 0.0872379 0.0903258 0.0615286 0.0630255 0.0538357 0.0497684 0.04709 0.0429843 0.0384053 0.0332771 0.0232559 0.0199376 0.0160749 0.0180704
threshold=0.72431503451410173 1.7648299561539922 -0.21793409034460451 -0.27671752213727424 1.5086360031469204 0.76607464022335403 -0.0099481556805973669 -0.81057012994624067 0.1125750071900511 -1.3378265452018754 3.1950307506031455 1.8518150427917999 0.99532840526544863 0.071313175570811682 0.29558590603532087 -0.38817117726041078 0.46141238875223306
decision_type=2 2 2 2 2 2 2 2 2 2 2 2 2 2 2 2 2
left_child=3 2 12 7 5 9 -7 8 14 -5 13 -6 -2 -9 -1 -4 -17
right_child=1 -3 15 4 11 6 -8 10 -10 -11 -12 -13 -14 -15 -16 16 -18
leaf_value=-0.0010521726390346883 0.0023042141790501776 0.0044301933489193247 -3.8014308835845432e-05 9.2083984094957914e-05 0 -0.0013869051896318761 0.00016911735441923762 -3.1184737566396215e-05 0.0004712074157168073 -0.00054171819383967907 -0.0010472055388128629 0.001535505748093128 0.00091534279127206109 0.00043041294508096051 0 0.00088458706514016111 0
leaf_weight=77 68 20 22 124 36 122 24 136 30 482 20 22 39 266 21 106 26
leaf_count=77 68 20 22 124 36 122 24 136 30 482 20 22 39 266 21 106 26
internal_value=2.59761e-05 0.00142789 0.00113874 -0.000263989 -0.000461589 -0.0005521 -0.00111273 2.25221e-05 -0.000503099 -0.000407288 0.000191437 0.000632192 0.00186403 0.000267769 -0.000836196 0.000589706 0.000715068
internal_weight=1641 281 261 1360 810 752 146 550 128 606 422 58 107 402 98 154 132
internal_count=1641 281 261 1360 810 752 146 550 128 606 422 58 107 402 98 154 132
is_linear=0
shrinkage=0.03


Tree=69
num_leaves=19
num_cat=0
split_feature=25 14 24 23 11 22 23 31 27 27 11 25 15 21 11 21 14 22
split_gain=0.706397 0.226486 0.0991828 0.0849667 0.105656 0.101918 0.126488 0.0548083 0.054165 0.0809207 0.0326133 0.0317413 0.02921 0.0208116 0.019117 0.0129193 0.0170263 0.00382977
threshold=0.72431503451410173 1.7648299561539922 -0.23746709827816156 0.59689464743079257 -0.58045876342208891 1.2286805647977925 0.2731357826697291 -0.010840673677963838 -0.24420438414850007 -0.2500401959053179 0.99532840526544863 -0.11347624184764997 -0.057174214883057767 1.8230972707398487 0.712190405786434 -0.38817117726041078 0.46141238875223306 -0.61661999096501663
decision_type=2 2 2 2 2 2 2 2 2 2 2 2 2 2 2 2 2 2
left_child=3 2 10 4 8 6 -6 11 9 -1 -2 -5 -10 -13 17 -4 -17 -9
right_child=1 -3 15 7 5 -7 -8 14 12 -11 -12 13 -14 -15 -16 16 -18 -19
leaf_value=4.1313653082504643e-05 0.0022683812342811902 0.0043146229981971176 0 -0.00027512781690893461 -0.00029612628603546909 -0.0020554284334137309 -0.0013788756377576647 -0.00022061823614446136 -0.00074948653130901637 0.0016901535132514813 0.00088984395833020759 0.00049758593033742324 2.285488153736676e-05 0.0015505086952406497 -0.00080642851419951303 0.0008587798467944611 0 0.00015852667547645979
leaf_weight=99 66 20 24 29 602 38 117 42 65 36 39 118 105 24 38 106 26 47
leaf_count=99 66 20 24 29 602 38 117 42 65 36 39 118 105 24 38 106 26 47
internal_value=2.56971e-05 0.0013884 0.00110632 -0.000256096 -0.000382405 -0.000572229 -0.00048147 0.000183397 7.9978e-05 0.000529927 0.00182307 0.00053602 -0.000262987 0.000724632 -0.000269731 0.000579725 0.000694231 0
internal_weight=1641 281 261 1360 1062 757 719 298 305 135 105 171 170 142 127 156 132 89
internal_count=1641 281 261 1360 1062 757 719 298 305 135 105 171 170 142 127 156 132 89
is_linear=0
shrinkage=0.03


Tree=70
num_leaves=21
num_cat=0
split_feature=25 20 24 24 19 25 22 33 27 33 33 11 11 11 19 28 21 24 14 14
split_gain=0.667626 0.217688 0.0868724 0.0820288 0.124726 0.110733 0.0998721 0.0891923 0.088193 0.0548974 0.0910313 0.0427705 0.0285406 0.0245075 0.0244315 0.0171182 0.0156019 0.0123138 0.0117883 0.0089359
threshold=0.72431503451410173 3.2689941525884527 -0.21793409034460451 0.31596812650595502 0.12868866046259664 -0.90877972217119496 0.76607464022335403 -0.36182619926953608 -0.25058664149957566 -0.361826133542757 -0.36182613354268972 0.009749739936098541 0.99532840526544863 1.1282619445732613 1.8427073340376909 -0.10770297622390632 -0.38817117726041078 1.0321784174030471 1.4079005915208367 0.46141238875223306
decision_type=2 2 2 2 2 2 2 2 2 2 2 2 2 2 2 2 2 2 2 2
left_child=3 2 12 4 5 18 -7 8 15 -6 -11 17 -2 -10 -13 -5 -4 -9 -1 -18
right_child=1 -3 16 7 9 6 -8 11 13 10 -12 14 -14 -15 -16 -17 19 -19 -20 -21
leaf_value=-0.0009330130960118132 0.002178456984443234 0.004218951057986883 -3.7010728900786483e-05 -9.6364554280880824e-05 0 0.00047256248526484176 -0.00072329694004970248 0.00075550319736578022 8.2934282941851944e-05 -0.0028216788500876108 -0.00093051593297068024 -0.00022877984698474886 0.00086505545143570207 -0.00094631754511805336 0.00065866255289209741 -0.0012061325776739976 0.000833725535486696 8.3536926848034405e-05 -0.00015960526091657811 9.3687800559564481e-05
leaf_weight=143 65 20 22 22 36 217 84 145 210 31 122 129 39 20 32 93 106 43 33 29
leaf_count=143 65 20 22 22 36 217 84 145 210 31 122 129 39 20 32 93 106 43 33 29
internal_value=2.53659e-05 0.00135018 0.00107355 -0.000248533 -0.000485746 -0.000216518 0.000125121 -1.54759e-05 -0.000360052 -0.0011356 -0.00137982 0.000316794 0.00175203 -4.72232e-06 -2.5279e-05 -0.0010271 0.00058093 0.000621242 -0.000809864 0.000701986
internal_weight=1641 281 261 1360 666 477 301 694 345 189 153 349 104 230 161 115 157 188 176 135
internal_count=1641 281 261 1360 666 477 301 694 345 189 153 349 104 230 161 115 157 188 176 135
is_linear=0
shrinkage=0.03


Tree=71
num_leaves=22
num_cat=0
split_feature=25 25 24 19 25 22 19 24 17 25 22 25 31 22 20 19 14 16 31 19 24
split_gain=0.631573 0.209659 0.0776249 0.127929 0.102886 0.0949348 0.0774758 0.0686491 0.0593403 0.0557342 0.0521133 0.0375978 0.0357836 0.0247355 0.0188841 0.012108 0.0109365 0.0107209 0.0106771 0.00600971 0.00122343
threshold=0.72431503451410173 3.5285158736328763 0.28992411592787898 0.12868866046259664 -0.90877972217119496 0.76607464022335403 -0.88367929217571206 -0.21793409034460451 -0.14166993913018158 -0.062279156124026888 -0.74179082479180225 -0.088074996528281033 -0.010840673677964001 -0.32817321991638576 -0.55626503919769799 0.20687520274821322 1.4079005915208367 0.74684615308661717 -0.010840668819471747 0.2586615376663301 0.47223218997441152
decision_type=2 2 2 2 2 2 2 2 2 2 2 2 2 2 2 2 2 2 2 2 2
left_child=2 7 3 4 16 -6 18 13 14 10 -8 -10 -11 19 -5 -15 -1 20 -4 -2 -9
right_child=1 -3 6 8 5 -7 9 17 11 12 -12 -13 -14 15 -16 -17 -18 -19 -20 -21 -22
leaf_value=-0.00090559785255216619 0.00037503168965590054 0.0039443353347910137 -0.0011178059059062174 -0.00075530470481524918 0.00047056210029252878 -0.00070234627853516993 9.5631609761148413e-05 0.00042550789622654176 -0.0012091624221113391 0.00083957066222329463 -0.00066258267489829447 0 0.00011506159049091174 0.0013294680479484667 -0.0021465015395399955 0.0029903452804150138 -0.00015521611474347686 2.4596396187246821e-05 -0.00031261020840999359 0.0013478616442980948 0.00088557278275699675
leaf_weight=143 25 23 53 25 208 84 238 55 40 107 117 47 168 29 55 20 33 35 42 26 68
leaf_count=143 25 23 53 25 208 84 238 55 40 107 117 47 168 29 55 20 33 35 42 26 68
internal_value=2.46177e-05 0.00131321 -0.000241732 -0.000483357 -0.000217878 0.000119269 -2.48612e-05 0.00102452 -0.00119271 9.25207e-05 -0.000149337 -0.000567951 0.000413771 0.00164961 -0.00179091 0.00219848 -0.00078662 0.000586893 -0.000812904 0.000973868 0.000718691
internal_weight=1641 281 1360 635 468 292 725 258 167 630 355 87 275 100 80 49 176 158 95 51 123
internal_count=1641 281 1360 635 468 292 725 258 167 630 355 87 275 100 80 49 176 158 95 51 123
is_linear=0
shrinkage=0.03


Tree=72
num_leaves=20
num_cat=0
split_feature=25 17 11 28 33 25 25 25 19 15 24 19 24 15 33 19 17 15 12
split_gain=0.600576 0.175865 0.0822656 0.0677023 0.0818329 0.0661738 0.0642311 0.0522684 0.0510686 0.0513809 0.0486147 0.067811 0.0476343 0.0275239 0.0244061 0.0169928 0.0165894 0.00648281 0.00306786
threshold=0.8757146125649532 -1.2983936114925341 -0.22523077960491791 -0.10169582965797518 -0.34433482496162532 0.59822658151851604 -0.96369759512555964 -0.039744789425098952 -0.81057012994624067 0.1125750071900511 0.43316617410729735 -0.44705093094160409 -0.19189007976652842 3.0363491884737752 -0.36182618218034152 0.20687520274821322 0.29558590603532087 -0.021767948969366395 -0.15104130193879753
decision_type=2 2 2 2 2 2 2 2 2 2 2 2 2 2 2 2 2 2 2
left_child=2 -2 8 4 5 -4 -6 13 9 16 11 -10 15 -5 -12 -3 -1 18 -14
right_child=1 12 3 7 6 -7 -8 -9 10 -11 14 -13 17 -15 -16 -17 -18 -19 -20
leaf_value=-0.00095085981536123716 0.0038061014363442412 0.00087629221758168637 -0.0005591777892391571 -0.0011439114466469202 -0.00030048254636135999 0.00063450038949570931 0.00088199314780538997 0.00024344165492584582 0.00067125061890052162 0.00049806536549945927 0.00011641693937674384 -0.00039935458466138618 0.0010477227388334502 0 0.00077751940450949139 0.001958161249490721 0 0 0.00031748861153251847
leaf_weight=84 25 44 389 172 68 42 89 29 72 34 99 176 20 20 137 60 21 24 36
leaf_count=84 25 44 389 172 68 42 89 29 72 34 99 176 20 20 137 60 21 24 36
internal_value=2.42716e-05 0.00151629 -0.000194112 -0.0003936 -0.000216305 -0.000432362 0.000355057 -0.000842712 6.07869e-05 -0.000433338 0.00021065 -7.22736e-05 0.00113306 -0.00102337 0.000517687 0.00156589 -0.00076817 0.000497986 0.000669147
internal_weight=1641 209 1432 809 588 431 157 221 623 139 484 248 184 192 236 104 105 80 56
internal_count=1641 209 1432 809 588 431 157 221 623 139 484 248 184 192 236 104 105 80 56
is_linear=0
shrinkage=0.03


Tree=73
num_leaves=11
num_cat=0
split_feature=20 21 21 24 19 11 24 27 22 11
split_gain=0.401816 0.145809 0.122693 0.107553 0.101887 0.0877739 0.0169043 0.0278758 0.0158984 0.000691801
threshold=3.2689941525884527 -1.2497043388189533 1.989660348641167 -1.3899145663580275 -0.83189295725759516 -0.1864839466262164 -1.5331566245374459 -0.22046230465676087 0.46450154722032305 1.3544218251750662
decision_type=2 2 2 2 2 2 2 2 2 2
left_child=1 3 4 6 8 -6 -1 -8 -3 -5
right_child=-2 2 -4 9 5 -7 7 -9 -10 -11
leaf_value=-0.00051685618134069951 0.0039628057597083559 -0.00076988471412021064 0.0016322665193994692 0.0015304935495063547 0.00022289527979033294 -0.00030920309154832212 0.0011508643476535443 -6.5304108522608512e-05 0 0.00071553150615514378
leaf_weight=33 20 251 31 77 528 580 20 49 26 26
leaf_count=33 20 251 31 77 528 580 20 49 26 26
internal_value=2.43768e-05 -2.95991e-05 -0.000140047 0.00070989 -0.000185319 -5.30225e-05 0 0.000278806 -0.000697554 0.00137915
internal_weight=1641 1621 1416 205 1385 1108 102 69 277 103
internal_count=1641 1621 1416 205 1385 1108 102 69 277 103
is_linear=0
shrinkage=0.03


Tree=74
num_leaves=22
num_cat=0
split_feature=25 14 24 24 19 25 19 25 17 27 27 25 31 11 11 15 27 20 19 21 14
split_gain=0.548986 0.185598 0.0763177 0.0714582 0.119279 0.0903822 0.0851987 0.0672479 0.0559166 0.0530442 0.0479301 0.0341847 0.0278794 0.0259822 0.0217108 0.0196178 0.018992 0.017091 0.0115225 0.0107074 0.0145566
threshold=0.72431503451410173 1.7648299561539922 -0.23746709827816156 0.28992411592787898 0.12868866046259664 -0.60812691097313032 -0.39424974043025512 0.27005025439468616 -0.14166993913018158 -0.25058618834489982 -0.25058669284614726 -0.088074996528281033 -0.010840673677964001 0.99532840526544863 0.018191313060234592 -0.14272740498422251 -0.25011732718146001 -0.55626503919769799 -0.28661609666839388 -0.38817117726041078 0.46141238875223306
decision_type=2 2 2 2 2 2 2 2 2 2 2 2 2 2 2 2 2 2 2 2 2
left_child=3 2 13 4 5 15 -7 9 17 10 -5 -10 16 -2 -11 -1 -9 -6 -14 -4 -21
right_child=1 -3 19 7 8 6 -8 12 11 14 -12 -13 18 -15 -16 -17 -18 -19 -20 20 -22
leaf_value=-0.00096595563403060352 0.001998421478824204 0.0038760383896043766 0 1.848109349552744e-05 -0.00072358571948799566 0.00076492168970787209 -0.00038704849380633921 0.0011373025426554735 -0.0011456590928895353 0.00024630777553635288 -0.00093343183489332654 0 0.00066093294924524212 0.00075892762713816134 -0.00023450034853694408 -0.00034989858583139719 0 -0.0020618421559289533 -2.5108722812728942e-06 0.0007611522586832523 0
leaf_weight=90 66 20 24 66 25 121 102 59 40 184 125 47 25 39 149 155 20 55 97 106 26
leaf_count=90 66 20 24 66 25 121 102 59 40 184 125 47 25 39 149 155 20 55 97 106 26
internal_value=2.41181e-05 0.00122561 0.000969413 -0.000224082 -0.000455836 -0.000199379 0.000226594 -1.59351e-05 -0.00114068 -0.00019884 -0.000593835 -0.000534091 0.000442097 0.00159969 2.20699e-05 -0.000597249 0.000877229 -0.00172105 0.00012204 0.000504145 0.000608876
internal_weight=1641 281 261 1360 635 468 223 725 167 524 191 87 201 105 333 245 79 80 122 156 132
internal_count=1641 281 261 1360 635 468 223 725 167 524 191 87 201 105 333 245 79 80 122 156 132
is_linear=0
shrinkage=0.03


Tree=75
num_leaves=20
num_cat=0
split_feature=25 25 23 22 22 22 11 28 23 11 27 31 31 25 22 23 33 11 19
split_gain=0.519259 0.150167 0.0847732 0.0653173 0.180533 0.0599366 0.0588873 0.0618029 0.0493224 0.0492302 0.0301467 0.0216936 0.010912 0.00920824 0.00863197 0.00692148 0.00633067 0.00366144 0.000677287
threshold=0.8757146125649532 3.5285158736328763 0.77091503723986421 0.76607464022335403 0.52008072055889842 -0.042634178414618175 0.54846738458082533 -0.0051472601044175569 0.59689464743079257 0.42173904919704935 -0.24935346920341109 -0.010840673677963838 -0.011115658887234056 -0.11347624184764997 -0.32817321991638576 0.83971379600159002 -0.36182613358700849 -0.14631205871826877 0.2586615376663301
decision_type=2 2 2 2 2 2 2 2 2 2 2 2 2 2 2 2 2 2 2
left_child=2 8 3 4 5 -1 7 -5 14 10 16 13 -10 -11 18 -14 -4 -12 -2
right_child=1 -3 9 6 -6 -7 -8 -9 12 11 17 -13 15 -15 -16 -17 -18 -19 -20
leaf_value=-0.00017526009702632206 0.00041020835750476604 0.0036244114630927258 0.00023131614056942252 1.3600542246961222e-05 0.0016543466429226098 -0.0008380142011256065 -0.0019373940638190989 -0.0012365394503833188 -7.8252501959112739e-05 -0.00021342928348167334 0.0002900781054981053 -0.00065210704152729904 0.00010925135153811424 0.00039492238559149783 0.0018048993917611929 0.00094523447311873883 0.0011226810515176371 -0.00016788340183640163 0.0011767521684603957
leaf_weight=804 23 23 20 78 42 148 34 56 20 29 27 44 27 51 62 28 74 25 26
leaf_count=804 23 23 20 78 42 148 34 56 20 29 27 44 27 51 62 28 74 25 26
internal_value=2.35234e-05 0.00141096 -0.000179409 -0.000291903 -0.000194112 -0.000283744 -0.000839402 -0.000502585 0.0010682 0.000291631 0.000662875 -0.000127189 0.000394615 0.000138507 0.00147465 0.000613445 0.000976976 1.82111e-05 0.000919062
internal_weight=1641 209 1432 1162 994 952 168 134 186 270 146 124 75 80 111 55 94 52 49
internal_count=1641 209 1432 1162 994 952 168 134 186 270 146 124 75 80 111 55 94 52 49
is_linear=0
shrinkage=0.03


Tree=76
num_leaves=23
num_cat=0
split_feature=25 14 24 24 19 25 31 28 27 22 22 16 16 19 17 30 15 21 14 7 22 31
split_gain=0.493057 0.170956 0.0686588 0.064803 0.0935888 0.0902132 0.0836206 0.0772925 0.0691423 0.0590176 0.050871 0.027458 0.019434 0.0193349 0.0170637 0.0152801 0.0137513 0.00965117 0.0133121 0.00962894 0.00803693 0.00648493
threshold=0.72431503451410173 1.7648299561539922 -0.23746709827816156 0.35503414237306924 0.068778828171352543 -0.60812691097313032 -0.010840673676989881 -0.10680425835416564 -0.25058664149957566 -0.42479291885923115 1.4414986749656802 0.17330177480652662 1.1084527894920722 0.26576940570070257 1.1141283896266985 -0.22534046977893082 -0.52163796020122322 -0.38817117726041078 0.46141238875223306 0.20029577967442172 -0.32817321991638576 -0.010840673677964001
decision_type=2 2 2 2 2 2 2 2 2 2 2 2 2 2 2 2 2 2 2 2 2 2
left_child=3 2 13 4 5 14 11 -7 15 16 -11 21 -10 20 -1 -8 -6 -4 -19 -13 -2 -5
right_child=1 -3 17 6 9 7 8 -9 12 10 -12 19 -14 -15 -16 -17 -18 18 -20 -21 -22 -23
leaf_value=-0.0006272333046484363 0.00031373682387443141 0.003706273700070122 0 0.00075450546199031768 -0.00056770108383578433 0.00080758213412970197 -0.0010756134217624195 -0.00027912211025094225 0.00013562694901759784 -0.0015837019263675017 -0.00010944665504087294 -0.00013644679485470988 -0.00064955010884852312 0.0020153255465985183 6.1594712968555173e-05 -5.4304567720884308e-05 9.8549194948011342e-05 0.00071857951866535449 0 0.00037314675587742612 0.0013006059353356247 0.00027609028395032511
leaf_weight=230 26 20 24 109 55 116 94 109 168 110 32 97 31 50 28 23 40 106 26 46 29 72
leaf_count=230 26 20 24 109 55 116 94 109 168 110 32 97 31 50 28 23 40 106 26 46 29 72
internal_value=2.33367e-05 0.00116207 0.000915843 -0.000211784 -0.000406464 -0.000157192 3.44009e-06 0.000271231 -0.000337426 -0.000893658 -0.0012813 0.00034511 0 0.00151417 -0.000541134 -0.00090622 -0.000262133 0.000473286 0.000572855 1.12295e-05 0.000926168 0.000588105
internal_weight=1641 281 261 1360 720 483 640 225 316 237 142 324 199 105 258 117 95 156 132 143 55 181
internal_count=1641 281 261 1360 720 483 640 225 316 237 142 324 199 105 258 117 95 156 132 143 55 181
is_linear=0
shrinkage=0.03


Tree=77
num_leaves=24
num_cat=0
split_feature=25 25 24 19 25 22 31 34 22 23 22 23 25 16 15 25 15 21 27 23 30 27 31
split_gain=0.466526 0.163022 0.0610776 0.0883246 0.0860503 0.0791939 0.0790047 0.0740323 0.055624 0.053962 0.0476838 0.0313147 0.053452 0.0259578 0.0154678 0.014171 0.01303 0.0112466 0.0107827 0.0191778 0.00774537 0.00702775 0.00360216
threshold=0.72431503451410173 3.5285158736328763 0.35503414237306924 0.068778828171352543 -0.92532541983406058 0.76607464022335403 -0.010840673676989881 -0.13334722305965788 -0.42479291885923115 0.59689464743079257 1.4414986749656802 0.17600812324141016 1.2454403149967541 -0.037986190713287397 1.0731579883590634 -0.51425638777341265 -0.52163796020122322 0.51931041958125401 -0.24866235557184302 0.83971379600159002 0.31816348591503379 -0.24037798052427586 -0.010840673677964001
decision_type=2 2 2 2 2 2 2 2 2 2 2 2 2 2 2 2 2 2 2 2 2 2 2
left_child=2 9 3 4 20 -6 13 17 16 11 -10 12 -2 22 -15 -9 -5 -8 19 -11 -1 -20 -4
right_child=1 -3 6 8 5 -7 7 15 10 18 -12 -13 -14 14 -16 -17 -18 -19 21 -21 -22 -23 -24
leaf_value=-0.00083548733818251627 -0.00033007335760023285 0.0034532794825768522 0.00079123014534347464 -0.00055155096863444635 0.00042659062069646885 -0.00062782145084427855 -6.4797306336307269e-05 -8.2272359400733622e-05 -0.0015374522211624565 0 -0.00010644467701869351 0.0020752711385222419 0.0012688393857066616 -2.6511071150574484e-05 0.00075088428138182133 0.00052721710581931139 9.5798983520200076e-05 -0.00078859405854297244 -0.00037374693584570198 0.00095739110887865526 -0.00024046193799764223 0.00035192850970634028 0.00032639357293010106
leaf_weight=122 20 23 86 55 231 84 33 52 110 37 32 39 73 154 23 67 40 164 21 47 46 21 61
leaf_count=122 20 23 86 55 231 84 33 52 110 37 32 39 73 154 23 67 40 164 21 47 46 21 61
internal_value=2.29899e-05 0.0011307 -0.000205666 -0.000394668 -0.000152298 0.00013271 3.14422e-06 -0.000328049 -0.000868034 0.000874841 -0.00124454 0.00130371 0.000894168 0.000335381 6.86709e-05 0.000240821 -0.000253782 -0.00068514 0.000382418 0.000573053 -0.000697185 0 0.000628724
internal_weight=1641 281 1360 720 483 315 640 316 237 258 142 132 93 324 177 119 95 197 126 84 168 42 147
internal_count=1641 281 1360 720 483 315 640 316 237 258 142 132 93 324 177 119 95 197 126 84 168 42 147
is_linear=0
shrinkage=0.03


Tree=78
num_leaves=10
num_cat=0
split_feature=20 21 21 19 24 29 24 19 22
split_gain=0.321804 0.113554 0.103837 0.0861919 0.0858361 0.0679973 0.0169897 0.0268943 0.0134454
threshold=3.2689941525884527 -1.1922687947150508 1.989660348641167 -0.86946355712238044 -1.3899145663580275 0.66356880114372141 -1.5331566245374459 -0.91008027531956126 0.46450154722032305
decision_type=2 2 2 2 2 2 2 2 2
left_child=1 4 3 8 6 -5 -1 -8 -3
right_child=-2 2 -4 5 -6 -7 7 -9 -10
leaf_value=-0.00046430251109357012 0.0035471631735563276 -0.00074663883225953515 0.0015029472049630866 -9.7357267219588833e-06 0.0012149830812685711 -0.0013208188527590922 0.0010625594255204002 -5.6506037344859739e-05 0
leaf_weight=38 20 222 31 1096 104 34 24 52 20
leaf_count=38 20 222 31 1096 104 34 24 52 20
internal_value=2.25258e-05 -2.55864e-05 -0.000126672 -0.000168873 0.00060429 -5.52249e-05 4.657e-06 0.000285839 -0.000680125
internal_weight=1641 1621 1403 1372 218 1130 114 76 242
internal_count=1641 1621 1403 1372 218 1130 114 76 242
is_linear=0
shrinkage=0.03


Tree=79
num_leaves=17
num_cat=0
split_feature=25 14 19 33 31 34 29 22 33 34 33 22 27 16 19 17
split_gain=0.425857 0.150172 0.0467543 0.0434119 0.0495785 0.03958 0.0377288 0.0372622 0.0368279 0.107883 0.0670335 0.0354041 0.0266784 0.00684052 0.0047875 0.00138015
threshold=0.72431503451410173 1.7648299561539922 2.6134062382012471 -0.36182613354267901 -0.01094732280497865 -0.131602169935743 -0.19052242163051444 -0.32817321991638576 -0.34433482496162532 -0.13682794888905825 -0.361826133542757 0.31102881247075381 -0.24037798052427586 0.11944582384030576 0.10736505839030606 -1.0937989465114411
decision_type=2 2 2 2 2 2 2 2 2 2 2 2 2 2 2 2
left_child=2 3 5 13 12 8 15 -6 10 -10 -1 -8 -5 -2 -15 -7
right_child=1 -3 -4 4 7 6 11 -9 9 -11 -12 -13 -14 14 -16 -17
leaf_value=-8.7047388749980241e-05 0.00058408359042480757 0.0034668443195278874 0.0010709199318615719 -0.00018966062102699651 0.00099515309766490733 0.00030344141658861191 -0.00040136920776855789 0.0024847888477767506 -0.00035004020004295429 0.00066938073714039323 -0.000727073500564118 -0.0013633505838172536 0.00094803409407345134 0.00029399100259714132 -0.00021471043545618436 0
leaf_weight=550 49 20 22 27 59 21 106 33 208 163 206 64 36 34 23 20
leaf_count=550 49 20 22 27 59 21 106 33 208 163 206 64 36 34 23 20
internal_value=2.20244e-05 0.00108042 -0.000196355 0.000848875 0.00117364 -0.000221779 -0.000600787 0.00162265 -0.000146758 9.16009e-05 -0.000267583 -0.00079823 0.000428538 0.000327225 3.82533e-05 0.000148302
internal_weight=1641 281 1360 261 155 1338 211 92 1127 371 756 170 63 106 57 41
internal_count=1641 281 1360 261 155 1338 211 92 1127 371 756 170 63 106 57 41
is_linear=0
shrinkage=0.03


Tree=80
num_leaves=23
num_cat=0
split_feature=25 25 11 23 23 33 23 34 30 21 28 20 23 21 15 21 17 23 33 27 23 27
split_gain=0.403122 0.14486 0.0584775 0.0579556 0.0601783 0.0574608 0.0449901 0.0362868 0.093846 0.0443183 0.0404155 0.0353739 0.0329504 0.0298257 0.0271709 0.0175958 0.016401 0.0125215 0.0106304 0.0100027 0.0170897 0.00610476
threshold=0.72431503451410173 3.5285158736328763 -0.16527062906369455 0.59689464743079257 0.33384056981242854 -0.361826133542757 0.59689464743079257 -0.13971425441552479 -0.2247167003674839 0.025364740287689612 -0.10719247579236559 1.1228249329600211 0.17600812324141016 1.8862763692541418 -0.15059841278693673 -1.4105238623098815 0.075303231573704971 2.7458441122823509 -0.061026003298283581 -0.24866235557184302 0.83971379600159002 -0.24037798052427586
decision_type=2 2 2 2 2 2 2 2 2 2 2 2 2 2 2 2 2 2 2 2 2 2
left_child=2 6 7 4 11 -6 12 14 9 -9 -10 -4 15 17 16 -2 -1 -5 -16 20 -8 -21
right_child=1 -3 3 13 5 -7 19 8 10 -11 -12 -13 -14 -15 18 -17 -18 -19 -20 21 -22 -23
leaf_value=-0.0011610360419885676 0.001009694581469521 0.0032420089297498073 -0.0003539088007210473 0 -0.00022343588716593448 -0.0026090131643414496 0 -0.00056791789341826052 0.0017390111633497076 0.00016868114101717226 5.960004039419193e-05 -0.0014375490397796965 0.0019777368252564755 0.0010538446797138971 -0.00057210981222386987 0 -8.7104733398694895e-05 -0.00069787683101514217 8.9513987209476691e-05 -0.00035870192965649041 0.00090327150512952347 0.00031664060978800994
leaf_weight=41 72 23 431 174 20 22 37 95 41 289 24 29 39 20 24 21 28 23 99 21 47 21
leaf_count=41 72 23 431 174 20 22 37 95 41 289 24 29 39 20 24 21 28 23 99 21 47 21
internal_value=2.18142e-05 0.00105161 -0.000190606 -0.000375925 -0.000552401 -0.00163032 0.000809832 1.33886e-05 0.00016532 -8.78827e-06 0.00119302 -0.000437577 0.00120262 2.06562e-05 -0.000323602 0.000794677 -0.000788692 -8.34703e-05 -2.63217e-05 0.000356684 0.000540479 0
internal_weight=1641 281 1360 719 502 42 258 641 449 384 65 460 132 217 192 93 69 197 123 126 84 42
internal_count=1641 281 1360 719 502 42 258 641 449 384 65 460 132 217 192 93 69 197 123 126 84 42
is_linear=0
shrinkage=0.03


Tree=81
num_leaves=23
num_cat=0
split_feature=25 17 11 23 23 19 23 23 28 27 23 24 21 31 25 25 21 15 27 27 14 17
split_gain=0.381776 0.143342 0.0557556 0.0572964 0.0511452 0.0465593 0.0399343 0.0370854 0.0444001 0.117129 0.0540924 0.0348035 0.0232874 0.0232264 0.0239729 0.0192556 0.0177558 0.0101547 0.0075823 0.00348651 0.00267121 0.00117553
threshold=0.72431503451410173 -1.2026408028122104 -0.02730912956269493 0.59689464743079257 0.59689464743079257 0.12868866046259664 0.17600812324141016 0.77091503723986421 -0.10770025376800213 -0.24230908714790031 0.42287425762172098 -0.035626016298071987 -1.5139078416969063 -0.010844237471529869 0.0064546103476119136 0.35442812593076939 1.8058666075086778 -0.44796964645996934 -0.24927739263682056 -0.24037798052427586 -0.81364452443991186 0.11528220389117663
decision_type=2 2 2 2 2 2 2 2 2 2 2 2 2 2 2 2 2 2 2 2 2 2
left_child=2 -2 7 5 6 15 12 8 10 -10 -1 -7 -3 16 -15 -4 -5 21 20 -19 -9 -6
right_child=1 4 3 13 17 11 -8 18 9 -11 -12 -13 -14 14 -16 -17 -18 19 -20 -21 -22 -23
leaf_value=-0.00073994413630340571 0.0029609859117917946 0.00099599681685623876 -0.00045040677441933143 7.2730427526971061e-06 0.000707102092441774 -0.0017426937135348382 0.0020891954110314444 0.00028933850957080719 0.00072521655091259158 -0.00028021585385915477 0.00013551699259727629 -0.000555815017041716 0 -0.00082832276693975112 2.1557050872545983e-05 0.00040312345723783518 0.001125342824421823 -0.00018155672190559293 0 0.00027350018152197739 0.0010972651956602931 0.00015136211931322967
leaf_weight=156 29 82 275 38 31 49 33 22 165 268 96 65 21 36 101 20 22 40 20 20 27 25
leaf_count=156 29 82 275 38 31 49 33 22 165 268 96 65 21 36 101 20 22 40 20 20 27 25
internal_value=2.13121e-05 0.00102352 -0.000185357 -0.000398994 0.00075658 -0.00060038 0.00115226 -8.79081e-06 -8.04318e-05 9.83896e-05 -0.000397 -0.00112321 0.000773147 6.84555e-06 -0.000193305 -0.000378997 0.000498917 0.000250111 0.000634478 0 0.000829835 0.000530163
internal_weight=1641 281 1360 606 252 409 136 754 685 433 252 114 103 197 137 295 60 116 69 60 49 56
internal_count=1641 281 1360 606 252 409 136 754 685 433 252 114 103 197 137 295 60 116 69 60 49 56
is_linear=0
shrinkage=0.03


Tree=82
num_leaves=10
num_cat=0
split_feature=20 19 19 22 22 22 24 29 33
split_gain=0.27223 0.064086 0.0563892 0.0585056 0.104302 0.0923502 0.0224313 0.012331 0.000751066
threshold=3.2689941525884527 -1.3172615340620111 2.6134062382012471 0.76607464022335403 0.52008072055889842 1.6174024662196071 -1.4029365716470656 -0.18251644852295526 0.9885305016079261
decision_type=2 2 2 2 2 2 2 2 2
left_child=1 6 3 4 -3 -5 -1 -8 -9
right_child=-2 2 -4 5 -6 -7 7 8 -10
leaf_value=0 0.0032631934230904214 4.4630109589640989e-05 0.0011719890854499106 -0.00090475520001405592 0.0015240896036499178 7.0672705732941897e-05 -0.00015796955200795342 -0.0012669755202861358 -0.00045877426226987792
leaf_weight=33 20 1072 35 146 42 198 26 49 20
leaf_count=33 20 1072 35 146 42 198 26 49 20
internal_value=2.13376e-05 -2.27675e-05 3.10787e-05 0 0.000107038 -0.000338914 -0.000660062 -0.000887915 -0.00110326
internal_weight=1641 1621 1493 1458 1114 344 128 95 69
internal_count=1641 1621 1493 1458 1114 344 128 95 69
is_linear=0
shrinkage=0.03


Tree=83
num_leaves=23
num_cat=0
split_feature=25 17 11 23 23 19 20 23 20 23 28 34 23 30 25 25 21 15 28 24 14 22
split_gain=0.354188 0.132052 0.0523459 0.0524428 0.0474548 0.0438624 0.051274 0.0386027 0.0412923 0.0347954 0.0408645 0.0800718 0.0499151 0.0210298 0.0256589 0.0179888 0.0162283 0.00980907 0.00715364 0.00296534 0.00233394 0.00116688
threshold=0.72431503451410173 -1.2026408028122104 -0.02730912956269493 0.59689464743079257 0.59689464743079257 0.12868866046259664 -0.49937719482432524 0.17600812324141016 0.9761142153414345 0.77091503723986421 -0.10770025376800213 -0.13682794888905825 0.42287425762172098 -0.22532531241297099 -0.0099481556805973669 0.35442812593076939 1.8058666075086778 -0.44796964645996934 -0.1075682672927971 1.4619045919413025 -0.81364452443991186 -0.47843360583323252
decision_type=2 2 2 2 2 2 2 2 2 2 2 2 2 2 2 2 2 2 2 2 2 2
left_child=2 -2 9 5 7 15 -7 8 -3 10 12 -12 -1 14 -5 -4 -15 21 20 -19 -11 -6
right_child=1 4 3 13 17 6 -8 -9 -10 18 11 -13 -14 16 -16 -17 -18 19 -20 -21 -22 -23
leaf_value=-0.00070984654197302406 0.002847451085632201 -0.0001866723369196828 -0.00043180317415231038 -0.00085105913845626136 8.7398099821850485e-05 -0.00045652895244337345 -0.0018405122462287543 0.0020302113460687297 0.0010839317533612074 0.00028052174418233337 -0.00031846062942880856 0.00048931982340735358 0.00013027635274391451 0 3.4147004119779777e-05 0.00039144291028218425 0.0010765874874964355 -0.00017354891858561788 0 0.00024438739610132355 0.0010630519586615262 0.00065186071686912329
leaf_weight=156 29 26 275 35 20 67 47 33 77 22 208 225 96 34 106 20 22 40 20 20 27 36
leaf_count=156 29 26 275 35 20 67 47 33 77 22 208 225 96 34 106 20 22 40 20 20 27 36
internal_value=2.08874e-05 0.000986261 -0.000178107 -0.000385092 0.000729332 -0.00057772 -0.00108532 0.00111071 0.000738689 -6.9199e-06 -7.64513e-05 9.48847e-05 -0.000380268 2.49912e-06 -0.000177904 -0.000362544 0.000493526 0.000240261 0.000616113 0 0.000805858 0.000515809
internal_weight=1641 281 1360 606 252 409 114 136 103 754 685 433 252 197 141 295 56 116 69 60 49 56
internal_count=1641 281 1360 606 252 409 114 136 103 754 685 433 252 197 141 295 56 116 69 60 49 56
is_linear=0
shrinkage=0.03


Tree=84
num_leaves=20
num_cat=0
split_feature=25 25 11 19 24 14 15 23 15 20 24 14 21 15 24 11 16 33 5
split_gain=0.334964 0.129346 0.0498287 0.0493601 0.0378062 0.0336676 0.0459501 0.0311459 0.0362292 0.0481924 0.0256358 0.0244291 0.0238052 0.0199022 0.0116935 0.01151 0.00572843 0.0057152 0.00293861
threshold=0.72431503451410173 3.5285158736328763 -0.16527062906369455 1.5086360031469204 -0.21793409034460451 1.1335451682725772 0.97230943146002635 0.47143808733588038 0.18161254398300061 -0.8203444442078095 -1.1945844870224571 -0.19268683914873805 1.8518150427917999 1.7588643437606992 1.1103104491372755 1.1282619445732613 0.74684615308661717 -0.36182613356259574 -0.61673880509644841
decision_type=2 2 2 2 2 2 2 2 2 2 2 2 2 2 2 2 2 2 2
left_child=2 4 7 5 11 6 -4 8 9 -1 -10 -2 -5 -7 17 -13 18 -9 -6
right_child=1 -3 3 12 16 13 -8 14 10 -11 -12 15 -14 -15 -16 -17 -18 -19 -20
leaf_value=0.00020283051463336428 0.0021150243673831795 0.0030286226233718198 -0.00042299353249836716 0 0.00012170689874083588 0.00073053665488789028 -0.0016426489357363606 0.00093003702009136367 0.0007796810874318576 -0.00045214507464196588 -3.8636559971654021e-05 0.0010646516578895638 0.0011697784704342484 -0.00020603949342547182 0 0.0001013318895905589 0 0.00013341466020434521 0.00060265643267117051
leaf_weight=152 23 23 559 35 35 30 29 44 63 267 58 53 22 44 34 24 35 23 88
leaf_count=152 23 23 559 35 35 30 29 44 63 267 58 53 22 44 34 24 35 23 88
internal_value=2.08627e-05 0.000959711 -0.000172604 -0.000343721 0.000731087 -0.000419343 -0.000496256 1.53839e-05 -7.0973e-05 -0.000207679 0.000371791 0.00119754 0.000461608 0.000148362 0.000494669 0.000816956 0.000400413 0.000716865 0.000495767
internal_weight=1641 281 1360 719 258 662 588 641 540 419 121 100 57 74 101 77 158 67 123
internal_count=1641 281 1360 719 258 662 588 641 540 419 121 100 57 74 101 77 158 67 123
is_linear=0
shrinkage=0.03


Tree=85
num_leaves=24
num_cat=0
split_feature=25 17 11 25 24 31 21 34 30 21 28 24 16 24 19 17 15 24 29 14 27 28 27
split_gain=0.317373 0.124316 0.0470884 0.0475873 0.0351683 0.0314449 0.0521707 0.0287731 0.102938 0.044685 0.0440137 0.030919 0.0275914 0.0305295 0.0249527 0.0400856 0.0216622 0.0207298 0.0103668 0.00973728 0.006462 0.00440814 0.00148054
threshold=0.72431503451410173 -1.2026408028122104 -0.02730912956269493 -0.088074996528281033 -0.21793409034460451 -0.010852569310281264 -0.51452937428899703 -0.13829657615249813 -0.2251165308116175 0.025364740287689612 -0.10719247579236559 0.31596812650595502 1.4090163136674179 -1.4029365716470656 0.23023006755966705 1.4569766962313939 0.2653113212727049 -0.96018839181977256 -0.17357910727770834 -0.12316225186950269 -0.25011732718146001 -0.091103396076351414 -0.11754209406176656
decision_type=2 2 2 2 2 2 2 2 2 2 2 2 2 2 2 2 2 2 2 2 2 2 2
left_child=2 -2 7 12 14 20 -7 11 9 -9 -10 16 13 -4 17 -16 -1 -3 19 -6 -5 -14 -13
right_child=1 4 3 5 18 6 -8 8 10 -11 -12 22 21 -15 15 -17 -18 -19 -20 -21 -22 -23 -24
leaf_value=-0.00075617681770947652 0.0027400563093542586 0.001069101536879316 0 0.0010275725032389165 0.00037300195355273897 -0.0014124035512925021 9.5167804021447723e-06 -0.00060307983444918961 0.0015049129351566079 8.4347392020722413e-05 9.0047496384667061e-06 0.0005127708045407557 -0.0006742910642024071 -0.00061494024603996967 0.0020166457111326359 0.0001842238279464452 0 -1.9096418842673294e-05 0.00090172595301499735 -0.00015471259259001546 0.00016039839467022477 -0.0017412892780874084 0
leaf_weight=105 29 23 96 22 77 24 138 107 57 356 31 23 29 249 42 20 55 27 23 40 28 20 20
leaf_count=105 29 23 96 22 77 24 138 107 57 356 31 23 29 249 42 20 55 27 23 40 28 20 20
internal_value=2.10465e-05 0.000934944 -0.000167222 -0.000363519 0.000685656 0 -0.000204806 -4.67734e-06 0.000103868 -7.09401e-05 0.00102858 -0.000311086 -0.000557309 -0.00044145 0.00108878 0.00150748 -0.000509172 0.000457052 0.000326101 0.000168229 0.000635126 -0.00124283 0.000345901
internal_weight=1641 281 1360 606 252 212 162 754 551 463 88 203 394 345 112 62 160 50 140 117 50 49 43
internal_count=1641 281 1360 606 252 212 162 754 551 463 88 203 394 345 112 62 160 50 140 117 50 49 43
is_linear=0
shrinkage=0.03


Tree=86
num_leaves=22
num_cat=0
split_feature=25 15 24 11 23 23 22 33 34 33 28 24 31 19 23 15 25 11 22 19 28
split_gain=0.300402 0.11908 0.04785 0.0454511 0.0483199 0.0614519 0.0689844 0.0561231 0.0305911 0.0576203 0.0291711 0.0255483 0.0240022 0.0233461 0.0205958 0.0179752 0.0127935 0.00893373 0.0058022 0.00485104 0.0049126
threshold=0.72431503451410173 1.7588643437606992 -0.21793409034460451 -0.27671752213727424 0.59689464743079257 0.28122975428875568 0.76607464022335403 -0.361826133542757 -0.14013165643169276 -0.32763972400655683 -0.10715155469447485 0.32899013179499309 -0.010840673677963838 0.23023006755966705 0.47143808733588038 0.2653113212727049 -0.11347624184764997 0.712190405786434 -0.32817321991638576 2.2407494670836727 -0.099396505782442371
decision_type=2 2 2 2 2 2 2 2 2 2 2 2 2 2 2 2 2 2 2 2 2
left_child=3 2 13 8 5 6 -5 -7 11 14 -11 15 16 18 -10 -1 -6 -14 -2 20 -4
right_child=1 -3 19 4 12 7 -8 -9 9 10 -12 -13 17 -15 -16 -17 -18 -19 -20 -21 -22
leaf_value=-0.00071547935908573292 9.0403099803047034e-05 0.0027782306279987095 0.00046406357469130102 -0.00015255215181462356 -0.00014612211043277056 -0.00045191789462842281 -0.0010960561892836642 -0.0022520097009837625 -0.00010434935480827097 0.0015884639737573829 3.1935292215126938e-06 0.00036685590746971528 0 0.0017100597400660626 0.00042968133440126108 0 0.00048766912073146414 -0.00062673386736920595 0.00089656558404253286 0 0
leaf_weight=88 24 26 107 422 29 45 84 29 227 34 20 38 61 47 86 57 102 38 30 27 20
leaf_count=88 24 26 107 422 29 45 84 29 227 34 20 38 61 47 86 57 102 38 30 27 20
internal_value=2.09341e-05 0.0009101 0.000677906 -0.000162181 -0.000305165 -0.000451026 -0.000320612 -0.00125658 4.34829e-05 0.000205643 0.00108503 -0.000263666 5.08547e-05 0.00118779 3.55737e-05 -0.000453263 0.000324846 -0.000281178 0.000614518 0.000308084 0.000384985
internal_weight=1641 281 255 1360 810 580 506 74 550 367 54 183 230 101 313 145 131 99 54 154 127
internal_count=1641 281 255 1360 810 580 506 74 550 367 54 183 230 101 313 145 131 99 54 154 127
is_linear=0
shrinkage=0.03


Tree=87
num_leaves=22
num_cat=0
split_feature=25 14 11 23 23 22 33 23 23 28 34 23 20 23 19 20 22 8 23 23 20
split_gain=0.284441 0.118114 0.0433521 0.0424682 0.0530384 0.0540426 0.0489084 0.0365572 0.0274516 0.0347938 0.0528462 0.0244734 0.0402207 0.0235691 0.0191811 0.00966069 0.0094424 0.00824043 0.00497701 0.0049407 0.00309919
threshold=0.72431503451410173 1.7648299561539922 -0.16527062906369455 0.59689464743079257 0.28122975428875568 0.76607464022335403 -0.361826133542757 0.59689464743079257 0.47143808733588038 -0.10770215908039667 -0.13682794888905825 0.17600812324141016 0.9761142153414345 0.42287425762172098 2.6134062382012471 -0.64069858394167067 2.1284705499084002 0.33768609567130897 0.83971379600159002 0.77091503723986421 0.044350938056118276
decision_type=2 2 2 2 2 2 2 2 2 2 2 2 2 2 2 2 2 2 2 2 2
left_child=2 7 8 4 5 -4 -6 11 9 13 -11 12 -2 -1 16 -10 -5 18 -9 -17 -19
right_child=1 -3 3 14 6 -7 -8 17 15 10 -12 -13 -14 -15 -16 19 -18 20 -20 -21 -22
leaf_value=-0.00073192856321794371 -0.00022594062916147682 0.0029998812726496353 -0.00017623920221488857 2.7723026274047186e-07 -0.00044821118593283343 -0.0010482754655453523 -0.0023837140667438503 6.2947670256835404e-05 0.00077674315836937977 -0.00026172181450331172 0.00041881401284605516 0.0017000863203263307 0.0010373434461530689 4.2222609426429924e-05 0.00083090952034399381 -0.00015072452207095919 -0.00059747959569526399 0.00013932170480003824 0.00064308908428017952 0.00036025572170370393 -0.00032138394624116302
leaf_weight=95 26 20 366 173 35 79 22 37 48 200 201 39 73 44 21 21 23 20 46 32 20
leaf_count=95 26 20 366 173 35 79 22 37 48 200 201 39 73 44 21 21 23 20 46 32 20
internal_value=2.04005e-05 0.000885664 -0.000157733 -0.000317396 -0.000468546 -0.00034373 -0.00132708 0.000680043 1.73439e-05 -6.34181e-05 7.25459e-05 0.00101907 0.000679273 -0.000470032 2.02552e-05 0.00046736 -6.27421e-05 0.00026065 0.000430573 0.000106992 -2.76147e-05
internal_weight=1641 281 1360 719 502 445 57 261 641 540 401 138 99 139 217 101 196 123 83 53 40
internal_count=1641 281 1360 719 502 445 57 261 641 540 401 138 99 139 217 101 196 123 83 53 40
is_linear=0
shrinkage=0.03


Tree=88
num_leaves=15
num_cat=0
split_feature=25 17 21 25 22 22 25 23 17 19 21 14 33 34
split_gain=0.269372 0.127232 0.0523916 0.0343261 0.0400462 0.104287 0.0602093 0.0230404 0.0135293 0.0203669 0.011343 0.0136036 0.00292836 0.00258243
threshold=0.8757146125649532 -1.4214262205501438 1.989660348641167 -1.2021742204914938 0.76607464022335403 0.52008072055889842 -0.018136382089866229 0.59689464743079257 1.4569766962313939 0.20687520274821322 -0.7098102242422667 0.50603976924909044 -0.3618261335430083 -0.13335664221464388
decision_type=2 2 2 2 2 2 2 2 2 2 2 2 2 2
left_child=2 -2 3 10 5 -5 -6 8 9 -3 11 -1 -9 -12
right_child=1 7 -4 4 6 -7 -8 12 -10 -11 13 -13 -14 -15
leaf_value=-0.001188882028279097 0.0031819674123847938 0.00049855332012521106 0.0011968702028792063 -6.6175944695079334e-05 -0.00076482103284493061 0.0014138227732075999 5.674274897876572e-05 0.00035714788044424495 7.9621524145097824e-05 0.0015411005905460052 0 -7.732785169355337e-05 0 -0.00037286284577302546
leaf_weight=43 20 45 23 890 169 42 138 45 20 55 21 21 24 85
leaf_count=43 20 45 23 890 169 42 138 45 20 55 21 21 24 85
internal_value=1.99892e-05 0.0010197 -0.000125654 -0.000151864 -9.34151e-05 1.63305e-06 -0.000388866 0.000729119 0.000984924 0.00112927 -0.000551508 -0.000888723 0.000220073 -0.000301528
internal_weight=1641 209 1432 1409 1239 932 307 189 120 100 170 64 69 106
internal_count=1641 209 1432 1409 1239 932 307 189 120 100 170 64 69 106
is_linear=0
shrinkage=0.03


Tree=89
num_leaves=23
num_cat=0
split_feature=25 14 11 23 19 23 25 19 23 27 27 23 23 21 31 25 27 23 16 27 27 14
split_gain=0.256437 0.109591 0.0400311 0.0416372 0.0377665 0.0327803 0.0292626 0.0284216 0.0275449 0.0338587 0.0696779 0.0534513 0.0220165 0.0199145 0.0176549 0.00897158 0.00764891 0.0118302 0.00713043 0.00657871 0.00646672 0.00214774
threshold=0.72431503451410173 1.7648299561539922 -0.02730912956269493 0.59689464743079257 0.24952240790820776 0.59689464743079257 0.40545153912258419 0.46479047019286635 0.77091503723986421 -0.25058664149957566 -0.24187342368775369 0.42287425762172098 0.17600812324141016 -1.6632402563670539 -0.010840673677963838 -0.11347624184764997 -0.24866235557184302 0.83971379600159002 0.94356668865530546 -0.24037798052427586 -0.24927739263682056 -0.81364452443991186
decision_type=2 2 2 2 2 2 2 2 2 2 2 2 2 2 2 2 2 2 2 2 2 2
left_child=2 5 8 4 6 12 -4 -6 9 11 -11 -1 13 -2 15 -5 17 -7 -16 -18 21 -10
right_child=1 -3 3 14 7 16 -8 -9 20 10 -12 -13 -14 -15 18 -17 19 -19 -20 -21 -22 -23
leaf_value=-0.000808696794160839 0.00095089785060421979 0.0028782254638879193 -0.00040488696602198953 -0.00012136338258278556 -0.0016907429852442873 0 0.00065099641110282391 -0.0005150758673130026 0.00023587457455694674 0.00048666955835599188 -0.00023897865840498287 0.00011822821565543893 0.0016125653175487449 0 0 0.00040903988681290478 -0.00042480717581202041 0.00072975113015483184 -0.00055926039351881791 0.00025908499123761426 0 0.00097552360557019702
leaf_weight=115 63 20 288 29 37 37 21 63 22 208 266 96 39 36 35 90 21 44 43 21 20 27
leaf_count=115 63 20 288 29 37 37 21 63 22 208 266 96 39 36 35 90 21 44 43 21 20 27
internal_value=1.97949e-05 0.000841437 -0.000149248 -0.000330171 -0.000501997 0.000643064 -0.000317943 -0.00101577 0 -6.15111e-05 7.42181e-05 -0.000377204 0.000964458 0.000639812 1.3744e-05 0.000255386 0.000244288 0.000413781 -0.000313683 -2.17185e-05 0.000555119 0.000733896
internal_weight=1641 281 1360 606 409 261 309 100 754 685 474 211 138 99 197 119 123 81 78 42 69 49
internal_count=1641 281 1360 606 409 261 309 100 754 685 474 211 138 99 197 119 123 81 78 42 69 49
is_linear=0
shrinkage=0.03


Tree=90
num_leaves=22
num_cat=0
split_feature=25 17 11 23 23 33 11 23 23 20 19 17 11 15 21 27 25 15 17 27 17
split_gain=0.242906 0.106347 0.0382256 0.0403428 0.054797 0.0519975 0.0410079 0.0309551 0.0344056 0.0308301 0.0275687 0.0266832 0.029584 0.0257628 0.0189306 0.0115256 0.00808815 0.00806862 0.00794001 0.00282664 0.00133617
threshold=0.72431503451410173 -1.2026408028122104 -0.27671752213727424 0.59689464743079257 0.2731357826697291 -0.361826133542757 0.58763005665640577 0.59689464743079257 0.17600812324141016 0.9761142153414345 -0.81057012994624067 -0.27569175343686542 -0.69899990854358884 0.1125750071900511 1.8862763692541418 -0.25058669289067015 0.47209795399973564 -0.5402822088262017 0.29558590603532087 -0.24037798052427586 0.11528220389117663
decision_type=2 2 2 2 2 2 2 2 2 2 2 2 2 2 2 2 2 2 2 2 2
left_child=2 -2 10 4 6 -6 -4 8 9 -3 13 12 -12 18 15 -5 -13 20 -1 -19 -9
right_child=1 7 3 14 5 -7 -8 17 -10 -11 11 16 -14 -15 -16 -17 -18 19 -20 -21 -22
leaf_value=-0.00071063666865520646 0.0024876652415478017 -0.00023432165626757618 -6.26139604327522e-05 0.00038249933964495237 -0.00049246082229039334 -0.0021054483809857627 -0.00065559847544176015 0.00061522986303845593 0.0017515946217754388 0.00085652525138575576 0.00018301872728092427 0.00023517097973441381 -0.00054201860663287535 0.00035600202568722043 0.00087042827849559813 -0.00015189024042634277 0.00069824289048888853 -0.00017580313715354905 0 0.00022089387990696272 7.7412340790033329e-05
leaf_weight=77 29 26 324 42 64 29 163 30 33 77 139 142 74 30 20 168 67 43 21 20 23
leaf_count=77 29 26 324 42 64 29 163 30 33 77 139 142 74 30 20 168 67 43 21 20 23
internal_value=1.9652e-05 0.00081936 -0.000144821 -0.000276032 -0.000409388 -0.00107676 -0.000270008 0.0005886 0.000897727 0.000554025 4.34428e-05 0.000165247 -5.90128e-05 -0.000329818 4.83223e-05 -2.70458e-05 0.000405551 0.00018747 -0.000573804 -9.67435e-08 0.000452059
internal_weight=1641 281 1360 810 580 93 487 252 136 103 550 422 213 128 230 210 209 116 98 63 53
internal_count=1641 281 1360 810 580 93 487 252 136 103 550 422 213 128 230 210 209 116 98 63 53
is_linear=0
shrinkage=0.03


Tree=91
num_leaves=14
num_cat=0
split_feature=17 21 19 21 29 24 19 24 31 14 17 8 34
split_gain=0.209758 0.0684264 0.0672344 0.0557185 0.0466039 0.0442363 0.0111363 0.0255823 0.0101355 0.0134567 0.00771226 0.00613468 0.00364896
threshold=-2.009596726044768 -1.1922687947150508 -0.83189295725759516 2.04709589274507 0.66356880114372141 -1.3899145663580275 -0.91008027531956126 -1.5331566245374459 -0.010840668819471747 -0.016243168211452389 1.5810908086238087 -0.37621482019736374 -0.13334722655796241
decision_type=2 2 2 2 2 2 2 2 2 2 2 2 2
left_child=-1 5 8 4 -4 6 7 -2 9 -3 -7 -8 -10
right_child=1 2 3 -5 -6 10 11 -9 12 -11 -12 -13 -14
leaf_value=0.0028043628333107333 -0.00023044756807964937 -0.00082829749276791521 2.9625600293637672e-06 0.0014018779401853679 -0.001077398473245872 0.00097864327507065328 2.2543075156610696e-05 0.0010039039707432191 -0.00032036752977728606 -0.00017960765563845399 0.00011032339440577702 -0.00050796329976353599 2.7004674355599225e-05
leaf_weight=21 26 130 1079 22 34 96 20 24 53 56 20 35 25
leaf_count=21 26 130 1079 22 34 96 20 24 53 56 20 35 25
internal_value=1.93491e-05 -2.00214e-05 -9.95408e-05 0 -3.01597e-05 0.00046456 0 0.000328725 -0.000527883 -0.000654817 0.000860699 -0.00027214 -0.000175117
internal_weight=1641 1620 1399 1135 1113 221 105 50 264 186 116 55 78
internal_count=1641 1620 1399 1135 1113 221 105 50 264 186 116 55 78
is_linear=0
shrinkage=0.03


Tree=92
num_leaves=18
num_cat=0
split_feature=25 25 23 23 22 22 21 25 25 24 14 34 20 34 8 14 22
split_gain=0.223521 0.100801 0.0329688 0.0664735 0.048047 0.106089 0.0326026 0.0284342 0.0277193 0.0276591 0.0247287 0.0195423 0.0132784 0.00895416 0.00491869 0.00726145 0.00450925
threshold=0.72431503451410173 3.5285158736328763 0.42287425762172098 0.2731357826697291 0.76607464022335403 0.52008072055889842 -0.45709383018509425 -0.33147173362402094 -0.1171781584838137 -0.23746709827816156 -0.19268683914873805 -0.13334722614603206 0.9761142153414345 -0.13334722614306363 0.87138786629612397 0.0966252626575409 1.9785424759397661
decision_type=2 2 2 2 2 2 2 2 2 2 2 2 2 2 2 2 2
left_child=2 9 3 4 5 -1 -4 -6 16 10 -2 -10 -12 -5 15 -11 -8
right_child=1 -3 6 13 7 -7 8 -9 11 14 12 -13 -14 -15 -16 -17 -18
leaf_value=-0.00013501173094594812 0.0018742936694851288 0.0026113073906789603 -0.0009618507107079494 -0.0013277818283710914 -0.0011749204319754713 0.0013664668619787941 -7.8817640316768887e-05 -0.00028027591906616825 -3.0097234667459079e-05 0.00017976307472241231 0 0.00047183235433259315 0.00084814693249665707 -0.00047057960436270544 -1.1006415811488802e-05 0.00072564174660459842 -0.00067442773502821528
leaf_weight=687 23 23 21 49 54 42 49 109 90 100 20 198 55 38 20 40 23
leaf_count=687 23 23 21 49 54 42 49 109 90 100 20 198 55 38 20 40 23
internal_value=1.8999e-05 0.000786197 -0.000138698 -0.000231534 -0.000148635 -3.91627e-05 9.19823e-05 -0.000610611 0.000169161 0.000583854 0.000989317 0.000305977 0.000617812 -0.00101487 0.000303467 0.000368659 -0.000328449
internal_weight=1641 281 1360 979 892 729 381 163 360 258 98 288 75 87 160 140 72
internal_count=1641 281 1360 979 892 729 381 163 360 258 98 288 75 87 160 140 72
is_linear=0
shrinkage=0.03


Tree=93
num_leaves=22
num_cat=0
split_feature=25 17 11 25 33 33 23 23 20 23 27 15 7 20 24 15 31 27 5 14 22
split_gain=0.211926 0.0975344 0.0351114 0.0400805 0.0361151 0.0536165 0.0259847 0.0349274 0.0271112 0.0255016 0.0360368 0.0374655 0.0274015 0.0193865 0.0201796 0.00783563 0.006385 0.00302157 0.00283652 0.00252735 0.000974222
threshold=0.72431503451410173 -1.2026408028122104 -0.0030482744079348813 -0.15731325921542302 -0.36182613354268189 -0.36182613354278109 0.59689464743079257 0.17600812324141016 0.9761142153414345 0.77091503723986421 -0.25058669289062785 0.18161254398300061 -0.65216808060909293 1.1228249329600211 -1.4159585769361036 -0.44796964645996934 -0.010840673677964001 -0.24037798052427586 0.65697164002787256 -0.81364452443991186 -0.47843360583323252
decision_type=2 2 2 2 2 2 2 2 2 2 2 2 2 2 2 2 2 2 2 2 2
left_child=2 -2 9 13 5 -5 7 8 -3 10 12 -12 -1 14 -4 20 19 -17 -6 -11 -8
right_child=1 6 3 4 18 -7 15 -9 -10 16 11 -13 -14 -15 -16 17 -18 -19 -20 -21 -22
leaf_value=0 0.0023628043304197489 -0.0002478871750003048 -8.2322413848290563e-06 0 0.00063055742312571959 -0.0016065791155333103 3.8531444399901048e-05 0.0016800345543306319 0.00077265386687886339 0.00019981596769765017 -0.00010454056447633774 0.00046659058179343549 -0.0012035305697084744 -0.0012918927162885664 -0.00055782164684917439 -0.00020721717704856379 0 0.00019805381025957022 5.770062905503436e-05 0.00092981368857726924 0.00054195807573313899
leaf_weight=21 29 26 94 120 57 20 20 33 77 22 514 126 38 27 248 40 20 20 24 29 36
leaf_count=21 29 26 94 120 57 20 20 33 77 22 514 126 38 27 248 40 20 20 24 29 36
internal_value=1.83523e-05 0.00076543 -0.000135151 -0.000308662 0 -0.000278738 0.000544205 0.000828092 0.000487015 0 -5.73479e-05 4.88758e-06 -0.000748402 -0.00049884 -0.000416846 0.000173676 0.000528163 -2.15095e-05 0.000504659 0.000699064 0.000424112
internal_weight=1641 281 1360 590 221 140 252 136 103 770 699 640 59 369 342 116 71 60 81 51 56
internal_count=1641 281 1360 590 221 140 252 136 103 770 699 640 59 369 342 116 71 60 81 51 56
is_linear=0
shrinkage=0.03


Tree=94
num_leaves=21
num_cat=0
split_feature=25 14 11 25 23 28 27 15 24 15 14 11 28 27 15 25 7 16 0 0
split_gain=0.200647 0.0953237 0.0339795 0.0511003 0.0372692 0.0469942 0.0809794 0.045651 0.0322254 0.0184109 0.0175755 0.0162748 0.0154831 0.0133936 0.0192856 0.0101904 0.00560407 0.00442307 0.00266546 0.000337779
threshold=0.72431503451410173 1.7648299561539922 0.4867172996102645 -0.12136729009575516 0.77091503723986421 -0.10770215908039667 -0.24187342368775369 -0.010323787262979148 -0.23746709827816156 2.6298548579848702 0.988402510794269 1.2779896754816857 -0.097129893632007899 -0.25011732718146001 -0.59775687949961775 0.23844262572123162 0.21414382422292846 0.768478357226687 -0.38298956852170968 -0.18834862144014683
decision_type=2 2 2 2 2 2 2 2 2 2 2 2 2 2 2 2 2 2 2 2
left_child=2 8 4 9 5 7 -7 -1 11 12 15 18 -4 14 -6 -5 17 -10 -2 -18
right_child=1 -3 3 10 13 6 -8 -9 16 -11 -12 -13 -14 -15 -16 -17 19 -19 -20 -21
leaf_value=-0.0002794889850980932 0.00051568139704445801 0.0026432338838020095 -0.00047949022038989839 -0.00047762870863953135 0.00028233063400138987 0.00041344316444523617 -0.00027719444355557869 -0.0015923831285243586 0.00046055753635009742 4.2298481178780332e-06 0.00067524963371688501 0.00015196785179833912 -0.0011304972973974565 0 0.0014298934467369688 0.00015133594693337649 -0.00010703246846795082 0 0.0013725119371068766 2.7664375344655752e-05
leaf_weight=285 23 20 118 37 56 282 324 25 87 24 32 26 75 38 21 43 22 27 56 20
leaf_count=285 23 20 118 37 56 282 324 25 87 24 32 26 75 38 21 43 22 27 56 20
internal_value=1.80813e-05 0.000745046 -0.000131231 -0.000396364 -4.28187e-05 -0.000109783 3.97188e-05 -0.0004092 0.000559844 -0.000664013 9.99134e-05 0.000970305 -0.00076121 0.000454375 0.000674687 -0.000110165 0.000251608 0.000359361 0.00118763 0
internal_weight=1641 281 1360 329 1031 916 606 310 261 217 112 105 193 115 77 80 156 114 79 42
internal_count=1641 281 1360 329 1031 916 606 310 261 217 112 105 193 115 77 80 156 114 79 42
is_linear=0
shrinkage=0.03


Tree=95
num_leaves=20
num_cat=0
split_feature=25 25 11 25 33 33 27 27 27 23 24 16 24 23 20 28 8 24 2
split_gain=0.190112 0.0910713 0.032314 0.0363381 0.033064 0.0500435 0.0247714 0.0273456 0.128691 0.0516356 0.0240734 0.0231091 0.0211982 0.0177356 0.0209242 0.0120224 0.00425122 0.00597765 0.00327168
threshold=0.72431503451410173 3.5285158736328763 -0.0030482744079348813 -0.15731325921542302 -0.36182613354268189 -0.36182613354278109 0.94890884815719956 -0.25044171506741458 -0.24420438414850007 0.42287425762172098 -0.21793409034460451 1.3066018066744498 -1.3638705557799515 0.17600812324141016 0.9922822559365545 -0.094915264739261651 0.87138786629612397 0.10761604188134644 -0.59200815190724387
decision_type=2 2 2 2 2 2 2 2 2 2 2 2 2 2 2 2 2 2 2
left_child=2 10 6 11 5 -5 7 9 -9 -1 13 12 -4 14 -2 -13 17 -12 -6
right_child=1 -3 3 4 18 -7 -8 8 -10 -11 16 15 -14 -15 -16 -17 -18 -19 -20
leaf_value=-0.00041821159041392086 -0.00010849296167978773 0.0024600605504730574 1.554360952871575e-07 0 0 -0.0015492658117867034 -0.00096896227117141949 0.0011793115045157002 -9.7601849917962048e-05 0.00028659423528064895 0 -0.00049256374409222708 -0.00050976744695418617 0.0017224019016139208 0.00087730690788838167 -0.0015672742065840533 -2.0457612795998214e-05 0.00042342195690650005 0.00059340239711491445
leaf_weight=237 20 23 94 120 20 20 20 91 276 146 26 39 211 21 59 25 20 112 61
leaf_count=237 20 23 94 120 20 20 20 91 276 146 26 39 211 21 59 25 20 112 61
internal_value=1.79694e-05 0.00072563 -0.00012732 -0.000293773 0 -0.000266629 0 3.04862e-05 0.000217904 -0.000141628 0.000533017 -0.000474856 -0.0003444 0.000905197 0.000596313 -0.00100853 0.000266348 0.000328742 0.000482942
internal_weight=1641 281 1360 590 221 140 770 750 367 383 258 369 305 100 79 64 158 138 81
internal_count=1641 281 1360 590 221 140 770 750 367 383 258 369 305 100 79 64 158 138 81
is_linear=0
shrinkage=0.03


Tree=96
num_leaves=21
num_cat=0
split_feature=25 14 11 25 23 27 27 33 24 15 14 19 27 15 19 15 25 4 14 21
split_gain=0.179802 0.0881857 0.030811 0.04628 0.034155 0.0417944 0.064867 0.0527979 0.0285741 0.0170301 0.0164678 0.0158507 0.0124976 0.0179638 0.0113859 0.0107499 0.00965278 0.00597914 0.00451662 0.00699491
threshold=0.72431503451410173 1.7648299561539922 0.4867172996102645 -0.12136729009575516 0.77091503723986421 -0.25058664149957566 -0.24187342368775369 -0.36182613354268672 -0.21793409034460451 2.6298548579848702 0.988402510794269 0.23023006755966705 -0.25011732718146001 -0.59775687949961775 1.3725701216253585 0.017711053428495636 0.23844262572123162 -0.089713377419709542 0.46141238875223306 -0.18140321848636079
decision_type=2 2 2 2 2 2 2 2 2 2 2 2 2 2 2 2 2 2 2 2
left_child=2 8 4 9 5 7 -7 -1 11 14 16 17 13 -6 -4 -13 -5 -2 19 -10
right_child=1 -3 3 10 12 6 -8 -9 18 -11 -12 15 -14 -15 -16 -17 -18 -19 -20 -21
leaf_value=-0.00053912161095138957 0.00081704888555585696 0.0025316049898772134 -0.00080204231813009268 -0.00046561102718696931 0.00026846235057425888 0.00034122294189504684 -0.00026254872014930833 0.00082528508692565887 0 7.5960813555866417e-06 0.00065237628491927999 0.0019441982600837946 0 0.0013787622302770613 0 0.00069906872898961114 0.00014562972563536553 5.9647876341399302e-05 -3.5861506753055176e-05 0.00044148203820168415
leaf_weight=259 20 20 173 37 56 309 324 24 35 24 32 20 38 21 20 33 43 34 26 93
leaf_count=259 20 20 173 37 56 309 324 24 35 24 32 20 38 21 20 33 43 34 26 93
internal_value=1.73789e-05 0.000705628 -0.000123865 -0.000376355 -3.95332e-05 -0.000103764 2.76857e-05 -0.00040548 0.000527164 -0.000631171 9.48495e-05 0.000908019 0.000436285 0.00064912 -0.00072481 0.00130148 -0.000107536 0.000421037 0.000231141 0.000307856
internal_weight=1641 281 1360 329 1031 916 633 283 261 217 112 107 115 77 193 53 80 54 154 128
internal_count=1641 281 1360 329 1031 916 633 283 261 217 112 107 115 77 193 53 80 54 154 128
is_linear=0
shrinkage=0.03


Tree=97
num_leaves=14
num_cat=0
split_feature=17 25 28 27 33 24 33 33 31 22 27 6 21
split_gain=0.182383 0.108359 0.0433068 0.0417792 0.0784495 0.0389691 0.0339204 0.0412644 0.0307607 0.0392224 0.0310248 0.0280203 0.00824475
threshold=-2.009596726044768 0.53549833748371223 -0.10770297636354052 -0.24094684439281108 -0.34433482496162532 -0.087714037454224139 -0.36182613354268672 -0.36182613354293103 -0.011115658887234056 -0.26110159170212199 -0.24037798052427586 0.085975610666778904 0.59972018132671812
decision_type=2 2 2 2 2 2 2 2 2 2 2 2 2
left_child=-1 2 11 4 -4 -5 7 12 10 -10 -8 -2 -3
right_child=1 6 3 5 -6 -7 8 -9 9 -11 -12 -13 -14
leaf_value=0.0026146261291869447 -0.0015273816288356422 0.00043872802933735637 -0.00015918335649173392 -0.0005914350119473323 0.00054996803246209417 0 -0.00055942742802504014 -0.0009174763298773717 0.00056581746955357845 0.0017874270622316446 0.00059166128405530993 0 -9.4016807025971978e-06
leaf_weight=21 31 95 567 252 183 167 31 28 123 34 49 21 39
leaf_count=21 31 95 567 252 183 167 31 28 123 34 49 21 39
internal_value=1.7617e-05 -1.89703e-05 -0.000161047 -0.000119089 1.13673e-05 -0.000358134 0.000406299 4.94467e-05 0.000634057 0.000877674 0.000105372 -0.000991786 0.000289055
internal_weight=1641 1620 1221 1169 750 419 399 162 237 157 80 52 134
internal_count=1641 1620 1221 1169 750 419 399 162 237 157 80 52 134
is_linear=0
shrinkage=0.03


Tree=98
num_leaves=13
num_cat=0
split_feature=17 21 21 20 22 15 23 1 11 27 31 7
split_gain=0.172933 0.0493428 0.0501601 0.0463458 0.0745771 0.0372845 0.0327233 0.00980589 0.00670102 0.0112526 0.00845074 0.00398496
threshold=-2.009596726044768 -1.1922687947150508 2.04709589274507 -0.48021498769385645 -0.29973285568185021 1.6805696584974699 0.59689464743079257 1.2507007651858342 0.97993784543282036 1.0000000180025095e-35 -0.01321159920560637 0.71708423546646072
decision_type=2 2 2 2 2 2 2 2 2 2 2 2
left_child=-1 5 3 4 -3 8 -5 11 10 -10 -2 -7
right_child=1 2 -4 6 -6 7 -8 -9 9 -11 -12 -13
leaf_value=0.002545992103376193 0.0001007693136529997 -1.4571332268880626e-05 0.0012361965007334946 -0.00041817638770424959 0.0011603472837145913 -0.00018763753306120631 -1.3606324494975512e-05 -0.00068058530812192223 0 0.00078240619245511687 0.0009605592514569985 0.0003149104401444285
leaf_weight=21 22 536 22 478 50 21 313 20 34 20 79 25
leaf_count=21 22 536 22 478 50 21 313 20 34 20 79 25
internal_value=1.71326e-05 -1.8446e-05 -8.6229e-05 -0.000112172 8.59838e-05 0.000392657 -0.000262522 -0.000164337 0.000647433 0.000263323 0.000810434 2.68202e-05
internal_weight=1641 1620 1399 1377 586 221 791 66 155 54 101 46
internal_count=1641 1620 1399 1377 586 221 791 66 155 54 101 46
is_linear=0
shrinkage=0.03


Tree=99
num_leaves=14
num_cat=0
split_feature=17 25 28 11 27 11 17 33 33 31 22 27 31
split_gain=0.163938 0.0989419 0.0415842 0.0446122 0.0378335 0.0372502 0.0347787 0.031025 0.0387811 0.0275077 0.0426303 0.0269223 0.00792649
threshold=-2.009596726044768 0.53549833748371223 -0.10770297636354052 0.40939843398471332 -0.24187342368775369 0.38963575223555225 1.3233811249345755 -0.36182613354268672 -0.36182613354293103 -0.010982144933049555 -0.26110159170212199 -0.24037798052427586 -0.010840673677964001
decision_type=2 2 2 2 2 2 2 2 2 2 2 2 2
left_child=-1 2 5 4 -4 -2 -5 8 12 11 -11 -9 -3
right_child=1 7 3 6 -6 -7 -8 9 -10 10 -12 -13 -14
leaf_value=0.0024791598497249652 -0.0016297701774747109 0.00042638133950733423 0.0001593047637260218 -0.00053874287840974039 -0.00025324326922490854 0 0.00029957318023127524 -0.00046263597768454539 -0.00089027631706407948 0.00053289175939391414 0.0018347358215661882 0.00057980784163317776 -1.233091648204468e-05
leaf_weight=21 29 95 525 279 319 23 46 34 28 123 31 49 39
leaf_count=21 29 95 525 279 319 23 46 34 28 123 31 49 39
internal_value=1.69356e-05 -1.76572e-05 -0.0001535 -0.000112353 0 -0.000967393 -0.000409288 0.000388624 4.64782e-05 0.000606491 0.000844111 0.000116657 0.000279325
internal_weight=1641 1620 1221 1169 844 52 325 399 162 237 154 83 134
internal_count=1641 1620 1221 1169 844 52 325 399 162 237 154 83 134
is_linear=0
shrinkage=0.03


Tree=100
num_leaves=15
num_cat=0
split_feature=17 25 28 11 11 15 17 24 17 24 23 24 19 14
split_gain=0.155434 0.0933173 0.0394155 0.0419298 0.0351923 0.0351056 0.0328574 0.0289022 0.0205547 0.0404872 0.0190772 0.0150592 0.0142627 0.0115488
threshold=-2.009596726044768 0.53549833748371223 -0.10770297636354052 0.40939843398471332 0.38963575223555225 0.18161254398300061 1.3233811249345755 -0.21793409034460451 -0.39557554635358444 0.36805614766210726 -1.0218996763745241 0.73267229575517223 0.23023006755966705 0.5188315223493648
decision_type=2 2 2 2 2 2 2 2 2 2 2 2 2 2
left_child=-1 2 4 5 -2 -4 -5 10 9 -9 13 -10 -12 -3
right_child=1 7 3 6 -6 -7 -8 8 11 -11 12 -13 -14 -15
leaf_value=0.0024140818550658877 -0.0015854608013760297 0.00060517042739640758 -8.5230538367279612e-05 -0.00052275252749925448 0 0.00042449074819427435 0.00029113621876069597 -0.0011943870530499575 0.00048433098078674516 0.00023996685585938392 0.00058642406087066679 -6.6071472794646964e-05 0.001859172715601744 -0.00014819649303250985
leaf_weight=21 29 43 700 279 23 144 46 23 163 47 34 48 21 20
leaf_count=21 29 43 700 279 23 144 46 23 163 47 34 48 21 20
internal_value=1.65466e-05 -1.7089e-05 -0.000149065 -0.000108931 -0.000941613 0 -0.0003968 0.000377415 0.000193569 -0.000219941 0.00077477 0.000345931 0.00119514 0.000324687
internal_weight=1641 1620 1221 1169 52 844 325 399 281 70 118 211 55 63
internal_count=1641 1620 1221 1169 52 844 325 399 281 70 118 211 55 63
is_linear=0
shrinkage=0.03


Tree=101
num_leaves=15
num_cat=0
split_feature=25 9 21 11 31 19 20 25 23 19 23 15 19 33
split_gain=0.144638 0.100703 0.0322466 0.0333163 0.0339682 0.0268823 0.0215726 0.0225681 0.0102962 0.00905503 0.00902764 0.00824969 0.00437038 0.00208133
threshold=0.8757146125649532 -1.5310032908794964 1.989660348641167 -0.16527062906369455 -0.28024059661056783 -0.81057012994624067 0.79946240723611328 0.59822658151851604 0.59689464743079257 0.060655328767398431 -1.0218996763745241 0.44878819228665751 0.38152654683569104 -0.3618261335430083
decision_type=2 2 2 2 2 2 2 2 2 2 2 2 2 2
left_child=2 -2 3 4 -1 -6 7 -5 10 -8 11 -3 -12 -10
right_child=1 8 -4 6 5 -7 9 -9 13 -11 12 -13 -14 -15
leaf_value=-0.0010865945829807416 0.0026165656474477143 0.00056896863192276552 0.0009456331606309573 -0.00024686434769325679 -0.00025166035101077032 0.00019274492018097952 -0.0003357376435804846 0.00036046899561724307 0.00025353112591255922 -0.0012567912856486924 0.00044496217678533867 -2.8003194978317382e-05 0.0013238390488535512 0
leaf_weight=20 21 40 23 619 155 497 39 54 45 25 29 23 27 24
leaf_count=20 21 40 23 619 155 497 39 54 45 25 29 23 27 24
internal_value=1.62665e-05 0.000749204 -8.99576e-05 -0.00011096 3.79533e-05 8.18475e-05 -0.000250397 -0.000192312 0.000487087 -0.000780465 0.000661406 0.000314206 0.000965321 0.000129751
internal_weight=1641 209 1432 1409 672 652 737 673 188 64 119 63 56 69
internal_count=1641 209 1432 1409 672 652 737 673 188 64 119 63 56 69
is_linear=0
shrinkage=0.03


Tree=102
num_leaves=15
num_cat=0
split_feature=17 25 28 11 27 11 17 24 22 17 24 24 1 14
split_gain=0.14399 0.08295 0.0372959 0.0380604 0.0359103 0.0334586 0.0308493 0.0269536 0.0259554 0.0201309 0.0371026 0.0138971 0.0112885 0.00885284
threshold=-2.009596726044768 0.53549833748371223 -0.10770297636354052 0.40939843398471332 -0.24187342368775369 0.38963575223555225 1.3233811249345755 -0.21793409034460451 -0.32817321991638576 -0.39557554635358444 0.36805614766210726 0.73267229575517223 -0.041265493308585297 0.5188315223493648
decision_type=2 2 2 2 2 2 2 2 2 2 2 2 2 2
left_child=-1 2 5 4 -4 -2 -5 8 13 10 -9 -11 -10 -3
right_child=1 7 3 6 -6 -7 -8 9 12 11 -12 -13 -14 -15
leaf_value=0.0023235859391279516 -0.0015393536869087255 0.00050056699752256426 0.00015703790016761393 -0.00049838452086352954 -0.00024482024086111255 0 0.00028960844601158678 -0.0011633400149070297 0.00047321519178027908 0.00046218051422697331 0.00020639662158850115 -6.4919075671187937e-05 0.0016921494151014955 -0.00014515729997630999
leaf_weight=21 29 46 525 279 319 23 46 23 24 163 47 48 28 20
leaf_count=21 29 46 525 279 319 23 46 23 24 163 47 48 28 20
internal_value=1.59733e-05 -1.63315e-05 -0.00014086 -0.000101766 1.27969e-06 -0.00091169 -0.000376078 0.000355489 0.00073903 0.000177761 -0.000231877 0.000329024 0.00124061 0.000263611
internal_weight=1641 1620 1221 1169 844 52 325 399 118 281 70 211 52 66
internal_count=1641 1620 1221 1169 844 52 325 399 118 281 70 211 52 66
is_linear=0
shrinkage=0.03


Tree=103
num_leaves=16
num_cat=0
split_feature=25 25 11 27 14 24 33 33 31 22 27 27 14 19 31
split_gain=0.137142 0.0753995 0.0333398 0.0391416 0.034344 0.034581 0.028016 0.0338154 0.0274838 0.0307682 0.0264546 0.0256914 0.0132352 0.0126088 0.00666794
threshold=3.5285158736328763 0.53549833748371223 -0.58045876342208891 -0.24420438414850007 1.1115650520365887 0.23783609477172676 -0.36182613354268672 -0.36182613354293103 -0.011115658887234056 -0.26110159170212199 -0.24037798052427586 -0.2500401959053179 2.126150682702074 -0.63794927282157665 -0.010840673677964001
decision_type=2 2 2 2 2 2 2 2 2 2 2 2 2 2 2
left_child=1 2 3 11 5 -4 7 14 10 -10 -8 -1 -6 -5 -3
right_child=-2 6 4 13 12 -7 8 -9 9 -11 -12 -13 -14 -15 -16
leaf_value=0.00020850260234115881 0.0021781402863203904 0.0003801663851826356 -0.00054738074092425368 -0.00046503316994715959 0.00054131130345525555 -0.00013362931378829173 -0.00053947435580009953 -0.00084930166122954215 0.0004978923273612619 0.0016104761032966542 0.00052519519236655183 0.0011985338121795882 -8.4419380862770283e-05 3.1122426921293867e-05 -1.8711147543529343e-05
leaf_weight=91 23 95 302 66 63 525 31 28 108 34 49 36 42 109 39
leaf_count=91 23 95 302 66 63 525 31 28 108 34 49 36 42 109 39
internal_value=1.56668e-05 -1.71965e-05 -0.000133257 0.000133575 -0.00022308 -0.000289768 0.00034616 2.51036e-05 0.000563652 0.000812784 7.19039e-05 0.0005334 0.000267849 -0.000143829 0.00024431
internal_weight=1641 1618 1234 302 932 827 384 162 222 142 80 127 105 175 134
internal_count=1641 1618 1234 302 932 827 384 162 222 142 80 127 105 175 134
is_linear=0
shrinkage=0.03


Tree=104
num_leaves=14
num_cat=0
split_feature=17 25 28 11 33 11 25 33 33 31 22 27 31
split_gain=0.134158 0.0730966 0.0347057 0.0350509 0.0353361 0.0312816 0.029118 0.0253729 0.0319676 0.0230413 0.0325318 0.0250153 0.00743905
threshold=-2.009596726044768 0.53549833748371223 -0.10770297636354052 0.40939843398471332 0.39537920042425806 0.38963575223555225 -0.15731325921542302 -0.36182613354268672 -0.3618261335430083 -0.011115658887234056 -0.26110159170212199 -0.24037798052427586 -0.010840673677964001
decision_type=2 2 2 2 2 2 2 2 2 2 2 2 2
left_child=-1 2 5 4 -4 -2 -5 8 12 11 -11 -9 -3
right_child=1 7 3 6 -6 -7 -8 9 -10 10 -12 -13 -14
leaf_value=0.0022429626622470097 -0.001483008462761063 0.00041063629961876272 7.4389614040246447e-05 -0.00053888074119231536 -0.00055087747070413839 0 5.8003747220974433e-05 -0.00052471814574913452 -0.00073569312507311836 0.00045670256978510654 0.0015660791722727258 0.00051034833102312405 -1.8189908955329361e-05
leaf_weight=21 29 89 756 231 88 23 94 31 34 123 34 49 39
leaf_count=21 29 89 756 231 88 23 94 31 34 123 34 49 39
internal_value=1.54997e-05 -1.5619e-05 -0.000132623 -9.48292e-05 3.93373e-06 -0.000876197 -0.000358146 0.000333286 2.29934e-05 0.000529946 0.000740559 6.86469e-05 0.000259653
internal_weight=1641 1620 1221 1169 844 52 325 399 162 237 157 80 128
internal_count=1641 1620 1221 1169 844 52 325 399 162 237 157 80 128
is_linear=0
shrinkage=0.03


Tree=105
num_leaves=14
num_cat=0
split_feature=17 25 28 27 33 22 11 33 33 31 22 27 21
split_gain=0.127203 0.0689534 0.0328789 0.0329625 0.0769361 0.0304782 0.0295659 0.0240651 0.0303451 0.0218861 0.0350646 0.0215603 0.00603957
threshold=-2.009596726044768 0.53549833748371223 -0.10770297636354052 -0.24230908714790031 -0.34433482496162532 0.31102881247075381 0.38963575223555225 -0.36182613354268672 -0.36182613354293103 -0.010982144933049555 -0.26110159170212199 -0.24037798052427586 0.59972018132671812
decision_type=2 2 2 2 2 2 2 2 2 2 2 2 2
left_child=-1 2 6 4 -4 -5 -2 8 12 11 -11 -9 -3
right_child=1 7 3 5 -6 -7 -8 9 -10 10 -12 -13 -14
leaf_value=0.0021840847753337583 -0.0014426891755429095 0.00035927405514830376 -0.00013892036048102896 -5.2356127880297468e-05 0.0005797773644986696 -0.00057230977847352936 0 -0.00043855074514332856 -0.00080635340309386406 0.00044332769700919188 0.0016241610974128192 0.00049592117135090609 -1.7683192256039803e-05
leaf_weight=21 29 95 564 235 172 198 23 34 28 123 31 49 39
leaf_count=21 29 95 564 235 172 198 23 34 28 123 31 49 39
internal_value=1.51016e-05 -1.51515e-05 -0.000128842 -9.19811e-05 2.66484e-05 -0.000299301 -0.000852738 0.00032366 2.10255e-05 0.000515176 0.000726629 7.62968e-05 0.00022968
internal_weight=1641 1620 1221 1169 736 433 52 399 162 237 154 83 134
internal_count=1641 1620 1221 1169 736 433 52 399 162 237 154 83 134
is_linear=0
shrinkage=0.03


Tree=106
num_leaves=16
num_cat=0
split_feature=25 25 33 33 11 29 14 28 31 22 31 29 14 22 10
split_gain=0.123639 0.0642664 0.032986 0.0568002 0.0277086 0.0357402 0.0332307 0.0299656 0.025444 0.0324551 0.0217848 0.0203163 0.0127049 0.0112763 0.00911731
threshold=3.5285158736328763 0.47641721216022243 -0.36182613354268672 -0.36182613354273863 -0.58045876342208891 -0.17671909862170537 1.1115650520365887 -0.10770297636354044 -0.010982144933049555 -0.26110159170212199 -0.013954793990344499 -0.18204287971336883 2.126150682702074 0.10438616600715263 -0.16209530849234785
decision_type=2 2 2 2 2 2 2 2 2 2 2 2 2 2 2
left_child=1 4 3 14 5 11 7 -6 10 -10 -4 -1 -8 -7 -3
right_child=-2 2 8 -5 6 13 12 -9 9 -11 -12 -13 -14 -15 -16
leaf_value=0.00021642093602512911 0.0020679630013473796 0.00043616419037737484 0.00048450229979814675 -0.0012225703939209402 -0.0011442284646563585 3.355458214446116e-05 0.00053780664937713967 -0.0002388583250311034 0.00046378547246943931 0.0015923454777488635 -0.0004180179186917555 0.0011181303923102942 -7.9398050223475851e-05 -0.00047132821217505863 0
leaf_weight=124 23 81 55 26 34 61 62 752 110 34 36 30 41 74 98
leaf_count=124 23 81 55 26 34 61 62 752 110 34 36 30 41 74 98
internal_value=1.46471e-05 -1.64634e-05 0.000289581 0 -0.000133761 0.000113832 -0.000217725 -0.000286026 0.000529928 0.000777718 9.36004e-05 0.000429196 0.000268528 -0.000225687 0.000206681
internal_weight=1641 1618 440 205 1178 289 889 786 235 144 91 154 103 135 179
internal_count=1641 1618 440 205 1178 289 889 786 235 144 91 154 103 135 179
is_linear=0
shrinkage=0.03


Tree=107
num_leaves=16
num_cat=0
split_feature=17 25 33 33 11 29 14 28 15 31 22 31 14 17 10
split_gain=0.11827 0.0614736 0.0295707 0.0537643 0.0254515 0.0378664 0.0317527 0.0283277 0.0216768 0.0207636 0.0346117 0.0205937 0.0187564 0.00934774 0.00858481
threshold=-2.009596726044768 0.47641721216022243 -0.36182613354268672 -0.36182613354273863 -0.58045876342208891 -0.17671909862170537 1.1115650520365887 -0.10770297636354044 1.7588643437606992 -0.010982144933049555 -0.26110159170212199 -0.013954793990344499 -0.16491410480148325 -0.66492113894516847 -0.16209530849234785
decision_type=2 2 2 2 2 2 2 2 2 2 2 2 2 2 2
left_child=-1 4 3 14 5 12 7 -6 -8 11 -11 -4 -2 -7 -3
right_child=1 2 9 -5 6 13 8 -9 -10 10 -12 -13 -14 -15 -16
leaf_value=0.0021059882467470738 0.00013472954775456205 0.00042354658238452555 0.0004707190502918695 -0.0011896874970547724 -0.0011126848975813166 -0.00064211035788757731 0.00069594121776107279 -0.00023172104820493063 -0.00012233831918234095 0.0004178984423870133 0.0015484483927186276 -0.00040644204387745752 0.00087489739759696709 -4.3884058054837002e-05 0
leaf_weight=21 95 81 55 26 34 37 51 752 51 125 34 36 55 90 98
leaf_count=21 95 81 55 26 34 37 51 752 51 125 34 36 55 90 98
internal_value=1.45199e-05 -1.4586e-05 0.000277924 0 -0.000131817 0.000111364 -0.000211161 -0.000277717 0.000266424 0.000494996 0.000702368 8.98986e-05 0.000437566 -0.000252043 0.000200858
internal_weight=1641 1620 455 205 1165 277 888 786 102 250 159 91 150 127 179
internal_count=1641 1620 455 205 1165 277 888 786 102 250 159 91 150 127 179
is_linear=0
shrinkage=0.03


Tree=108
num_leaves=13
num_cat=0
split_feature=25 25 33 33 15 27 33 22 20 20 20 29
split_gain=0.11428 0.0574443 0.0295553 0.0508911 0.0234146 0.0265192 0.065154 0.0354266 0.0177185 0.0174772 0.00841469 0.00416642
threshold=3.5285158736328763 0.47641721216022243 -0.36182613354268672 -0.36182613354273863 -0.92277117221263139 -0.24094684439281108 -0.34433482496162532 0.31102881247075381 -0.53291105640441627 0.93659213566399646 -0.64968085419983534 -0.18251643884409172
decision_type=2 2 2 2 2 2 2 2 2 2 2 2
left_child=1 4 3 10 11 6 -6 -7 -4 -10 -3 -1
right_child=-2 2 8 -5 5 7 -8 -9 9 -11 -12 -13
leaf_value=-8.7466371258336078e-05 0.0019883573941546135 0.0005109255958687175 0.001103580137251161 -0.0011576889937599027 -0.00014526871926665824 -1.6098851170254814e-05 0.00051497389080371557 -0.00059002735532640883 0 0.00059196432780514907 3.4045901382006162e-05 -0.00083203117772703979
leaf_weight=20 23 52 39 26 525 227 177 182 84 112 127 47
leaf_count=20 23 52 39 26 525 227 177 182 84 112 127 47
internal_value=1.42622e-05 -1.5577e-05 0.000273651 0 -0.000126569 -8.96449e-05 1.84304e-05 -0.000281208 0.000501149 0.000351372 0.000195203 -0.000665904
internal_weight=1641 1618 440 205 1178 1111 702 409 235 196 179 67
internal_count=1641 1618 440 205 1178 1111 702 409 235 196 179 67
is_linear=0
shrinkage=0.03


Tree=109
num_leaves=15
num_cat=0
split_feature=17 25 33 33 11 29 15 20 31 22 27 34 24 10
split_gain=0.110255 0.0543693 0.0260449 0.0482025 0.024141 0.0352199 0.0203788 0.0208952 0.0184909 0.0336989 0.0193169 0.0172505 0.00899136 0.0080025
threshold=-2.009596726044768 0.47641721216022243 -0.36182613354268672 -0.36182613354273863 -0.58045876342208891 -0.17671909862170537 -0.91495350957275667 0.85814669404402 -0.010982144933049555 -0.26110159170212199 -0.24037798052427586 -0.1333659567897886 -0.087714037454224139 -0.16209530849234785
decision_type=2 2 2 2 2 2 2 2 2 2 2 2 2 2
left_child=-1 4 3 13 5 11 -6 -8 10 -10 -4 -2 -7 -3
right_child=1 2 8 -5 6 12 7 -9 9 -11 -12 -13 -14 -15
leaf_value=0.0020333140309667214 0.0010521394586300147 0.00040502935123263987 -0.00039928493138554938 -0.0011265511386224934 -0.00071462446242324344 -0.00044755208409427623 -0.00010712544466635411 -0.00069456209647638203 0.00038092275424241956 0.0014922331551819837 0.00045059175355809512 0.00021764323292858324 1.031387290484937e-05 0
leaf_weight=21 31 81 36 26 65 74 764 59 125 34 55 119 53 98
leaf_count=21 31 81 36 26 65 74 764 59 125 34 55 119 53 98
internal_value=1.39181e-05 -1.41209e-05 0.000260836 0 -0.00012447 0.00011229 -0.000201821 -0.00015524 0.000464557 0.000660313 8.0449e-05 0.000426962 -0.000237569 0.000190111
internal_weight=1641 1620 455 205 1165 277 888 823 250 159 91 150 127 179
internal_count=1641 1620 455 205 1165 277 888 823 250 159 91 150 127 179
is_linear=0
shrinkage=0.03


Tree=110
num_leaves=16
num_cat=0
split_feature=25 25 33 33 11 29 14 28 31 23 15 27 29 15 24
split_gain=0.105683 0.0515168 0.0264726 0.0456224 0.0228584 0.0298745 0.0282155 0.0270024 0.0207355 0.0277224 0.0193537 0.0182604 0.0170349 0.00950344 0.00790809
threshold=3.5285158736328763 0.47641721216022243 -0.36182613354268672 -0.36182613354273863 -0.58045876342208891 -0.17671909862170537 1.1115650520365887 -0.10770297636354044 -0.010982144933049555 0.17600812324141016 1.7588643437606992 -0.24037798052427586 -0.18204287971336883 -0.15059841278693673 1.0191564121140091
decision_type=2 2 2 2 2 2 2 2 2 2 2 2 2 2 2
left_child=1 4 3 14 5 12 7 -6 11 -10 -8 -4 -1 -7 -3
right_child=-2 2 8 -5 6 13 10 -9 9 -11 -12 -13 -14 -15 -16
leaf_value=0.00019576207828924459 0.0019121341201288695 0.00031735880723093477 -0.00038822781612935403 -0.0010962508130047855 -0.0010740035759234749 -0.00057769999531812445 0.0006515083884778009 -0.00021470772690787175 0.00040629933911594105 0.0014510959310809503 -0.00011614467110242305 0.00043777320293934439 0.001025745790451765 -4.5861232460343394e-06 -7.7203417597047517e-05
leaf_weight=124 23 126 36 26 34 40 52 752 110 34 51 55 30 95 53
leaf_count=124 23 126 36 26 34 40 52 752 110 34 51 55 30 95 53
internal_value=1.37056e-05 -1.49189e-05 0.000258864 0 -0.000120119 0.000104181 -0.000196504 -0.000259623 0.000474169 0.000697975 0.000250577 7.71272e-05 0.000393066 -0.000205004 0.000184703
internal_weight=1641 1618 440 205 1178 289 889 786 235 144 103 91 154 135 179
internal_count=1641 1618 440 205 1178 289 889 786 235 144 103 91 154 135 179
is_linear=0
shrinkage=0.03


Tree=111
num_leaves=17
num_cat=0
split_feature=17 25 11 21 31 14 28 24 21 11 22 0 17 17 14 7
split_gain=0.102547 0.0490497 0.0326354 0.0315381 0.0314955 0.0305501 0.0268945 0.0260251 0.0511922 0.0289927 0.0230529 0.0131325 0.0124642 0.0108309 0.0091204 0.00637572
threshold=-2.009596726044768 0.23844262572123162 0.40939843398471332 0.53079752840203465 -0.014414464013650952 0.84280633464123522 -0.10770297633642062 -0.21793409034460451 -0.37668406843963026 0.40939843398471332 -0.32817321991638576 -0.050567234565333831 1.1998984793315046 -0.4505931035657989 0.5188315223493648 2.0526744960020991
decision_type=2 2 2 2 2 2 2 2 2 2 2 2 2 2 2 2
left_child=-1 2 3 4 -2 12 -5 10 9 -9 14 -12 -4 -10 -3 -7
right_child=1 7 5 6 -6 15 -8 8 13 -11 11 -13 -14 -15 -16 -17
leaf_value=0.0019609531748283186 -0.00024528206946994281 0.00039291848627746938 -0.00066240310468780464 0.00043185586030345546 0.00024247153481969031 0.00025262772465662909 -0.00054025306921948863 -0.00095658083732143545 -2.3662841114621127e-05 7.6145443671218034e-05 0.00031221375195309521 0.0014897767290822229 0 0.00031997534615448161 -0.00027716509929007807 -0.00030092449215590023
leaf_weight=21 169 51 198 25 364 58 149 55 90 33 25 29 20 313 20 21
leaf_count=21 169 51 198 25 364 58 149 55 90 33 25 29 20 313 20 21
internal_value=1.33956e-05 -1.35801e-05 -0.000144458 -2.84901e-05 8.17137e-05 -0.000407471 -0.000378681 0.000194554 8.73909e-05 -0.000546598 0.000580138 0.00104237 -0.000590178 0.000236235 0.000160038 6.32696e-05
internal_weight=1641 1620 1004 707 533 297 174 616 491 88 125 54 218 403 71 79
internal_count=1641 1620 1004 707 533 297 174 616 491 88 125 54 218 403 71 79
is_linear=0
shrinkage=0.03


Tree=112
num_leaves=16
num_cat=0
split_feature=25 25 11 33 27 33 33 14 31 22 21 17 24 25 24
split_gain=0.0981034 0.0467936 0.0305668 0.0298036 0.0429004 0.029695 0.119738 0.0287194 0.0255869 0.023258 0.0170466 0.0118405 0.0113539 0.00629559 0.00279585
threshold=3.5285158736328763 0.23844262572123162 0.40939843398471332 0.43710896912737679 -0.25045081246919371 -0.36182613354268672 -0.361826133542757 0.84280633464123522 -0.010982144933049555 -0.26110159170212199 0.71459126953452368 1.1998984793315046 1.0191564121140091 -0.37733596558785082 -1.3638705557799515
decision_type=2 2 2 2 2 2 2 2 2 2 2 2 2 2 2
left_child=1 2 3 4 -1 6 12 11 10 -10 -7 -4 -3 -9 -5
right_child=-2 5 7 14 -6 8 -8 13 9 -11 -12 -13 -14 -15 -16
leaf_value=-0.00024116806874784386 0.0018423488056645368 0.0003799775122191931 -0.00064282760245137687 -0.00014279913531616329 0.00024374856980425124 0.0006682772028361796 -0.0013701890981185952 -8.0331971069283199e-05 0.00039584174582199977 0.0012994025435684967 -0.00012515532610047123 0 0 0.00044703699739303767 -0.00082082056677033899
leaf_weight=288 23 177 198 22 370 29 46 54 115 41 89 20 104 25 40
leaf_count=288 23 177 198 22 370 29 46 54 115 41 89 20 104 25 40
internal_value=1.32334e-05 -1.42785e-05 -0.000139886 -2.92212e-05 2.68356e-05 0.000192944 0 -0.000395189 0.000421493 0.00067222 5.67817e-05 -0.000572374 0.000235647 6.02209e-05 -0.000644081
internal_weight=1641 1618 1017 720 658 601 327 297 274 156 118 218 281 79 62
internal_count=1641 1618 1017 720 658 601 327 297 274 156 118 218 281 79 62
is_linear=0
shrinkage=0.03


Tree=113
num_leaves=16
num_cat=0
split_feature=20 25 24 21 33 16 27 27 22 20 25 27 21 1 19
split_gain=0.0964144 0.0449156 0.0288478 0.0457959 0.0259039 0.0246064 0.0261978 0.0886722 0.0144929 0.013922 0.0137568 0.0109811 0.0100423 0.00588185 0.00529475
threshold=3.2689941525884527 0.23844262572123162 -0.21793409034460451 -0.37668406843963026 -0.36182613354268672 1.3066018066744498 -0.25048544946958473 -0.24230908714790031 -0.32817321991638576 -0.86106419109820653 -0.088074996528281033 -0.2481049226143337 2.0356087839242893 0.04352136350355363 0.2586615376663301
decision_type=2 2 2 2 2 2 2 2 2 2 2 2 2 2 2
left_child=1 5 8 4 -4 6 9 -8 14 -1 11 -7 -5 -10 -3
right_child=-2 2 3 12 -6 10 7 -9 13 -11 -12 -13 -14 -15 -16
leaf_value=0 0.0019425325414732743 0 -0.00085651092931402666 0.00017279849233623422 0.00015719784258399157 -0.00027547625314419796 0.00052045252710142384 -0.00024271566992033102 0.00034658721194643044 -0.00041639416748113784 0 -0.0012077803740630278 0.00084130534093827 0.0014046229215205778 0.00047297370838418298
leaf_weight=102 20 28 61 381 27 35 214 366 20 238 28 34 22 25 40
leaf_count=102 20 28 61 381 27 35 214 366 20 238 28 34 22 25 40
internal_value=1.29058e-05 -1.25992e-05 0.000189706 8.15516e-05 -0.000517591 -0.000135895 -8.32041e-05 3.49505e-05 0.000619528 -0.000292051 -0.000588156 -0.000807722 0.000222629 0.00104794 0.000261469
internal_weight=1641 1621 604 491 88 1017 920 580 113 340 97 69 403 45 68
internal_count=1641 1621 604 491 88 1017 920 580 113 340 97 69 403 45 68
is_linear=0
shrinkage=0.03


Tree=114
num_leaves=14
num_cat=0
split_feature=17 25 11 33 15 14 33 33 10 17 17 24 7
split_gain=0.094285 0.0407239 0.0283136 0.0335774 0.0396892 0.0269093 0.0241982 0.10952 0.0172472 0.0126402 0.0111554 0.010954 0.00601701
threshold=-2.009596726044768 0.23844262572123162 0.40939843398471332 0.43710896912737679 -0.4041859311924389 0.84280633464123522 -0.36182613354268672 -0.361826133542757 -1.5823430430694154 0.92293314960600603 1.1998984793315046 1.0191564121140091 2.0526744960020991
decision_type=2 2 2 2 2 2 2 2 2 2 2 2 2
left_child=-1 2 3 4 -2 10 7 11 -8 -10 -4 -3 -7
right_child=1 6 5 -5 -6 12 8 -9 9 -11 -12 -13 -14
leaf_value=0.0018802391274657564 -0.00018091133915905546 0.00036709555972241404 -0.00061761328358217937 -0.00073160712761870977 0.00028410039750217226 0.00024708027066662908 -0.00032650314948521556 -0.0013106289022811212 0.00057971779173082575 7.1865123287716411e-05 0 0 -0.00028950395365245636
leaf_weight=21 349 177 198 53 305 58 22 46 190 77 20 104 21
leaf_count=21 349 177 198 53 305 58 22 46 190 77 20 104 21
internal_value=1.27435e-05 -1.30471e-05 -0.000132445 -2.41519e-05 3.16927e-05 -0.000377415 0.000176409 0 0.000374905 0.000446795 -0.000549088 0.00022516 6.24854e-05
internal_weight=1641 1620 1004 707 654 297 616 327 289 267 218 281 79
internal_count=1641 1620 1004 707 654 297 616 327 289 267 218 281 79
is_linear=0
shrinkage=0.03


Tree=115
num_leaves=17
num_cat=0
split_feature=17 25 11 21 27 14 27 22 22 11 27 21 15 17 20 25
split_gain=0.0894062 0.0383023 0.0265885 0.0265286 0.0426209 0.0252929 0.024768 0.0205126 0.0549909 0.0329925 0.0307631 0.0192313 0.0151672 0.0106034 0.00879837 0.00595267
threshold=-2.009596726044768 0.23844262572123162 0.40939843398471332 0.53079752840203465 -0.24230908714790031 0.84280633464123522 -0.25058669288008245 -0.32817321991638576 -0.42479291885923115 0.45184831768576283 -0.25011732718146001 0.71459126953452368 -0.39845060695279827 1.1998984793315046 -0.64968085419983534 -0.37733596558785082
decision_type=2 2 2 2 2 2 2 2 2 2 2 2 2 2 2 2
left_child=-1 2 3 4 -2 13 -5 8 14 -10 12 -12 -9 -4 -3 -7
right_child=1 7 5 6 -6 15 -8 10 9 -11 11 -13 -14 -15 -16 -17
leaf_value=0.0018308827489527174 0.00034119105671956982 0.00052709191740557017 -0.00059936142883338674 0.00043141504461839626 -0.00018929915283735795 -7.5918086148847483e-05 -0.0005010043794201537 0.00020810782709200536 -0.0011324220603222356 8.8810572600258192e-06 0.00068749376320136849 -5.7620659613431516e-05 0.0011047163156088305 0 0.00010482433458389875 0.00043584288037215759
leaf_weight=21 273 67 198 25 260 54 149 39 48 32 36 129 58 20 207 25
leaf_count=21 273 67 198 25 260 54 149 39 48 32 36 129 58 20 207 25
internal_value=1.2317e-05 -1.27492e-05 -0.000128593 -2.3507e-05 7.72072e-05 -0.000366012 -0.000345045 0.000170923 1.25122e-05 -0.000655936 0.000371074 9.64662e-05 0.000791282 -0.000532487 0.0002235 5.94667e-05
internal_weight=1641 1620 1004 707 533 297 174 616 354 80 262 165 97 218 274 79
internal_count=1641 1620 1004 707 533 297 174 616 354 80 262 165 97 218 274 79
is_linear=0
shrinkage=0.03


Tree=116
num_leaves=15
num_cat=0
split_feature=20 25 33 33 20 15 28 31 31 31 22 22 20 25
split_gain=0.0860976 0.0384864 0.0246638 0.0620453 0.022534 0.0277034 0.0320384 0.0266486 0.019574 0.0192508 0.0165111 0.0160331 0.0094537 0.00410368
threshold=3.2689941525884527 0.35974539922208526 -0.36182613354268672 -0.36182613354273863 0.85814669404402 -0.4041859311924389 -0.10707811334947616 -0.010840652174077326 -0.011192714262975046 -0.013954793990344499 -0.26110159170212199 1.2286805647977925 -0.64968085419983534 -0.17881370963610341
decision_type=2 2 2 2 2 2 2 2 2 2 2 2 2 2
left_child=1 4 3 12 5 7 -7 -1 9 -4 -10 13 -3 -6
right_child=-2 2 8 -5 11 6 -8 -9 10 -11 -12 -13 -14 -15
leaf_value=-0.00040780286123729884 0.0018358371628691319 0.00049480698690604178 0.00033381037304066664 -0.0011137191514986066 -0.00039571410092306605 0.00031997456795406935 -0.00013990983406489453 4.6364120844646625e-05 0.00036306844812768316 -0.0005479146749403299 0.0011208358002390631 -0.0012006583859911187 4.1766554629050782e-05 0
leaf_weight=300 20 61 67 36 46 254 278 170 118 29 44 25 172 21
leaf_count=300 20 61 67 36 46 254 278 170 118 29 44 25 172 21
internal_value=1.23337e-05 -1.16672e-05 0.0001962 0 -0.000114798 -6.92781e-05 7.46146e-05 -0.000237935 0.000404 2.86208e-05 0.0006037 -0.000561146 0.000177868 -0.000238435
internal_weight=1641 1621 527 269 1094 1002 532 470 258 96 162 92 233 67
internal_count=1641 1621 527 269 1094 1002 532 470 258 96 162 92 233 67
is_linear=0
shrinkage=0.03


Tree=117
num_leaves=15
num_cat=0
split_feature=9 21 19 34 29 21 15 33 20 29 22 21 27 27
split_gain=0.0835583 0.0229429 0.0338918 0.0231115 0.0245635 0.0212895 0.017807 0.0108859 0.00962486 0.00714493 0.00911008 0.00589497 0.00572622 0.00259311
threshold=-2.1078910587036401 -1.3358576549748076 -0.81057012994624067 -0.13231944172676449 -0.1920874599910509 1.989660348641167 1.4611749228662381 -0.25594719690188134 1.0922851223431085 0.21527995458081586 -0.79476688786937821 -1.7321629092917372 -0.20560603917633088 -0.24187342368775369
decision_type=2 2 2 2 2 2 2 2 2 2 2 2 2 2
left_child=-1 6 9 5 -5 -4 7 8 -2 10 -3 -8 -13 -9
right_child=1 2 3 4 -6 -7 11 13 -10 -11 -12 12 -14 -15
leaf_value=0.0017702084293414371 -0.00023965755539635819 -6.7688527806603809e-05 4.8867796810864453e-05 0.00016512444857385403 -0.00057402806695106175 0.00096436953067313876 -0.00037380763690453024 0.0011948642166250427 0.0004519343736308922 0 -0.00050925260841288233 0.00049610648773175305 -9.2980861249897199e-05 0.00046104627769091166
leaf_weight=21 24 77 940 54 107 21 31 20 38 33 186 20 24 45
leaf_count=21 24 77 940 54 107 21 31 20 38 33 186 20 24 45
internal_value=1.21088e-05 -1.20629e-05 -5.66075e-05 1.64411e-05 -0.000309335 7.49245e-05 0.00028225 0.000497467 0.000139362 -0.000340921 -0.000393473 -4.88397e-05 0.000125531 0.000773707
internal_weight=1641 1620 1418 1122 161 961 202 127 62 296 263 75 44 65
internal_count=1641 1620 1418 1122 161 961 202 127 62 296 263 75 44 65
is_linear=0
shrinkage=0.03


Tree=118
num_leaves=16
num_cat=0
split_feature=25 25 11 33 28 14 33 33 31 22 21 24 29 7 24
split_gain=0.0810961 0.0341252 0.0242834 0.0263816 0.0322484 0.0233306 0.0216871 0.0947419 0.0205922 0.0192109 0.014631 0.0097698 0.00741996 0.00553358 0.00116172
threshold=3.5285158736328763 0.23844262572123162 0.40939843398471332 0.43710896912737679 -0.10770025376800213 0.84280633464123522 -0.36182613354268672 -0.361826133542757 -0.010982144933049555 -0.26110159170212199 0.71459126953452368 1.0191564121140091 0.21527995458081586 2.0526744960020991 -1.3638705557799515
decision_type=2 2 2 2 2 2 2 2 2 2 2 2 2 2 2
left_child=1 2 3 4 -1 12 7 11 10 -10 -8 -3 -4 -7 -5
right_child=-2 6 5 14 -6 13 8 -9 9 -11 -12 -13 -14 -15 -16
leaf_value=-0.00027614957869468858 0.0016751574254057441 0.00034280373273674436 -0.0005685231840981969 -0.00016049024096690117 0.00017486950404503766 0.00023779148251470945 0.00060131419225945134 -0.0012198018183437536 0.0003309233564563081 0.0011532765115976375 -0.00013635001651804803 0 0 -0.00027558623009826984 -0.00074437820933066128
leaf_weight=202 23 177 194 22 456 58 29 46 115 41 89 104 24 21 40
leaf_count=202 23 177 194 22 456 58 29 46 115 41 89 104 24 21 40
internal_value=1.20524e-05 -1.27945e-05 -0.000120301 -2.12532e-05 3.12473e-05 -0.000347804 0.000163853 0 0.000359173 0.000583605 3.05608e-05 0.000208615 -0.000507839 5.96489e-05 -0.000600316
internal_weight=1641 1618 1017 720 658 297 601 327 274 156 118 281 218 79 62
internal_count=1641 1618 1017 720 658 297 601 327 274 156 118 281 218 79 62
is_linear=0
shrinkage=0.03


Tree=119
num_leaves=15
num_cat=0
split_feature=9 25 11 33 27 33 33 20 19 32 20 20 15 9
split_gain=0.0781302 0.0327674 0.0226301 0.0297056 0.0359417 0.0201997 0.0894123 0.0192925 0.0171719 0.0137412 0.0131435 0.00937346 0.00875763 0.000741695
threshold=-2.1078910587036401 0.23844262572123162 0.40939843398471332 0.43710896912737679 -0.25045081246919371 -0.36182613354268672 -0.361826133542757 -0.53291105640441627 1.5086360031469204 1.0589389337054584 0.084471851639445414 -0.62512926227908927 -0.6366346930326291 0.038454437669936607
decision_type=2 2 2 2 2 2 2 2 2 2 2 2 2 2
left_child=-1 2 3 4 -2 6 11 12 9 -4 -9 -3 -7 -5
right_child=1 5 8 13 -6 7 -8 10 -10 -11 -12 -13 -14 -15
leaf_value=0.0017117180717177688 -0.00021323211106514617 0.000499152197423391 -0.00052395055680237983 -0.00085248892127419819 0.00023091064906217187 0.00029604123695753512 -0.0011854482151434889 -0.0003949990936741233 0.00027597432468246555 0 0.00029389261526652325 8.0141686299612047e-05 0.0014058638725672724 -0.00024535516701224778
leaf_weight=21 287 72 214 32 369 24 46 22 29 54 218 209 20 24
leaf_count=21 287 72 214 32 369 24 46 22 29 54 218 209 20 24
internal_value=1.16491e-05 -1.16637e-05 -0.000118254 -2.15388e-05 3.19597e-05 0.00015919 0 0.000342869 -0.000337575 -0.000417357 0.000214302 0.000202206 0.000921872 -0.000668842
internal_weight=1641 1620 1009 712 656 611 327 284 297 268 240 281 44 56
internal_count=1641 1620 1009 712 656 611 327 284 297 268 240 281 44 56
is_linear=0
shrinkage=0.03


Tree=120
num_leaves=15
num_cat=0
split_feature=25 25 11 33 27 14 24 21 14 10 27 25 1 24
split_gain=0.0753627 0.0304506 0.0212829 0.0240846 0.0335609 0.0212303 0.0197325 0.0331412 0.0189931 0.00936762 0.00665137 0.00521366 0.00503006 0.000748455
threshold=3.5285158736328763 0.23844262572123162 0.40939843398471332 0.43710896912737679 -0.25045081246919371 0.84280633464123522 -0.21793409034460451 -0.52601648310977767 -0.19268683914873805 -1.5823430430694154 0.20414709736005168 -0.37733596558785082 -0.3851860570471029 -1.3638705557799515
decision_type=2 2 2 2 2 2 2 2 2 2 2 2 2 2
left_child=1 2 3 4 -1 10 8 -8 -3 -9 -4 -7 -10 -5
right_child=-2 6 5 13 -6 11 7 9 12 -11 -12 -13 -14 -15
leaf_value=-0.00020743139840112806 0.0016147220949821459 0.0012284773491056901 -0.00053746622766833157 -0.00015714699700009076 0.00022111333187294365 -6.3355427995128059e-05 -0.00082745349643793061 -0.00038522629172075542 -3.419507771300581e-05 0.00017309557761210784 0 0.00041232663310282599 0.0003828459947299052 -0.00070711002810749891
leaf_weight=288 23 25 194 22 370 54 31 23 23 438 24 25 61 40
leaf_count=288 23 25 194 22 370 54 31 23 23 438 24 25 61 40
internal_value=1.14406e-05 -1.24456e-05 -0.000114089 -2.10535e-05 2.89149e-05 -0.000327163 0.000154298 6.50219e-05 0.00051795 0.000136464 -0.000480013 6.01693e-05 0.000236932 -0.000574375
internal_weight=1641 1618 1017 720 658 297 601 492 109 461 218 79 84 62
internal_count=1641 1618 1017 720 658 297 601 492 109 461 218 79 84 62
is_linear=0
shrinkage=0.03


Tree=121
num_leaves=16
num_cat=0
split_feature=9 25 20 28 27 8 24 20 33 23 19 27 20 25 19
split_gain=0.07354 0.0288977 0.0213238 0.0272214 0.0301045 0.0192148 0.0250845 0.0203239 0.0181405 0.0307133 0.0166867 0.0155151 0.0149713 0.00332995 0.000468687
threshold=-2.1078910587036401 0.23844262572123162 0.85814669404402 -0.1077020707675531 -0.24230908714790031 -0.7292514346380049 0.36805614766210726 0.044350938056118276 -0.36182613354268672 0.42287425762172098 0.028162884735107828 -0.25058669284614726 -0.53291105640441627 -0.26372239895358879 1.6284549041380274
decision_type=2 2 2 2 2 2 2 2 2 2 2 2 2 2 2
left_child=-1 2 3 11 -5 6 7 -3 9 -7 13 -2 -10 -4 -8
right_child=1 5 10 4 -6 8 14 -9 12 -11 -12 -13 -14 -15 -16
leaf_value=0.0016604118914692661 0 -0.00138549526963059 -0.00040415130398469045 0.00019531587840981957 -0.00019161242658065461 -0.00077068769490745443 0.00031425582191150174 0 0.00093739515482751728 0.0001702822955383286 -0.0012387479212349996 -0.00054028001154596294 0.0002723044379553371 0 0
leaf_weight=21 63 20 33 397 325 32 21 23 43 258 23 142 190 26 24
leaf_count=21 63 20 33 397 325 32 21 23 43 258 23 142 190 26 24
internal_value=1.09904e-05 -1.15721e-05 -0.000111766 -6.6161e-05 1.69344e-05 0.000148739 -0.000239768 -0.000749771 0.000220807 4.93843e-05 -0.000571501 -0.000369265 0.000418114 -0.000215647 0.000201471
internal_weight=1641 1620 1009 927 722 611 88 43 523 290 82 205 233 59 45
internal_count=1641 1620 1009 927 722 611 88 43 523 290 82 205 233 59 45
is_linear=0
shrinkage=0.03


Tree=122
num_leaves=16
num_cat=0
split_feature=17 25 11 33 15 14 8 20 33 33 20 17 11 7 2
split_gain=0.0749907 0.0251591 0.0205493 0.0254632 0.0326388 0.0199764 0.0168963 0.0174316 0.0154482 0.0290344 0.0154011 0.00954364 0.00714579 0.00521251 0.000364502
threshold=-2.009596726044768 0.23844262572123162 0.40939843398471332 0.43710896912737679 -0.4041859311924389 0.84280633464123522 -0.7292514346380049 -0.25565766236118298 -0.36182613354268672 -0.36182613354273863 -0.53291105640441627 1.1998984793315046 -1.2048335179996237 2.0526744960020991 0.19428635493539989
decision_type=2 2 2 2 2 2 2 2 2 2 2 2 2 2 2
left_child=-1 2 3 4 -2 11 7 -3 9 -8 -10 -4 -9 -7 -5
right_child=1 6 5 14 -6 13 8 12 10 -11 -12 -13 -14 -15 -16
leaf_value=0.0016762328748591241 -0.00015772807179089134 -0.00081810097522102296 -0.00052789978020915279 -0.0007779681054720035 0.00026359015227948971 0.00023329003287296071 0.00016523254535063276 -0.00033224568130551938 0.00091110734335835203 -0.00074954884079883664 0.00024231494855804912 3.0778682628727466e-05 0.00027129837707864083 -0.00026341032845084557 -0.00018715517567065746
leaf_weight=21 349 27 198 33 305 58 258 24 43 32 188 20 44 21 20
leaf_count=21 349 27 198 33 305 58 258 24 43 32 188 20 44 21 20
internal_value=1.05928e-05 -1.22089e-05 -0.000106392 -1.35858e-05 3.44985e-05 -0.00031497 0.000136223 -0.000211864 0.000206268 4.74112e-05 0.000389714 -0.000463348 1.09914e-05 5.9864e-05 -0.000630561
internal_weight=1641 1620 1004 707 654 297 616 95 521 290 231 218 68 79 53
internal_count=1641 1620 1004 707 654 297 616 95 521 290 231 218 68 79 53
is_linear=0
shrinkage=0.03


Tree=123
num_leaves=16
num_cat=0
split_feature=17 25 16 27 27 22 22 21 11 33 27 11 17 20 17
split_gain=0.071111 0.023797 0.0216408 0.0223484 0.0753867 0.0169155 0.0447481 0.0243699 0.019088 0.0180578 0.0172313 0.0136814 0.0123626 0.0100684 0.00136998
threshold=-2.009596726044768 0.15909895741613586 1.3066018066744498 -0.25048544946958473 -0.24230908714790031 -0.32817321991638576 -0.42479291885923115 0.71459126953452368 0.45184831768576283 -0.36182613354267901 -0.25011732718146001 -0.69899990854358884 1.3233811249345755 -0.64968085419983534 0.61820648569412262
decision_type=2 2 2 2 2 2 2 2 2 2 2 2 2 2 2
left_child=-1 2 3 11 -5 6 13 9 -8 -7 -9 -2 14 -3 -4
right_child=1 5 12 4 -6 7 8 10 -10 -11 -12 -13 -14 -15 -16
leaf_value=0.0016322317670419578 0.00013361976499130069 0.00047982157107971196 -0.00025198183778632916 0.00049737025358005357 -0.0002110357002710763 0.00011462610829895471 -0.00097875862079672494 0.000705281357257627 0 0.00096881905818052246 -8.1645310327358966e-05 -0.00034857173377971895 0 5.2757785077865839e-05 -0.00095816036044353884
leaf_weight=21 54 71 20 213 354 48 48 27 34 64 132 268 28 220 39
leaf_count=21 54 71 20 213 354 48 48 27 34 64 132 268 28 220 39
internal_value=1.02191e-05 -1.19367e-05 -0.000106893 -5.80206e-05 5.1039e-05 0.000127164 0 0.000306179 -0.000610469 0.000641364 4.40514e-05 -0.00025799 -0.000554377 0.000170992 -0.000790941
internal_weight=1641 1620 976 889 567 644 373 271 82 112 159 322 87 291 59
internal_count=1641 1620 976 889 567 644 373 271 82 112 159 322 87 291 59
is_linear=0
shrinkage=0.03


Tree=124
num_leaves=10
num_cat=0
split_feature=20 34 11 23 33 28 24 28 14
split_gain=0.0679254 0.0243374 0.0176967 0.017152 0.0200206 0.0170321 0.0161466 0.0129569 0.00350114
threshold=3.2689941525884527 -1.0802338205210973 -0.83773468631423242 0.77091503723986421 -0.36182613354268672 -0.10738221449619235 -1.4550245928032177 -0.10764376859047842 1.0000000180025095e-35
decision_type=2 2 2 2 2 2 2 2 2
left_child=1 -1 5 4 -4 8 -7 -5 -3
right_child=-2 2 3 7 -6 6 -8 -9 -10
leaf_value=-0.00098029132195464946 0.0016298507307301801 0.00030260459616637001 -0.00024022423655335412 0.0002840207758594334 1.5047082595014832e-05 -0.00053996084267273544 0.00022800581339979545 -0.00011966954432972807 0.0010109198225795159
leaf_weight=20 20 36 472 220 613 27 117 91 25
leaf_count=20 20 36 472 220 613 27 117 91 25
internal_value=1.00117e-05 -1.11006e-05 9.47252e-07 -3.5561e-05 -9.36007e-05 0.00026091 5.55229e-05 0.00015633 0.000673552
internal_weight=1641 1621 1601 1396 1085 205 144 311 61
internal_count=1641 1621 1601 1396 1085 205 144 311 61
is_linear=0
shrinkage=0.03


Tree=125
num_leaves=10
num_cat=0
split_feature=17 34 19 15 15 20 22 22 29
split_gain=0.0660094 0.0230583 0.0183656 0.0160561 0.0145098 0.0154928 0.010178 0.00149533 0.00138353
threshold=-2.009596726044768 -1.0802338205210973 -1.3172615340620111 -0.3120198026724898 -0.8849421278265045 -0.48021498769385645 -0.70819962535996805 -0.085114722461142281 -0.18251644100333833
decision_type=2 2 2 2 2 2 2 2 2
left_child=-1 -2 3 8 6 -6 -4 -5 -3
right_child=1 2 4 7 5 -7 -8 -9 -10
leaf_value=0.0015726330449688246 -0.00095471850345316134 -0.0002094314285740256 -0.00058203131106307005 0.00015974059730716462 0.00019858361264899084 -1.0029440565671704e-05 -6.753523656972177e-06 -0.00011821658027041308 -0.00084945361064349444
leaf_weight=21 20 22 51 24 487 854 80 44 38
leaf_count=21 20 22 51 24 487 854 80 44 38
internal_value=9.85317e-06 -1.14261e-05 2.58228e-07 -0.000338218 3.23529e-05 6.37729e-05 -0.000261121 0 -0.000683546
internal_weight=1641 1620 1600 128 1472 1341 131 68 60
internal_count=1641 1620 1600 128 1472 1341 131 68 60
is_linear=0
shrinkage=0.03


Tree=126
num_leaves=14
num_cat=0
split_feature=25 25 16 27 27 22 24 21 14 17 21 13 1
split_gain=0.0643207 0.0237838 0.0175404 0.0181572 0.0896706 0.0254162 0.0170292 0.0286143 0.0178625 0.0165986 0.0086822 0.00640115 0.00469797
threshold=3.5285158736328763 0.23844262572123162 0.82567014204534561 -0.24230908714790031 -0.25033180927650628 0.31102881247075381 -0.21793409034460451 -0.51452937428899703 -0.19268683914873805 1.3233811249345755 2.0356087839242893 0.88103571263569747 -0.3851860570471029
decision_type=2 2 2 2 2 2 2 2 2 2 2 2 2
left_child=1 2 3 4 -1 -5 8 -8 -3 11 -9 -4 -10
right_child=-2 6 9 5 -6 -7 7 10 12 -11 -12 -13 -14
leaf_value=-0.00016661190556798054 0.0014905870307523469 0.001157604944160474 -0.00023204235562197125 0 0.00075470306016264821 -0.00053139704923154426 -0.00072945959469583805 8.207366154876008e-05 -6.3230814788347241e-05 0.00016126471578276582 0.00068386921036988496 -0.00066953136845330932 0.00034505599436488409
leaf_weight=336 23 25 98 203 128 127 35 435 23 39 22 86 61
leaf_count=336 23 25 98 203 128 127 35 435 23 39 22 86 61
internal_value=9.24007e-06 -1.26864e-05 -0.000102689 -3.19839e-05 8.43355e-05 -0.000203831 0.000134401 5.11627e-05 0.000471898 -0.000337396 0.000121837 -0.000460024 0.000200455
internal_weight=1641 1618 1017 794 464 330 601 492 109 223 457 184 84
internal_count=1641 1618 1017 794 464 330 601 492 109 223 457 184 84
is_linear=0
shrinkage=0.03


Tree=127
num_leaves=9
num_cat=0
split_feature=16 21 21 20 24 23 9 11
split_gain=0.0634468 0.0180059 0.0187956 0.028061 0.0440073 0.0173228 0.0126573 0.00974224
threshold=-2.1035896207877349 2.04709589274507 -1.2267301211773922 -0.48021498769385645 -0.16584606918845232 0.59689464743079257 -0.89064379026338958 -0.45960247524930337
decision_type=2 2 2 2 2 2 2 2
left_child=-1 2 6 4 -4 -5 -2 -8
right_child=1 -3 3 5 -6 -7 7 -9
leaf_value=0.0015413161595351993 0.00085550188420650862 0.0007835060207359492 0.0013464404597179963 -0.00029836058530945407 2.6057269233468803e-05 -2.0970144388125905e-06 -0.00020119586248688821 0.00025096093997354707
leaf_weight=21 24 22 21 482 558 313 50 150
leaf_count=21 24 22 21 482 558 313 50 150
internal_value=9.10985e-06 -1.1716e-05 -2.59854e-05 -6.93063e-05 8.5795e-05 -0.000185924 0.00022393 0.000121841
internal_weight=1641 1620 1598 1374 579 795 224 200
internal_count=1641 1620 1598 1374 579 795 224 200
is_linear=0
shrinkage=0.03


Tree=128
num_leaves=10
num_cat=0
split_feature=14 34 25 22 15 16 27 27 28
split_gain=0.0618945 0.0212364 0.021386 0.0276578 0.0551276 0.023125 0.0231907 0.0125381 0.00342718
threshold=2.9093093045029383 -1.0802338205210973 1.0000000180025095e-35 -0.32817321991638576 0.97230943146002635 1.4090163136674179 -0.25048544946958473 -0.2502050536635963 -0.091103396076351414
decision_type=2 2 2 2 2 2 2 2 2
left_child=1 -1 5 4 -4 6 -3 -5 -7
right_child=-2 2 3 7 -6 8 -8 -9 -10
leaf_value=-0.00092318728274625285 0.0011912432745971621 -0.00028308626099127904 4.5845490814863482e-05 0.00060960639443726752 -0.0014617535835536924 -0.00029641376179642974 4.8185690176116176e-05 0.00016123449885708396 -0.0010661155842244625
leaf_weight=20 36 277 395 108 20 31 560 173 21
leaf_count=20 36 277 395 108 20 31 560 173 21
internal_value=9.18156e-06 -1.76393e-05 -2.60119e-06 0.000119699 -2.96025e-05 -0.000101794 -5.84948e-05 0.000348745 -0.000702997
internal_weight=1641 1605 1585 696 415 889 837 281 52
internal_count=1641 1605 1585 696 415 889 837 281 52
is_linear=0
shrinkage=0.03


Tree=129
num_leaves=17
num_cat=0
split_feature=4 25 33 33 14 31 22 31 31 31 22 25 21 14 0 24
split_gain=0.0603254 0.0238707 0.0168189 0.0297481 0.0165858 0.0152733 0.0212422 0.0167539 0.0140086 0.0455438 0.0371936 0.0281462 0.022502 0.0108149 0.00899202 0.00703021
threshold=-2.4078771652414024 0.35974539922208526 -0.36182613354268295 -0.36182613354273863 -0.31390679325971171 -0.011192714262975046 -0.32817321991638576 -0.013954793990344499 -0.012192215763654151 -0.010913296826773796 0.31102881247075381 -0.87344684961125363 -0.032070803816213279 -0.44972697020285984 0.53556663931317139 1.0191564121140091
decision_type=2 2 2 2 2 2 2 2 2 2 2 2 2 2 2 2
left_child=-1 8 3 15 -5 7 -7 -4 10 11 14 -10 -11 -12 -2 -3
right_child=1 2 5 4 -6 6 -8 -9 9 12 13 -13 -14 -15 -16 -17
leaf_value=0.0015028195061022414 0.00015929980299551969 0.00025660333333469578 0.00027786524325077024 0 -0.0010852013853000244 9.7048564030873473e-06 0.00075956249029080088 -0.00054982599699178534 0 -0.00045615844725724249 0 0.00091253683420226849 -2.0558740411355479e-05 -0.00072246297358442098 -0.00029102503147230234 -6.2867440715062378e-05
leaf_weight=21 134 149 67 20 29 63 101 29 58 141 29 65 479 122 52 82
leaf_count=21 134 149 67 20 29 63 101 29 58 141 29 65 479 122 52 82
internal_value=8.74328e-06 -1.1518e-05 0.000148712 -2.61768e-06 -0.000661553 0.000321259 0.00049482 0 -9.45929e-05 -1.7162e-05 -0.000254827 0.000498359 -0.000126158 -0.000600383 1.49084e-05 0.000131026
internal_weight=1641 1620 540 280 49 260 164 96 1080 743 337 123 620 151 186 231
internal_count=1641 1620 540 280 49 260 164 96 1080 743 337 123 620 151 186 231
is_linear=0
shrinkage=0.03


Tree=130
num_leaves=15
num_cat=0
split_feature=16 25 16 27 27 33 33 20 20 32 17 20 15 28
split_gain=0.0588461 0.0227226 0.018424 0.018161 0.066002 0.0170464 0.0815682 0.0139351 0.0118827 0.0111648 0.0102291 0.00952362 0.00926014 0.00249341
threshold=-2.1035896207877349 0.15909895741613586 1.3066018066744498 -0.25048544946958473 -0.24353263079988144 -0.36182613354268672 -0.361826133542757 -0.53291105640441627 0.084471851639445414 -0.29293307663361184 1.3233811249345755 -0.64968085419983534 -0.6366346930326291 -0.094915264739261651
decision_type=2 2 2 2 2 2 2 2 2 2 2 2 2 2
left_child=-1 2 3 9 -5 6 11 12 -9 -2 13 -3 -7 -4
right_child=1 5 10 4 -6 7 -8 8 -10 -11 -12 -13 -14 -15
leaf_value=0.0014841165016405283 0 0.00046744594965362915 -0.00038730435909294504 0.00047186885575385955 -0.00019604417119079129 0.00018769188406359818 -0.0011395681019732728 -0.00038347525559723954 0.00025990537047059799 -0.0003541824017508325 0 5.4961969606634028e-05 0.0012632634226212522 -0.0011068435462657361
leaf_weight=21 99 72 38 204 366 24 47 23 226 225 28 227 20 21
leaf_count=21 99 72 38 204 366 24 47 23 226 225 28 227 20 21
internal_value=8.44423e-06 -1.15443e-05 -0.000103789 -5.85883e-05 3.89818e-05 0.000125221 -9.39457e-06 0.000292806 0.000184714 -0.000238196 -0.000517498 0.00016788 0.000789846 -0.000732963
internal_weight=1641 1620 981 894 570 639 346 293 249 324 87 299 44 59
internal_count=1641 1620 981 894 570 639 346 293 249 324 87 299 44 59
is_linear=0
shrinkage=0.03


Tree=131
num_leaves=14
num_cat=0
split_feature=25 25 16 33 33 27 27 33 20 20 24 32 28
split_gain=0.0575598 0.0192126 0.0220141 0.0202668 0.0661201 0.0179356 0.0663178 0.0178446 0.0167169 0.0164289 0.0121463 0.0117049 0.00274676
threshold=3.5285158736328763 -0.0099481556805973669 1.4090163136674179 -0.36182613354268295 -0.361826133542757 -0.25048544946958473 -0.24230908714790031 -0.36182613354269316 -0.53291105640441627 -0.64968085419983534 -1.090408444710153 -0.29293307663361184 -0.091103396076351414
decision_type=2 2 2 2 2 2 2 2 2 2 2 2 2
left_child=1 2 5 4 9 11 -7 -6 -5 -3 -10 -1 -4
right_child=-2 3 12 8 7 6 -8 -9 10 -11 -12 -13 -14
leaf_value=0 0.0014096802972042215 0.00049394774244657515 -0.0002755624960272518 0.00091537764378999526 -0.0013363454485347923 0.00043260206372264958 -0.00022030591353347213 -0.00013262207280578356 0.00075454632029141062 1.9345496719351279e-06 9.75864710005759e-05 -0.0004006111544899202 -0.00097172541246150744
leaf_weight=94 23 81 31 34 36 225 357 25 29 271 229 181 25
leaf_count=94 23 81 31 34 36 225 357 25 29 271 229 181 25
internal_value=8.25656e-06 -1.23861e-05 -0.00010472 0.000102889 -2.59837e-05 -6.203e-05 2.79028e-05 -0.000919233 0.000293744 0.000126822 0.000190749 -0.000261399 -0.000670804
internal_weight=1641 1618 913 705 413 857 582 61 292 352 258 275 56
internal_count=1641 1618 913 705 413 857 582 61 292 352 258 275 56
is_linear=0
shrinkage=0.03


Tree=132
num_leaves=10
num_cat=0
split_feature=17 34 19 15 15 24 23 27 33
split_gain=0.0564144 0.0204037 0.015557 0.0140472 0.0134386 0.013472 0.0117277 0.00161379 0.0014019
threshold=-2.009596726044768 -1.0802338205210973 -1.3172615340620111 -0.3120198026724898 -0.8849421278265045 -1.5722226404045603 0.42287425762172098 -0.24906880828178277 -0.36183494175234482
decision_type=2 2 2 2 2 2 2 2 2
left_child=-1 -2 3 8 6 -6 -4 -5 -3
right_child=1 2 4 7 5 -7 -8 -9 -10
leaf_value=0.0014529680549167094 -0.00089870882981821253 -0.00018922703064834842 -0.00057463814168044454 -0.00011151445073037578 -0.00037919992968191168 8.1359346270346209e-05 0 0.00018363833962474016 -0.00080194576414651221
leaf_weight=21 20 23 55 46 55 1286 76 22 37
leaf_count=21 20 23 55 46 55 1286 76 22 37
internal_value=8.06998e-06 -1.14628e-05 0 -0.000311992 2.91099e-05 5.94335e-05 -0.000253295 0 -0.000634885
internal_weight=1641 1620 1600 128 1472 1341 131 68 60
internal_count=1641 1620 1600 128 1472 1341 131 68 60
is_linear=0
shrinkage=0.03


Tree=133
num_leaves=8
num_cat=0
split_feature=4 34 16 21 21 27 21
split_gain=0.0551753 0.0193281 0.0233362 0.0164917 0.0140112 0.00924287 0.000638841
threshold=-2.4078771652414024 -1.0802338205210973 -1.5386292275074451 1.989660348641167 -1.2497043388189533 -0.24420438414850007 0.22064559024095923
decision_type=2 2 2 2 2 2 2
left_child=-1 -2 5 4 -4 -3 -7
right_child=1 2 3 -5 -6 6 -8
leaf_value=0.0014365214448189361 -0.00087526426217316279 0.00087207377585582426 0.00018016077024626028 0.00066431511400733142 -8.0934787854195886e-05 0 0.00021348562187631614
leaf_weight=21 20 33 208 27 1283 20 29
leaf_count=21 20 33 208 27 1283 20 29
internal_value=7.52999e-06 -1.17666e-05 0 -2.63897e-05 -4.22143e-05 0.000484384 0.000130346
internal_weight=1641 1620 1600 1518 1491 82 49
internal_count=1641 1620 1600 1518 1491 82 49
is_linear=0
shrinkage=0.03


Tree=134
num_leaves=8
num_cat=0
split_feature=14 34 15 21 19 34 27
split_gain=0.0543557 0.0180452 0.0149045 0.0197008 0.0195234 0.00615104 0.005268
threshold=2.9093093045029383 -1.0802338205210973 1.849043851169526 -1.1922687947150508 -0.81057012994624067 -0.14013165643169276 -0.2500401959053179
decision_type=2 2 2 2 2 2 2
left_child=1 -1 3 5 -5 -3 -4
right_child=-2 2 6 4 -6 -7 -8
leaf_value=-0.00085243127827087169 0.0011154244867726587 -5.5193449795732024e-05 -0.00083904289553873238 -0.00025713858346321119 2.9231506271928448e-05 0.0003874414771626046 -9.8660743209932528e-05
leaf_weight=20 36 20 22 260 1103 148 32
leaf_count=20 36 20 22 260 1103 148 32
internal_value=7.54456e-06 -1.74741e-05 -3.45868e-06 1.23447e-05 -2.36438e-05 0.000317159 -0.000481214
internal_weight=1641 1605 1585 1531 1363 168 54
internal_count=1641 1605 1585 1531 1363 168 54
is_linear=0
shrinkage=0.03


Tree=135
num_leaves=10
num_cat=0
split_feature=16 21 21 20 24 15 23 33 17
split_gain=0.0533802 0.0149255 0.0129522 0.0235887 0.038559 0.0153539 0.0130925 0.0109494 0.00804031
threshold=-2.1035896207877349 2.04709589274507 -1.2497043388189533 -0.48021498769385645 -0.16584606918845232 1.4611749228662381 0.59689464743079257 -0.25594719690188134 0.44066208959634573
decision_type=2 2 2 2 2 2 2 2 2
left_child=-1 2 5 4 -4 7 -5 -2 -7
right_child=1 -3 3 6 -6 8 -8 -9 -10
leaf_value=0.0014127184865064919 7.2576407093708289e-05 0.00071165428577922281 0.0012617180957458912 -0.00026435967653718422 2.5138072682851815e-05 0.00012026465581730007 -5.6730413684530083e-06 0.00066141015326823369 -0.00042726572505697341
leaf_weight=21 73 22 21 487 558 42 313 65 39
leaf_count=21 73 22 21 487 558 42 313 65 39
internal_value=7.12276e-06 -1.18271e-05 -2.49761e-05 -6.07418e-05 8.14153e-05 0.000184498 -0.000167284 0.000379374 -0.000113491
internal_weight=1641 1620 1598 1379 579 219 800 138 81
internal_count=1641 1620 1598 1379 579 219 800 138 81
is_linear=0
shrinkage=0.03


Tree=136
num_leaves=11
num_cat=0
split_feature=14 25 21 22 22 22 28 19 28 20
split_gain=0.0512134 0.0151365 0.0131019 0.0153295 0.0491696 0.0230174 0.0104605 0.00485702 0.00263251 0.00124779
threshold=2.9093093045029383 -1.2021742204914938 2.04709589274507 0.76607464022335403 0.52008072055889842 1.6174024662196071 -0.061246341933409366 -1.1619025303230737 0.018441689402085435 -0.031100223252797928
decision_type=2 2 2 2 2 2 2 2 2 2
left_child=1 6 3 4 -3 -5 7 -1 -8 -9
right_child=-2 2 -4 5 -6 -7 8 9 -10 -11
leaf_value=-0.0009445784183462029 0.0010826877692687467 1.1445482541067079e-05 0.00069286660301266247 -0.00045576602957623965 0.001028541675209999 1.8636178138783356e-05 0.00026376819659024473 -0.00036216094549689886 -0.00012395107086248148 0
leaf_weight=20 36 1023 22 146 42 211 22 60 38 21
leaf_count=20 36 1023 22 146 42 211 22 60 38 21
internal_value=7.26865e-06 -1.69622e-05 1.20443e-05 0 5.71418e-05 -0.000169225 -0.000290874 -0.000473226 0 -0.00029155
internal_weight=1641 1605 1444 1422 1065 357 161 101 60 81
internal_count=1641 1605 1444 1422 1065 357 161 101 60 81
is_linear=0
shrinkage=0.03


Tree=137
num_leaves=10
num_cat=0
split_feature=9 21 19 15 22 22 24 27 31
split_gain=0.0510913 0.0135951 0.0116076 0.0127392 0.0117459 0.0471316 0.0215614 0.00152518 0.00112499
threshold=-2.1078910587036401 2.04709589274507 -1.3172615340620111 -0.3120198026724898 0.76607464022335403 0.52008072055889842 -0.1137580480323002 -0.24906880828178277 -0.010840671308598901
decision_type=2 2 2 2 2 2 2 2 2
left_child=-1 2 3 8 5 -4 -6 -5 -2
right_child=1 -3 4 7 6 -7 -8 -9 -10
leaf_value=0.0013822775835869831 -0.00075153210307982534 0.00069341935672855471 5.4502166332729915e-06 -0.00010584766019435066 -0.00046042382704408096 0.00099974250520269074 1.3060656678560491e-05 0.00018151314768008887 -0.00016405231107026336
leaf_weight=21 38 21 1075 46 126 42 228 22 22
leaf_count=21 38 21 1075 46 126 42 228 22 22
internal_value=7.14111e-06 -1.13584e-05 -2.37683e-05 -0.000294373 0 4.80926e-05 -0.000149517 0 -0.000601811
internal_weight=1641 1620 1599 128 1471 1117 354 68 60
internal_count=1641 1620 1599 128 1471 1117 354 68 60
is_linear=0
shrinkage=0.03


Tree=138
num_leaves=8
num_cat=0
split_feature=4 34 16 21 21 27 21
split_gain=0.0498569 0.0167479 0.0208884 0.0135738 0.0110468 0.00855706 0.000574539
threshold=-2.4078771652414024 -1.0802338205210973 -1.5386292275074451 1.989660348641167 -1.2497043388189533 -0.24420438414850007 0.22064559024095923
decision_type=2 2 2 2 2 2 2
left_child=-1 -2 5 4 -4 -3 -7
right_child=1 2 3 -5 -6 6 -8
leaf_value=0.0013655125589575616 -0.00081496175431200989 0.00083058353521240258 0.00015711062557811038 0.00060068761147558688 -7.4256876102007485e-05 0 0.00019502564138383603
leaf_weight=21 20 33 208 27 1283 20 29
leaf_count=21 20 33 208 27 1283 20 29
internal_value=7.07981e-06 -1.11726e-05 0 -2.51962e-05 -3.97216e-05 0.000458052 0.000116027
internal_weight=1641 1620 1600 1518 1491 82 49
internal_count=1641 1620 1600 1518 1491 82 49
is_linear=0
shrinkage=0.03


Tree=139
num_leaves=16
num_cat=0
split_feature=25 25 16 33 33 27 27 20 31 22 27 31 28 17 19
split_gain=0.0485974 0.0169068 0.0206638 0.0177578 0.0812301 0.0152176 0.0561299 0.0149985 0.0141585 0.0151673 0.0118546 0.0105334 0.0095558 0.00147085 0.000239648
threshold=3.5285158736328763 -0.0099481556805973669 1.3066018066744498 -0.36182613354268672 -0.361826133542757 -0.25048544946958473 -0.24420438414850007 -0.64968085419983534 -0.010982144933049555 -0.26110159170212199 -0.24037798052427586 -0.010852569310281264 -0.09555465032047443 0.72891136649680555 0.24139890951966708
decision_type=2 2 2 2 2 2 2 2 2 2 2 2 2 2 2
left_child=1 2 5 4 7 11 -7 -3 10 -10 -5 -1 13 -4 -6
right_child=-2 3 12 8 14 6 -8 -9 9 -11 -12 -13 -14 -15 -16
leaf_value=-0.00081626047793542959 0.0012949263825833509 0.0004758530290897137 -0.00031101240630512344 -0.00037389713550907221 -0.00062757503000039866 0.00043697994000018185 -0.00018241293040216502 4.8521957866869603e-06 0.00019879908609140854 0.0008418046945645924 0.00022061715641569706 -0.00015511104144327688 -0.00095362646086141463 0 -0.0015060373480617999
leaf_weight=25 23 81 23 41 26 201 364 271 115 59 90 247 33 20 22
leaf_count=25 23 81 23 41 26 201 364 271 115 59 90 247 33 20 22
internal_value=7.09683e-06 -1.17217e-05 -9.84362e-05 9.62806e-05 -2.86587e-05 -5.05175e-05 3.37999e-05 0.000124792 0.000268559 0.000444351 7.95464e-06 -0.000235029 -0.000566239 -0.00016092 -0.00115393
internal_weight=1641 1618 913 705 400 837 565 352 305 174 131 272 76 43 48
internal_count=1641 1618 913 705 400 837 565 352 305 174 131 272 76 43 48
is_linear=0
shrinkage=0.03


Tree=140
num_leaves=15
num_cat=0
split_feature=16 25 16 33 33 27 27 20 17 20 24 15 21 27
split_gain=0.0477569 0.0174569 0.0193725 0.0181773 0.076851 0.0150332 0.0603067 0.0143624 0.0130772 0.0121735 0.00989789 0.00898639 0.0018167 0.00132597
threshold=-2.1035896207877349 -0.0099481556805973669 1.4090163136674179 -0.36182613354268672 -0.361826133542757 -0.24187342368775369 -0.25033180927650628 -0.64968085419983534 -0.088593105170038267 -0.53291105640441627 -1.090408444710153 -0.6366346930326291 -0.49155515664743604 -0.24622352503954567
decision_type=2 2 2 2 2 2 2 2 2 2 2 2 2 2
left_child=-1 2 5 4 7 6 -2 -3 -7 11 -11 -5 -6 -4
right_child=1 3 13 9 12 8 -8 -9 -10 10 -12 -13 -14 -15
leaf_value=0.0013362659963313489 -0.00020425420457545441 0.00046208728369570698 -0.00025653530346608024 0.00015133458329364658 -0.001484184675473863 -0.00040751463162755081 0.00047002237542007589 1.0953462707610528e-06 -2.0852283014546819e-05 0.00068630482457228935 9.2073797914841009e-05 0.0011975360788485927 -0.0005635112469317391 -0.0008681147169321776
leaf_weight=21 317 81 29 24 23 162 186 270 185 29 242 20 25 27
leaf_count=21 317 81 29 24 23 162 186 270 185 29 242 20 25 27
internal_value=6.70742e-06 -1.11173e-05 -0.000100044 9.74846e-05 -3.04795e-05 -5.94223e-05 4.04602e-05 0.000118967 -0.000211886 0.000267765 0.00017343 0.000736795 -0.00112485 -0.0006314
internal_weight=1641 1620 906 714 399 850 503 351 347 315 271 44 48 56
internal_count=1641 1620 906 714 399 850 503 351 347 315 271 44 48 56
is_linear=0
shrinkage=0.03


Tree=141
num_leaves=11
num_cat=0
split_feature=14 25 15 17 13 28 23 19 28 14
split_gain=0.046416 0.0134317 0.0102611 0.0136429 0.0194535 0.010136 0.00579921 0.00394626 0.00257387 0.000434154
threshold=2.9093093045029383 -1.2021742204914938 2.051030200135441 1.4569766962313939 0.88103571263569747 -0.061246341933409366 1.1918015614292465 -1.1619025303230737 0.018441689402085435 -0.02665812543580983
decision_type=2 2 2 2 2 2 2 2 2 2
left_child=1 5 3 4 -3 7 -5 -1 -7 -9
right_child=-2 2 -4 6 -6 8 -8 9 -10 -11
leaf_value=-0.00089258704807244882 0.0010304347562532011 4.2706884680686626e-05 -0.00049268450263355464 0.00069571630763943842 -0.00033776738427294007 0.00026997628111392256 0 -0.00033297669572493759 -0.0001098008510037666 0
leaf_weight=20 36 1221 32 35 131 22 25 61 38 20
leaf_count=20 36 1221 32 35 131 22 25 61 38 20
internal_value=6.53859e-06 -1.64412e-05 1.0765e-05 2.53151e-05 2.96118e-06 -0.000274479 0.000457278 -0.000454443 0 -0.00028253
internal_weight=1641 1605 1444 1412 1352 161 60 101 60 81
internal_count=1641 1605 1444 1412 1352 161 60 101 60 81
is_linear=0
shrinkage=0.03


Tree=142
num_leaves=10
num_cat=0
split_feature=4 34 25 22 15 21 11 27 19
split_gain=0.0458316 0.0161737 0.0171253 0.0278402 0.0490429 0.0221243 0.0181531 0.0132969 0.00873047
threshold=-2.4078771652414024 -1.0802338205210973 -0.0099481556805973669 -0.32817321991638576 0.97230943146002635 -0.52601648310977767 0.29211699219856224 -0.24187342368775369 1.4903585295611668
decision_type=2 2 2 2 2 2 2 2 2
left_child=-1 -2 6 4 -4 -5 7 -3 -8
right_child=1 2 3 5 -6 -7 8 -9 -10
leaf_value=0.001308761321386555 -0.00080108314116849851 0.00013060689926683441 3.0731103701615018e-05 0.00081090086643767706 -0.0013898346543959948 0.00016814895573691966 -0.00032434938710811567 -0.00015377190622385792 0.00022479911352021862
leaf_weight=21 20 343 396 68 20 219 280 254 20
leaf_count=21 20 343 396 68 20 219 280 254 20
internal_value=6.22507e-06 -1.11992e-05 0 0.000110763 -3.98675e-05 0.000337597 -8.6611e-05 4.45101e-06 -0.000275975
internal_weight=1641 1620 1600 703 416 287 897 597 300
internal_count=1641 1620 1600 703 416 287 897 597 300
is_linear=0
shrinkage=0.03


Tree=143
num_leaves=15
num_cat=0
split_feature=16 25 16 15 31 27 22 15 22 27 19 27 17 17
split_gain=0.0444634 0.0155431 0.0150159 0.014408 0.0216478 0.0193946 0.0135861 0.0330283 0.0265394 0.013556 0.0190349 0.0115418 0.00795976 0.000981054
threshold=-2.1035896207877349 0.15909895741613586 1.3066018066744498 -0.4041859311924389 -0.010840652174077326 -0.24230908714790031 -0.32817321991638576 0.89034548227199328 -0.39693410053406669 -0.2502050536635963 0.38152654683569104 -0.24037798052427586 1.3233811249345755 0.61820648569412262
decision_type=2 2 2 2 2 2 2 2 2 2 2 2 2 2
left_child=-1 2 3 4 -2 -5 7 8 -3 10 -8 -11 13 -4
right_child=1 6 12 5 -6 -7 9 -9 -10 11 -12 -13 -14 -15
leaf_value=0.0012890608627349137 -0.000371203994575117 0.00018715963800997019 -0.00017533677413872361 0.00023494124318096325 7.1529729766852253e-05 -0.0001300230338759232 0.00013612622360415118 -0.0011161307813077734 -0.00046633861031766756 -0.00029031710834978911 0.0010472571200849155 0.00024163307373769718 0 -0.000793801600462757
leaf_weight=21 230 288 20 264 155 245 61 20 65 46 39 120 28 39
leaf_count=21 230 288 20 264 155 245 61 20 65 46 39 120 28 39
internal_value=6.09333e-06 -1.10413e-05 -8.75952e-05 -4.64941e-05 -0.000186054 5.36789e-05 0.000101672 -7.76218e-06 5.54844e-05 0.000264655 0.000540746 7.39369e-05 -0.000460982 -0.000651168
internal_weight=1641 1620 981 894 385 509 639 373 353 266 100 166 87 59
internal_count=1641 1620 981 894 385 509 639 373 353 266 100 166 87 59
is_linear=0
shrinkage=0.03


Tree=144
num_leaves=10
num_cat=0
split_feature=25 34 25 33 33 15 16 27 28
split_gain=0.0437202 0.0155351 0.0150452 0.0226791 0.0311854 0.0181896 0.0180179 0.0155209 0.0088437
threshold=3.5285158736328763 -1.0802338205210973 -0.0099481556805973669 -0.36182613354267901 -0.361826133542757 -0.026858149379422627 1.3066018066744498 -0.25048544946958473 -0.09555465032047443
decision_type=2 2 2 2 2 2 2 2 2
left_child=1 -1 6 4 -4 -5 7 -3 -8
right_child=-2 2 3 5 -6 -7 8 -9 -10
leaf_value=-0.0007860801187951279 0.0012274649841196009 -0.00022249343811322678 0.00011197486675022522 0.0009216147931779972 -0.00047982109699723784 0.00019560552707246253 -0.00012864359896830929 5.0368394453457652e-05 -0.00088688895133479172
leaf_weight=20 23 272 352 40 100 199 43 559 33
leaf_count=20 23 272 352 40 100 199 43 559 33
internal_value=5.828e-06 -1.19265e-05 0 0.000104425 -1.46604e-05 0.000339429 -8.10157e-05 -3.58257e-05 -0.000517033
internal_weight=1641 1618 1598 691 452 239 907 831 76
internal_count=1641 1618 1598 691 452 239 907 831 76
is_linear=0
shrinkage=0.03


Tree=145
num_leaves=10
num_cat=0
split_feature=17 34 25 33 33 28 21 33 14
split_gain=0.0427196 0.0147536 0.0129342 0.0137985 0.062125 0.0256014 0.0101017 0.00501895 0.00318642
threshold=-2.009596726044768 -1.0802338205210973 -1.0873495688007453 -0.36182613354268672 -0.361826133542757 -0.10719247579236559 -0.7098102242422667 0.04901456699466248 0.50603976924909044
decision_type=2 2 2 2 2 2 2 2 2
left_child=-1 -2 6 4 -4 -5 8 -8 -3
right_child=1 2 3 5 -6 -7 7 -9 -10
leaf_value=0.0012632135749736334 -0.00076557368153463241 -0.00066713297883124671 1.62303715524397e-05 0.00030260241502460823 -0.0010660299911328097 -6.1849989992709118e-05 -0.00018338009548397562 0.00018797605265622816 -6.6851188183396248e-05
leaf_weight=21 20 46 679 363 48 307 89 43 25
leaf_count=21 20 46 679 363 48 307 89 43 25
internal_value=5.59859e-06 -1.11602e-05 0 3.23433e-05 -5.52033e-05 0.000131618 -0.000222259 -3.86968e-05 -0.000507586
internal_weight=1641 1620 1600 1397 727 670 203 132 71
internal_count=1641 1620 1600 1397 727 670 203 132 71
is_linear=0
shrinkage=0.03


Tree=146
num_leaves=16
num_cat=0
split_feature=3 25 20 15 19 22 21 19 22 13 28 19 24 25 23
split_gain=0.0420002 0.0136221 0.0153376 0.0186149 0.0122958 0.0104859 0.022961 0.025042 0.0175568 0.0107034 0.00953381 0.00807856 0.00801811 0.00325744 0.00130307
threshold=-2.4077834414555386 0.35974539922208526 0.79946240723611328 -0.8849421278265045 -1.3172615340620111 -0.32817321991638576 0.71459126953452368 0.40183451855381341 -0.44229468146510126 -0.26672186996694319 -0.10760920842601877 0.028162884735107828 1.0191564121140091 -0.26372239895358879 0.42287425762172098
decision_type=2 2 2 2 2 2 2 2 2 2 2 2 2 2 2
left_child=-1 2 3 14 -5 8 7 -7 12 -10 -8 13 -3 -4 -2
right_child=1 5 11 4 -6 6 10 -9 9 -11 -12 -13 -14 -15 -16
leaf_value=0.001252233415696537 -0.00054027909853668029 0.00028108301054433538 -0.00035347428775805214 -0.00028758072222730591 4.785235160618277e-05 0.0002191801019131473 0.0005126762043870985 0.001273782192297992 -0.00076504107764648163 -6.8052980514174253e-05 -0.00013454979023820644 -0.00088136741470079864 -0.00012965286075545008 0 -7.433406737982295e-05
leaf_weight=21 62 143 41 109 788 79 22 31 31 78 108 27 47 29 25
leaf_count=21 62 143 41 109 788 79 22 31 31 78 108 27 47 29 25
internal_value=5.20942e-06 -1.13921e-05 -7.44321e-05 -3.50125e-05 2.93574e-06 0.000109216 0.000255816 0.000568862 0 -0.000308247 0 -0.00043127 0.0001635 -0.000187479 -0.000446661
internal_weight=1641 1620 1081 984 897 539 240 110 299 109 130 97 190 70 87
internal_count=1641 1620 1081 984 897 539 240 110 299 109 130 97 190 70 87
is_linear=0
shrinkage=0.03


Tree=147
num_leaves=10
num_cat=0
split_feature=4 3 20 22 11 21 23 15 15
split_gain=0.0413427 0.0127248 0.0125299 0.0233901 0.0177735 0.0157346 0.0178833 0.0123523 0.010196
threshold=-2.4078771652414024 -2.2802517094653276 -0.48021498769385645 -0.29973285568185021 -0.14631205871826877 -1.2267301211773922 0.59689464743079257 1.4611749228662381 -0.61478436903787292
decision_type=2 2 2 2 2 2 2 2 2
left_child=-1 -2 3 4 -3 7 -7 -4 -5
right_child=1 2 5 8 -6 6 -8 -9 -10
leaf_value=0.0012421493612491759 0.000607369229020872 0.00017676993024083121 0.00030946078204547315 0.00014304369892324169 -0.00017000747658146539 -0.00026739585852147057 1.1006337899365768e-05 -0.00015355633703733771 0.0011578180204331876
leaf_weight=21 26 295 135 28 234 480 329 71 22
leaf_count=21 26 295 135 28 234 480 329 71 22
internal_value=4.88752e-06 -1.1569e-05 -2.46651e-05 8.37895e-05 1.76422e-05 -8.95439e-05 -0.00015086 0.00013561 0.000686411
internal_weight=1641 1620 1594 579 529 1015 809 206 50
internal_count=1641 1620 1594 579 529 1015 809 206 50
is_linear=0
shrinkage=0.03


Tree=148
num_leaves=15
num_cat=0
split_feature=16 25 11 33 15 22 15 22 24 1 19 27 27 2
split_gain=0.040429 0.0127712 0.0138151 0.0181702 0.021173 0.0116959 0.0307815 0.0220501 0.0133209 0.0112405 0.0097706 0.00888649 0.00542769 0.000520878
threshold=-2.1035896207877349 0.15909895741613586 0.40939843398471332 0.43710896912737679 -0.4041859311924389 -0.32817321991638576 0.89034548227199328 -0.39693410053406669 -0.23746709827816156 0.21977965689543269 1.5086360031469204 0.13820686924362968 -0.24999646119593064 0.24493688216756057
decision_type=2 2 2 2 2 2 2 2 2 2 2 2 2 2
left_child=-1 2 3 4 -2 6 7 -3 9 -7 11 -4 -10 -5
right_child=1 5 10 13 -6 8 -8 -9 12 -11 -12 -13 -14 -15
leaf_value=0.0012285749923903494 -0.00011956183168264994 0.00017115184712710073 -0.00041016945354996033 -0.00060401719543801309 0.0002216790251165678 0.00013473228003268184 -0.0010801826684138454 -0.00042405319554467602 0.00032671016377632992 0.0011315167410454402 0.00023281324302984607 0 0 -9.5934719981058774e-05
leaf_weight=21 337 288 200 40 305 31 20 65 68 24 24 55 143 20
leaf_count=21 337 288 200 40 305 31 20 65 68 24 24 55 143 20
internal_value=5.07247e-06 -1.11809e-05 -8.07041e-05 -5.03989e-06 3.818e-05 9.07572e-05 -1.03049e-05 5.04763e-05 0.000242159 0.000657446 -0.000258368 -0.000318394 0.000112191 -0.000494909
internal_weight=1641 1620 981 702 642 639 373 353 266 55 279 255 211 60
internal_count=1641 1620 981 702 642 639 373 353 266 55 279 255 211 60
is_linear=0
shrinkage=0.03


Tree=149
num_leaves=14
num_cat=0
split_feature=9 25 24 21 20 24 21 33 11 11 10 14 30
split_gain=0.0395787 0.0110079 0.0103325 0.0218402 0.0244147 0.0225052 0.00939811 0.00511833 0.00506834 0.00497132 0.00296895 0.00273124 0.000640685
threshold=-2.1078910587036401 -1.1118444267171943 -1.5592006351155223 -0.60642624485524166 -0.38620033938464943 -0.96018839181977256 -0.7098102242422667 0.04901456699466248 0.58763005665640577 -0.64423904803394694 0.42466457447989442 0.50603976924909044 -0.21996232317656364
decision_type=2 2 2 2 2 2 2 2 2 2 2 2 2
left_child=-1 6 8 4 -4 -5 11 12 9 -3 -9 -2 -8
right_child=1 2 3 5 -6 -7 7 10 -10 -11 -12 -13 -14
leaf_value=0.0012155770709505304 -0.00065231344937637906 -0.00039088622509734708 0.0011788221252802759 -0.00070727473987998175 0.0001648795318804182 0 -0.00025704261324809572 0.00041363138325512406 -0.00068657328392146154 0.00016173884771370257 0 -4.8406187812797721e-05 0
leaf_weight=21 45 23 22 39 288 1012 54 22 23 23 20 22 27
leaf_count=21 45 23 22 39 288 1012 54 22 23 23 20 22 27
internal_value=4.99458e-06 -1.10676e-05 1.56506e-05 3.60968e-05 0.00025703 -2.67689e-05 -0.000224819 -3.8642e-05 -0.000330677 -6.03639e-05 0.000188869 -0.000507446 -0.000194857
internal_weight=1641 1620 1430 1361 310 1051 190 123 69 46 42 67 81
internal_count=1641 1620 1430 1361 310 1051 190 123 69 46 42 67 81
is_linear=0
shrinkage=0.03


Tree=150
num_leaves=9
num_cat=0
split_feature=14 34 25 16 21 29 21 27
split_gain=0.0390954 0.0131818 0.0100066 0.00927893 0.0109044 0.0079702 0.00703368 0.00699357
threshold=2.9093093045029383 -1.0802338205210973 -1.2021742204914938 -1.4344211546457386 1.989660348641167 0.21527995458081586 -0.66386178895914438 -0.24420438414850007
decision_type=2 2 2 2 2 2 2 2
left_child=1 -1 5 7 -5 6 -3 -4
right_child=-2 2 3 4 -6 -7 -8 -9
leaf_value=-0.00073015069854243293 0.00094461295707151281 -0.0006138390200150232 0.0005863312914341143 -1.4844903351835705e-05 0.00058332956472544799 8.7849314498470905e-05 -8.9135749466853059e-05 3.1125150261108167e-05
leaf_weight=20 36 53 41 1296 25 38 69 63
leaf_count=20 36 53 41 1296 25 38 69 63
internal_value=4.719e-06 -1.62201e-05 -3.95995e-06 1.95396e-05 0 -0.000228165 -0.000350342 0.000288344
internal_weight=1641 1605 1585 1425 1321 160 122 104
internal_count=1641 1605 1585 1425 1321 160 122 104
is_linear=0
shrinkage=0.03


Tree=151
num_leaves=9
num_cat=0
split_feature=4 34 16 27 15 20 25 20
split_gain=0.0378666 0.0127024 0.0158629 0.0131997 0.0108857 0.0141432 0.0098652 0.00151206
threshold=-2.4078771652414024 -1.0802338205210973 -1.4344211546457386 -0.24782404440930406 -0.8849421278265045 -0.48021498769385645 0.33706141924737659 -0.7951940195788133
decision_type=2 2 2 2 2 2 2 2
left_child=-1 -2 3 -3 6 -6 -4 -5
right_child=1 2 4 7 5 -7 -8 -9
leaf_value=0.0011887815448862965 -0.00071110327992051758 0.00078827328986953932 -0.00049086530822635866 0.00023342599885152842 0.00013599482235191011 -6.9292481613668786e-05 0 0
leaf_weight=21 20 37 79 26 449 907 55 47
leaf_count=21 20 37 79 26 449 907 55 47
internal_value=4.62042e-06 -1.10504e-05 0 0.000341711 -2.69208e-05 0 -0.000281797 5.37153e-05
internal_weight=1641 1620 1600 110 1490 1356 134 73
internal_count=1641 1620 1600 110 1490 1356 134 73
is_linear=0
shrinkage=0.03


Tree=152
num_leaves=9
num_cat=0
split_feature=3 5 20 24 20 14 23 28
split_gain=0.0368524 0.0114952 0.0104221 0.0297146 0.0135697 0.0232699 0.0104906 0.00873494
threshold=-2.4077834414555386 -2.407382094531977 -0.48021498769385645 -0.16584606918845232 -0.14128314030736749 0.24925326479234572 0.42287425762172098 -0.10410219011361038
decision_type=2 2 2 2 2 2 2 2
left_child=-1 -2 3 -3 5 -4 -5 -6
right_child=1 2 4 6 7 -7 -8 -9
leaf_value=0.0011727368227439001 0.00065090731375486307 0.0011135743326740339 -0.00016413401183425552 -4.8732856587028237e-05 5.8179291393797919e-05 -0.0012065087812244081 0.00023620771344219562 -0.00014893340337699041
leaf_weight=21 20 21 230 402 487 20 156 284
leaf_count=21 20 21 230 402 487 20 156 284
internal_value=4.52165e-06 -1.09132e-05 -2.22601e-05 7.65395e-05 -8.12783e-05 -0.000272699 2.64175e-05 -1.45168e-05
internal_weight=1641 1620 1600 579 1021 250 558 771
internal_count=1641 1620 1600 579 1021 250 558 771
is_linear=0
shrinkage=0.03


Tree=153
num_leaves=16
num_cat=0
split_feature=16 25 20 28 25 22 22 21 33 33 19 27 27 20 25
split_gain=0.0362932 0.011157 0.012667 0.0177814 0.0216934 0.0109539 0.0255749 0.011862 0.0154958 0.0107612 0.0106437 0.00934052 0.00771864 0.00628506 0.00324193
threshold=-2.1035896207877349 0.15909895741613586 0.85814669404402 -0.1077020707675531 -0.54790156379926291 -0.32817321991638576 -0.42479291885923115 0.71459126953452368 -0.36182613354267901 -0.36182613354268972 0.028162884735107828 -0.25058669284614726 -0.2502050536635963 -0.64968085419983534 -0.26372239895358879
decision_type=2 2 2 2 2 2 2 2 2 2 2 2 2 2 2
left_child=-1 2 3 11 -5 6 13 8 -7 -8 14 -2 -9 -3 -4
right_child=1 5 10 4 -6 7 9 12 -10 -11 -12 -13 -14 -15 -16
leaf_value=0.0011638052745256572 1.9889542342811023e-05 0.00035311297359608894 -0.00034437777614892604 -9.8907333173530086e-05 0.00023896726475600291 0 -0.00074153682529236591 0.0005158035861184963 0.00074988351465688776 0 -0.0010130461984840424 -0.00042022740671417667 -3.9379442388466981e-05 1.5784120538530112e-05 0
leaf_weight=21 44 71 36 442 271 48 50 23 66 32 20 140 129 220 28
leaf_count=21 44 71 36 442 271 48 50 23 66 32 20 140 129 220 28
internal_value=4.47706e-06 -1.08263e-05 -7.59049e-05 -3.85494e-05 2.57867e-05 8.42982e-05 -1.33477e-05 0.000230997 0.0004609 -0.000478458 -0.000425242 -0.000300309 3.3631e-05 0.000111055 -0.000159641
internal_weight=1641 1620 981 897 713 639 373 266 114 82 84 184 152 291 64
internal_count=1641 1620 981 897 713 639 373 266 114 82 84 184 152 291 64
is_linear=0
shrinkage=0.03


Tree=154
num_leaves=9
num_cat=0
split_feature=4 3 20 24 15 20 17 15
split_gain=0.035229 0.010323 0.0104498 0.0278246 0.0137321 0.012087 0.0171264 0.00947986
threshold=-2.4078771652414024 -2.2802517094653276 -0.48021498769385645 -0.16584606918845232 -0.8849421278265045 -0.14128314030736749 -0.17583841133955344 -0.15059841278693673
decision_type=2 2 2 2 2 2 2 2
left_child=-1 -2 3 -3 -5 6 -4 -7
right_child=1 2 5 4 -6 7 -8 -9
leaf_value=0.00114664935140172 0.00054641358262923516 0.0010800889121019282 -0.00057379049701491807 -0.00029803999075691889 9.7990208709906117e-05 -0.00017833045183728887 -4.2450280922259625e-05 4.7788356750752289e-05
leaf_weight=21 26 21 96 90 468 235 154 530
leaf_count=21 26 21 96 90 468 235 154 530
internal_value=4.42942e-06 -1.06208e-05 -2.25946e-05 7.62162e-05 2.75146e-05 -8.1966e-05 -0.000262727 -1.8192e-05
internal_weight=1641 1620 1594 579 558 1015 250 765
internal_count=1641 1620 1594 579 558 1015 250 765
is_linear=0
shrinkage=0.03


Tree=155
num_leaves=8
num_cat=0
split_feature=14 34 15 17 16 29 17
split_gain=0.0347348 0.0116398 0.0102852 0.0128691 0.0178448 0.00646223 0.00643356
threshold=2.9093093045029383 -1.0802338205210973 1.849043851169526 1.4569766962313939 1.1084527894920722 -0.18245160997044393 0.024885100180404112
decision_type=2 2 2 2 2 2 2
left_child=1 -1 3 4 -3 -5 -4
right_child=-2 2 6 5 -6 -7 -8
leaf_value=-0.00068615031526828908 0.00089040253112594085 3.0879579173801732e-05 0 0 -0.00028587705889095648 0.00075079956776913132 -0.00063538695844142013
leaf_weight=20 36 1297 20 27 179 28 34
leaf_count=20 36 1297 20 27 179 28 34
internal_value=4.39652e-06 -1.5235e-05 -3.59972e-06 9.20323e-06 -6.00823e-06 0.000448344 -0.000400598
internal_weight=1641 1605 1585 1531 1476 55 54
internal_count=1641 1605 1585 1531 1476 55 54
is_linear=0
shrinkage=0.03


Tree=156
num_leaves=10
num_cat=0
split_feature=25 34 25 16 28 33 33 31 28
split_gain=0.0346664 0.0111807 0.011339 0.0171675 0.018203 0.0157194 0.0261498 0.00844167 0.00174196
threshold=3.5285158736328763 -1.0802338205210973 -0.15731325921542302 1.4090163136674179 -0.1077020707675531 -0.36182613354267901 -0.361826133542757 -0.011192714262975046 -0.10169582965797518
decision_type=2 2 2 2 2 2 2 2 2
left_child=1 -1 3 4 -3 6 -4 -7 -5
right_child=-2 2 5 8 -6 7 -8 -9 -10
leaf_value=-0.00066825074115363153 0.0010923090369995827 -0.00043557010111943512 8.4334050233725514e-05 -0.00023160967358251518 8.8614673589172479e-06 4.5099248607248926e-05 -0.00044844441336141085 0.00040491137917019843 -0.00092010740587568796
leaf_weight=20 23 90 412 26 666 127 100 157 20
leaf_count=20 23 90 412 26 666 127 100 157 20
internal_value=4.27555e-06 -1.13332e-05 -7.9285e-10 -8.13153e-05 -4.1607e-05 7.81697e-05 -1.59051e-05 0.000256616 -0.000630187
internal_weight=1641 1618 1598 802 756 796 512 284 46
internal_count=1641 1618 1598 802 756 796 512 284 46
is_linear=0
shrinkage=0.03


Tree=157
num_leaves=13
num_cat=0
split_feature=9 25 24 21 24 22 21 11 11 29 28 24
split_gain=0.0336472 0.00938491 0.00904485 0.0182326 0.0200701 0.018791 0.00876069 0.00481562 0.00448377 0.00424492 0.00115105 0.000145476
threshold=-2.1078910587036401 -1.1118444267171943 -1.5592006351155223 -0.60642624485524166 -0.96018839181977256 -0.18209442601455078 -0.7098102242422667 0.58763005665640577 -0.64423904803394694 -0.17877955586502406 0.018441689402085435 -1.4810686033812939
decision_type=2 2 2 2 2 2 2 2 2 2 2 2
left_child=-1 6 7 5 -5 -4 11 8 -3 -8 -11 -2
right_child=1 2 3 4 -6 -7 9 -9 -10 10 -12 -13
leaf_value=0.0011203750857093837 -9.9571156626789933e-05 -0.00036509036456566091 3.9362131672678518e-05 -0.00066679097660484593 0 0.00054059032191861619 -0.00023815691016467385 -0.00065469788327643006 0.00016141003505505905 0.00021579318347613556 0 -0.00056642102320678535
leaf_weight=21 20 23 197 39 1012 113 54 23 23 34 35 47
leaf_count=21 20 23 197 39 1012 113 54 23 23 34 35 47
internal_value=4.03404e-06 -1.06328e-05 1.38841e-05 3.31479e-05 -2.40675e-05 0.000235083 -0.000208046 -0.00030997 -4.68508e-05 -2.81092e-05 9.7683e-05 -0.00048016
internal_weight=1641 1620 1430 1361 1051 310 190 69 46 123 69 67
internal_count=1641 1620 1430 1361 1051 310 190 69 46 123 69 67
is_linear=0
shrinkage=0.03


Tree=158
num_leaves=15
num_cat=0
split_feature=16 25 16 15 32 22 15 22 21 20 19 28 28 22
split_gain=0.0327725 0.0101096 0.0115834 0.0119844 0.0100653 0.00989622 0.0283601 0.0193338 0.0110864 0.00774553 0.00765169 0.00699813 0.00615231 0.00266098
threshold=-2.1035896207877349 0.15909895741613586 1.3066018066744498 -0.73851452576952703 -0.15579892849208191 -0.32817321991638576 0.89034548227199328 -0.39693410053406669 0.71459126953452368 -0.88142400735613946 0.38152654683569104 -0.10766666639870821 -0.10710935650017937 -0.25586767851777287
decision_type=2 2 2 2 2 2 2 2 2 2 2 2 2 2
left_child=-1 2 3 9 -5 6 7 -3 10 -2 -7 -10 -4 -14
right_child=1 5 12 4 -6 8 -8 -9 11 -11 -12 -13 13 -15
leaf_value=0.0011055757391732184 -1.9155046828242644e-05 0.00015887532168585257 0 7.716789688381975e-05 -0.00016795073882988992 0.00020536758271002867 -0.0010394782325171905 -0.0003982999530408586 0.00048845082599347314 -0.00051543530550437751 0.00082056255051149766 -4.0549790158613833e-05 -9.6778958366485293e-05 -0.00076355103272822151
leaf_weight=21 70 288 31 554 202 78 20 65 23 68 36 129 21 35
leaf_count=21 70 288 31 554 202 78 20 65 23 68 36 129 21 35
internal_value=3.80622e-06 -1.06447e-05 -7.26632e-05 -3.61668e-05 7.3157e-06 7.97885e-05 -1.26587e-05 4.53605e-05 0.000219271 -0.000290739 0.000441339 2.80461e-05 -0.000400655 -0.000581994
internal_weight=1641 1620 981 894 756 639 373 353 266 138 114 152 87 56
internal_count=1641 1620 981 894 756 639 373 353 266 138 114 152 87 56
is_linear=0
shrinkage=0.03


Tree=159
num_leaves=10
num_cat=0
split_feature=25 34 25 20 28 20 20 15 19
split_gain=0.0319929 0.010686 0.0101698 0.0151476 0.0193298 0.0110397 0.0150068 0.0102818 0.00550424
threshold=3.5285158736328763 -1.0802338205210973 -0.15731325921542302 0.64616463821311021 -0.1077020707675531 -0.58560718260165145 0.9922822559365545 -0.70875119655070962 -0.82275460226040886
decision_type=2 2 2 2 2 2 2 2 2
left_child=1 -1 3 4 -3 7 -7 -4 -5
right_child=-2 2 5 8 -6 6 -8 -9 -10
leaf_value=-0.00065372770664322635 0.00104883849953946 -0.0004277903229819984 0 -1.5400326935752452e-05 2.9150816847143572e-05 -6.1274803143514757e-05 0.00030212639874116574 0.00048450666731398082 -0.00062809354294260052
leaf_weight=20 23 92 80 31 624 494 125 97 55
leaf_count=20 23 92 80 31 624 494 125 97 55
internal_value=3.48625e-06 -1.14364e-05 -3.13971e-07 -7.74106e-05 -2.69298e-05 7.36081e-05 8.39004e-06 0.000281079 -0.000448911
internal_weight=1641 1618 1598 802 716 796 619 177 86
internal_count=1641 1618 1598 802 716 796 619 177 86
is_linear=0
shrinkage=0.03


Tree=160
num_leaves=10
num_cat=0
split_feature=3 2 20 22 16 21 21 22 15
split_gain=0.0317774 0.0116868 0.0110238 0.0190815 0.0138804 0.0126232 0.0136542 0.0114854 0.0080501
threshold=-2.2802517094653276 -2.2802484414129602 -0.48021498769385645 -0.29973285568185021 0.56338534703211252 -1.3358576549748076 2.04709589274507 -0.18209442601455078 -0.61478436903787292
decision_type=2 2 2 2 2 2 2 2 2
left_child=-1 -2 3 4 -3 7 -7 -4 -5
right_child=1 2 5 8 -6 6 -8 -9 -10
leaf_value=0.0009561324316497531 0.00057950698033553262 0.0001069857340714036 0 0.00012279243863398028 -0.00024776999274394115 -0.00016328612773973834 0.00053925662313122306 0.0005437726056203246 0.0010421190078556538
leaf_weight=28 26 402 147 28 127 798 21 42 22
leaf_count=28 26 402 147 28 127 798 21 42 22
internal_value=3.31558e-06 -1.31122e-05 -2.5783e-05 7.55647e-05 1.52615e-05 -8.70165e-05 -0.00013972 0.000124356 0.000619991
internal_weight=1641 1613 1587 579 529 1008 819 189 50
internal_count=1641 1613 1587 579 529 1008 819 189 50
is_linear=0
shrinkage=0.03


Tree=161
num_leaves=8
num_cat=0
split_feature=4 34 16 27 21 15 5
split_gain=0.0313134 0.0101019 0.0130947 0.0116279 0.00983303 0.00794388 0.000541853
threshold=-2.4078771652414024 -1.0802338205210973 -1.4344211546457386 -0.24420438414850007 1.989660348641167 -0.8849421278265045 -0.089789221488434642
decision_type=2 2 2 2 2 2 2
left_child=-1 -2 3 -3 5 -4 -5
right_child=1 2 4 6 -6 -7 -8
leaf_value=0.0010806172265874919 -0.00063484326194283424 0.0006733744607921293 -0.00025633009787530799 -9.0891429667122795e-06 0.0005250287424091117 -1.2733460385644394e-05 0.00012945908673332425
leaf_weight=21 20 44 134 40 25 1331 26
leaf_count=21 20 44 134 40 25 1331 26
internal_value=3.61475e-06 -1.04696e-05 0 0.000309841 -2.50521e-05 -3.75366e-05 5.26783e-06
internal_weight=1641 1620 1600 110 1490 1465 66
internal_count=1641 1620 1600 110 1490 1465 66
is_linear=0
shrinkage=0.03


Tree=162
num_leaves=8
num_cat=0
split_feature=14 34 15 15 20 25 27
split_gain=0.0302955 0.0094127 0.00932883 0.00941761 0.0104045 0.00700766 0.00393422
threshold=2.9093093045029383 -1.0802338205210973 1.849043851169526 -0.8849421278265045 -0.48021498769385645 0.33706141924737659 -0.2500401959053179
decision_type=2 2 2 2 2 2 2
left_child=1 -1 3 5 -5 -3 -4
right_child=-2 2 6 4 -6 -7 -8
leaf_value=-0.000618282150062125 0.00083112419787077937 -0.00039095290658236795 -0.00068667336657643322 0.00014425167176192099 -2.4653327502173502e-05 0 -4.6061143487791654e-05
leaf_weight=20 36 84 22 497 894 56 32
leaf_count=20 36 84 22 497 894 56 32
internal_value=3.53343e-06 -1.46797e-05 -4.0204e-06 8.07991e-06 3.37244e-05 -0.000221099 -0.000382087
internal_weight=1641 1605 1585 1531 1391 140 54
internal_count=1641 1605 1585 1531 1391 140 54
is_linear=0
shrinkage=0.03


Tree=163
num_leaves=15
num_cat=0
split_feature=16 25 16 33 33 33 27 27 20 15 31 27 33 28
split_gain=0.0299488 0.00915098 0.0131547 0.0115456 0.0258007 0.0390456 0.0113207 0.0437379 0.0101409 0.00966471 0.0111017 0.00860369 0.00512525 0.00201018
threshold=-2.1035896207877349 -0.0099481556805973669 1.4090163136674179 -0.36182613354267901 -0.361826133542757 -0.36182613354268972 -0.25048544946958473 -0.24420438414850007 -0.64968085419983534 -0.026858149379422627 -0.020957841680516322 -0.25054674964964757 -0.021719344392824396 -0.091103396076351414
decision_type=2 2 2 2 2 2 2 2 2 2 2 2 2 2
left_child=-1 2 6 4 8 -6 11 -8 -3 10 -5 -2 -11 -4
right_child=1 3 13 9 5 -7 7 -9 -10 12 -12 -13 -14 -15
leaf_value=0.0010565487680723891 -0.00011203273709223627 0.0003840282257437398 -0.00017355524367389187 0 -0.0011078725335964311 2.1818027873599869e-05 0.0003739282158749627 -0.00016386188198103794 0 0 0.00095588725512789081 -0.00061443839245475828 0.00033581606027976014 -0.00076364884844848087
leaf_weight=21 236 81 31 20 42 58 212 363 270 150 29 39 64 25
leaf_count=21 236 81 31 20 42 58 212 363 270 150 29 39 64 25
internal_value=3.20885e-06 -1.05248e-05 -7.52961e-05 6.7451e-05 -1.88226e-05 -0.000441974 -4.12205e-05 3.01403e-05 9.59828e-05 0.000225217 0.000608395 -0.000199936 0.000116458 -0.000513272
internal_weight=1641 1620 906 714 451 100 850 575 351 263 49 275 214 56
internal_count=1641 1620 906 714 451 100 850 575 351 263 49 275 214 56
is_linear=0
shrinkage=0.03


Tree=164
num_leaves=9
num_cat=0
split_feature=3 2 20 24 11 21 23 22
split_gain=0.0293682 0.0105843 0.00943211 0.0252827 0.0124099 0.0109962 0.0125262 0.0107747
threshold=-2.4077834414555386 -2.2802484414129602 -0.48021498769385645 -0.16584606918845232 -0.14631205871826877 -1.3358576549748076 0.77091503723986421 -0.18209442601455078
decision_type=2 2 2 2 2 2 2 2
left_child=-1 -2 3 -3 -5 7 -7 -4
right_child=1 2 5 4 -6 6 -8 -9
leaf_value=0.0010462608346715569 0.00055374005263077153 0.0010496534985368667 0 0.00015762663147826474 -0.00012271183872155687 -0.00020585698264432569 3.9608090137088844e-05 0.00052341536190360794
leaf_weight=21 26 20 150 306 253 575 248 42
leaf_count=21 26 20 150 306 253 575 248 42
internal_value=3.16946e-06 -1.04126e-05 -2.2516e-05 7.11932e-05 2.54313e-05 -7.89711e-05 -0.000128382 0.00011616
internal_weight=1641 1620 1594 579 559 1015 823 192
internal_count=1641 1620 1594 579 559 1015 823 192
is_linear=0
shrinkage=0.03


Tree=165
num_leaves=12
num_cat=0
split_feature=4 24 21 9 16 20 15 23 16 11 27
split_gain=0.0287595 0.00806442 0.0122184 0.0136487 0.0130084 0.0105232 0.0160396 0.0113895 0.00180425 0.00239345 0.00222511
threshold=-2.4078771652414024 -1.5331566245374459 -0.98550083594100035 -0.95238747270126412 -0.35210168764178118 -0.56884025121278625 -0.65558678195619124 0.77091503723986421 1.053253610658841 -0.64423904803394694 -0.25033180927650628
decision_type=2 2 2 2 2 2 2 2 2 2 2
left_child=-1 8 3 -3 -5 6 -4 -7 9 -2 -11
right_child=1 2 5 4 -6 7 -8 -9 -10 10 -12
leaf_value=0.0010355960028828122 -0.00033536706729792059 0.00083214200995862476 -8.7060299360970485e-05 -0.00043921516845002776 0.00022774039130859277 -0.00018140757920351717 0.00023681146995785756 5.1132541969190756e-05 -0.00054769059916725377 -0.00021302408987961322 0.0001381021657337745
leaf_weight=21 32 27 255 27 145 508 273 273 21 26 33
leaf_count=21 32 27 255 27 145 508 273 273 21 26 33
internal_value=3.38866e-06 -1.00329e-05 6.48915e-06 0.000225215 0.000100166 -2.49148e-05 7.51382e-05 -9.64116e-05 -0.000252943 -0.000137701 0
internal_weight=1641 1620 1508 199 172 1309 528 781 112 91 59
internal_count=1641 1620 1508 199 172 1309 528 781 112 91 59
is_linear=0
shrinkage=0.03


Tree=166
num_leaves=10
num_cat=0
split_feature=25 34 25 11 33 33 33 5 32
split_gain=0.02825 0.00894731 0.00923625 0.0142276 0.0148085 0.0130385 0.0240158 0.00909371 0.00557987
threshold=3.5285158736328763 -1.0802338205210973 -0.15731325921542302 0.29211699219856224 0.39537920042425806 -0.36182613354267901 -0.361826133542757 -0.49401884507701693 0.94278575279623389
decision_type=2 2 2 2 2 2 2 2 2
left_child=1 -1 3 4 -3 6 -4 -7 -5
right_child=-2 2 5 8 -6 7 -8 -9 -10
leaf_value=-0.00059840242696151589 0.00098564873496070514 7.2041116095127513e-05 8.0654300340866466e-05 -0.00031439526731199814 -0.00043788368056534396 0 -0.00042986643872929068 0.00034613184824543582 0
leaf_weight=20 23 474 412 221 54 89 100 195 53
leaf_count=20 23 474 412 221 54 89 100 195 53
internal_value=3.27155e-06 -1.06406e-05 -3.03048e-07 -7.38611e-05 1.20607e-05 7.00538e-05 -1.51548e-05 0.000232675 -0.000248601
internal_weight=1641 1618 1598 802 528 796 512 284 274
internal_count=1641 1618 1598 802 528 796 512 284 274
is_linear=0
shrinkage=0.03


Tree=167
num_leaves=12
num_cat=0
split_feature=16 25 22 33 33 22 22 16 22 13 8
split_gain=0.0274247 0.00810503 0.0139331 0.0134482 0.0522563 0.0109198 0.00898979 0.00791132 0.00660456 0.00432135 0.00289368
threshold=-2.1035896207877349 -0.51425638777341265 -1.0021295435541071 -0.36182613354268972 -0.361826133542757 0.76607464022335403 -1.1020446693167278 -0.54741563471683996 0.76607464022335403 0.47797054873589045 -0.36131151407981316
decision_type=2 2 2 2 2 2 2 2 2 2 2
left_child=-1 6 -3 4 -4 -5 9 -8 -9 10 -2
right_child=1 2 3 5 -6 -7 7 8 -10 -11 -12
leaf_value=0.0010111224489519372 0 0.00075048813346074896 0 0.00026653585326721967 -0.0010638496954382087 0 -0.00046806732580022834 -4.4087381047797773e-05 -0.00051399181324946266 -0.00016366955409578691 0.00035698848683387039
leaf_weight=21 27 21 538 254 42 267 73 291 30 23 54
leaf_count=21 27 21 538 254 42 267 73 291 30 23 54
internal_value=3.09891e-06 -9.96447e-06 3.27068e-05 1.42966e-05 -8.17816e-05 0.000126836 -0.000111712 -0.000180092 -0.000101615 0.000117094 0.000235529
internal_weight=1641 1620 1122 1101 580 521 498 394 321 104 81
internal_count=1641 1620 1122 1101 580 521 498 394 321 104 81
is_linear=0
shrinkage=0.03


Tree=168
num_leaves=10
num_cat=0
split_feature=3 5 20 15 33 28 23 25 15
split_gain=0.0269416 0.00990547 0.0086667 0.0144147 0.00883095 0.0270753 0.0160022 0.00835702 0.0051416
threshold=-2.2802517094653276 -2.2798283456223354 -0.48021498769385645 -0.65558678195619124 -0.34773132777383681 -0.10719247579236559 0.59689464743079257 -0.53846278864690411 -0.8849421278265045
decision_type=2 2 2 2 2 2 2 2 2
left_child=-1 -2 3 8 6 -6 -4 -5 -3
right_child=1 2 4 7 5 -7 -8 -9 -10
leaf_value=0.00088031303942684208 0.00053310634447502542 -0.00026240869890147397 -0.00033725430687143424 9.5788881487276094e-06 0.00034103623789605108 -0.0001327972273125245 0 0.00035637255969481202 0
leaf_weight=28 26 90 248 130 152 357 251 164 195
leaf_count=28 26 90 248 130 152 357 251 164 195
internal_value=2.85973e-06 -1.21215e-05 -2.39298e-05 6.55836e-05 -7.83561e-05 4.01097e-06 -0.000167872 0.000214775 -7.85367e-05
internal_weight=1641 1613 1587 579 1008 509 499 294 285
internal_count=1641 1613 1587 579 1008 509 499 294 285
is_linear=0
shrinkage=0.03


Tree=169
num_leaves=8
num_cat=0
split_feature=14 34 15 15 28 19 4
split_gain=0.0266144 0.0083638 0.00875687 0.00826485 0.0133726 0.0133001 0.00374802
threshold=2.9093093045029383 -1.0802338205210973 1.849043851169526 -0.3120198026724898 -0.10719247579236559 -1.3172615340620111 0.58715922094618167
decision_type=2 2 2 2 2 2 2
left_child=1 -1 3 5 -5 -3 -4
right_child=-2 2 6 4 -6 -7 -8
leaf_value=-0.00058307769968498333 0.0007787487586745275 -0.00047852080757729705 -0.00054980164725408956 0.0002045257152893794 -4.223259840687059e-05 -1.7386350845921091e-05 0
leaf_weight=20 36 60 34 385 369 717 20
leaf_count=20 36 60 34 385 369 717 20
internal_value=2.94416e-06 -1.40118e-05 -3.85404e-06 7.80995e-06 8.01129e-05 -5.85449e-05 -0.000370187
internal_weight=1641 1605 1585 1531 754 777 54
internal_count=1641 1605 1585 1531 754 777 54
is_linear=0
shrinkage=0.03


Tree=170
num_leaves=9
num_cat=0
split_feature=4 34 16 27 15 17 25 23
split_gain=0.0260752 0.00805684 0.0108651 0.0105273 0.0072706 0.00822807 0.00716428 0.000867073
threshold=-2.4078771652414024 -1.0802338205210973 -1.4344211546457386 -0.24782404440930406 -0.8849421278265045 -0.36347456987386006 0.33706141924737659 -0.70623478323248745
decision_type=2 2 2 2 2 2 2 2
left_child=-1 -2 3 -3 6 -6 -4 -5
right_child=1 2 4 7 5 -7 -8 -9
leaf_value=0.00098558160706306813 -0.00056786696904379387 0.0006780219480031519 -0.00041051238785759064 -6.9731379750959113e-05 -0.0001224744006969422 4.2784385554551849e-05 0 0.00011226571317612458
leaf_weight=21 20 37 79 20 370 986 55 53
leaf_count=21 20 37 79 20 370 986 55 53
internal_value=2.58538e-06 -1.0107e-05 -2.13762e-07 0.000281451 -2.35409e-05 -2.71666e-07 -0.000231952 2.21455e-05
internal_weight=1641 1620 1600 110 1490 1356 134 73
internal_count=1641 1620 1600 110 1490 1356 134 73
is_linear=0
shrinkage=0.03


Tree=171
num_leaves=9
num_cat=0
split_feature=9 21 20 21 11 21 15 11
split_gain=0.0253516 0.00735909 0.00836007 0.0227339 0.0107704 0.00929577 0.00917136 0.00684699
threshold=-2.1078910587036401 2.04709589274507 -0.48021498769385645 -0.54899070075133882 -0.14631205871826877 -1.3358576549748076 1.4611749228662381 -0.22523077960491791
decision_type=2 2 2 2 2 2 2 2
left_child=-1 2 3 -2 -5 6 -4 -7
right_child=1 -3 5 4 -6 7 -8 -9
leaf_value=0.00097180514055071393 0.0009961276558308823 0.00050707817089278256 0.00026153879610355939 0.00014677269180269337 -0.00011265885281290836 -7.6076087586299854e-06 -0.00013457269592730042 -0.00019406028619029951
leaf_weight=21 20 21 127 311 255 339 75 472
leaf_count=21 20 21 127 311 255 339 75 472
internal_value=2.52294e-06 -9.96649e-06 -1.95665e-05 6.77955e-05 2.46408e-05 -7.31073e-05 0.000100016 -0.000120123
internal_weight=1641 1620 1599 586 566 1013 202 811
internal_count=1641 1620 1599 586 566 1013 202 811
is_linear=0
shrinkage=0.03


Tree=172
num_leaves=10
num_cat=0
split_feature=25 34 25 16 28 33 33 5 28
split_gain=0.024957 0.00763308 0.00838066 0.0136216 0.0146535 0.011096 0.0223244 0.00853801 0.00129811
threshold=3.5285158736328763 -1.0802338205210973 -0.15731325921542302 1.4090163136674179 -0.1077020707675531 -0.36182613354267901 -0.361826133542757 -0.49401884507701693 -0.10169582965797518
decision_type=2 2 2 2 2 2 2 2 2
left_child=1 -1 3 4 -3 6 -4 -7 -5
right_child=-2 2 5 8 -6 7 -8 -9 -10
leaf_value=-0.00055340249108596024 0.00092606316483579581 -0.00038874541694672033 8.0255181092666507e-05 -0.0001925444922265436 9.8251438332732556e-06 0 -0.00041210116432455261 0.00032645704738079628 -0.000819884342789326
leaf_weight=20 23 90 412 26 666 89 100 195 20
leaf_count=20 23 90 412 26 666 89 100 195 20
internal_value=2.58052e-06 -1.03857e-05 -6.91446e-07 -7.08341e-05 -3.50202e-05 6.62258e-05 -1.19233e-05 0.000216219 -0.000560023
internal_weight=1641 1618 1598 802 756 796 512 284 46
internal_count=1641 1618 1598 802 756 796 512 284 46
is_linear=0
shrinkage=0.03


Tree=173
num_leaves=13
num_cat=0
split_feature=16 24 15 20 33 24 23 23 16 16 11 28
split_gain=0.0244381 0.00751432 0.00757763 0.00845365 0.0127561 0.0120859 0.00632671 0.00236914 0.00182783 0.0015978 0.00211357 0.00358909
threshold=-2.1035896207877349 -1.5331566245374459 -0.8849421278265045 -0.58560718260165145 -0.35754158501237393 -0.04864802158711002 0.42287425762172098 0.095068407051144235 -0.35210168764178118 1.053253610658841 -0.64423904803394694 -0.10768696557973041
decision_type=2 2 2 2 2 2 2 2 2 2 2 2
left_child=-1 9 6 5 -5 -4 7 -3 -8 10 -2 -12
right_child=1 2 3 4 -6 -7 8 -9 -10 -11 11 -13
leaf_value=0.00095399604190606621 -0.00031963968717360072 -0.00012717247841355857 0.00078349324285339279 -0.00014039576536915645 8.0126312109317894e-05 9.0603370348960009e-05 0.00016420050942178932 -0.00066586849787111935 -0.00012508137864992023 -0.00052570250188000496 -0.00032260140606060463 0.00013947851760691938
leaf_weight=21 32 37 23 431 503 411 29 26 47 21 20 40
leaf_count=21 32 37 23 431 503 411 29 26 47 21 20 40
internal_value=2.29041e-06 -9.93868e-06 6.02386e-06 2.95352e-05 -1.85569e-05 0.000139315 -0.000199977 -0.000415107 0 -0.000243332 -0.000132733 0
internal_weight=1641 1620 1507 1368 934 434 139 63 76 113 92 60
internal_count=1641 1620 1507 1368 934 434 139 63 76 113 92 60
is_linear=0
shrinkage=0.03


Tree=174
num_leaves=9
num_cat=0
split_feature=14 15 17 16 17 17 29 25
split_gain=0.0244162 0.00780222 0.011434 0.0127942 0.0136289 0.00579012 0.00531303 0.00489173
threshold=2.9093093045029383 1.849043851169526 1.4569766962313939 1.1084527894920722 -0.36347456987386006 0.024885100180404112 -0.18245160997044393 0.038869208461838528
decision_type=2 2 2 2 2 2 2 2
left_child=1 2 3 4 -1 -3 -4 -5
right_child=-2 5 6 7 -6 -7 -8 -9
leaf_value=-0.0001133656865808099 0.0007453165884631185 0 0 -0.00040213263319508933 8.6848199577971695e-05 -0.00058241426316719199 0.00068674745550379162 -3.9748495238898101e-05
leaf_weight=470 36 20 27 96 847 34 28 83
leaf_count=470 36 20 27 96 847 34 28 83
internal_value=2.11141e-06 -1.40524e-05 0 -1.73652e-05 1.30295e-05 -0.000358837 0.000411862 -0.000254008
internal_weight=1641 1605 1551 1496 1317 54 55 179
internal_count=1641 1605 1551 1496 1317 54 55 179
is_linear=0
shrinkage=0.03


Tree=175
num_leaves=10
num_cat=0
split_feature=3 5 17 15 33 24 21 4 21
split_gain=0.0239796 0.00894036 0.00748761 0.0124485 0.0119313 0.0105959 0.00973042 0.00814879 0.00304664
threshold=-2.2802517094653276 -2.2798283456223354 -0.36347456987386006 1.9325526651015161 -0.36182619926953608 0.43316617410729735 -1.1463203594319282 0.44787497932007941 0.56525885486437633
decision_type=2 2 2 2 2 2 2 2 2
left_child=-1 -2 5 4 -4 6 -3 -5 -7
right_child=1 2 3 7 -6 8 -8 -9 -10
leaf_value=0.00082999354034602151 0.00050566696117889005 4.550668246827652e-05 -0.00012308264424674203 -0.00075377192310988907 0.00010228217672489369 0.00028964484828573309 -0.00032540878396153177 0 0
leaf_weight=28 26 68 276 27 792 35 233 21 135
leaf_count=28 26 68 276 27 792 35 233 21 135
internal_value=2.02687e-06 -1.20035e-05 -2.33094e-05 1.67288e-05 4.10591e-05 -0.000124012 -0.000232123 -0.000436368 5.07746e-05
internal_weight=1641 1613 1587 1116 1068 471 301 48 170
internal_count=1641 1613 1587 1116 1068 471 301 48 170
is_linear=0
shrinkage=0.03


Tree=176
num_leaves=10
num_cat=0
split_feature=20 34 25 11 12 17 28 28 34
split_gain=0.0231671 0.00708103 0.00780337 0.0113561 0.0109912 0.00617911 0.00572427 0.00942511 0.00354996
threshold=2.7797584739652472 -1.0802338205210973 -0.51425638777341265 -0.54408626702699581 -0.47547027310641693 -1.5285802460561042 -0.10768696557973041 -0.10726803855325572 -0.13334722617470868
decision_type=2 2 2 2 2 2 2 2 2
left_child=1 -1 6 5 -5 -4 8 -8 -3
right_child=-2 2 3 4 -6 -7 7 -9 -10
leaf_value=-0.00053419855131727194 0.00085904368770674667 0 -0.00016816950238509367 -0.0003098491105413995 2.4525353683549858e-05 0.00025086264049246904 0.00017243229486293307 -0.00013845520423104511 -0.00052345547598476206
leaf_weight=20 25 26 25 97 709 263 111 323 42
leaf_count=20 25 26 25 97 709 263 111 323 42
internal_value=2.01804e-06 -1.09546e-05 -1.53158e-06 4.14748e-05 -1.30072e-05 0.00020282 -0.000100885 -5.14396e-05 -0.000358701
internal_weight=1641 1616 1596 1094 806 288 502 434 68
internal_count=1641 1616 1596 1094 806 288 502 434 68
is_linear=0
shrinkage=0.03


Tree=177
num_leaves=13
num_cat=0
split_feature=4 24 21 31 30 24 8 32 19 16 11 10
split_gain=0.0235098 0.00700852 0.00932907 0.0176975 0.0350657 0.0153032 0.0307607 0.0136363 0.00763599 0.00139172 0.00188886 0.000311926
threshold=-2.4078771652414024 -1.5331566245374459 -0.60642624485524166 -0.014913523646385221 -0.22509632527302872 0.14668205774846055 -0.62248930653793899 0.94278575279623389 -1.3588931078524238 1.053253610658841 -0.64423904803394694 0.14248129018157937
decision_type=2 2 2 2 2 2 2 2 2 2 2 2
left_child=-1 9 3 7 -5 6 -4 -3 -7 10 -2 -12
right_child=1 2 5 4 -6 8 -8 -9 -10 -11 11 -13
leaf_value=0.0009353335936684743 -0.00030467953048646452 -0.00041496883539599363 -0.00093320420628879202 0 0.00074248438816705824 -0.00029632563976713668 -6.3320590170915241e-05 0.00019799089547493224 4.570684098264876e-05 -0.00050578378967475147 6.2292540107433596e-05 -6.7521626878130642e-05
leaf_weight=21 32 72 45 165 91 59 197 48 831 21 20 39
leaf_count=21 32 72 45 165 91 59 197 48 831 21 20 39
internal_value=1.79301e-06 -1.01665e-05 5.09959e-06 0.000135662 0.000279696 -3.58684e-05 -0.000246767 -0.000146546 1.8754e-05 -0.000236572 -0.000128372 0
internal_weight=1641 1620 1508 376 256 1132 242 120 890 112 91 59
internal_count=1641 1620 1508 376 256 1132 242 120 890 112 91 59
is_linear=0
shrinkage=0.03


Tree=178
num_leaves=13
num_cat=0
split_feature=16 25 22 33 33 20 22 19 19 25 13 8
split_gain=0.0224952 0.00696214 0.0126808 0.0108722 0.0477057 0.0122123 0.00796552 0.0108883 0.0152003 0.00527619 0.00392003 0.00279937
threshold=-2.1035896207877349 -0.51425638777341265 -1.0021295435541071 -0.36182613354268972 -0.361826133542757 -0.53291105640441627 -1.1020446693167278 -0.4998528972293026 -0.72730543182812923 -0.72695467012262072 0.47797054873589045 -0.32011246807263138
decision_type=2 2 2 2 2 2 2 2 2 2 2 2
left_child=-1 6 -3 4 -4 -5 10 8 -8 -9 11 -2
right_child=1 2 3 5 -6 -7 7 9 -10 -11 -12 -13
leaf_value=0.00091481645654130253 0 0.00071385032567195591 0 0.00055209677452045794 -0.001012893994289334 5.6958413416891113e-05 -0.00015857384910198053 -0.00012214357534598094 0.00044697590350447817 -0.00067711100052558597 -0.00015450544527266172 0.00034645340582937931
leaf_weight=21 28 21 538 50 42 471 259 47 39 49 23 53
leaf_count=21 28 21 538 50 42 471 259 47 39 49 23 53
internal_value=1.59035e-06 -1.00684e-05 2.93141e-05 1.16359e-05 -7.44656e-05 0.00011309 -0.00010443 -0.000168993 -6.56922e-05 -0.000447646 0.000110008 0.000223667
internal_weight=1641 1620 1122 1101 580 521 498 394 298 96 104 81
internal_count=1641 1620 1122 1101 580 521 498 394 298 96 104 81
is_linear=0
shrinkage=0.03


Tree=179
num_leaves=9
num_cat=0
split_feature=14 15 17 16 17 17 29 25
split_gain=0.022366 0.00696492 0.0105579 0.0121126 0.0118186 0.00539717 0.00482515 0.00412109
threshold=2.9093093045029383 1.849043851169526 1.4569766962313939 1.1084527894920722 -0.36347456987386006 0.024885100180404112 -0.18245160997044393 0.038869208461838528
decision_type=2 2 2 2 2 2 2 2
left_child=1 2 3 4 -1 -3 -4 -5
right_child=-2 5 6 7 -6 -7 -8 -9
leaf_value=-0.00010514415918561938 0.00071304261673671692 0 0 -0.0003849598834183118 8.1235020882304516e-05 -0.00055582500728023417 0.00065755477555907299 -4.5558056592410642e-05
leaf_weight=470 36 20 27 96 847 34 28 83
leaf_count=470 36 20 27 96 847 34 28 83
internal_value=1.62058e-06 -1.37714e-05 0 -1.71531e-05 1.2361e-05 -0.000339592 0.000395254 -0.000247412
internal_weight=1641 1605 1551 1496 1317 54 55 179
internal_count=1641 1605 1551 1496 1317 54 55 179
is_linear=0
shrinkage=0.03


Tree=180
num_leaves=7
num_cat=0
split_feature=3 5 11 11 27 21
split_gain=0.022096 0.00727596 0.00778049 0.00643536 0.0131435 0.00866276
threshold=-2.4077834414555386 -2.407382094531977 -1.7058339835425425 -0.83773468631423242 -0.24453871640558006 1.989660348641167
decision_type=2 2 2 2 2 2
left_child=-1 -2 -3 4 -4 -5
right_child=1 2 3 5 -6 -7
leaf_value=0.00090665283799171441 0.00051534362200080701 -0.00055783273239558187 0.00047356962264166204 -4.5603283021934831e-05 -1.5027106683206281e-05 0.00052172276494093239
leaf_weight=21 20 21 69 1365 124 21
leaf_count=21 20 21 69 1365 124 21
internal_value=1.55062e-06 -9.98796e-06 -1.93783e-05 -9.27647e-06 0.000148921 -3.37393e-05
internal_weight=1641 1620 1600 1579 193 1386
internal_count=1641 1620 1600 1579 193 1386
is_linear=0
shrinkage=0.03


Tree=181
num_leaves=13
num_cat=0
split_feature=4 24 21 31 30 24 21 32 21 28 28 25
split_gain=0.0217423 0.00654037 0.00884271 0.0166096 0.032432 0.0144614 0.0176329 0.0126497 0.00440171 0.00105798 0.00374178 0.0024101
threshold=-2.4078771652414024 -1.5331566245374459 -0.60642624485524166 -0.014913523646385221 -0.22509632527302872 -0.9862324023978486 -0.51452937428899703 0.94278575279623389 -0.51452937428899703 -0.10768924940724416 -0.10726803855325572 -0.94112076652487675
decision_type=2 2 2 2 2 2 2 2 2 2 2 2
left_child=-1 9 3 7 -5 8 -7 -3 -4 -2 -11 -12
right_child=1 2 5 4 -6 6 -8 -9 -10 10 11 -13
leaf_value=0.00089943232593941503 -0.00046363892644428863 -0.00039988384546246379 -2.5621924840379498e-05 0 0.00071683692778559758 -0.00081423781438206796 6.4376791960370006e-06 0.00018953225139172418 -0.00078024675752967599 5.7615834217112682e-05 0 -0.00042821405028823663
leaf_weight=21 23 72 21 165 91 21 1063 48 27 34 21 34
leaf_count=21 23 72 21 165 91 21 1063 48 27 34 21 34
internal_value=1.60257e-06 -9.82856e-06 4.8528e-06 0.000132016 0.000271657 -3.49793e-05 -8.90445e-06 -0.000140855 -0.00052985 -0.000228559 -0.000122062 -0.000282095
internal_weight=1641 1620 1508 376 256 1132 1084 120 48 112 89 55
internal_count=1641 1620 1508 376 256 1132 1084 120 48 112 89 55
is_linear=0
shrinkage=0.03


Tree=182
num_leaves=8
num_cat=0
split_feature=17 1 8 5 19 34 29
split_gain=0.0213488 0.00638327 0.00780856 0.00805759 0.00691603 0.00685305 0.00393585
threshold=-2.009596726044768 1.9022049099936169 1.4832453338257954 0.23129634786243361 -1.3172615340620111 -1.0802338205210973 -0.18251644852295526
decision_type=2 2 2 2 2 2 2
left_child=-1 2 4 -4 6 -6 -2
right_child=1 -3 3 -5 5 -7 -8
leaf_value=0.00089113467297283937 6.1015963939757126e-06 -0.00038416479052539215 0.00076554914089501833 0 -0.00050482924069207081 1.5675879138178903e-05 -0.00031373948835546495
leaf_weight=21 26 37 21 21 20 1397 98
leaf_count=21 26 37 21 21 20 1397 98
internal_value=1.43283e-06 -9.87779e-06 0 0.000389123 -1.17718e-05 5.1656e-06 -0.000224494
internal_weight=1641 1620 1583 42 1541 1417 124
internal_count=1641 1620 1583 42 1541 1417 124
is_linear=0
shrinkage=0.03


Tree=183
num_leaves=9
num_cat=0
split_feature=25 0 17 11 30 33 5 24
split_gain=0.0207993 0.00643875 0.00988676 0.00781844 0.0119394 0.0105553 0.0031432 0.00257361
threshold=3.5285158736328763 1.932100742975883 1.4569766962313939 0.54846738458082533 0.24684714364205934 0.39537920042425806 1.3807017367126393 0.19877007890461271
decision_type=2 2 2 2 2 2 2 2
left_child=1 2 3 5 -5 -1 7 -4
right_child=-2 -3 6 4 -6 -7 -8 -9
leaf_value=4.8950890944362364e-05 0.00084469755432711778 -0.00038146393310148043 0.000723141947725358 -0.00024106800722781382 0.00021550316971542056 -0.00023854588444333696 0 4.448718656583324e-05
leaf_weight=1080 23 38 23 258 55 124 20 20
leaf_count=1080 23 38 23 258 55 124 20 20
internal_value=1.40015e-06 -1.02778e-05 0 -1.62507e-05 -0.000150062 1.63368e-05 0.0003588 0.000496193
internal_weight=1641 1618 1580 1517 313 1204 63 43
internal_count=1641 1618 1580 1517 313 1204 63 43
is_linear=0
shrinkage=0.03


Tree=184
num_leaves=9
num_cat=0
split_feature=9 21 20 21 11 20 14 21
split_gain=0.0205905 0.00634483 0.00742569 0.0205204 0.00895932 0.00686766 0.0171946 0.00484953
threshold=-2.1078910587036401 2.04709589274507 -0.48021498769385645 -0.54899070075133882 -0.14631205871826877 -0.14128314030736749 0.23811074776217864 -0.64088757131758345
decision_type=2 2 2 2 2 2 2 2
left_child=-1 2 3 -2 -5 6 -4 -7
right_child=1 -3 5 4 -6 7 -8 -9
leaf_value=0.00087525628875300754 0.00094556530149977501 0.00047008467762498185 -0.0001114412481288284 0.00013404786373821538 -0.00010236972587636257 5.9694703579097064e-05 -0.001007197006403104 -8.9656373691409383e-05
leaf_weight=21 20 21 229 311 255 337 20 427
leaf_count=21 20 21 229 311 255 337 20 427
internal_value=1.48411e-06 -9.59105e-06 -1.86319e-05 6.35444e-05 2.22841e-05 -6.91692e-05 -0.000206428 -1.98905e-05
internal_weight=1641 1620 1599 586 566 1013 249 764
internal_count=1641 1620 1599 586 566 1013 249 764
is_linear=0
shrinkage=0.03


Tree=185
num_leaves=13
num_cat=0
split_feature=16 24 16 17 30 28 24 21 16 28 11 21
split_gain=0.0200756 0.006115 0.00711157 0.00812697 0.00928661 0.00783852 0.0077717 0.00371293 0.00126347 0.00169606 0.00306752 6.50077e-05
threshold=-2.1035896207877349 -1.5331566245374459 -1.4344211546457386 -0.36347456987386006 -0.22534046975978431 -0.09193504236349638 0.4592101846853735 0.78351392245920715 1.053253610658841 -0.10768924940724416 -0.64423904803394694 0.71459126953452368
decision_type=2 2 2 2 2 2 2 2 2 2 2 2
left_child=-1 8 5 6 -5 7 -4 -3 9 -2 -11 -7
right_child=1 2 3 4 -6 11 -8 -9 -10 10 -12 -13
leaf_value=0.00086429421103093767 -0.00034253846836509186 0.00071096339596922258 -0.00022872802976122228 -0.0001134907212812329 8.6841917577405446e-05 0 4.1616058691985479e-05 1.5945829407428382e-05 -0.00047697041573701427 -0.00026319438735804252 0.00011547232140622762 -5.0435903421400671e-05
leaf_weight=21 21 30 250 274 764 22 126 21 21 28 43 20
leaf_count=21 21 30 250 274 764 22 126 21 21 28 43 20
internal_value=1.50386e-06 -9.40894e-06 4.79788e-06 -1.01121e-05 3.09038e-05 0.000255976 -0.000130606 0.00049712 -0.000219961 -0.000116508 0 0
internal_weight=1641 1620 1507 1414 1038 93 376 51 113 92 71 42
internal_count=1641 1620 1507 1414 1038 93 376 51 113 92 71 42
is_linear=0
shrinkage=0.03


Tree=186
num_leaves=9
num_cat=0
split_feature=14 15 17 13 14 17 17 30
split_gain=0.0200213 0.00648905 0.00954943 0.0109321 0.00844134 0.00821888 0.00503426 0.00430846
threshold=2.9093093045029383 1.849043851169526 1.4569766962313939 0.88103571263569747 -0.20348581462390411 -0.36347456987386006 0.024885100180404112 -0.22524212106810784
decision_type=2 2 2 2 2 2 2 2
left_child=1 2 3 5 -5 -1 -3 -4
right_child=-2 6 7 4 -6 -7 -8 -9
leaf_value=-8.9599530397088453e-05 0.00067464459372254515 0 0 0 -0.00043901085462130134 6.433497875009605e-05 -0.00053632854984371568 0.00062438816637281453
leaf_weight=474 36 20 27 52 89 881 34 28
leaf_count=474 36 20 27 52 89 881 34 28
internal_value=1.45817e-06 -1.30062e-05 0 -1.60558e-05 -0.000265283 8.19819e-06 -0.000327461 0.000376189
internal_weight=1641 1605 1551 1496 141 1355 54 55
internal_count=1641 1605 1551 1496 141 1355 54 55
is_linear=0
shrinkage=0.03


Tree=187
num_leaves=12
num_cat=0
split_feature=4 24 21 16 24 21 20 21 16 14 10
split_gain=0.0197172 0.00580317 0.0079964 0.0152542 0.0135599 0.0163491 0.0101469 0.00397776 0.00107531 0.00271569 0.000522066
threshold=-2.4078771652414024 -1.5331566245374459 -0.60642624485524166 -1.1224010096314025 -0.9862324023978486 -0.51452937428899703 -0.46225033340181559 -0.51452937428899703 1.053253610658841 -0.12316225186950269 -0.22794883426194731
decision_type=2 2 2 2 2 2 2 2 2 2 2
left_child=-1 8 3 -3 7 -6 -5 -4 9 -2 -11
right_child=1 2 4 6 5 -7 -8 -9 -10 10 -12
leaf_value=0.00085654884530231355 -0.00030670758612597217 0.00075013858221725305 -2.4199583975132547e-05 0.00066747000453102852 -0.00078362770610328875 6.6249104593462389e-06 4.3364211113836929e-06 -0.0007519753711298108 -0.00045996603334788231 -8.9573100857112705e-05 8.6651588687489388e-05
leaf_weight=21 36 30 21 20 21 1063 326 27 21 20 35
leaf_count=21 36 30 21 20 21 1063 326 27 21 20 35
internal_value=1.48241e-06 -9.31614e-06 4.3998e-06 0.000125417 -3.33788e-05 -8.045e-06 5.66719e-05 -0.00051255 -0.000215376 -0.000114138 0
internal_weight=1641 1620 1508 376 1132 1084 346 48 112 91 55
internal_count=1641 1620 1508 376 1132 1084 346 48 112 91 55
is_linear=0
shrinkage=0.03


Tree=188
num_leaves=16
num_cat=0
split_feature=25 21 11 33 21 17 25 22 33 5 21 16 9 27 9
split_gain=0.0188867 0.0349475 0.00679092 0.0116173 0.00941828 0.00843443 0.00706058 0.00857533 0.021747 0.00678371 0.00671672 0.00582101 0.00646248 0.00384798 0.00166069
threshold=1.990718864094003 -1.6977015828293955 -0.02730912956269493 0.39537920042425806 -1.2497043388189533 0.19175304256834477 -0.15731325921542302 -0.31507459062433613 -0.361826133542757 -0.38298320121358836 0.87541079302545188 1.5473484282647958 0.77993818166181061 -0.242882802906776 -0.64527366778790263
decision_type=2 2 2 2 2 2 2 2 2 2 2 2 2 2 2
left_child=2 -2 3 4 13 -6 11 8 -8 -9 14 12 -4 -1 -5
right_child=1 -3 6 10 5 -7 7 9 -10 -11 -12 -13 -14 -15 -16
leaf_value=0.00079545793076977133 0 0.0014454437289386985 -0.0001963807010138615 -0.0005813880597259133 -3.4898506401681698e-06 0.00022487388420654978 3.5621898722165491e-05 0.00053658519855142868 -0.00070896588281506073 3.6492700429205015e-05 4.9735645106171855e-05 -0.00059946656010804631 9.8257810587686414e-05 2.771827682812252e-05 -0.00013485078377495729
leaf_weight=21 33 20 277 36 539 185 147 35 41 116 31 28 71 20 41
leaf_count=21 33 20 277 36 539 185 147 35 41 116 31 28 71 20 41
internal_value=1.38077e-06 0.000544474 -1.5852e-05 3.78958e-05 8.21788e-05 5.14234e-05 -8.55395e-05 5.50191e-06 -0.00011964 0.000180084 -0.000242492 -0.000174931 -0.000127395 0.000516557 -0.000395095
internal_weight=1641 53 1588 873 765 724 715 339 188 151 108 376 348 41 77
internal_count=1641 53 1588 873 765 724 715 339 188 151 108 376 348 41 77
is_linear=0
shrinkage=0.03


Tree=189
num_leaves=9
num_cat=0
split_feature=3 2 8 21 19 15 22 11
split_gain=0.0191486 0.00781046 0.00766825 0.00647838 0.00694091 0.00450065 0.0109181 0.00278152
threshold=-2.2802517094653276 -2.2802484414129602 -1.0826992916200235 2.0068910118723382 2.2407494670836727 0.098547455458655717 -0.55965618450888888 -0.49384710834904083
decision_type=2 2 2 2 2 2 2 2
left_child=-1 -2 5 4 -4 6 -3 -7
right_child=1 2 3 -5 -6 7 -8 -9
leaf_value=0.00074152524899991773 0.00047273427755411331 0 0 0.00047667658237740399 -0.00046176668242551389 0.00013734562885947524 -0.00069151107592818628 -0.00025210401865830321
leaf_weight=28 26 27 1411 22 27 32 42 26
leaf_count=28 26 27 1411 22 27 32 42 26
internal_value=1.45471e-06 -1.08884e-05 -2.15755e-05 0 -1.02038e-05 -0.000242449 -0.000402978 0
internal_weight=1641 1613 1587 1460 1438 127 69 58
internal_count=1641 1613 1587 1460 1438 127 69 58
is_linear=0
shrinkage=0.03


Tree=190
num_leaves=13
num_cat=0
split_feature=4 24 21 31 30 24 21 32 21 28 22 25
split_gain=0.0183274 0.00542593 0.00742011 0.0147005 0.0304486 0.0127124 0.0152601 0.0116845 0.00367673 0.00105309 0.0037237 0.00295184
threshold=-2.4078771652414024 -1.5331566245374459 -0.60642624485524166 -0.014913523646385221 -0.22509632527302872 -0.9862324023978486 -0.51452937428899703 0.94278575279623389 -0.51452937428899703 -0.10768924940724416 0.52008072055889842 -1.052067448636405
decision_type=2 2 2 2 2 2 2 2 2 2 2 2
left_child=-1 9 3 7 -5 8 -7 -3 -4 -2 11 -11
right_child=1 2 5 4 -6 6 -8 -9 -10 10 -12 -13
leaf_value=0.00082588170783128598 -0.00043520412158865767 -0.00038445116708986458 -2.0506200206000351e-05 0 0.0006836800655218348 -0.00075679251397377809 6.6913037559687422e-06 0.0001810351199580028 -0.00072671195641160009 0 0.00012695488777327618 -0.00037773622190782235
leaf_weight=21 23 72 21 165 91 21 1063 48 27 21 25 43
leaf_count=21 23 72 21 165 91 21 1063 48 27 21 25 43
internal_value=1.45709e-06 -8.8883e-06 4.31092e-06 0.000120943 0.000252658 -3.20032e-05 -7.38739e-06 -0.000134968 -0.000495951 -0.00020817 -0.000104611 -0.000241477
internal_weight=1641 1620 1508 376 256 1132 1084 120 48 112 89 64
internal_count=1641 1620 1508 376 256 1132 1084 120 48 112 89 64
is_linear=0
shrinkage=0.03


Tree=191
num_leaves=8
num_cat=0
split_feature=3 2 20 24 15 21 17
split_gain=0.0181101 0.00724776 0.0068641 0.0201986 0.00875547 0.00709083 0.00705095
threshold=-2.4077834414555386 -2.2802484414129602 -0.48021498769385645 -0.16584606918845232 -0.8849421278265045 2.04709589274507 -0.0083218503800422707
decision_type=2 2 2 2 2 2 2
left_child=-1 -2 3 -3 -5 6 -4
right_child=1 2 5 4 -6 -7 -8
leaf_value=0.000820853158045793 0.00045708581349202269 0.00093465181180964348 -0.00016798022340669673 -0.00023989416401356368 7.60012731730597e-05 0.00042293910763692113 -2.0287121206182295e-06
leaf_weight=21 26 20 461 90 469 21 533
leaf_count=21 26 20 461 90 469 21 533
internal_value=1.2991e-06 -8.97397e-06 -1.92988e-05 6.02396e-05 1.87944e-05 -6.76618e-05 -8.2277e-05
internal_weight=1641 1620 1594 579 559 1015 994
internal_count=1641 1620 1594 579 559 1015 994
is_linear=0
shrinkage=0.03


Tree=192
num_leaves=13
num_cat=0
split_feature=16 25 22 33 19 29 22 19 19 25 13 9
split_gain=0.0178021 0.00587321 0.0125827 0.00921964 0.0113526 0.0112834 0.00676036 0.00903789 0.0129795 0.00468286 0.00349696 0.00217949
threshold=-2.1035896207877349 -0.51958901145835279 -1.0021295435541071 -0.36182619926953608 -0.30895455636474339 -0.18251644852295526 -1.1020446693167278 -0.4998528972293026 -0.72730543182812923 -0.77233246758250973 0.47797054873589045 -0.29339596110137639
decision_type=2 2 2 2 2 2 2 2 2 2 2 2
left_child=-1 6 -3 5 -5 -4 10 8 -8 -9 11 -2
right_child=1 2 3 4 -6 -7 7 9 -10 -11 -12 -13
leaf_value=0.00081398213104694151 0 0.00069437041405588391 1.5236645499666041e-05 0.00029885455073727407 4.8448612969839306e-06 -0.00036235342523817095 -0.00014873875589394226 -0.00010116788194923453 0.0004105880778046672 -0.00063171701346907531 -0.00014760453627408982 0.00032512580938329747
leaf_weight=21 31 22 144 145 702 115 255 46 39 48 23 50
leaf_count=21 31 22 144 145 702 115 255 46 39 48 23 50
internal_value=1.44088e-06 -8.72875e-06 2.69562e-05 9.13272e-06 5.95836e-05 -0.000143198 -9.62711e-05 -0.000156789 -6.10434e-05 -0.000414173 9.95372e-05 0.000208193
internal_weight=1641 1620 1128 1106 847 259 492 388 294 94 104 81
internal_count=1641 1620 1128 1106 847 259 492 388 294 94 104 81
is_linear=0
shrinkage=0.03


Tree=193
num_leaves=13
num_cat=0
split_feature=14 3 32 25 28 33 27 14 6 1 21 25
split_gain=0.0174902 0.00587387 0.0100036 0.00547104 0.0139716 0.014477 0.00993823 0.00921095 0.00484025 0.00402711 0.00463619 0.0041647
threshold=2.9093093045029383 -0.049740957404514792 2.7008524587966893 0.34711536664687592 -0.1077020707675531 -0.361826133542757 -0.24588557997580177 1.0040761843678945 0.11866990585017252 -0.062587355273759013 0.22064559024095923 0.63910637382646585
decision_type=2 2 2 2 2 2 2 2 2 2 2 2
left_child=1 2 9 4 5 -3 -6 8 -5 10 -1 -11
right_child=-2 3 -4 7 6 -7 -8 -9 -10 11 -12 -13
leaf_value=-0.00022965234650570586 0.0006307934046221467 -0.00010720489474045017 -0.00065111858444288364 0.0003038926373445569 0.00022133523605779093 -0.00098470838540031208 -6.0234403918782068e-05 -0.00038176661485340448 1.4591665955946008e-05 -2.9176336985918103e-05 0 0.00021725327212904655
leaf_weight=177 36 115 24 163 204 20 221 21 110 330 149 71
leaf_count=177 36 115 24 163 204 20 221 21 110 330 149 71
internal_value=1.5212e-06 -1.18782e-05 -7.43477e-05 3.96243e-05 -1.0612e-05 -0.000277525 6.85138e-05 0.000144554 0.00019962 -4.85999e-05 -0.00012717 8.31936e-06
internal_weight=1641 1605 751 854 560 135 425 294 273 727 326 401
internal_count=1641 1605 751 854 560 135 425 294 273 727 326 401
is_linear=0
shrinkage=0.03


Tree=194
num_leaves=16
num_cat=0
split_feature=25 21 11 33 15 24 17 25 22 33 21 20 16 8 9
split_gain=0.0169426 0.0320076 0.00628679 0.0107896 0.00944117 0.00808356 0.00728417 0.00642307 0.00778274 0.0201893 0.00634719 0.00632366 0.00546796 0.00895136 0.001413
threshold=1.990718864094003 -1.6977015828293955 -0.02730912956269493 0.39537920042425806 0.18161254398300061 -0.59557224372670747 0.29558590603532087 -0.15731325921542302 -0.31507459062433613 -0.361826133542757 0.87541079302545188 -0.53291105640441627 1.5473484282647958 0.64229710818762931 -0.64527366778790263
decision_type=2 2 2 2 2 2 2 2 2 2 2 2 2 2 2
left_child=2 -2 3 4 6 -6 -1 12 9 -9 14 -10 13 -4 -5
right_child=1 -3 7 10 5 -7 -8 8 11 -11 -12 -13 -14 -15 -16
leaf_value=-2.1628999959113465e-05 0 0.0013784143225613818 -0.00020884146701856578 -0.00055913500333777991 0.00055212848263776811 3.7823379402980204e-05 0.00022632459146680465 3.4426659473392641e-05 0.00058358364298554332 -0.00068250801711639551 4.888524946427958e-05 5.0179768037082793e-05 -0.00057907754526804046 0.00012996946046977037 -0.00013074046982827975
leaf_weight=502 33 20 267 36 63 72 128 147 26 41 31 125 28 81 41
leaf_count=502 33 20 267 36 63 72 128 147 26 41 31 125 28 81 41
internal_value=1.24437e-06 0.000515714 -1.49807e-05 3.66511e-05 7.94311e-05 0.000306357 2.48434e-05 -8.20899e-05 4.32919e-06 -0.000114484 -0.000233304 0.000171084 -0.000167338 -0.000120996 -0.000381986
internal_weight=1641 53 1588 873 765 135 630 715 339 188 108 151 376 348 77
internal_count=1641 53 1588 873 765 135 630 715 339 188 108 151 376 348 77
is_linear=0
shrinkage=0.03


Tree=195
num_leaves=14
num_cat=0
split_feature=4 15 24 31 24 22 23 31 16 17 10 9 7
split_gain=0.0166656 0.00534633 0.00601221 0.00524326 0.0105598 0.00964928 0.00457681 0.00288558 0.0016445 0.00110673 0.00212595 0.000911322 0.000636092
threshold=-2.4078771652414024 -0.8849421278265045 -1.5331566245374459 -0.026236119192383344 -1.3117825346237992 -0.23518125974153151 0.42287425762172098 -0.010840652174077326 -0.35210168764178118 0.47743289442657105 -0.24185168008671545 0.16329144041841434 0.013062536333991974
decision_type=2 2 2 2 2 2 2 2 2 2 2 2 2
left_child=-1 6 9 5 -5 -4 7 -2 -8 10 -3 -10 -11
right_child=1 2 3 4 -6 -7 8 -9 11 12 -12 -13 -14
leaf_value=0.00078754606712027448 -0.00053148784677259527 -0.00023078982637742083 0.00020134656507613474 0.00033973423942975766 2.1452533596338309e-05 -0.00022200073541755747 0.00014310261573689329 0 -0.00025650957143632695 -1.0892229445744299e-05 6.0034078989273809e-05 0 -0.00045254931072222774
leaf_weight=21 38 34 58 104 1036 170 29 26 22 21 31 25 26
leaf_count=21 38 34 58 104 1036 170 29 26 22 21 31 25 26
internal_value=1.31208e-06 -8.4683e-06 6.49585e-06 2.59057e-05 5.39289e-05 -0.000100104 -0.000184457 -0.000366195 0 -0.000198986 -5.14421e-05 -0.000128432 -0.000327707
internal_weight=1641 1620 1480 1368 1140 228 140 64 76 112 65 47 47
internal_count=1641 1620 1480 1368 1140 228 140 64 76 112 65 47 47
is_linear=0
shrinkage=0.03


Tree=196
num_leaves=11
num_cat=0
split_feature=16 27 0 8 24 34 24 22 31 4
split_gain=0.0165474 0.0425564 0.0059048 0.00565184 0.00666788 0.00505321 0.00486028 0.00804728 0.00576259 0.0022917
threshold=-1.5386292275074451 -0.25058449562240664 1.932100742975883 1.4832453338257954 -0.81694633364035407 -0.19553016366838805 1.2926185231838079 1.2286805647977925 -0.010843609173303825 -0.4165052468205907
decision_type=2 2 2 2 2 2 2 2 2 2
left_child=1 -1 3 6 -5 -3 7 -2 -8 -7
right_child=2 5 -4 4 -6 9 8 -9 -10 -11
leaf_value=0.0014789241041289641 -1.4072133668587597e-05 -0.00031549715958177469 -0.00037423852017153485 0 0.00064920469393953681 0 0.00036755666521567037 -0.00027371303127482651 -1.5583688377360364e-06 0.00034912969713861289
leaf_weight=21 1222 23 39 21 22 24 57 119 63 30
leaf_count=21 1222 23 39 21 22 24 57 119 63 30
internal_value=1.15947e-06 0.000374859 -2.1316e-05 -9.44695e-06 0.000314006 0 -2.16399e-05 -3.99043e-05 0.000154069 0.000185429
internal_weight=1641 98 1543 1504 43 77 1461 1341 120 54
internal_count=1641 98 1543 1504 43 77 1461 1341 120 54
is_linear=0
shrinkage=0.03


Tree=197
num_leaves=7
num_cat=0
split_feature=3 5 11 20 24 20
split_gain=0.0162178 0.00694181 0.00808157 0.0049905 0.0175279 0.0081397
threshold=-2.2802517094653276 -2.00538362537656 -1.7058339835425425 -0.48021498769385645 -0.16584606918845232 -0.14128314030736749
decision_type=2 2 2 2 2 2
left_child=-1 -2 -3 4 -4 -5
right_child=1 2 3 5 -6 -7
leaf_value=0.00068229890523399531 0.00036665256948409868 -0.00057121701899450275 0.00085229341825470329 -0.00020228532289224676 1.5782058866436701e-05 0
leaf_weight=28 39 21 21 247 555 730
leaf_count=28 39 21 21 247 555 730
internal_value=1.06737e-06 -1.01464e-05 -2.20646e-05 -1.16238e-05 5.57192e-05 -5.44369e-05
internal_weight=1641 1613 1574 1553 576 977
internal_count=1641 1613 1574 1553 576 977
is_linear=0
shrinkage=0.03


Tree=198
num_leaves=13
num_cat=0
split_feature=16 15 20 22 23 33 31 15 23 22 16 23
split_gain=0.0159394 0.00518147 0.00927622 0.0111646 0.0107067 0.00735732 0.0162745 0.0136009 0.00461944 0.00235219 0.00154554 0.000708671
threshold=-2.1035896207877349 -0.8849421278265045 -0.58560718260165145 -0.29973285568185021 0.47143808733588038 -0.34575678497974999 -0.012192215763654151 0.96619257927245461 0.42287425762172098 -0.79476688786937821 -0.35210168764178118 0.84780776762061671
decision_type=2 2 2 2 2 2 2 2 2 2 2 2
left_child=-1 8 3 4 -3 7 -7 -4 9 -2 -10 -12
right_child=1 2 5 -5 -6 6 -8 -9 10 -11 11 -13
leaf_value=0.00077007361386495173 -9.0448947198456143e-05 0 -5.673262472215332e-05 0.00064155185408890244 0.00041290515058405134 -8.3298849441793232e-05 0.00025924337836477206 -0.00054079939290005267 0.00014021730313834268 -0.00060652728876548596 0 -0.00021968957142711712
leaf_weight=21 37 336 459 33 65 339 189 60 29 26 21 26
leaf_count=21 37 336 459 33 65 339 189 60 29 26 21 26
internal_value=1.10203e-06 -8.42269e-06 6.21437e-06 0.000124065 6.96054e-05 -3.99946e-05 3.44379e-05 -0.000121228 -0.000182339 -0.000366777 0 -0.000123437
internal_weight=1641 1620 1481 434 401 1047 528 519 139 63 76 47
internal_count=1641 1620 1481 434 401 1047 528 519 139 63 76 47
is_linear=0
shrinkage=0.03


Tree=199
num_leaves=16
num_cat=0
split_feature=25 21 11 10 15 28 12 25 22 21 5 16 12 4 25
split_gain=0.0157466 0.0291283 0.00574992 0.00684789 0.00734975 0.0120232 0.00826367 0.00581735 0.0070461 0.00943269 0.00620092 0.00504211 0.00553548 0.00323824 0.000743146
threshold=1.990718864094003 -1.6977015828293955 -0.02730912956269493 -1.4622773445689108 -0.25967902733185849 -0.10719247579236559 -0.2297441406265642 -0.15731325921542302 -0.31507459062433613 -0.51452937428899703 -0.38298320121358836 1.5473484282647958 0.73186415888590861 -0.83379302672785627 -0.16090616048129577
decision_type=2 2 2 2 2 2 2 2 2 2 2 2 2 2 2
left_child=2 -2 3 13 6 -6 -5 11 9 -9 -10 12 -4 -1 -15
right_child=1 -3 7 4 5 -7 -8 8 10 -11 -12 -13 -14 14 -16
leaf_value=-0.00052821714475401681 0 0.0013195999405225332 -0.00018742165463390758 -0.00014226420403098348 0.00038732396063682054 3.552690343437881e-06 0.00010513975343270605 -0.0004097627991977788 0.00050151463715653673 1.7546243673691953e-05 2.4455759659025059e-05 -0.00055611198228753861 6.5115947781353253e-05 -0.00017208755858566448 5.3750862656482276e-06
leaf_weight=22 33 20 260 228 134 194 249 61 35 127 116 28 88 20 26
leaf_count=22 33 20 260 228 134 194 249 61 35 127 116 28 88 20 26
internal_value=9.98194e-07 0.000497053 -1.45782e-05 3.46894e-05 6.23706e-05 0.00017149 -7.01628e-06 -7.88048e-05 2.99411e-06 -0.000109653 0.000162129 -0.00015991 -0.000115004 -0.000239543 -1.63701e-05
internal_weight=1641 53 1588 873 805 328 477 715 339 188 151 376 348 68 46
internal_count=1641 53 1588 873 805 328 477 715 339 188 151 376 348 68 46
is_linear=0
shrinkage=0.03


end of trees

feature_importances:
Column_25=351
Column_24=210
Column_21=207
Column_11=196
Column_22=190
Column_27=175
Column_33=171
Column_23=166
Column_19=145
Column_20=128
Column_15=122
Column_17=110
Column_28=101
Column_16=98
Column_14=97
Column_31=95
Column_34=74
Column_29=47
Column_10=39
Column_30=27
Column_4=20
Column_9=19
Column_8=16
Column_3=14
Column_5=14
Column_13=13
Column_32=11
Column_7=9
Column_1=8
Column_12=8
Column_2=7
Column_0=6
Column_6=2

parameters:
[boosting: gbdt]
[objective: regression]
[metric: l2]
[tree_learner: serial]
[device_type: cpu]
[data_sample_strategy: bagging]
[data: ]
[valid: ]
[num_iterations: 200]
[learning_rate: 0.03]
[num_leaves: 31]
[num_threads: 40]
[seed: 42]
[deterministic: 0]
[force_col_wise: 0]
[force_row_wise: 0]
[histogram_pool_size: -1]
[max_depth: 5]
[min_data_in_leaf: 20]
[min_sum_hessian_in_leaf: 0.001]
[bagging_fraction: 0.8]
[pos_bagging_fraction: 1]
[neg_bagging_fraction: 1]
[bagging_freq: 0]
[bagging_seed: 400]
[bagging_by_query: 0]
[feature_fraction: 0.8]
[feature_fraction_bynode: 1]
[feature_fraction_seed: 30056]
[extra_trees: 0]
[extra_seed: 12879]
[early_stopping_round: 0]
[early_stopping_min_delta: 0]
[first_metric_only: 0]
[max_delta_step: 0]
[lambda_l1: 0.1]
[lambda_l2: 3]
[linear_lambda: 0]
[min_gain_to_split: 0]
[drop_rate: 0.1]
[max_drop: 50]
[skip_drop: 0.5]
[xgboost_dart_mode: 0]
[uniform_drop: 0]
[drop_seed: 17869]
[top_rate: 0.2]
[other_rate: 0.1]
[min_data_per_group: 100]
[max_cat_threshold: 32]
[cat_l2: 10]
[cat_smooth: 10]
[max_cat_to_onehot: 4]
[top_k: 20]
[monotone_constraints: ]
[monotone_constraints_method: basic]
[monotone_penalty: 0]
[feature_contri: ]
[forcedsplits_filename: ]
[refit_decay_rate: 0.9]
[cegb_tradeoff: 1]
[cegb_penalty_split: 0]
[cegb_penalty_feature_lazy: ]
[cegb_penalty_feature_coupled: ]
[path_smooth: 0]
[interaction_constraints: ]
[verbosity: -1]
[saved_feature_importance_type: 0]
[use_quantized_grad: 0]
[num_grad_quant_bins: 4]
[quant_train_renew_leaf: 0]
[stochastic_rounding: 1]
[linear_tree: 0]
[max_bin: 255]
[max_bin_by_feature: ]
[min_data_in_bin: 3]
[bin_construct_sample_cnt: 200000]
[data_random_seed: 175]
[is_enable_sparse: 1]
[enable_bundle: 1]
[use_missing: 1]
[zero_as_missing: 0]
[feature_pre_filter: 1]
[pre_partition: 0]
[two_round: 0]
[header: 0]
[label_column: ]
[weight_column: ]
[group_column: ]
[ignore_column: ]
[categorical_feature: ]
[forcedbins_filename: ]
[precise_float_parser: 0]
[parser_config_file: ]
[objective_seed: 16083]
[num_class: 1]
[is_unbalance: 0]
[scale_pos_weight: 1]
[sigmoid: 1]
[boost_from_average: 1]
[reg_sqrt: 0]
[alpha: 0.9]
[fair_c: 1]
[poisson_max_delta_step: 0.7]
[tweedie_variance_power: 1.5]
[lambdarank_truncation_level: 30]
[lambdarank_norm: 1]
[label_gain: ]
[lambdarank_position_bias_regularization: 0]
[eval_at: ]
[multi_error_top_k: 1]
[auc_mu_weights: ]
[num_machines: 1]
[local_listen_port: 12400]
[time_out: 120]
[machine_list_filename: ]
[machines: ]
[gpu_platform_id: -1]
[gpu_device_id: -1]
[gpu_device_id_list: ]
[gpu_use_dp: 0]
[num_gpu: 1]

end of parameters

pandas_categorical:null
