tree
version=v4
num_class=1
num_tree_per_iteration=1
label_index=0
max_feature_idx=34
objective=regression
feature_names=Column_0 Column_1 Column_2 Column_3 Column_4 Column_5 Column_6 Column_7 Column_8 Column_9 Column_10 Column_11 Column_12 Column_13 Column_14 Column_15 Column_16 Column_17 Column_18 Column_19 Column_20 Column_21 Column_22 Column_23 Column_24 Column_25 Column_26 Column_27 Column_28 Column_29 Column_30 Column_31 Column_32 Column_33 Column_34
feature_infos=[-8.1038607220160195:5.1889188406778413] [-8.6769030408834524:4.9630281357341142] [-8.1071523320245351:5.192816363700727] [-8.1067812879305645:5.1921894368118915] [-8.1076579078769342:5.1933074980272131] [-8.1073952436035412:5.1930762912601587] [-8.1097427995136435:5.1927132941374898] [-1.1398042324049209:14.761924327675633] [-8.4376325903805149:6.2068060929579545] [-7.4859769387819037:5.5204133772786443] [-6.4056868021979367:6.4243738743731287] [-4.5599771035787455:6.7074499215559547] [-7.5593509286655394:5.9837924129935081] [-6.7460635592361182:6.6004994133765544] [-1.3559185553853559:6.3246830907583824] [-1.2032839285657142:5.2853128218057996] [-3.121137687472439:3.1328315016551769] [-7.8902222872029695:3.4649249849767134] none [-1.7648878884762589:3.3941146956931303] [-1.232894269447345:7.7150215727382161] [-1.9041839171977812:2.2670541906428254] [-1.2269420196025482:2.074660787376406] [-1.0194993372305958:2.6648380077178779] [-1.7692329224223258:2.1971516490600598] [-1.9865207722171743:5.129367428432194] none [-0.24480239780905555:11.425034543826637] [-0.10537495891672105:23.174793482421403] [-11.548786688784931:10.237902030265408] [-6.3886331038045174:8.3327805155977668] [-15.08246712876031:23.169846679774317] [-2.9784058731429184:5.9289149932720457] [-2.2041940563959113:5.0826923857859478] [-7.610432342238707:10.939912970586686]
tree_sizes=1110 1297 1399 1304 1421 1301 1319 1377 1111 1303 1927 1328 1143 1304 1310 1304 1044 1425 1046 2016 1205 1652 1401 1304 1849 1328 2028 1688 1237 1402 1234 2136 1824 1240 1748 2056 1845 962 1503 1774 1403 1224 1287 1651 1606 1642 1820 2018 1320 1775 1617 1742 1524 1950 1817 1871 1766 1048 1454 1833 1217 2047 1767 1745 1778 2023 2213 1612 1002 2038 1867 1665 1635 1241 1614 1685 2154 2007 1233 1847 2148 2103 1199 2042 1683 1567 2013 2097 1745 1592 1062 964 1053 966 1920 1018 2035 1582 1618 1905 2043 1567 1530 1431 1064 1938 1547 1514 1143 1039 1939 1514 1031 1345 1334 1042 1921 1518 1135 1941 1038 1871 1210 1428 1163 1743 1297 1331 2006 1381 1422 1399 1150 1126 1463 1557 1911 1031 834 1740 1532 2091 1659 1381 1033 1658 1065 2187 1374 1948 1470 1146 1132 1945 874 1388 1840 2136 1335 1189 1302 2045 1266 1947 1039 871 1178 1737 1126 1043 2251 1222 794 1689 1670 987 1362 1575 1249 1605 1461 1795 1830 1010 1991 1278 1703 1378 1322 1654 796 1563 1827 1289 1305 2095 1535 2209 1044 1347

Tree=0
num_leaves=11
num_cat=0
split_feature=34 25 32 19 24 17 33 10 23 14
split_gain=0.741617 0.299986 0.248559 0.209683 0.131638 0.12323 0.103931 0.0899538 0.113108 0.0284929
threshold=2.2829481548661468 3.1168573573588421 0.05425451665077486 1.0086830262551272 0.26369459305532345 0.73742439555142425 -0.3306338379295663 -0.93258487500023035 -1.0020545581351954 0.46453682840244276
decision_type=2 2 2 2 2 2 2 2 2 2
left_child=1 2 3 6 -5 -3 -1 9 -9 -4
right_child=-2 5 7 4 -6 -7 -8 8 -10 -11
leaf_value=0.0041117366966014488 0.0084951602656801878 0.0082743454150506456 0.0036827029222739095 0.0031215709064535599 0.0054808983674323108 0.0048301737160032334 0.0047496427725521222 0.0045331348975812848 0.00241117496829227 0.0049849703873447631
leaf_weight=926 37 21 27 20 211 20 298 25 104 26
leaf_count=926 37 21 27 20 211 20 298 25 104 26
internal_value=0.00445801 0.00436195 0.00429482 0.00442869 0.00524929 0.00680237 0.00426982 0.00325863 0.0028375 0.00436913
internal_weight=1715 1678 1637 1455 231 41 1224 182 129 53
internal_count=1715 1678 1637 1455 231 41 1224 182 129 53
is_linear=0
shrinkage=1


Tree=1
num_leaves=13
num_cat=0
split_feature=34 31 11 21 21 17 10 25 11 27 24 27
split_gain=0.703281 0.344929 0.27094 0.19921 0.11566 0.0892109 0.0869189 0.0699901 0.0351954 0.0349851 0.022019 0.00835081
threshold=2.9951349255802113 -0.034169584403476692 -1.176160281296238 -1.6803347517246596 1.879412952872298 0.84013203728089014 -1.4446127258420511 -1.3440163475409357 -1.071887937741604 0.419986108287769 -0.80561284627848584 -0.20117685131441274
decision_type=2 2 2 2 2 2 2 2 2 2 2 2
left_child=1 6 10 5 -5 -4 -1 9 -9 -8 -3 -12
right_child=-2 2 3 4 -6 -7 7 8 -10 -11 11 -13
leaf_value=0.0002350078312214464 0.0043378002028065651 0.00059666294266935433 0.0028784586783498524 -0.00014193730640408314 0.0014718341217035563 0.00010624917463966362 -0.0011354691540024109 -0.00052173518875613806 -0.0021533186610398119 0.00023444328211397598 0.0025308935718096203 0.0010532696272712201
leaf_weight=27 30 21 27 1320 38 20 32 22 97 25 35 21
leaf_count=27 30 21 27 1320 38 20 32 22 97 25 35 21
internal_value=0 -8.43424e-05 7.34895e-05 -2.10514e-05 -9.14312e-05 0.00183595 -0.00123545 -0.00147795 -0.00189652 -0.00050295 0.00177215 0.00210936
internal_weight=1715 1685 1482 1405 1358 47 203 176 119 57 77 56
internal_count=1715 1685 1482 1405 1358 47 203 176 119 57 77 56
is_linear=0
shrinkage=0.03


Tree=2
num_leaves=14
num_cat=0
split_feature=34 31 11 20 20 10 23 21 19 11 17 11 11
split_gain=0.665654 0.310623 0.261014 0.143015 0.150745 0.0815312 0.109099 0.0807133 0.0494441 0.042599 0.0268062 0.0241863 0.00341326
threshold=2.2829481548661468 -0.034169584403476692 -1.0067426148006069 0.1570435790232271 2.1887252725544148 -1.4446127258420511 -0.99507664649703564 -0.86137439023762952 0.14042586442804275 -1.071887937741604 -0.04346345610084474 -1.2240174622193094 -1.1236842928407582
decision_type=2 2 2 2 2 2 2 2 2 2 2 2 2
left_child=1 5 8 7 -5 -1 10 -4 12 -8 -7 -10 -3
right_child=-2 2 3 4 -6 6 9 -9 11 -11 -12 -13 -14
leaf_value=0.00022866263412870465 0.0038259901781100784 0.00010991215000194643 -0.0014870309815444844 0.0005522977297709856 -0.0019298306989443041 -0.0010677999506274666 -0.00050796138776466253 -0.00019657690913879946 0.0022756651768890712 -0.0022682970287228755 0.00012656484059407375 0.00080662350907861695 0.00079353267496006321
leaf_weight=27 37 29 44 382 20 23 22 906 49 91 37 28 20
leaf_count=27 37 29 44 382 20 23 22 906 49 91 37 28 20
internal_value=0 -8.98163e-05 5.92694e-05 -6.14984e-05 0.000408021 -0.00119093 -0.00142965 -0.000263986 0.00134968 -0.00197344 -0.000312702 0.00182925 0.000476316
internal_weight=1715 1678 1478 1352 402 200 173 950 126 113 60 77 49
internal_count=1715 1678 1478 1352 402 200 173 950 126 113 60 77 49
is_linear=0
shrinkage=0.03


Tree=3
num_leaves=13
num_cat=0
split_feature=34 31 11 21 21 11 23 19 15 28 15 27
split_gain=0.632664 0.308535 0.243713 0.187069 0.108547 0.077596 0.113512 0.0425676 0.0277352 0.0231854 0.0158829 0.0151212
threshold=2.9951349255802113 -0.034169584403476692 -1.176160281296238 -1.6803347517246596 1.879412952872298 -1.2782897165909011 -0.99507664649703564 0.33853790656705213 0.21424098417870838 -0.0075957324380823863 0.28674878968137762 -0.20908095404790622
decision_type=2 2 2 2 2 2 2 2 2 2 2 2
left_child=1 5 7 10 -5 -1 9 -3 -8 -7 -4 -9
right_child=-2 2 3 4 -6 6 8 11 -10 -11 -12 -13
leaf_value=0.00019049489023464339 0.0041151512165299876 0.00046240162232425065 0.002428763853314404 -0.00013674544299380073 0.0014265125517054777 -0.00095961599163378456 -0.0025354885532809747 0.0027545033406349831 -0.0012700504853779479 0.00012305265561444683 0.00084633825822836824 0.0010775129641592501
leaf_weight=28 30 26 23 1320 38 25 55 29 58 37 24 22
leaf_count=28 30 26 23 1320 38 25 55 29 58 37 24 22
internal_value=0 -7.90935e-05 7.00763e-05 -1.94803e-05 -8.77496e-05 -0.00116783 -0.00140156 0.00168114 -0.00196148 -0.000291494 0.00177998 0.0021867
internal_weight=1715 1685 1482 1405 1358 203 175 77 113 62 47 51
internal_count=1715 1685 1482 1405 1358 203 175 77 113 62 47 51
is_linear=0
shrinkage=0.03


Tree=4
num_leaves=14
num_cat=0
split_feature=34 31 20 28 19 10 24 10 23 30 14 20 13
split_gain=0.598419 0.291694 0.214362 0.177524 0.157941 0.102281 0.0864733 0.0788445 0.120521 0.0471318 0.0199367 0.00696685 0.000939982
threshold=2.9951349255802113 -0.036646083859202865 0.1570435790232271 -0.062527958905429379 0.41535711404617842 -0.80083185562469861 -1.6138103294958999 -1.0360415082753944 -1.0020545581351954 -0.28401929673417486 0.46453682840244276 0.78844652510107982 0.14819695562006649
decision_type=2 2 2 2 2 2 2 2 2 2 2 2 2
left_child=1 7 5 4 -4 9 -7 10 -9 -3 -1 -10 -5
right_child=-2 2 3 12 -6 6 -8 8 11 -11 -12 -13 -14
leaf_value=-0.00065152383419788545 0.0040029199731282218 -0.00063338871809410992 -6.2142276139150163e-05 0.0012414495177951682 0.0011143885848145971 -0.0020220656767487525 -0.00024288151549162394 0.00014373589173919752 -0.0015226310640308923 0.00080475333799326148 0.00049127583842103681 -0.0025482456269183829 0.0026882087402336765
leaf_weight=24 30 20 265 20 160 23 853 29 85 118 24 35 29
leaf_count=24 30 20 265 20 160 23 853 29 85 118 24 35 29
internal_value=2.55239e-07 -7.62191e-05 6.63274e-05 0.000592384 0.000378484 -0.000177653 -0.00029975 -0.00115276 -0.00148832 0.000566009 -2.60136e-05 -0.00190102 0.00226108
internal_weight=1715 1685 1488 474 425 1014 876 197 149 138 48 120 49
internal_count=1715 1685 1488 474 425 1014 876 197 149 138 48 120 49
is_linear=0
shrinkage=0.03


Tree=5
num_leaves=13
num_cat=0
split_feature=34 31 11 20 20 24 10 19 24 27 17 11
split_gain=0.567352 0.261643 0.231822 0.123138 0.142731 0.0899826 0.0708767 0.0691223 0.0430621 0.0301884 0.029888 0.0272275
threshold=2.2829481548661468 -0.034169584403476692 -1.0067426148006069 0.1570435790232271 2.1887252725544148 -1.5392074848912154 -1.4446127258420511 -1.0553217935017931 -1.4521708328524168 -0.1881307498447253 0.07108144456382913 -1.071887937741604
decision_type=2 2 2 2 2 2 2 2 2 2 2 2
left_child=1 6 8 5 -5 -4 -1 10 -3 -10 -8 -9
right_child=-2 2 3 4 -6 -7 7 11 9 -11 -12 -13
leaf_value=0.00022479411666281521 0.0035331664996454491 0 -0.0014815493475043159 0.00051722678039905188 -0.0018981163093577257 -0.0001732705385873618 -0.00096887865347357891 -0.00043931645556120202 0.0018237834955755346 0.00040976924446997523 0.00043466908979910212 -0.0018857931329467747
leaf_weight=27 37 22 48 382 20 902 23 22 78 26 23 105
leaf_count=27 37 22 48 382 20 902 23 22 78 26 23 105
internal_value=3.42074e-07 -8.19387e-05 5.47301e-05 -5.89618e-05 0.000376483 -0.000246977 -0.00109258 -0.00131556 0.00127092 0.00151972 -0.000222234 -0.00167422
internal_weight=1715 1678 1478 1352 402 950 200 173 126 104 46 127
internal_count=1715 1678 1478 1352 402 950 200 173 126 104 46 127
is_linear=0
shrinkage=0.03


Tree=6
num_leaves=13
num_cat=0
split_feature=34 31 11 21 14 21 11 25 28 24 28 27
split_gain=0.538502 0.26136 0.216397 0.171079 0.128247 0.0996837 0.070018 0.0690197 0.0256085 0.0168968 0.0086795 0.00843953
threshold=2.9951349255802113 -0.036646083859202865 -1.176160281296238 -1.6803347517246596 0.13074354785757353 1.879412952872298 -1.2782897165909011 -1.3291889234260434 -0.0075957324380823863 -0.70614238680557329 -0.068755302781310965 -0.20117685131441274
decision_type=2 2 2 2 2 2 2 2 2 2 2 2
left_child=1 6 9 4 -4 -5 -1 8 -8 -3 -9 -11
right_child=-2 2 3 5 -6 -7 7 10 -10 11 -12 -13
leaf_value=0.00019115547793767144 0.0037973903611471706 0.0005498632342508063 0.0032235092858970164 -0.00013314418283878049 4.9620933668588145e-05 0.0013645499398677733 -0.00093973224501207669 -0.0023644204467105174 0.00022316276811962496 0.0022998459004872555 -0.0013478262494684748 0.00090179683361202485
leaf_weight=28 30 22 22 1326 25 38 31 36 26 34 76 21
leaf_count=28 30 22 22 1326 25 38 31 36 26 34 76 21
internal_value=3.07861e-07 -7.21475e-05 6.26821e-05 -2.12341e-05 0.00169954 -8.63219e-05 -0.00109122 -0.00132075 -0.000374653 0.00158105 -0.00175383 0.00189202
internal_weight=1715 1685 1488 1411 47 1364 197 169 57 77 112 55
internal_count=1715 1685 1488 1411 47 1364 197 169 57 77 112 55
is_linear=0
shrinkage=0.03


Tree=7
num_leaves=14
num_cat=0
split_feature=34 31 11 21 14 24 10 23 19 27 14 24 23
split_gain=0.509351 0.247087 0.207172 0.167617 0.121275 0.101591 0.0699029 0.104393 0.0403044 0.0453469 0.0182373 0.00550085 0.0049752
threshold=2.9951349255802113 -0.036646083859202865 -1.0067426148006069 -1.6803347517246596 0.13074354785757353 -1.6138103294958999 -1.0360415082753944 -1.0020545581351954 0.14042586442804275 -0.1881307498447253 0.46453682840244276 -1.4521708328524168 -0.99507664649703564
decision_type=2 2 2 2 2 2 2 2 2 2 2 2 2
left_child=1 6 8 4 -4 -5 10 -8 11 -10 -1 -3 -9
right_child=-2 2 3 5 -6 -7 7 12 9 -11 -12 -13 -14
leaf_value=-0.00060280814007597256 0.0036938250366259705 0 0.0031384086365997791 -0.0018416945800185202 4.8291801998857396e-05 -6.9003278179077555e-05 0.00013653149829769972 -0.0008816749246824267 0.0021304876611928712 0.00034541050132894373 0.00049450159031483862 0.00068219831967726346 -0.0019268972333330585
leaf_weight=24 30 22 22 27 25 1288 29 25 53 24 24 27 95
leaf_count=24 30 22 22 27 25 1288 29 25 53 24 24 27 95
internal_value=9.17606e-07 -6.95022e-05 6.15415e-05 -4.50708e-05 0.00165625 -0.000111786 -0.00106039 -0.00137601 0.00121147 0.00164542 0 0.000416281 -0.00176035
internal_weight=1715 1685 1488 1362 47 1315 197 149 126 77 48 49 120
internal_count=1715 1685 1488 1362 47 1315 197 149 126 77 48 49 120
is_linear=0
shrinkage=0.03


Tree=8
num_leaves=11
num_cat=0
split_feature=34 25 31 11 17 24 10 23 24 14
split_gain=0.482624 0.225356 0.194669 0.125808 0.101458 0.0980718 0.0645773 0.0980382 0.0245601 0.0172776
threshold=2.2829481548661468 3.1168573573588421 -0.036646083859202865 -1.0067426148006069 0.73742439555142425 -1.6138103294958999 -1.0360415082753944 -1.0020545581351954 -1.4521708328524168 0.46453682840244276
decision_type=2 2 2 2 2 2 2 2 2 2
left_child=1 2 6 8 -3 -5 9 -8 -4 -1
right_child=-2 4 3 5 -6 -7 7 -9 -10 -11
leaf_value=-0.00058673327620393438 0.0032597741884645079 0.0033727543912827969 0 -0.0017919688388705252 0.00025348964787047837 -5.1522344833938401e-05 0.00013281954410194883 -0.0017073603558470495 0.0011734501443880919 0.00048131487911774057
leaf_weight=24 37 21 22 27 20 1307 29 117 87 24
leaf_count=24 37 21 22 27 20 1307 29 117 87 24
internal_value=1.29561e-06 -7.44587e-05 -0.000132891 -1.00015e-05 0.00204037 -9.29344e-05 -0.00101766 -0.0013264 0.000953493 0
internal_weight=1715 1678 1637 1443 41 1334 194 146 109 48
internal_count=1715 1678 1637 1443 41 1334 194 146 109 48
is_linear=0
shrinkage=0.03


Tree=9
num_leaves=13
num_cat=0
split_feature=34 25 31 25 23 32 33 19 17 33 23 25
split_gain=0.458193 0.225183 0.212631 0.154518 0.156271 0.151291 0.100475 0.0989409 0.0958497 0.0737921 0.0568161 0.0250386
threshold=2.9951349255802113 0.49996499117062437 -0.010568771647150872 3.1168573573588421 0.083010701598682304 0.53070899354687551 -0.3306338379295663 1.4837475267476543 0.73742439555142425 -0.048485374718141815 -1.0020545581351954 0.20444926420719603
decision_type=2 2 2 2 2 2 2 2 2 2 2 2
left_child=1 5 3 4 -3 6 7 -1 -5 -8 -7 -12
right_child=-2 2 -4 8 -6 10 9 -9 -10 -11 11 -13
leaf_value=-0.00042797394553592045 0.003504181405698711 -0.00074851696261829938 0.0027078657793132839 0.0032842195797711609 0.00055312936313677279 0 0.00053081911595990647 0.0013116372261196374 0.0002468768692696872 -0.00036262859111739086 -0.0019779580344672751 -0.00057663022758888791
leaf_weight=743 30 124 34 21 234 23 252 27 20 117 64 26
leaf_count=743 30 124 34 21 234 23 252 27 20 117 64 26
internal_value=1.56737e-06 -6.51334e-05 0.000520001 0.000307287 9.14959e-05 -0.00027065 -0.000162063 -0.00035824 0.00198862 0.000238826 -0.00130681 -0.00163705
internal_weight=1715 1685 433 399 358 1252 1139 770 41 369 113 90
internal_count=1715 1685 433 399 358 1252 1139 770 41 369 113 90
is_linear=0
shrinkage=0.03


Tree=10
num_leaves=20
num_cat=0
split_feature=25 28 22 24 33 33 11 25 10 14 20 24 13 11 10 19 25 22 28
split_gain=0.369648 0.577799 0.142786 0.319899 0.131178 0.14508 0.15503 0.113089 0.0998381 0.0932224 0.083239 0.0675759 0.0649599 0.0646548 0.0543825 0.0464783 0.035711 0.0317978 0.00812454
threshold=0.79493744224690477 -0.043749659145231094 -0.3937800548287051 -0.45746623812329218 -0.017122510520303412 -0.3306338379295663 0.78714441394322487 -0.65779702528054507 -0.23801778819851635 1.796068930507039 0.1570435790232271 -1.5392074848912154 -1.0773892705749517 -0.42682795092641063 0.99074791325084133 -1.1048503832113072 -0.24387668756630074 -0.51839643344806885 0.027059531036322797
decision_type=2 2 2 2 2 2 2 2 2 2 2 2 2 2 2 2 2 2 2
left_child=4 2 14 -4 5 7 11 13 -5 12 -9 -7 18 -1 17 -14 -11 -2 -6
right_child=1 -3 3 8 9 6 -8 10 -10 16 -12 -13 15 -15 -16 -17 -18 -19 -20
leaf_value=0.00031297720038792639 0.00053573626799819371 0.0046451690529073992 -0.003477000079401161 0.0011699151666534522 0.00030988054179276029 -0.00012368320529918838 -0.00095393183427862815 -0.00023028765583543172 -0.00096126714149223906 -0.00026195428421986954 0.00060596026209566918 0.0011143219015648357 -0.0002764825790771283 -0.001403752766251057 0 -0.0016175773470931184 0.001222256104907264 0.0019127205859040259 -0.00045297971108685368
leaf_weight=20 33 32 20 59 24 44 47 678 25 32 123 189 37 98 26 127 20 61 20
leaf_count=20 33 32 20 59 24 44 47 678 25 32 123 189 37 98 26 127 20 61 20
internal_value=2.00564e-06 0.00104832 0.000466664 -0.000321044 -0.000181305 -4.54371e-05 0.000545725 -0.000229995 0.000489877 -0.000788793 -9.63618e-05 0.000869223 -0.00107297 -0.00108744 0.00116491 -0.00134338 0.000289882 0.00149176 0
internal_weight=1715 256 224 104 1459 1199 280 919 84 260 801 233 208 118 120 164 52 94 44
internal_count=1715 256 224 104 1459 1199 280 919 84 260 801 233 208 118 120 164 52 94 44
is_linear=0
shrinkage=0.03


Tree=11
num_leaves=13
num_cat=0
split_feature=34 31 11 20 28 22 10 23 19 28 14 34
split_gain=0.420084 0.203939 0.196776 0.104047 0.169507 0.0703686 0.0549751 0.0828484 0.0373936 0.0261366 0.0220425 0.0113482
threshold=2.9951349255802113 -0.029291299942534502 -1.176160281296238 0.1570435790232271 -0.062527958905429379 -1.1136917220472957 -0.93258487500023035 -0.99507664649703564 0.33853790656705213 0.0078139643889869846 0.46453682840244276 -0.26897316869763532
decision_type=2 2 2 2 2 2 2 2 2 2 2 2
left_child=1 6 8 5 -5 -4 10 9 -3 -8 -1 -9
right_child=-2 2 3 4 -6 -7 7 11 -10 -11 -12 -13
leaf_value=-0.0006232140118991083 0.0033557748012244698 0.00035817537363394737 0.00086997858146293399 0.00017554669556514964 0.0022470223044336306 -0.00024482444865290892 -0.0010312710291625041 -0.00069114753772289705 0.0020660077421553432 0.00019490702533429222 0.00049917282732203595 -0.0018771239672909319
leaf_weight=29 30 23 50 376 37 931 20 23 47 39 27 83
leaf_count=29 30 23 50 376 37 931 20 23 47 39 27 83
internal_value=1.92441e-06 -6.18687e-05 6.50776e-05 -1.22721e-05 0.000383205 -0.000182477 -0.000905818 -0.00117819 0.00158374 -0.000202147 -3.33502e-05 -0.00167342
internal_weight=1715 1685 1464 1394 413 981 221 165 70 59 56 106
internal_count=1715 1685 1464 1394 413 981 221 165 70 59 56 106
is_linear=0
shrinkage=0.03


Tree=12
num_leaves=11
num_cat=0
split_feature=34 25 33 33 11 21 11 17 21 32
split_gain=0.397815 0.193156 0.144838 0.14664 0.140319 0.137766 0.132063 0.0898134 0.0580946 0.027629
threshold=2.2829481548661468 3.1168573573588421 -0.068083037868968327 -0.3306338379295663 -0.98585118388518134 -0.92689121915659201 0.79697957089776494 0.73742439555142425 0.49264007408759364 0.034313048054651997
decision_type=2 2 2 2 2 2 2 2 2 2
left_child=1 2 3 5 9 -1 -5 -3 -6 -4
right_child=-2 7 4 6 8 -7 -8 -9 -10 -11
leaf_value=-0.001569538868415925 0.0029607321845367546 0.0031440327893942593 0.0009021477680121148 0.00087308059645038445 -0.00085237797527806835 -7.180917663933371e-05 -0.00076877869794127304 0.00020701530229543213 -0.0022125664940315553 -0.00013748268691967402
leaf_weight=56 37 21 32 251 152 1001 49 20 41 55
leaf_count=56 37 21 32 251 152 1001 49 20 41 55
internal_value=2.24905e-06 -6.63685e-05 -0.0001206 5.94616e-06 -0.000738058 -0.000158207 0.000590053 0.00189132 -0.00118608 0.000228902
internal_weight=1715 1678 1637 1357 280 1057 300 41 193 87
internal_count=1715 1678 1637 1357 280 1057 300 41 193 87
is_linear=0
shrinkage=0.03


Tree=13
num_leaves=13
num_cat=0
split_feature=34 25 31 25 24 31 10 17 24 30 15 27
split_gain=0.377953 0.195444 0.179154 0.131697 0.180483 0.11471 0.0981747 0.0848348 0.0734185 0.0527751 0.0483131 0.0504768
threshold=2.9951349255802113 0.49996499117062437 -0.010568771647150872 3.1168573573588421 -0.33312816378215154 -0.064078390029970886 -0.71626374055102082 0.73742439555142425 -1.6138103294958999 -0.30007161689279854 -0.256647621033183 0.25327991660052468
decision_type=2 2 2 2 2 2 2 2 2 2 2 2
left_child=1 5 3 4 -3 10 9 -5 -8 -7 -1 -12
right_child=-2 2 -4 7 -6 6 8 -9 -10 -11 11 -13
leaf_value=-0.0019672875289938278 0.0031835063899105244 -0.001433608717702586 0.0024963310486259493 0.0030615018792450426 0.00038857606091016132 -0.00085814746792311776 -0.0018124769910105635 0.00020161491132381814 -0.00022972307510844451 0.00060197264069072041 -0.0013530814286888293 0
leaf_weight=39 30 55 34 21 303 21 25 20 883 188 43 53
leaf_count=39 30 55 34 21 303 21 25 20 883 188 43 53
internal_value=2.20643e-06 -5.82139e-05 0.000486772 0.000290717 9.0734e-05 -0.000249799 -0.000145449 0.00184348 -0.000282419 0.000431044 -0.00106953 -0.000625946
internal_weight=1715 1685 433 399 358 1252 1117 41 908 209 135 96
internal_count=1715 1685 433 399 358 1252 1117 41 908 209 135 96
is_linear=0
shrinkage=0.03


Tree=14
num_leaves=13
num_cat=0
split_feature=34 31 11 21 21 14 13 24 28 19 14 11
split_gain=0.357593 0.179019 0.173204 0.125192 0.0894141 0.0863867 0.0471904 0.0460526 0.0568652 0.0336447 0.014346 0.0141565
threshold=2.9951349255802113 -0.029291299942534502 -1.176160281296238 -1.6803347517246596 1.879412952872298 0.13074354785757353 -1.0773892705749517 -0.48233385299152026 -0.0075957324380823863 0.33853790656705213 0.64218278168881027 -0.92407536394265544
decision_type=2 2 2 2 2 2 2 2 2 2 2 2
left_child=1 6 9 5 -5 -4 10 8 -8 -3 -1 -9
right_child=-2 2 3 4 -6 -7 7 11 -10 -11 -12 -13
leaf_value=-0.00053963578782147831 0.0030966834889894178 0.00032059731165250366 0.0027156169693171978 -0.00011190828235641132 0.0013073130889068832 7.7861528278195418e-05 -0.0012220119625201511 -0.0006203464149578434 0.00013911635271506384 0.0019444460814620832 0.00041023659761995078 -0.0020012210110589017
leaf_weight=24 30 23 22 1309 38 25 55 20 45 47 27 50
leaf_count=24 30 23 22 1309 38 25 55 20 45 47 27 50
internal_value=2.21202e-06 -5.65108e-05 6.23071e-05 -1.01312e-05 -6.68325e-05 0.00146141 -0.000847298 -0.001084 -0.000594166 0.00148709 0 -0.00168949
internal_weight=1715 1685 1464 1394 1347 47 221 170 100 70 51 70
internal_count=1715 1685 1464 1394 1347 47 221 170 100 70 51 70
is_linear=0
shrinkage=0.03


Tree=15
num_leaves=13
num_cat=0
split_feature=34 25 31 25 24 32 10 17 24 23 30 11
split_gain=0.33826 0.178404 0.164126 0.11928 0.170581 0.112438 0.0983963 0.078059 0.0642088 0.0459994 0.0433444 0.0295141
threshold=2.9951349255802113 0.49996499117062437 -0.010568771647150872 3.1168573573588421 -0.33312816378215154 0.53070899354687551 -0.57556958553818849 0.73742439555142425 -1.6138103294958999 -1.0020545581351954 -0.30007161689279854 -0.93206356714802174
decision_type=2 2 2 2 2 2 2 2 2 2 2 2
left_child=1 5 3 4 -3 6 10 -5 -8 -7 -1 -11
right_child=-2 2 -4 7 -6 9 8 -9 -10 11 -12 -13
leaf_value=-0.00083322413910354956 0.0030122285078872336 -0.0013943606518000235 0.0023899572080353627 0.0029240924674086271 0.00037706886348979425 0 -0.0017903545358433171 0.00017770744123212667 -0.00025020041929239059 -0.00022522045572986825 0.00047103523299542343 -0.0017291099732780521
leaf_weight=21 30 55 34 21 303 23 23 20 847 21 248 69
leaf_count=21 30 55 34 21 303 23 23 20 847 21 248 69
internal_value=2.53943e-06 -5.45265e-05 0.000466064 0.000278049 8.72857e-05 -0.000237645 -0.000143596 0.00175603 -0.000300366 -0.00113153 0.000350119 -0.00142905
internal_weight=1715 1685 433 399 358 1252 1139 41 870 113 269 90
internal_count=1715 1685 433 399 358 1252 1139 41 870 113 269 90
is_linear=0
shrinkage=0.03


Tree=16
num_leaves=10
num_cat=0
split_feature=34 25 31 19 24 33 14 23 10
split_gain=0.321297 0.15807 0.134579 0.113324 0.109798 0.0917231 0.0482449 0.0657879 0.0156782
threshold=2.2829481548661468 3.1168573573588421 -0.029291299942534502 1.0086830262551272 0.26369459305532345 -0.3306338379295663 1.796068930507039 -0.99507664649703564 0.1734500848856354
decision_type=2 2 2 2 2 2 2 2 2
left_child=1 2 6 5 -5 -4 7 -1 -3
right_child=-2 8 3 4 -6 -7 -8 -9 -10
leaf_value=-0.00011500827650762285 0.00266153203016147 0.0023434189422987402 -0.00026549135039374703 -0.0013283124059114766 0.00082671090572465416 0.00035073242269820492 0.00042865999578498303 -0.0013315818581783124 0.00069889704789966338
leaf_weight=66 37 21 913 20 207 279 21 131 20
leaf_count=66 37 21 913 20 207 279 21 131 20
internal_value=2.60352e-06 -5.88866e-05 -0.000108113 0 0.000608948 -0.000118229 -0.000796741 -0.000946838 0.00171174
internal_weight=1715 1678 1637 1419 227 1192 218 197 41
internal_count=1715 1678 1637 1419 227 1192 218 197 41
is_linear=0
shrinkage=0.03


Tree=17
num_leaves=14
num_cat=0
split_feature=34 25 22 22 19 10 11 33 33 28 23 15 25
split_gain=0.304301 0.166844 0.138233 0.183221 0.112854 0.0994701 0.0910641 0.0855339 0.100911 0.0461022 0.0458927 0.0416247 0.0372692
threshold=2.9951349255802113 0.49996499117062437 1.6177597228399427 -0.34754601853632577 1.8900799936387103 -0.57556958553818849 0.026980668468730699 -0.017122510520303412 -0.23560063905413195 0.05773080336369886 -1.0020545581351954 -0.14405821758425427 -0.27637570302195613
decision_type=2 2 2 2 2 2 2 2 2 2 2 2 2
left_child=1 5 3 6 -5 9 -3 8 -7 11 -9 -1 -11
right_child=-2 2 -4 4 -6 7 -8 10 -10 12 -12 -13 -14
leaf_value=3.5695828497847465e-05 0.0028574895398183297 0.00024040992839120527 0.0020581498779779807 -0.0014187367434221271 0.00041410221411206295 -0.00037301976748796526 0.0013947699167699153 3.3509687045201032e-05 0.00064962586309261531 0.00024480956976301966 -0.0012809612140619955 0.0008480119536336707 -0.0012777029605068521
leaf_weight=130 30 172 41 73 45 724 102 24 94 22 121 111 26
leaf_count=130 30 172 41 73 45 724 102 24 94 22 121 111 26
internal_value=2.80146e-06 -5.12347e-05 0.000452142 0.000262216 -0.000702042 -0.000228381 0.000691417 -0.000375886 -0.000249905 0.00025167 -0.00104685 0.000427955 -0.000547709
internal_weight=1715 1685 433 392 118 1252 274 963 818 289 145 241 48
internal_count=1715 1685 433 392 118 1252 274 963 818 289 145 241 48
is_linear=0
shrinkage=0.03


Tree=18
num_leaves=10
num_cat=0
split_feature=34 25 31 19 24 33 17 14 23
split_gain=0.288629 0.147955 0.121785 0.103873 0.100306 0.0855068 0.0728538 0.0447327 0.0589429
threshold=2.2829481548661468 3.1168573573588421 -0.029291299942534502 1.0086830262551272 0.26369459305532345 -0.3306338379295663 0.73742439555142425 1.796068930507039 -0.99507664649703564
decision_type=2 2 2 2 2 2 2 2 2
left_child=1 2 7 5 -5 -4 -3 8 -1
right_child=-2 6 3 4 -6 -7 -8 -9 -10
leaf_value=-0.00011214639088923476 0.0025234046445228157 0.0027846286301501091 -0.00025526480025322653 -0.0012662129151918317 0.00079169627499899693 0.00033964104471515189 0.00013569777119783278 0.00041909830583608711 -0.0012670242326514823
leaf_weight=66 37 21 913 20 207 279 20 21 131
leaf_count=66 37 21 913 20 207 279 20 21 131
internal_value=3.21122e-06 -5.49788e-05 -0.000102666 0 0.000583188 -0.000113007 0.001658 -0.000757742 -0.000902597
internal_weight=1715 1678 1637 1419 227 1192 41 218 197
internal_count=1715 1678 1637 1419 227 1192 41 218 197
is_linear=0
shrinkage=0.03


Tree=19
num_leaves=21
num_cat=0
split_feature=25 34 22 24 33 20 25 11 29 10 11 24 29 10 10 23 22 22 20 25
split_gain=0.28005 0.44735 0.12264 0.300053 0.100314 0.115331 0.0922879 0.0875002 0.0681295 0.0644359 0.0584528 0.0502957 0.0917537 0.0499414 0.044752 0.037189 0.0243241 0.0113091 0.00155992 0.000408265
threshold=0.79493744224690477 -0.12573495199999093 -0.3937800548287051 -0.45746623812329218 -0.017122510520303412 0.1570435790232271 -0.99135934373427892 -0.090614251350576616 -0.17457760174337533 -0.23801778819851635 -0.98585118388518134 -0.48233385299152026 1.5939513272681152 0.75685379714057655 0.99074791325084133 0.17372355289476218 -0.51839643344806885 0.2887492645108613 0.026869997119077282 -1.6142542819542427
decision_type=2 2 2 2 2 2 2 2 2 2 2 2 2 2 2 2 2 2 2 2
left_child=4 2 14 -4 5 7 19 15 -9 -5 17 12 -12 -8 16 -1 -2 -6 -13 -7
right_child=1 -3 3 9 10 6 13 8 -10 -11 11 18 -14 -15 -16 -17 -18 -19 -20 -21
leaf_value=0.00027199589562951584 0.00051078501810358518 0.0042481011771596973 -0.0033564933870473632 0.0010237349113726632 0.00041525969055946916 -0.0010001632728330466 0.00095514034555338684 -0.00065590078410788588 0.00077976454644193571 -0.00063330162372440097 -0.00092860370888858158 -0.00083904452188669342 0.0010419853254407644 0 0 -0.00023876258609774664 0.0017484630552353337 -0.000333081949827066 -0.0019805037155690625 -0.00030616153902016005
leaf_weight=293 33 29 20 60 37 20 183 366 28 27 115 20 22 66 26 220 61 28 38 23
leaf_count=293 33 29 20 60 37 20 183 366 28 27 115 20 22 66 26 220 61 28 38 23
internal_value=3.38172e-06 0.000914301 0.000425499 -0.00028821 -0.000155947 -3.68176e-05 0.000475706 -0.000206141 -0.000541196 0.000472181 -0.000687222 -0.000944567 -0.000575183 0.00070356 0.00107779 4.70285e-05 0.00137412 4.83066e-05 -0.0016967 -0.000738347
internal_weight=1715 256 227 107 1459 1199 292 907 394 87 260 195 137 249 120 513 94 65 58 43
internal_count=1715 256 227 107 1459 1199 292 907 394 87 260 195 137 249 120 513 94 65 58 43
is_linear=0
shrinkage=0.03


Tree=20
num_leaves=12
num_cat=0
split_feature=34 25 31 25 20 32 33 19 11 29 32
split_gain=0.264826 0.148372 0.132642 0.097911 0.122112 0.0887585 0.0743398 0.0837444 0.0811741 0.0245019 0.0420357
threshold=2.9951349255802113 0.49996499117062437 -0.010568771647150872 3.5924302893308186 2.0445610960276621 0.53070899354687551 -0.3306338379295663 1.4968881126233773 0.78714441394322487 0.29488861448663167 2.7688918795726978
decision_type=2 2 2 2 2 2 2 2 2 2 2
left_child=1 5 3 4 -3 6 7 -1 -8 -7 -11
right_child=-2 2 -4 -5 -6 9 8 -9 -10 10 -12
leaf_value=-0.00036176633783870197 0.002666381856257265 0.0002820549989484203 0.002158553863800055 0.002046274343218941 -0.00176922297485206 -0.0016352779843931107 0.00039195101292177035 0.0012922420323759848 -0.00089612093325471497 0 -0.0014737605290037804
leaf_weight=745 30 351 34 23 25 40 322 25 47 47 26
leaf_count=745 30 351 34 23 25 40 322 25 47 47 26
internal_value=3.1945e-06 -4.70986e-05 0.000427474 0.000257493 0.000124826 -0.000214248 -0.000130333 -0.000299377 0.000213919 -0.00100897 -0.000575315
internal_weight=1715 1685 433 399 376 1252 1139 770 369 113 73
internal_count=1715 1685 433 399 376 1252 1139 770 369 113 73
is_linear=0
shrinkage=0.03


Tree=21
num_leaves=17
num_cat=0
split_feature=25 34 24 24 23 10 29 19 27 27 10 32 23 15 16 27
split_gain=0.255784 0.410739 0.0901574 0.0882778 0.234025 0.0617127 0.0582862 0.0540214 0.0862721 0.0507745 0.0460734 0.0453516 0.0400579 0.02828 0.0230923 0.0149741
threshold=0.79493744224690477 -0.12573495199999093 -1.6138103294958999 -0.33312816378215154 -0.63920315295087626 -0.8155444096979555 -0.17801544765765184 1.688935742172357 -0.24434595671370887 -0.23055407232010453 0.58300501187835985 0.05425451665077486 -0.3740425107007968 -0.82996928033077311 -0.95207502699946611 -0.24480110443004441
decision_type=2 2 2 2 2 2 2 2 2 2 2 2 2 2 2 2
left_child=2 3 -1 4 10 9 13 11 -9 15 -2 -7 -11 -5 -8 -4
right_child=1 -3 5 6 -6 7 14 8 -10 12 -12 -13 -14 -15 -16 -17
leaf_value=-0.0015780265347924655 0.0016643533392418774 0.0040686831765342508 0 0.00053526877482027672 -0.0021401737830846717 -0.00016375716882837684 0.00065400201810407455 0.0017426036003562329 -0.00062223689885729043 0.00019063418121607621 0 -0.00074893521751336588 -0.0011156515235946113 0.0018577342408380524 -0.00053456195336600237 0.00092199298601851548
leaf_weight=36 28 29 25 36 35 1014 27 29 20 76 28 138 25 48 25 96
leaf_count=36 28 29 25 36 35 1014 27 29 20 76 28 138 25 48 25 96
internal_value=3.22297e-06 0.000873858 -0.000148969 0.000404918 -0.000288734 -0.000107468 0.000886851 -0.000194094 0.000739459 0.000344178 0.000867553 -0.000238217 -0.000126713 0.00136345 3.00423e-05 0.000754985
internal_weight=1715 256 1459 227 91 1423 136 1201 49 222 56 1152 101 84 52 121
internal_count=1715 256 1459 227 91 1423 136 1201 49 222 56 1152 101 84 52 121
is_linear=0
shrinkage=0.03


Tree=22
num_leaves=14
num_cat=0
split_feature=34 25 31 25 21 11 19 23 27 17 19 17 27
split_gain=0.245316 0.134253 0.117857 0.0941477 0.155109 0.0857722 0.100642 0.0794915 0.0736615 0.0650002 0.0580178 0.0393416 0.0148286
threshold=2.9951349255802113 0.49996499117062437 -0.010568771647150872 3.1168573573588421 -0.82861597577814827 0.45520182709972562 1.0086830262551272 -0.98809873485887567 -0.11077756045880928 0.73742439555142425 -1.203906018164304 0.34447104156465164 -0.24477814561819641
decision_type=2 2 2 2 2 2 2 2 2 2 2 2 2
left_child=1 5 3 4 -3 7 11 10 -9 -5 -1 -7 -8
right_child=-2 2 -4 9 -6 6 12 8 -10 -11 -12 -13 -14
leaf_value=0.0013968381918120112 0.0025666654792360281 -0.0015427894645431281 0.0020389595463670587 0.0026231498429551718 0.00031796281660571071 -0.0012112340461000264 0 -8.4843398445670528e-05 -0.00095856295009808879 0.00011485634297739875 0.00016939403929407099 -0.00042676603636672633 0.00089389039752007051
leaf_weight=41 30 43 34 21 315 143 22 572 102 20 211 129 32
leaf_count=41 30 43 34 21 315 143 22 572 102 20 211 129 32
internal_value=3.40791e-06 -4.4932e-05 0.000406382 0.000245625 7.51907e-05 -0.000204006 -0.000620988 -5.24466e-05 -0.000225161 0.00155903 0.000394946 -0.000858812 0.000506462
internal_weight=1715 1685 433 399 358 1252 326 926 674 41 252 272 54
internal_count=1715 1685 433 399 358 1252 326 926 674 41 252 272 54
is_linear=0
shrinkage=0.03


Tree=23
num_leaves=13
num_cat=0
split_feature=21 14 31 11 21 20 11 23 24 15 11 11
split_gain=0.199879 0.221517 0.123273 0.127406 0.0943291 0.0773528 0.0401311 0.0625138 0.0299464 0.0154713 0.0126159 0.0109627
threshold=-1.7567710521301156 0.41635063975238434 -0.029291299942534502 -1.0067426148006069 -1.6803347517246596 1.7154773306001971 -1.2782897165909011 -0.99507664649703564 -1.4521708328524168 0.21424098417870838 0.3397405196407986 -1.6587997939010772
decision_type=2 2 2 2 2 2 2 2 2 2 2 2
left_child=1 -1 6 8 -5 -6 -2 10 -4 -9 -8 -10
right_child=2 -3 3 4 5 -7 7 9 11 -11 -12 -13
leaf_value=0.0040333037130210704 0.00018261203257633106 9.0334536197284848e-05 0 0.0015950798851047309 -4.1047061058258671e-05 -0.0016691732725852891 0.00028054257743060588 -0.0016673316383949265 0.0019651973801665008 -0.00076407013319909481 -0.00049407207710366397 0.00088897632705170265
leaf_weight=20 32 33 21 28 1275 24 32 62 21 60 34 73
leaf_count=20 32 33 21 28 1275 24 32 62 21 60 34 73
internal_value=3.67717e-06 0.00176818 -5.38743e-05 4.55935e-05 -3.61491e-05 -7.72088e-05 -0.000711136 -0.000879448 0.000991194 -0.0012761 -7.91547e-05 0.00121368
internal_weight=1715 53 1662 1442 1327 1299 220 188 115 122 66 94
internal_count=1715 53 1662 1442 1327 1299 220 188 115 122 66 94
is_linear=0
shrinkage=0.03


Tree=24
num_leaves=19
num_cat=0
split_feature=25 30 33 25 19 33 33 11 25 15 11 11 22 27 17 19 22 22
split_gain=0.224719 0.350054 0.10053 0.16102 0.156178 0.0862798 0.102598 0.119986 0.0932563 0.0588549 0.0544624 0.0523012 0.0434917 0.0808685 0.043152 0.039542 0.0254893 0.00958193
threshold=0.79493744224690477 0.10818602188730536 -0.35254889565660125 2.0232844686556959 1.8900799936387103 -0.017122510520303412 -0.3306338379295663 0.78714441394322487 -0.65779702528054507 0.72232296774017712 -0.42682795092641063 -0.98585118388518134 0.2887492645108613 1.6010684366026045 0.885769247669146 -1.0725055751459536 -0.51839643344806885 0.2887492645108613
decision_type=2 2 2 2 2 2 2 2 2 2 2 2 2 2 2 2 2 2
left_child=5 2 16 4 -4 6 8 15 10 -10 -1 17 13 -13 -5 -8 -2 -7
right_child=1 -3 3 14 -6 11 7 -9 9 -11 -12 12 -14 -15 -16 -17 -18 -19
leaf_value=0.00031386832172132056 0.0004321430315077934 0.0043720859511067033 -0.0017001499214331754 0.002050874025590958 0.00062158141511132602 0.00040012763392296616 0.0016369264909465396 -0.00084727574368938794 -0.00013996654578647482 0.00081165639089331729 -0.0012534658762322058 -0.00084315337410244414 -0.0015511159795396452 0.0010714874673918213 0.00015258066250512805 0.00053936019655893819 0.0016844405076043172 -0.00028301320115344658
leaf_weight=20 34 20 58 28 41 37 39 47 741 60 98 114 61 20 23 194 52 28
leaf_count=20 34 20 58 28 41 37 39 47 741 60 98 114 61 20 23 194 52 28
internal_value=3.83639e-06 0.000819985 0.000455306 0 -0.000719211 -0.000138704 -2.80705e-05 0.000468696 -0.000183711 -6.219e-05 -0.000961827 -0.000631348 -0.000875132 -0.000518283 0.00130637 0.000754258 0.00125431 6.22308e-05
internal_weight=1715 256 236 150 99 1459 1199 280 919 801 118 260 195 134 51 233 86 65
internal_count=1715 256 236 150 99 1459 1199 280 919 801 118 260 195 134 51 233 86 65
is_linear=0
shrinkage=0.03


Tree=25
num_leaves=13
num_cat=0
split_feature=34 25 23 14 11 25 10 24 17 28 15 25
split_gain=0.21634 0.117365 0.106811 0.0838796 0.153323 0.10351 0.0823913 0.0712347 0.0479182 0.0369203 0.0350756 0.0324783
threshold=2.9951349255802113 0.49996499117062437 0.91338218653972103 0.087476526800858226 -1.2782897165909011 1.3532604924615816 -0.57556958553818849 -1.6138103294958999 0.31284419322472706 0.05773080336369886 -0.14405821758425427 -0.27637570302195613
decision_type=2 2 2 2 2 2 2 2 2 2 2 2
left_child=1 6 3 5 -5 -3 9 -8 -9 10 -1 -11
right_child=-2 2 -4 4 -6 -7 7 8 -10 11 -12 -13
leaf_value=4.2131932095197352e-05 0.0024114911925809624 0.0002573713111066913 0.001792916759531098 0.0014840192746731541 -0.00087984479119155646 0.0019356375684643663 -0.0018100438359482534 -0.00046970356689530042 -3.1108153698712728e-05 0.0002674306177720427 0.00079090924137945919 -0.0011517654347458276
leaf_weight=130 30 215 41 28 111 38 26 511 426 22 111 26
leaf_count=130 30 215 41 28 111 38 26 511 426 22 111 26
internal_value=4.32211e-06 -4.09679e-05 0.000380869 0.00021309 -0.000361251 0.000540891 -0.000189811 -0.00032429 -0.000274227 0.000246753 0.000404784 -0.000465008
internal_weight=1715 1685 433 392 139 253 1252 963 937 289 241 48
internal_count=1715 1685 433 392 139 253 1252 963 937 289 241 48
is_linear=0
shrinkage=0.03


Tree=26
num_leaves=21
num_cat=0
split_feature=25 28 22 24 33 20 25 11 29 10 11 10 24 28 10 23 22 22 20 8
split_gain=0.205363 0.339107 0.116489 0.247139 0.0827347 0.0967249 0.0791342 0.0738259 0.06143 0.0603919 0.0483083 0.045258 0.0397384 0.0846907 0.0337849 0.0333596 0.0196011 0.00843024 0.00164507 0.000937262
threshold=0.79493744224690477 -0.043749659145231094 -0.3937800548287051 -0.45746623812329218 -0.017122510520303412 0.1570435790232271 -0.99135934373427892 -0.06470901867553934 -0.17512206620264961 -0.23801778819851635 -0.98585118388518134 0.75685379714057655 -0.48233385299152026 0.048601140530987512 0.97030194631759337 0.17372355289476218 -0.51839643344806885 0.2887492645108613 0.026869997119077282 0.088466375134951633
decision_type=2 2 2 2 2 2 2 2 2 2 2 2 2 2 2 2 2 2 2 2
left_child=4 2 14 -4 5 7 19 15 -9 -5 17 -8 13 -12 16 -1 -2 -6 -14 -7
right_child=1 -3 3 9 10 6 11 8 -10 -11 12 -13 18 -15 -16 -17 -18 -19 -20 -21
leaf_value=0.00025822456597954512 0.00044768518538330682 0.0035418919156704632 -0.0031443731951648775 0.00087372469307663242 0.00037088892992032926 -0.00020889934184758558 0.00089687281431941946 -0.00061052519792322664 0.00071482243755070318 -0.00077801013641458534 -0.00089639053744288669 0 -0.00072121765213492117 0.00086932408821885473 0 -0.0002203914532648827 0.0015756786104154472 -0.00027007973912141978 -0.0017839541657169052 -0.00089546230184630704
leaf_weight=300 33 32 20 59 37 20 183 353 30 25 110 66 20 27 27 224 60 28 38 23
leaf_count=300 33 32 20 59 37 20 183 353 30 25 110 66 20 27 27 224 60 28 38 23
internal_value=4.54027e-06 0.000784809 0.00033612 -0.000373214 -0.000131645 -2.32828e-05 0.000445962 -0.00017862 -0.000494191 0.000337778 -0.00061399 0.000657323 -0.000848195 -0.000515803 0.000969376 4.78429e-05 0.00123317 5.09277e-05 -0.00152017 -0.000675798
internal_weight=1715 256 224 104 1459 1199 292 907 383 84 260 249 195 137 120 524 93 65 58 43
internal_count=1715 256 224 104 1459 1199 292 907 383 84 260 249 195 137 120 524 93 65 58 43
is_linear=0
shrinkage=0.03


Tree=27
num_leaves=17
num_cat=0
split_feature=25 29 33 25 19 24 33 33 13 25 14 25 17 19 22 25
split_gain=0.193931 0.309622 0.0889126 0.146356 0.138113 0.0798864 0.0607017 0.0946907 0.0989336 0.0593241 0.0483675 0.0385184 0.0373797 0.0274613 0.0217086 0.00260254
threshold=0.79493744224690477 0.36554202225106469 -0.35254889565660125 2.0232844686556959 1.8900799936387103 -1.5889427146276718 0.085999859546178878 -0.3306338379295663 0.67812577909610738 0.17456239932583559 0.53887225921498827 -0.39304442005703139 0.885769247669146 -0.95323395326455784 -0.51839643344806885 -0.73257900452293878
decision_type=2 2 2 2 2 2 2 2 2 2 2 2 2 2 2 2
left_child=5 2 14 4 -4 15 7 9 -9 -7 13 -12 -5 -8 -2 -1
right_child=1 -3 3 12 -6 6 10 8 -10 -11 11 -13 -14 -15 -16 -17
leaf_value=-0.0016368706160835148 0.00040115621165573803 0.0041037260436493422 -0.0016169781114249565 0.0019311122069916415 0.00056386211444226896 -0.00034106447329749345 -0.00017966910360869056 0.00080904029314340638 -0.00048163639949938352 0.00015035484268616223 -0.00054233690097791384 0.00071009842735449114 0.00015003746836177574 -0.0011435444266581908 0.0015698418163101781 -0.00063464086616618772
leaf_weight=26 34 20 58 28 41 548 49 210 66 357 43 39 23 97 52 24
leaf_count=26 34 20 58 28 41 548 49 210 66 357 43 39 23 97 52 24
internal_value=4.29467e-06 0.000762585 0.000418928 -6.92993e-06 -0.00069437 -0.000127997 -8.2526e-05 1.93741e-06 0.000487787 -0.000144052 -0.000527362 2.20781e-05 0.0012364 -0.000850317 0.00117061 -0.00127556
internal_weight=1715 256 236 150 99 1459 1409 1181 276 905 228 82 51 146 86 50
internal_count=1715 256 236 150 99 1459 1409 1181 276 905 228 82 51 146 86 50
is_linear=0
shrinkage=0.03


Tree=28
num_leaves=12
num_cat=0
split_feature=34 25 33 11 33 21 11 14 25 25 14
split_gain=0.191541 0.100957 0.0879554 0.090694 0.0876926 0.160111 0.110298 0.0503985 0.0482192 0.0452697 0.0265522
threshold=2.9951349255802113 1.7827552061971061 -0.068083037868968327 -0.9640749437866124 -0.3306338379295663 -0.92689121915659201 0.78714441394322487 0.2410082828852006 3.427674165970537 -1.3291889234260434 0.094323922098663762
decision_type=2 2 2 2 2 2 2 2 2 2 2
left_child=1 2 4 10 5 -1 -6 -3 -9 -5 -4
right_child=-2 7 3 9 6 -7 -8 8 -10 -11 -12
leaf_value=-0.0021147988198216938 0.0022694481461393561 0.0019759446668829168 -0.00041979358681979085 -0.00018766272492751841 0.00072595493557612645 -4.5396765939840941e-05 -0.00080072734699118881 -0.00050420251616326689 0.0012748793549090622 -0.0012664500517225897 0.00055969308001635161
leaf_weight=32 30 28 36 59 247 1002 47 25 22 128 59
leaf_count=32 30 28 36 59 247 1002 47 25 22 128 59
internal_value=4.36555e-06 -3.81468e-05 -9.07628e-05 -0.000569161 9.62484e-06 -0.000118266 0.00046617 0.00101293 0.000295086 -0.000950211 0.000156419
internal_weight=1715 1685 1610 282 1328 1034 294 75 47 187 95
internal_count=1715 1685 1610 282 1328 1034 294 75 47 187 95
is_linear=0
shrinkage=0.03


Tree=29
num_leaves=14
num_cat=0
split_feature=34 25 22 22 19 11 19 11 23 29 19 17 27
split_gain=0.181243 0.0988609 0.0940947 0.138848 0.0768025 0.0719949 0.0869481 0.0678148 0.0614526 0.0682935 0.0510735 0.033605 0.014085
threshold=2.9951349255802113 0.49996499117062437 1.6177597228399427 -0.34754601853632577 1.8900799936387103 0.45520182709972562 1.0086830262551272 0.026980668468730699 -0.98809873485887567 -0.25642819790532179 -1.203906018164304 0.34447104156465164 -0.24477814561819641
decision_type=2 2 2 2 2 2 2 2 2 2 2 2 2
left_child=1 5 3 7 -5 8 11 -3 10 -10 -1 -7 -8
right_child=-2 2 -4 4 -6 6 12 -9 9 -11 -12 -13 -14
leaf_value=0.0012979374436068939 0.0022075541081245649 0.00017587427940219638 0.0016752974448344584 -0.0012367015629181544 0.00026663901686697499 -0.0011032810145362132 0 0.0011735394303953009 -0.0016749638128611775 -0.00012021985718595123 0.00014591842045312285 -0.00037648285993253174 0.00086790973015927824
leaf_weight=41 30 172 41 73 45 143 22 102 24 650 211 129 32
leaf_count=41 30 172 41 73 45 143 22 102 24 650 211 129 32
internal_value=4.15427e-06 -3.71518e-05 0.000349821 0.000191922 -0.000646204 -0.000173892 -0.000555752 0.000566786 -3.48674e-05 -0.00018719 0.00035818 -0.000777363 0.000490039
internal_weight=1715 1685 433 392 118 1252 326 274 926 674 252 272 54
internal_count=1715 1685 433 392 118 1252 326 274 926 674 252 272 54
is_linear=0
shrinkage=0.03


Tree=30
num_leaves=12
num_cat=0
split_feature=34 20 11 33 33 11 20 22 11 29 19
split_gain=0.172348 0.312773 0.0919993 0.13892 0.0776161 0.0962259 0.0607693 0.0383363 0.0347782 0.0261925 0.0245943
threshold=1.7731097149856645 0.61690934446775836 -1.2240174622193094 -0.068083037868968327 -0.3306338379295663 0.79697957089776494 2.0445610960276621 0.2887492645108613 -0.5970808932545405 -0.12418711612559348 0.33853790656705213
decision_type=2 2 2 2 2 2 2 2 2 2 2
left_child=2 -2 9 4 6 -6 -4 8 -5 10 -1
right_child=1 -3 3 7 5 -7 -8 -9 -10 -11 -12
leaf_value=0.00013418150624847444 -0.00061799125514924529 0.0041173141184449192 -6.4854750525414237e-05 0.00016370220238562014 0.00070310022095599917 -0.00070253564520344992 -0.0014895811481110285 -0.0013028868909221438 -0.0007785725382442075 9.4392353505827475e-05 0.0016136545651507647
leaf_weight=20 22 22 1038 48 238 49 25 85 90 37 41
leaf_count=20 22 22 1038 48 238 49 25 85 90 37 41
internal_value=4.26455e-06 0.00179751 -4.4299e-05 -0.00010217 1.08597e-05 0.000447984 -0.000105274 -0.000790763 -0.000433039 0.000830323 0.00120448
internal_weight=1715 44 1671 1573 1350 287 1063 223 138 98 61
internal_count=1715 44 1671 1573 1350 287 1063 223 138 98 61
is_linear=0
shrinkage=0.03


Tree=31
num_leaves=22
num_cat=0
split_feature=25 28 22 11 25 11 25 15 29 33 29 27 17 27 14 19 11 19 33 22 14
split_gain=0.170211 0.277527 0.104443 0.122265 0.088962 0.0627808 0.100549 0.06195 0.076494 0.0514791 0.0586958 0.0462944 0.0332953 0.0305585 0.0284427 0.0234938 0.0224678 0.0161109 0.0158207 0.0144785 0.00903368
threshold=0.78554820331628183 -0.043749659145231094 -0.3937800548287051 -1.0067426148006069 1.0737451497055617 0.45520182709972562 -0.094187072366871946 0.40469042284683038 -0.1724727157988544 0.085999859546178878 -0.25642819790532179 -0.24479842776645322 0.76991403703584715 -0.244676885323903 -0.55623870728391378 -0.95323395326455784 -0.62475292899248591 1.3270769125698194 -0.352548895658159 -0.4935090776192072 1.336673433789987
decision_type=2 2 2 2 2 2 2 2 2 2 2 2 2 2 2 2 2 2 2 2 2
left_child=5 2 12 -4 -5 7 14 9 13 10 -1 19 18 -9 -7 -11 -10 -16 -2 -8 -13
right_child=1 -3 3 4 -6 6 11 8 16 15 -12 20 -14 -15 17 -17 -18 -19 -20 -21 -22
leaf_value=-0.0013179841130971908 0.00038137085520630255 0.0031244789308213904 0.00092482905114841889 -0.00021543675682944607 -0.0024872163611774642 -0.0015057652990775638 0.00017543336681065787 2.1994658745825214e-06 0.00026154863108032646 2.3084809179775981e-05 3.2263270255713939e-05 0.0014221369850968655 6.5981452194292364e-05 0.0015124883880207854 -0.00069587515877003996 -0.00093552177767108739 -0.00077929677630984981 5.428785872300067e-05 0.0015264380130567588 -0.0006113690118654631 0.00027832222386496141
leaf_weight=27 26 34 38 46 24 46 35 20 39 23 807 23 38 59 183 84 28 21 57 36 21
leaf_count=27 26 34 38 46 24 46 35 20 39 23 807 23 38 59 183 84 28 21 57 36 21
internal_value=4.18218e-06 0.000703623 0.000295509 -0.000358498 -0.00110563 -0.000121635 -0.000460418 -4.1695e-06 0.000561421 -9.66064e-05 -1.24328e-05 0.000249817 0.000897994 0.00118079 -0.000798073 -0.000707184 -0.000145331 -0.000604492 0.00122844 -0.00019158 0.000992666
internal_weight=1715 263 229 108 70 1452 365 1087 146 941 834 115 121 79 250 107 67 204 83 71 44
internal_count=1715 263 229 108 70 1452 365 1087 146 941 834 115 121 79 250 107 67 204 83 71 44
is_linear=0
shrinkage=0.03


Tree=32
num_leaves=19
num_cat=0
split_feature=25 34 22 24 24 23 28 25 28 15 10 19 17 19 10 33 24 31
split_gain=0.160916 0.26625 0.0919864 0.227147 0.0752047 0.0564241 0.0718545 0.058196 0.0612432 0.0554881 0.0411614 0.0387672 0.0321679 0.0319951 0.0253304 0.0156354 0.0137671 0.0237019
threshold=0.79493744224690477 -0.12573495199999093 -0.3937800548287051 -0.45746623812329218 -1.5392074848912154 -0.98809873485887567 0.1415317790703734 -0.93532194068811936 0.05773080336369886 0.72232296774017712 -0.23801778819851635 0.485100918451076 0.76991403703584715 -1.0421819808698627 -0.4839789585478062 -0.352548895658159 -1.6138103294958999 -0.010717103582610884
decision_type=2 2 2 2 2 2 2 2 2 2 2 2 2 2 2 2 2 2
left_child=4 2 12 -4 14 7 9 8 -6 -7 -5 -8 15 -9 -1 -2 -16 -18
right_child=1 -3 3 10 5 6 11 13 -10 -11 -12 -13 -14 -15 16 -17 17 -19
leaf_value=0 0.0003711132785671186 0.0032691463441879023 -0.0029693172348906165 0.00080393859744071954 -0.00066054013887187455 -0.00015151055722418126 -0.0002384775413154829 0.0017021692912452494 0.00085992725278166205 0.00062561675543547596 -0.00051289054522057995 -0.0017200442529417789 6.4146843375410977e-05 0.00046095708672259499 -0.0017363079130649566 0.0015101686060276687 -0.001132356354035437 0
leaf_weight=28 26 29 20 60 77 910 38 23 30 87 27 36 38 145 27 56 36 22
leaf_count=28 26 29 20 60 77 910 38 23 30 87 27 36 38 145 27 56 36 22
internal_value=4.38342e-06 0.000695259 0.000315041 -0.000300299 -0.000115965 -5.03117e-05 -0.000150729 0.000327383 -0.000195142 -7.90236e-05 0.00035846 -0.00103713 0.000882051 0.00067531 -0.000850611 0.00121014 -0.00110128 -0.000685629
internal_weight=1715 256 227 107 1459 1346 1071 275 107 997 87 74 120 168 113 82 85 58
internal_count=1715 256 227 107 1459 1346 1071 275 107 997 87 74 120 168 113 82 85 58
is_linear=0
shrinkage=0.03


Tree=33
num_leaves=12
num_cat=0
split_feature=34 20 11 33 33 11 20 23 16 29 11
split_gain=0.153298 0.278895 0.0822947 0.122745 0.0702422 0.0875177 0.0547169 0.0296402 0.0463159 0.0231014 0.00420111
threshold=1.7731097149856645 0.61690934446775836 -1.2240174622193094 -0.068083037868968327 -0.3306338379295663 0.79697957089776494 2.0445610960276621 -1.0020545581351954 0.063862754857800491 -0.12418711612559348 -1.6587997939010772
decision_type=2 2 2 2 2 2 2 2 2 2 2
left_child=2 -2 9 4 6 -6 -4 -5 -9 10 -1
right_child=1 -3 3 7 5 -7 -8 8 -10 -11 -12
leaf_value=0.0015957165732979773 -0.00057937888048589228 0.0038871182738989588 -6.1983218243038976e-05 0.00013623129069391222 0.00066943231041599225 -0.0006700848538043478 -0.0014143566235475839 -0.00050084961220649702 -0.0015468735006976533 8.8658918347209696e-05 0.0006679593988999841
leaf_weight=24 22 22 1038 24 238 49 25 136 63 37 37
leaf_count=24 22 22 1038 24 238 49 25 136 63 37 37
internal_value=4.29064e-06 0.00169561 -4.14111e-05 -9.62381e-05 9.87602e-06 0.000425823 -0.000100494 -0.000743511 -0.00086491 0.000785634 0.00113754
internal_weight=1715 44 1671 1573 1350 287 1063 223 199 98 61
internal_count=1715 44 1671 1573 1350 287 1063 223 199 98 61
is_linear=0
shrinkage=0.03


Tree=34
num_leaves=18
num_cat=0
split_feature=25 32 23 25 33 10 24 23 31 25 28 28 24 21 10 34 11
split_gain=0.150009 0.327676 0.0835313 0.0756128 0.137683 0.0710546 0.0662983 0.0392731 0.0374259 0.0357308 0.0281706 0.0330874 0.0315197 0.0196234 0.0118901 0.00680195 0.00517078
threshold=0.49996499117062437 1.1374116967355887 0.91338218653972103 3.1168573573588421 -0.35254889565660125 -0.57556958553818849 -1.5765089071935576 2.3961884096487185 -0.027509215166795085 0.035229344881018067 -0.072329213451784821 -0.10537231542491994 -1.4646046402865311 0.54723743152006221 0.1734500848856354 -0.13038788987687569 -0.92407536394265544
decision_type=2 2 2 2 2 2 2 2 2 2 2 2 2 2 2 2 2
left_child=5 2 3 4 -2 10 -7 8 -8 -9 11 15 -13 16 -5 -1 -12
right_child=1 -3 -4 14 -6 6 7 9 -10 -11 13 12 -14 -15 -16 -17 -18
leaf_value=0.00012678883475777893 0.00045416962645060876 0.0039772055617169188 0.0015247309013820167 0.0018312730309553442 -0.00076715631977249891 -0.0013965294275908393 -0.00059169480394733267 -0.0017973310972253479 -7.8514236452375787e-05 0 0.00039625443929228291 0 0.00088768690595911301 -0.00083815675063524402 0.00044541943121863449 -0.00047604237910469667 -0.00014822577947750686
leaf_weight=20 210 20 41 21 133 44 158 24 735 20 26 45 118 27 20 31 22
leaf_count=20 210 20 41 21 133 44 158 24 735 20 26 45 118 27 20 31 22
internal_value=4.22854e-06 0.000478045 0.000279645 0.000128166 -1.32807e-05 -0.000160172 -0.000283247 -0.000223488 -0.000174337 -0.00108238 0.000245945 0.000424769 0.000635206 -0.000222551 0.00129989 -0.000190172 9.38379e-05
internal_weight=1715 445 425 384 343 1270 981 937 893 44 289 214 163 75 41 51 48
internal_count=1715 445 425 384 343 1270 981 937 893 44 289 214 163 75 41 51 48
is_linear=0
shrinkage=0.03


Tree=35
num_leaves=21
num_cat=0
split_feature=25 28 22 19 24 23 28 14 15 25 19 20 19 27 17 22 31 31 4 10
split_gain=0.144746 0.2364 0.0920803 0.140037 0.0648964 0.0572197 0.0611407 0.0532651 0.0967403 0.0522915 0.0477602 0.0384603 0.0360297 0.0320574 0.0224244 0.0169654 0.0091936 0.00507163 0.00293269 0.00105271
threshold=0.65606870475599277 -0.04701423731751736 -0.33163863646014596 1.8900799936387103 -1.5392074848912154 -0.98809873485887567 0.1415317790703734 0.52088127045141297 2.7785833267526954 -1.4551953055459173 1.0086830262551272 0.67834644032745173 0.485100918451076 0.50614919475505415 -0.37891633988628576 -0.51839643344806885 -0.011066506615316539 -0.010654224344805115 -0.62284264056176764 -0.031626845085628193
decision_type=2 2 2 2 2 2 2 2 2 2 2 2 2 2 2 2 2 2 2 2
left_child=4 2 7 19 14 9 10 15 -9 13 -7 -11 -8 -6 -1 -2 -16 -18 -5 -4
right_child=1 -3 3 18 5 6 12 8 -10 11 -12 -13 -14 -15 16 -17 17 -19 -20 -21
leaf_value=-2.7937526212606041e-05 0.00025687673235810256 0.0026866546059359929 -0.00093470340358908289 5.4879642819287248e-05 -0.00095119961873605481 -0.00019966363417554795 -0.00021464198544939481 -0.0014711616623939738 0.0011572487023861512 0.0008009438054424736 0.00035480940831647393 -1.5448761809597601e-05 -0.0016435910446855884 0.00039609171330685851 -0.001485419319430366 0.0011233881234031424 -7.1288493387401097e-05 -0.00090149990675970904 0.00072755738846899481 -0.0021921989380716692
leaf_weight=32 40 39 21 21 38 769 38 24 20 149 165 68 36 20 37 104 22 22 29 21
leaf_count=32 40 39 21 21 38 769 38 24 20 149 165 68 36 20 37 104 22 22 29 21
internal_value=4.16e-06 0.000579305 0.000249812 -0.000499439 -0.000126083 -6.19558e-05 -0.000168578 0.00063426 -0.000214992 0.000315675 -9.76866e-05 0.000534757 -0.000985719 -0.000440805 -0.000807882 0.000913253 -0.00106829 -0.00058127 0.000520735 -0.00173435
internal_weight=1715 319 280 92 1396 1283 1008 188 44 275 934 217 74 58 113 144 81 44 50 42
internal_count=1715 319 280 92 1396 1283 1008 188 44 275 934 217 74 58 113 144 81 44 50 42
is_linear=0
shrinkage=0.03


Tree=36
num_leaves=19
num_cat=0
split_feature=25 28 22 24 24 23 28 15 25 28 16 19 19 17 17 33 31 33
split_gain=0.137895 0.219645 0.0904915 0.20448 0.0644685 0.0492296 0.0612867 0.0503423 0.05006 0.055088 0.0399877 0.0338865 0.0297071 0.028611 0.0211632 0.0141856 0.00837594 0.0153569
threshold=0.79493744224690477 -0.043749659145231094 -0.3937800548287051 -0.45746623812329218 -1.5392074848912154 -0.98809873485887567 0.1415317790703734 0.72232296774017712 -0.93532194068811936 0.05773080336369886 -0.29963619156736493 0.485100918451076 -1.0421819808698627 0.76991403703584715 -0.37891633988628576 -0.352548895658159 -0.011066506615316539 -0.3306338379295663
decision_type=2 2 2 2 2 2 2 2 2 2 2 2 2 2 2 2 2 2
left_child=4 2 13 -4 14 8 7 -7 9 -6 -5 -8 -10 15 -1 -2 -16 -18
right_child=1 -3 3 10 5 6 11 -9 12 -11 -12 -13 -14 -15 16 -17 17 -19
leaf_value=-2.7171237607087402e-05 0.0003436740635300119 0.00286453662305139 -0.0028652511232573051 0.00074997981301066076 -0.0006199661573104095 -0.00014324679182737529 -0.00020867388026516251 0.00059684149720924315 0.0016168728738736647 0.0008216910716992888 -0.00057311388312293024 -0.0015980762156228032 0.00042228596065841561 6.1869657462144758e-05 -0.0014441989353625102 0.001434636342276077 -0.0011221822560967311 0
leaf_weight=32 26 32 20 58 77 910 38 87 23 30 26 36 145 38 37 56 20 24
leaf_count=32 26 32 20 58 77 910 38 87 23 30 26 36 145 38 37 56 20 24
internal_value=3.69205e-06 0.000643372 0.000279183 -0.000343666 -0.000107586 -4.66224e-05 -0.000140549 -7.40686e-05 0.000305955 -0.000177104 0.000300327 -0.000959488 0.000628871 0.000838591 -0.000787902 0.00114835 -0.00104102 -0.00056761
internal_weight=1715 256 224 104 1459 1346 1071 997 275 107 84 74 168 120 113 82 81 44
internal_count=1715 256 224 104 1459 1346 1071 997 275 107 84 74 168 120 113 82 81 44
is_linear=0
shrinkage=0.03


Tree=37
num_leaves=9
num_cat=0
split_feature=34 25 25 21 20 31 17 25
split_gain=0.132958 0.265865 0.082719 0.0689372 0.0558921 0.0593221 0.0412732 0.00628076
threshold=1.7731097149856645 0.035229344881018067 3.1168573573588421 1.8684934813858043 2.0445610960276621 -0.029291299942534502 0.73742439555142425 0.39288694943819519
decision_type=2 2 2 2 2 2 2 2
left_child=2 -2 3 4 5 -1 -4 -5
right_child=1 -3 6 7 -6 -7 -8 -9
leaf_value=-0.00054653554838762319 -0.00046631926525798109 0.0039040484128762842 0.0020897697070613504 0.00041482778621837501 -0.0015855515938778609 -9.6810667780890239e-06 6.2897654533710154e-05 0.0015257989233764615
leaf_weight=214 24 20 21 22 20 1354 20 20
leaf_count=214 24 20 21 22 20 1354 20 20
internal_value=3.53002e-06 0.00157878 -3.89115e-05 -7.51617e-05 -0.000109493 -8.57641e-05 0.00124093 0.00107698
internal_weight=1715 44 1671 1630 1588 1568 41 42
internal_count=1715 44 1671 1630 1588 1568 41 42
is_linear=0
shrinkage=0.03


Tree=38
num_leaves=15
num_cat=0
split_feature=34 20 31 10 20 28 22 15 21 10 28 15 14 14
split_gain=0.125815 0.227853 0.0670485 0.0617789 0.0563828 0.055294 0.0490708 0.041444 0.0543447 0.025005 0.0280983 0.0545158 0.0108699 0.0105081
threshold=1.7731097149856645 0.61690934446775836 -0.029291299942534502 -0.8155444096979555 0.12541257880678783 -0.072329213451784821 0.2887492645108613 1.0920387198113224 -1.0142469910485417 -0.93258487500023035 -0.07058628558808111 -0.16852139143373826 0.048506058170214708 0.46453682840244276
decision_type=2 2 2 2 2 2 2 2 2 2 2 2 2 2
left_child=2 -2 9 7 6 -6 -5 8 -4 13 12 -12 -11 -1
right_child=1 -3 3 4 5 -7 -8 -9 -10 10 11 -13 -14 -15
leaf_value=-0.00036359368439298125 -0.00051042131233960389 0.0035182539276033637 -0.0010270001896879755 -6.2367765813818224e-05 0.00011893626266024318 0.001317524226946989 -0.00062767203478419019 0.0016034819133513207 0.00049548543775415567 -0.0004811397716403007 -0.0011443199529449508 0.00013101689195010199 -0.001804422964438282 0.00041740692136809228
leaf_weight=29 22 22 20 682 339 37 176 25 178 20 48 64 26 27
leaf_count=29 22 22 20 682 339 37 176 25 178 20 48 64 26 27
internal_value=3.70644e-06 0.00153608 -3.75317e-05 3.37406e-05 -4.74519e-05 0.000254293 -0.000183595 0.000490971 0.000313741 -0.000530366 -0.000720352 -0.000405062 -0.00135499 0
internal_weight=1715 44 1671 1457 1234 376 858 223 198 214 158 112 46 56
internal_count=1715 44 1671 1457 1234 376 858 223 198 214 158 112 46 56
is_linear=0
shrinkage=0.03


Tree=39
num_leaves=18
num_cat=0
split_feature=25 32 22 22 19 10 24 17 25 25 8 21 24 22 28 25 28
split_gain=0.122081 0.272158 0.0688864 0.112889 0.103048 0.0647231 0.0573545 0.0403131 0.0371926 0.0283684 0.0273538 0.0250322 0.0485262 0.0211327 0.025011 0.00872062 0.00818603
threshold=0.49996499117062437 1.1374116967355887 1.6177597228399427 -0.33163863646014596 1.8324657704744687 -0.57556958553818849 -1.6138103294958999 0.31284419322472706 3.5924302893308186 -0.95220493121079242 0.41683671887706619 0.54723743152006221 1.5816781810714142 -0.070885855750123211 -0.072329213451784821 -0.26258314201098454 0.070012482524590011
decision_type=2 2 2 2 2 2 2 2 2 2 2 2 2 2 2 2 2
left_child=5 2 3 8 -5 11 -7 9 -2 -8 -9 13 16 14 -1 -15 -13
right_child=1 -3 -4 4 -6 6 7 10 -10 -11 -12 12 -14 15 -16 -17 -18
leaf_value=0.0010302714933664537 0.00028640403701559505 0.0036208220776980334 0.0013807486721145157 -0.0018664048403219946 5.6048422128826905e-05 -0.0015718507297337054 -0.00084748774867452609 0.00020968772324767471 0.0015245559570881036 -0.00026989879730816016 -0.00026176219687498384 -0.00022445660252886794 0.0010165171323460527 -0.00011957639875375511 1.7980350311412366e-05 0.00054079259166246632 -0.0010407537146187994
leaf_weight=72 268 20 41 40 53 27 104 239 23 410 201 55 21 60 40 21 20
leaf_count=72 268 20 41 40 53 27 104 239 23 410 201 55 21 60 40 21 20
internal_value=3.57331e-06 0.000431181 0.000249743 0.000111466 -0.000772049 -0.000144564 -0.000262154 -0.000217142 0.000409027 -0.000396807 0 0.00024291 -0.000126863 0.000441272 0.000704726 2.91156e-05 -0.000512254
internal_weight=1715 445 425 384 93 1270 981 954 291 514 440 289 96 193 112 81 75
internal_count=1715 445 425 384 93 1270 981 954 291 514 440 289 96 193 112 81 75
is_linear=0
shrinkage=0.03


Tree=40
num_leaves=14
num_cat=0
split_feature=34 20 11 31 20 20 23 32 24 24 27 15 20
split_gain=0.114437 0.208162 0.0653475 0.0645757 0.0535365 0.0633192 0.0463796 0.0326281 0.0207925 0.0117058 0.0101665 0.00803193 0.00592452
threshold=1.7731097149856645 0.61690934446775836 -1.0067426148006069 -0.027509215166795085 2.1887252725544148 0.1570435790232271 -0.99507664649703564 1.0000000180025095e-35 -1.4521708328524168 0.57453977890817487 0.50614919475505415 0.18747413846401637 0.78844652510107982
decision_type=2 2 2 2 2 2 2 2 2 2 2 2 2
left_child=2 -2 7 6 5 -5 10 8 -1 -10 -4 -9 -8
right_child=1 -3 3 4 -6 -7 12 11 9 -11 -12 -13 -14
leaf_value=0 -0.00048601234110072256 0.0033606067625060673 -0.00030501656864393264 -0.00013672510423971983 -0.0014657571680195952 0.00032265885512034793 -0.00074431701678655694 -0.00052184980131847697 0.0012271951115055179 0.00034551828575479852 0.00043724600823596125 0.00016593218788218039 -0.0015613055116332627
leaf_weight=21 22 22 44 941 20 375 63 20 63 35 22 36 31
leaf_count=21 22 22 44 941 20 375 63 20 63 35 22 36 31
internal_value=3.70089e-06 0.00146521 -3.55476e-05 -0.000101688 -3.04823e-05 -3.11103e-06 -0.000666343 0.000505186 0.000782412 0.000961629 -5.86418e-06 -4.29015e-05 -0.00108463
internal_weight=1715 44 1671 1496 1336 1316 160 175 119 98 66 56 94
internal_count=1715 44 1671 1496 1336 1316 160 175 119 98 66 56 94
is_linear=0
shrinkage=0.03


Tree=41
num_leaves=12
num_cat=0
split_feature=34 20 11 31 20 20 19 29 19 17 15
split_gain=0.108228 0.197567 0.0624708 0.0698309 0.0454484 0.0522947 0.0393711 0.0175253 0.0175395 0.0122743 0.00895096
threshold=1.7731097149856645 0.61690934446775836 -1.2240174622193094 -0.036646083859202865 2.1887252725544148 0.1570435790232271 -1.0118591578160121 -0.12418711612559348 0.33853790656705213 0.07108144456382913 0.21424098417870838
decision_type=2 2 2 2 2 2 2 2 2 2 2
left_child=2 -2 7 6 5 -5 9 8 -1 -4 -8
right_child=1 -3 3 4 -6 -7 10 -9 -10 -11 -12
leaf_value=7.2780017411293115e-05 -0.00047318162016570566 0.0032718867006897925 -0.00039797755320286079 -0.00010527306341871094 -0.0012561906708690982 0.00030119179199530443 -0.0012937000698913803 6.7878434155136351e-05 0.0013376068263103 0.00047675170221676426 -0.00052805364205359747
leaf_weight=20 22 22 28 995 23 395 58 37 41 24 50
leaf_count=20 22 22 28 995 23 395 58 37 41 24 50
internal_value=3.48935e-06 0.00142484 -3.46314e-05 -8.26248e-05 -1.26053e-05 8.47941e-06 -0.000670967 0.000685582 0.000992635 0 -0.000990113
internal_weight=1715 44 1671 1573 1413 1390 160 98 61 52 108
internal_count=1715 44 1671 1573 1413 1390 160 98 61 52 108
is_linear=0
shrinkage=0.03


Tree=42
num_leaves=13
num_cat=0
split_feature=34 20 16 33 33 11 19 11 23 30 8 19
split_gain=0.102331 0.187517 0.0603982 0.0637727 0.0610831 0.0800759 0.0542685 0.0432125 0.0365936 0.0244015 0.00697073 0.00497593
threshold=1.7731097149856645 0.61690934446775836 -1.6056269473615801 -0.068083037868968327 -0.3306338379295663 0.79697957089776494 1.4625213276327298 -0.9640749437866124 -0.99507664649703564 -0.1367943843977654 -0.55162415903408524 0.44365872432154196
decision_type=2 2 2 2 2 2 2 2 2 2 2 2
left_child=2 -2 9 4 6 -6 -4 10 -9 11 -5 -1
right_child=1 -3 3 7 5 -7 -8 8 -10 -11 -12 -13
leaf_value=0.00055641346652326833 -0.00046068962087854743 0.0031855088829249138 -0.0001431815839604555 -0.00021443516940676738 0.00061854321553805587 -0.00066053584496526471 0.0010193453567555627 0 -0.00099875842725463291 0 0.00035829820348457858 0.0014968499636815976
leaf_weight=32 22 22 1023 25 242 49 34 45 135 20 41 25
leaf_count=32 22 22 1023 25 242 49 34 45 135 20 41 25
internal_value=3.40949e-06 0.00138554 -3.36099e-05 -7.5559e-05 3.70592e-06 0.000388419 -0.000100178 -0.000516765 -0.000756478 0.00076756 9.79846e-05 0.0010731
internal_weight=1715 44 1671 1594 1348 291 1057 246 180 77 66 57
internal_count=1715 44 1671 1594 1348 291 1057 246 180 77 66 57
is_linear=0
shrinkage=0.03


Tree=43
num_leaves=17
num_cat=0
split_feature=25 32 22 22 19 11 19 29 28 33 25 24 17 31 28 28
split_gain=0.10798 0.229543 0.0609487 0.109314 0.0906787 0.0590585 0.0624613 0.0431456 0.0504475 0.048502 0.0328875 0.030773 0.0262874 0.0221029 0.0212595 0.0120301
threshold=0.49996499117062437 1.1374116967355887 1.6177597228399427 -0.33163863646014596 1.688935742172357 0.45520182709972562 1.0086830262551272 -0.25642819790532179 -0.10537495810040076 -0.048485374718141815 3.5924302893308186 0.79834831272222806 0.34447104156465164 -0.18366919276522589 -0.10436931476493198 -0.1053725836841659
decision_type=2 2 2 2 2 2 2 2 2 2 2 2 2 2 2 2
left_child=5 2 3 10 -5 7 12 -1 11 -10 -2 -9 13 -7 -14 -8
right_child=1 -3 -4 4 -6 6 15 8 9 -11 -12 -13 14 -15 -16 -17
leaf_value=-0.0011289786990731955 0.00028424166910873545 0.0033363380294455132 0.0013028331167191606 -0.0019006695796392463 0 0 -7.1473498083650996e-06 -0.00070408910278528297 0.00027623834300733417 -0.00028706440134327124 0.0014533378337151727 0.00013197079898112998 -0.00066800166217696017 -0.0010926455098337687 1.5267121947250117e-05 0.00076951048364862803
leaf_weight=27 268 20 41 35 58 22 22 116 558 175 23 50 73 124 71 32
leaf_count=27 268 20 41 35 58 22 22 116 558 175 23 50 73 124 71 32
internal_value=3.49377e-06 0.000405747 0.000238408 0.000107788 -0.000761481 -0.000135721 -0.000469692 -7.30814e-06 2.66963e-05 0.000137055 0.000400736 -0.00043664 -0.000647567 -0.000940261 -0.000317268 0.00041674
internal_weight=1715 445 425 384 93 1270 344 926 899 733 291 166 290 146 144 54
internal_count=1715 445 425 384 93 1270 344 926 899 733 291 166 290 146 144 54
is_linear=0
shrinkage=0.03


Tree=44
num_leaves=16
num_cat=0
split_feature=25 30 33 25 19 24 10 19 19 30 34 27 22 9 11
split_gain=0.102959 0.156929 0.0828882 0.100332 0.0909495 0.0542894 0.0466558 0.0361127 0.034844 0.0274302 0.0258275 0.0208249 0.0207967 0.00780505 0.00483378
threshold=0.65606870475599277 0.10818602188730536 -0.35254889565660308 2.0232844686556959 1.8900799936387103 -1.5889427146276718 -0.8155444096979555 1.4968881126233773 -0.19717378753153733 -0.30007161689279854 -0.13034259193910855 -0.052882478738524023 -0.51839643344806885 0.82840294605041453 0.56863587391414128
decision_type=2 2 2 2 2 2 2 2 2 2 2 2 2 2 2
left_child=5 2 12 4 -4 14 9 8 -8 -7 -9 -11 -2 -5 -1
right_child=1 -3 3 13 -6 6 7 10 -10 11 -12 -13 -14 -15 -16
leaf_value=-0.00053509406335863535 0.00023707535565657502 0.0028939360847048783 -0.0011420686064385482 0.0013058077581774661 0.00041478723349963435 -0.00057493110810173675 -2.3453528208433051e-05 0.0012217577016302222 -0.00036980581962789611 0.00061358731542862231 -4.5841667801141727e-05 -0.00013082700977857048 0.0012136471586194461 0.00025234487365283394 -0.0015258915118225242
leaf_weight=30 40 20 83 31 50 21 603 26 488 154 20 34 75 20 20
leaf_count=30 40 20 83 31 50 21 603 26 488 154 20 34 75 20 20
internal_value=3.44368e-06 0.000488778 0.000290814 -9.10844e-05 -0.000538487 -0.000106126 -6.6506e-05 -0.00014422 -0.000181707 0.00033818 0.000640339 0.000463312 0.000914057 0.000985211 -0.00105195
internal_weight=1715 319 299 184 133 1396 1346 1137 1091 209 46 188 115 51 50
internal_count=1715 319 299 184 133 1396 1346 1137 1091 209 46 188 115 51 50
is_linear=0
shrinkage=0.03


Tree=45
num_leaves=17
num_cat=0
split_feature=25 32 22 22 19 11 19 29 28 33 25 23 25 33 25 19
split_gain=0.0983638 0.210371 0.0556408 0.100333 0.0830238 0.0544215 0.0575926 0.0400726 0.0469401 0.0452917 0.0297174 0.0295907 0.0208793 0.0354555 0.0166797 0.00765289
threshold=0.49996499117062437 1.1374116967355887 1.6177597228399427 -0.33163863646014596 1.688935742172357 0.45520182709972562 0.95915443654561294 -0.25642819790532179 -0.10537495810040076 -0.048485374718141815 3.5924302893308186 0.29234805074348197 0.14692018903733928 -0.33210368727408129 -0.14234978768248155 -0.23356102115386521
decision_type=2 2 2 2 2 2 2 2 2 2 2 2 2 2 2 2
left_child=5 2 3 10 -5 7 12 -1 11 -10 -2 -9 13 -7 -8 -14
right_child=1 -3 -4 4 -6 6 14 8 9 -11 -12 -13 15 -15 -16 -17
leaf_value=-0.0010870890781283376 0.00027130677910662098 0.0031933958509774958 0.0012442135298201306 -0.0018206293335748149 0 -0.001256459482861201 -0.00013330293991602958 -0.00079194823795308671 0.00026787165461556633 -0.00027625319320696086 0.0013849765063406756 0 0.0003552670109936077 -0.00042883049567685432 0.00075674987910928106 -0.00035852125828574988
leaf_weight=27 268 20 41 35 58 84 27 87 558 175 23 79 20 150 35 28
leaf_count=27 268 20 41 35 58 84 27 87 558 175 23 79 20 150 35 28
internal_value=3.48731e-06 0.000387485 0.000226975 0.000101808 -0.00073056 -0.000129303 -0.000449881 -5.91329e-06 2.67397e-05 0.000133292 0.000382767 -0.000420022 -0.000634618 -0.00075073 0.000334729 0
internal_weight=1715 445 425 384 93 1270 344 926 899 733 291 166 282 234 62 48
internal_count=1715 445 425 384 93 1270 344 926 899 733 291 166 282 234 62 48
is_linear=0
shrinkage=0.03


Tree=46
num_leaves=19
num_cat=0
split_feature=25 30 33 25 21 24 23 28 25 33 34 27 11 10 15 31 15 15
split_gain=0.0938718 0.141826 0.0762952 0.0912934 0.0785098 0.0518523 0.0447611 0.0446602 0.0422283 0.0386374 0.0341703 0.0273568 0.0236547 0.017383 0.016516 0.0113639 0.00781201 9.93036e-05
threshold=0.65606870475599277 0.10818602188730536 -0.35254889565660308 2.0232844686556959 -0.82861597577814827 -1.5392074848912154 -0.98809873485887567 0.1415317790703734 -1.4551953055459173 -0.18644726971323689 -0.13038788986765662 0.50614919475505415 -0.83908223744723476 -0.4839789585478062 -0.82996928033077311 -0.010717103582610884 0.58584225704393589 -0.92134761252449249
decision_type=2 2 2 2 2 2 2 2 2 2 2 2 2 2 2 2 2 2
left_child=5 2 14 4 -4 13 8 10 11 -10 -8 -7 -9 -1 17 -15 -5 -2
right_child=1 -3 3 16 -6 6 7 12 9 -11 -12 -13 -14 15 -16 -17 -18 -19
leaf_value=0 0 0.0027541932440565331 -0.0016971566070726994 0.0014535557081032057 -4.1825327611363981e-05 -0.00086153415504206963 -0.00022452510182026367 0 0.00087281842108840409 4.3518588201083034e-05 0.00014313847380401602 0.000379582054771321 -0.001159066152372231 -0.0012220727729468812 0.0011531189901137408 -0.00031910839350264824 0.00041824341143536218 0.00036190055671613664
leaf_weight=28 20 20 34 20 99 38 568 21 111 106 366 20 53 51 74 34 31 21
leaf_count=28 20 20 34 20 99 38 568 21 111 106 366 20 53 51 74 34 31 21
internal_value=3.33562e-06 0.000466831 0.000278057 -8.77482e-05 -0.000515154 -0.000101207 -4.36874e-05 -0.000138313 0.000290116 0.000487476 -7.72527e-05 -0.000386763 -0.000836994 -0.000710406 0.00087612 -0.00091817 0.000938001 0.000263454
internal_weight=1715 319 299 184 133 1396 1283 1008 275 217 934 58 74 113 115 85 51 41
internal_count=1715 319 299 184 133 1396 1283 1008 275 217 934 58 74 113 115 85 51 41
is_linear=0
shrinkage=0.03


Tree=47
num_leaves=21
num_cat=0
split_feature=25 27 22 22 24 11 25 15 22 21 28 27 11 14 27 24 24 31 11 15
split_gain=0.089617 0.185258 0.0512319 0.0919991 0.0511249 0.0506036 0.0532032 0.038748 0.0447845 0.0450445 0.0422307 0.0815121 0.0303941 0.0249853 0.0246059 0.0225535 0.0180267 0.0171231 0.0104691 0.00988464
threshold=0.49996499117062437 0.91076123813452214 1.6177597228399427 -0.33163863646014596 0.23882697818709528 0.45520182709972562 -0.094187072366871946 0.18747413846401637 1.1528279960617938 -0.99240804807555427 -0.10493888116432393 -0.2447436058431828 -0.28439760400850556 -0.55623870728391378 -0.24479842776645322 -1.5765089071935576 1.5941119885055282 -0.010630012883061099 -0.66383131560798769 -0.84877922813102269
decision_type=2 2 2 2 2 2 2 2 2 2 2 2 2 2 2 2 2 2 2 2
left_child=5 2 3 12 -5 7 13 8 9 -1 11 -9 -2 -7 19 -15 -10 -16 -12 -8
right_child=1 -3 -4 4 -6 6 14 10 16 -11 18 -13 -14 15 17 -17 -18 -19 -20 -21
leaf_value=-0.00087426069728783605 2.0014726628765595e-05 0.0030041212037043726 0.0011952978144611484 -0.0015195096588693558 -5.6781768961809569e-05 -0.0013175522024857296 0.00011617638360565671 -0.000303717571310699 -0.0010011090451080235 5.2005889784039425e-05 0.00017636044686514653 0.0015557005671850803 0.00065685900405179165 -0.0012851900291629135 0 -0.00032329442951207354 0 0.0012311777886934577 -0.00046193420764424701 -0.00060791466935916107
leaf_weight=48 137 20 41 37 57 46 23 29 61 620 61 53 153 27 21 177 22 21 32 29
leaf_count=48 137 20 41 37 57 46 23 29 61 620 61 53 153 27 21 177 22 21 32 29
internal_value=3.42627e-06 0.000370028 0.000218874 9.84103e-05 -0.000692652 -0.000123241 -0.000432345 -4.15778e-06 -0.000101303 -1.36924e-05 0.00039056 0.000875297 0.000369529 -0.000661299 0.000147268 -0.000481878 -0.000746449 0.000682615 -1.95899e-05 -0.000244231
internal_weight=1715 445 425 384 94 1270 344 926 751 668 175 82 290 250 94 204 83 42 93 52
internal_count=1715 445 425 384 94 1270 344 926 751 668 175 82 290 250 94 204 83 42 93 52
is_linear=0
shrinkage=0.03


Tree=48
num_leaves=13
num_cat=0
split_feature=34 11 33 33 11 20 21 30 32 24 24 14
split_gain=0.0799711 0.0497279 0.0643801 0.0547383 0.0701034 0.0504838 0.0341513 0.0424478 0.0257058 0.0173125 0.0119581 0.00803388
threshold=2.9951349255802113 -1.0067426148006069 -0.068083037868968327 -0.3306338379295663 0.79697957089776494 2.0445610960276621 0.45988165962811239 0.72444106105977901 1.0000000180025095e-35 -1.4521708328524168 0.57453977890817487 0.74680663233145672
decision_type=2 2 2 2 2 2 2 2 2 2 2 2
left_child=1 8 3 5 -5 -3 7 -4 9 -1 -11 -10
right_child=-2 2 6 4 -6 -7 -8 -9 11 10 -12 -13
leaf_value=0 0.001467340530764142 -6.8288658751872598e-05 -0.00062594828702228862 0.0005956021724388092 -0.00060593847084405394 -0.0014426413173973559 -0.0013360321284892657 0.00045486090133532085 -0.00040267320671409835 0.0011188535538226873 0.00025914523083912702 0.00026492026527412236
leaf_weight=21 30 1011 119 228 49 22 42 39 29 63 35 27
leaf_count=21 30 1011 119 228 49 22 42 39 29 63 35 27
internal_value=3.2504e-06 -2.36007e-05 -8.10432e-05 -1.70254e-06 0.000368126 -0.000104547 -0.000578241 -0.000337028 0.000448204 0.000694412 0.000858335 -3.28464e-05
internal_weight=1715 1685 1510 1310 277 1033 200 158 175 119 98 56
internal_count=1715 1685 1510 1310 277 1033 200 158 175 119 98 56
is_linear=0
shrinkage=0.03


Tree=49
num_leaves=18
num_cat=0
split_feature=25 34 8 24 24 23 15 11 25 33 17 27 27 15 17 31 25
split_gain=0.0856586 0.126224 0.0508351 0.0485521 0.0374701 0.0368393 0.044161 0.0415978 0.0378942 0.0346409 0.0288184 0.0250668 0.0249325 0.0219855 0.0184578 0.0092806 0.00730095
threshold=0.79493744224690477 -0.13029761265276127 -0.87653895595368436 -1.5392074848912154 0.23882697818709528 -0.98809873485887567 0.72232296774017712 0.010679553257599972 -1.4551953055459173 -0.18644726971323689 0.70073379058965302 0.50614919475505415 -0.24478660752238485 0.55858900586274052 -0.37891633988628576 -0.010695890738592896 1.5873215457479146
decision_type=2 2 2 2 2 2 2 2 2 2 2 2 2 2 2 2 2
left_child=3 2 4 14 -2 8 7 -7 11 -10 13 -5 -8 -4 -1 -16 -12
right_child=1 -3 10 5 -6 6 12 -9 9 -11 16 -13 -14 -15 15 -17 -18
leaf_value=0 -0.0015144985004368681 0.0022532351836562154 0.00084418748144476701 -0.00082190685509136161 0.00012800857689960495 -1.6393266329646651e-05 -0.00019579204527609464 -0.0004240596737670496 0.00082587085452273873 3.9083411923498599e-05 -0.00051013339354656628 0.00036362583963605379 0.00082891759339889337 -9.7820982256013406e-05 -0.0012023007457849897 -0.0003341063883926836 0.00013688318942149633
leaf_weight=32 20 30 115 38 20 616 24 368 111 106 22 20 63 20 48 33 29
leaf_count=32 20 30 115 38 20 616 24 368 111 106 22 20 63 20 48 33 29
internal_value=3.04924e-06 0.000507562 0.000236253 -8.42819e-05 -0.000671843 -3.1117e-05 -0.000112711 -0.000172719 0.00027365 0.000460952 0.00045498 -0.000366144 0.000515802 0.000683799 -0.000674511 -0.000908871 -9.95013e-05
internal_weight=1715 256 226 1459 40 1346 1071 984 275 217 186 58 87 135 113 81 51
internal_count=1715 256 226 1459 40 1346 1071 984 275 217 186 58 87 135 113 81 51
is_linear=0
shrinkage=0.03


Tree=50
num_leaves=17
num_cat=0
split_feature=25 24 22 22 10 24 11 17 22 22 25 22 27 13 28 33
split_gain=0.0813203 0.164437 0.0747972 0.0654255 0.0511821 0.041408 0.0365821 0.0325234 0.0315479 0.0350536 0.0239632 0.0174985 0.0118188 0.0077907 0.00465535 0.00330172
threshold=0.37716724589211631 -1.0791566098289951 1.846492482854688 -0.34754601853632577 -0.8155444096979555 -1.6138103294958999 0.026980668468730699 -0.14115473468891929 1.743376727106033 1.680285997226475 0.12673780195927728 -0.070885855750123211 -0.077662061714995081 -0.94128371562997004 -0.10216544173352664 -0.34560741378767501
decision_type=2 2 2 2 2 2 2 2 2 2 2 2 2 2 2 2
left_child=4 -2 3 6 11 -6 -3 -5 9 -7 -10 12 13 -1 15 -13
right_child=1 2 -4 7 5 8 -8 -9 10 -11 -12 14 -14 -15 -16 -17
leaf_value=0.00099981466143463657 0.0027981566481049291 8.0153026332684219e-05 0.0014418030036147682 0 -0.001283622949299487 -0.00016726492161790073 0.00076113616490366455 -0.00082023564017542471 -0.00097343828271411034 0.00068295445167459545 3.1710667088627806e-05 0.00042561685529770329 0 0.00012942204647697507 -0.00029141618650136211 0
leaf_weight=49 20 213 37 87 30 829 114 79 70 42 22 22 20 23 28 30
leaf_count=49 20 213 37 87 30 829 114 79 70 42 22 22 20 23 28 30
internal_value=2.8357e-06 0.00030423 0.000189271 8.10677e-05 -0.000137301 -0.000221947 0.000331412 -0.000391458 -0.000181884 -0.000120631 -0.000708087 0.000329667 0.000604959 0.000778071 0 0.000168263
internal_weight=1715 550 530 493 1165 993 327 166 963 871 92 172 92 72 80 52
internal_count=1715 550 530 493 1165 993 327 166 963 871 92 172 92 72 80 52
is_linear=0
shrinkage=0.03


Tree=51
num_leaves=18
num_cat=0
split_feature=25 32 10 33 25 19 24 17 17 16 9 19 22 30 27 33 22
split_gain=0.0771713 0.170205 0.0492788 0.0475873 0.0828929 0.0780372 0.0422488 0.0334497 0.0330357 0.0325452 0.0269717 0.0220003 0.0201046 0.0188607 0.0191081 0.0217641 0.00431737
threshold=0.49996499117062437 1.1374116967355887 -0.57556958553818849 -0.35254889565660308 3.1168573573588421 1.8900799936387103 -1.6138103294958999 0.73742439555142425 0.31284419322472706 -0.11619504635763746 1.397723718447587 1.0612430449727606 -0.36743024613155123 -0.30007161689279854 -0.24480110443004441 0.03798910298778687 -0.51839643344806885
decision_type=2 2 2 2 2 2 2 2 2 2 2 2 2 2 2 2 2
left_child=2 3 13 9 5 -5 -4 -6 11 12 -10 -8 -2 -1 -15 -16 -11
right_child=1 -3 6 4 7 -7 8 -9 10 16 -12 -13 -14 14 15 -17 -18
leaf_value=-0.00054563284339383252 -2.2692784852329258e-05 0.0028679759512888268 -0.0013427702650427816 -0.00087792970722379239 0.0018017651741392908 0.0004106218423912651 -0.00040070070211194257 0 0.00010034700587628628 0.00045242484872086116 -0.00060834695613435047 0.00027662954640812998 0.00087875806310007149 -0.00026208608466336825 0.0006058342050703874 0 0.0011618984523466076
leaf_weight=21 95 20 27 112 21 61 474 20 388 36 52 40 24 38 156 74 56
leaf_count=21 95 20 27 112 21 61 474 20 388 36 52 40 24 38 156 74 56
internal_value=3.08725e-06 0.000343404 -0.000114329 0.000198321 -0.000105151 -0.000407285 -0.000217221 0.00104237 -0.000178122 0.000517286 6.26771e-06 -0.000340888 0.00015166 0.000223304 0.000299999 0.00040792 0.000938911
internal_weight=1715 445 1270 425 214 173 981 41 954 211 440 514 119 289 268 230 92
internal_count=1715 445 1270 425 214 173 981 41 954 211 440 514 119 289 268 230 92
is_linear=0
shrinkage=0.03


Tree=52
num_leaves=16
num_cat=0
split_feature=25 24 22 22 24 10 24 22 15 25 15 22 27 13 9
split_gain=0.073813 0.151025 0.0694958 0.0531285 0.164926 0.0492788 0.0365076 0.0350868 0.0339853 0.0274918 0.0227144 0.0151912 0.0108069 0.00737985 0.00336706
threshold=0.35569207304780431 -1.0791566098289951 1.846492482854688 -0.43888518013503636 -0.45746623812329218 -0.8155444096979555 -1.6138103294958999 1.743376727106033 -0.29019035245336894 0.79493744224690477 0.27907766459282007 -0.070885855750123211 -0.077662061714995081 -0.94128371562997004 -1.2218181541715134
decision_type=2 2 2 2 2 2 2 2 2 2 2 2 2 2 2
left_child=5 -2 3 9 -5 11 -7 8 -8 -3 -9 12 13 -1 -13
right_child=1 2 -4 4 -6 6 7 10 -10 -11 -12 14 -14 -15 -16
leaf_value=0.0009628696608572051 0.0026747742865649658 5.6827568270060026e-05 0.0013246268493001645 -0.0026526947444223837 0 -0.0012162068872289223 -0.00028597429233605574 -0.0010806685728889309 8.8843232318542377e-05 0.00070304760376494672 0 -0.00017462344391554194 0 0.0001153133459156379 0.00020657681259213064
leaf_weight=49 20 136 41 20 233 30 471 58 384 121 32 39 20 23 38
leaf_count=49 20 136 41 20 233 30 471 58 384 121 32 39 20 23 38
internal_value=3.30595e-06 0.000282721 0.000176466 7.11085e-05 -0.0002289 -0.000133917 -0.000217828 -0.00017922 -0.000114417 0.000377219 -0.000739046 0.0003281 0.000582081 0.000747565 0
internal_weight=1715 571 551 510 253 1144 975 945 855 257 90 169 92 72 77
internal_count=1715 571 551 510 253 1144 975 945 855 257 90 169 92 72 77
is_linear=0
shrinkage=0.03


Tree=53
num_leaves=20
num_cat=0
split_feature=25 27 33 25 21 24 15 22 10 25 27 28 22 31 27 34 16 9 15
split_gain=0.0702872 0.10323 0.0591748 0.079295 0.0714661 0.040748 0.0367292 0.0468552 0.0348823 0.0310843 0.0272527 0.049068 0.0163997 0.0142061 0.0229528 0.0136622 0.0105191 0.0064611 4.45619e-05
threshold=0.65606870475599277 0.50614919475505415 -0.35254889565660308 2.0232844686556959 -0.82861597577814827 -1.5392074848912154 -0.074502482568127873 1.1528279960617938 -1.1548919634611374 0.20444926420719603 -0.24475359209194839 -0.1048315489547029 -0.51839643344806885 -0.010717103582610884 -0.24465908830692781 -0.13038475591937318 -0.81425878607820679 0.82840294605041453 -0.92134761252449249
decision_type=2 2 2 2 2 2 2 2 2 2 2 2 2 2 2 2 2 2 2
left_child=5 2 12 4 -4 13 7 8 -7 -9 15 -12 18 16 -15 -8 -1 -5 -2
right_child=1 -3 3 17 -6 6 10 9 -10 -11 11 -13 -14 14 -16 -17 -18 -19 -20
leaf_value=-0.00010298297785566714 0 0.0023586924075928474 -0.0016051009705894297 0.0011673974884838303 -2.5666976419469229e-05 0.00086502513454549698 -0.00041713188088694791 -0.0013029505202396059 -0.00012577654616952971 -3.1102709201592446e-05 0.0008171042159807098 4.9599421355988353e-05 0.0010337375333810295 -0.00075724807507000292 0.00052053417779667215 0.00024321351537946615 -0.0011254196949522801 0.00020078371868104388 0.00022959570756748965
leaf_weight=20 20 20 34 31 99 30 85 48 697 34 112 244 75 23 20 33 50 20 20
leaf_count=20 20 20 34 31 99 30 85 48 697 34 112 244 75 23 20 33 50 20 20
internal_value=3.32904e-06 0.000404609 0.000241835 -7.85948e-05 -0.000477991 -8.68942e-05 -3.56399e-05 -0.00016022 -7.73942e-05 -0.000830603 0.000170369 0.000304229 0.000768911 -0.000627 -0.000102525 -0.000206214 -0.000890628 0.000876103 0.000165116
internal_weight=1715 319 299 184 133 1396 1283 809 727 82 474 356 115 113 43 118 70 51 40
internal_count=1715 319 299 184 133 1396 1283 809 727 82 474 356 115 113 43 118 70 51 40
is_linear=0
shrinkage=0.03


Tree=54
num_leaves=19
num_cat=0
split_feature=25 28 22 24 24 23 28 25 33 15 19 10 27 17 17 33 31 33
split_gain=0.067191 0.0944692 0.0643179 0.161126 0.0400908 0.0322112 0.040721 0.0342014 0.032529 0.0308825 0.0244913 0.0242546 0.0233796 0.0219279 0.0159894 0.0101383 0.00888712 0.0116916
threshold=0.79493744224690477 -0.043749659145231094 -0.3937800548287051 -0.45746623812329218 -1.5392074848912154 -0.98809873485887567 0.17954582544608502 -1.4551953055459173 -0.18644726971323689 0.72232296774017712 0.485100918451076 -0.23801778819851635 0.50614919475505415 0.76991403703584715 -0.37891633988628576 -0.352548895658159 -0.011066506615316539 -0.3306338379295663
decision_type=2 2 2 2 2 2 2 2 2 2 2 2 2 2 2 2 2 2
left_child=4 2 13 -4 14 7 9 12 -9 -7 -8 -5 -6 15 -1 -2 -16 -18
right_child=1 -3 3 11 5 6 10 8 -10 -11 -12 -13 -14 -15 16 -17 17 -19
leaf_value=0 0.0002531180806329538 0.0019118889320076308 -0.0025554594732820988 0.00059727766103066142 -0.0007883632639763739 -0.00010404114825309791 -0.00013149232682955792 0.00079120400707286443 2.8729642929355481e-05 0.00047509363907932613 -0.001380177715074803 -0.00043242431729699352 0.00035498505622229498 0 -0.0012100302848964929 0.0011917596869249591 -0.00087283839514155101 0
leaf_weight=32 26 32 20 59 38 917 35 111 106 87 32 25 20 38 37 56 20 24
leaf_count=32 26 32 20 59 38 917 35 111 106 87 32 25 20 38 37 56 20 24
internal_value=3.36531e-06 0.000450368 0.000205856 -0.000316376 -7.37782e-05 -2.52719e-05 -0.000101734 0.000259606 0.000437858 -4.96121e-05 -0.000804328 0.000251992 -0.000346856 0.000679524 -0.000610103 0.000948873 -0.000827853 -0.000385924
internal_weight=1715 256 224 104 1459 1346 1071 275 217 1004 67 84 58 120 113 82 81 44
internal_count=1715 256 224 104 1459 1346 1071 275 217 1004 67 84 58 120 113 82 81 44
is_linear=0
shrinkage=0.03


Tree=55
num_leaves=19
num_cat=0
split_feature=25 27 22 22 19 11 23 25 33 33 25 25 14 21 15 27 19 21
split_gain=0.064909 0.134827 0.0632161 0.0489249 0.0889004 0.0461873 0.0599925 0.0401517 0.0301287 0.0370605 0.0297039 0.0269656 0.022648 0.0180804 0.0169941 0.0133784 0.0119589 0.00749503
threshold=0.35569207304780431 0.91076123813452214 1.846492482854688 -0.33163863646014596 1.8900799936387103 0.44542959697570939 0.17372355289476218 -0.094187072366871946 0.057471437164776686 -0.33210368727408129 3.5924302893308186 0.14692018903733928 -0.55623870728391378 -0.69758231794022352 -0.37942058134022871 -0.24479842776645322 -0.18302221117161535 1.508150922331511
decision_type=2 2 2 2 2 2 2 2 2 2 2 2 2 2 2 2 2 2
left_child=5 2 3 10 -5 6 8 12 9 -1 -2 -8 -7 -14 -10 16 -9 -13
right_child=1 -3 -4 4 -6 7 11 15 14 -11 -12 17 13 -15 -16 -17 -18 -19
leaf_value=2.6965570762224484e-05 0.00016626376966673794 0.0024760925514856354 0.0012572770953993312 -0.0010377543369869645 0.00040609037873522836 -0.0012253033784776924 -0.00087786275139971229 0.00018775469066575169 -0.0008311743784773474 0.00055981223367984959 0.0012503634766818812 -0.00027388267747641717 -0.00075460285389736443 -0.00014486186557415075 -3.4981148276502997e-05 0.00052890519900912686 -0.0007076801209528323 0.00037548752817446774
leaf_weight=337 340 21 41 82 64 47 86 22 33 189 23 44 91 114 102 39 20 20
leaf_count=337 340 21 41 82 64 47 86 22 33 189 23 44 91 114 102 39 20 20
internal_value=3.17737e-06 0.000265302 0.00016249 6.15954e-05 -0.000389269 -0.000125392 0 -0.000421177 0.000120568 0.000226186 0.000252836 -0.00053834 -0.000608418 -0.00043693 -0.000265183 0.000126562 -0.000190728 -1.84518e-05
internal_weight=1715 571 550 509 146 1144 811 333 661 526 363 150 252 205 135 81 42 64
internal_count=1715 571 550 509 146 1144 811 333 661 526 363 150 252 205 135 81 42 64
is_linear=0
shrinkage=0.03


Tree=56
num_leaves=18
num_cat=0
split_feature=25 24 22 22 19 11 23 19 15 24 33 25 19 25 33 21 19
split_gain=0.0616104 0.126207 0.0588813 0.0549773 0.076278 0.0423278 0.0547781 0.0415436 0.0295338 0.0391967 0.0304796 0.027616 0.0262505 0.0221951 0.0204471 0.0195731 0.0105657
threshold=0.37716724589211631 -1.0791566098289951 1.846492482854688 -0.33163863646014596 1.8900799936387103 0.44542959697570939 0.17372355289476218 1.3968207129316133 -0.80959260813629041 0.28856220792355153 -0.048485374718141815 0.14692018903733928 0.44365872432154196 -0.089447430308070106 -0.33210368727408129 1.5627482797639798 -0.19110860574081992
decision_type=2 2 2 2 2 2 2 2 2 2 2 2 2 2 2 2 2
left_child=5 -2 3 12 -5 6 8 13 9 -1 -10 -8 -3 14 -7 -13 -15
right_child=1 2 -4 4 -6 7 11 -9 10 -11 -12 15 -14 16 -16 -17 -18
leaf_value=-0.0011735380482992953 0.0024516869967236466 0.00017158756378214869 0.0012758098224992863 -0.00099919171917602838 0.0003428398564422073 -0.0010311921296430931 -0.00085241459617639743 0.00045584254326864278 0.00032647187484002773 0.00010343475251610638 -0.00015156641845726066 -0.00035783170314774041 0.0010283646090314365 0.00037709309982892594 -0.00039005745831473054 0.00065000189712736761 -0.00036608725957371091
leaf_weight=32 20 312 37 83 62 90 86 39 432 46 154 56 36 29 146 21 34
leaf_count=32 20 312 37 83 62 90 86 39 432 46 154 56 36 29 146 21 34
internal_value=3.15261e-06 0.000265699 0.000164245 6.75613e-05 -0.00040977 -0.000118592 0 -0.00039986 0.000118761 -0.000407476 0.000195619 -0.000490222 0.000276799 -0.000524827 -0.000656985 -3.14003e-05 0
internal_weight=1715 550 530 493 145 1165 827 338 664 78 586 163 348 299 236 77 63
internal_count=1715 550 530 493 145 1165 827 338 664 78 586 163 348 299 236 77 63
is_linear=0
shrinkage=0.03


Tree=57
num_leaves=10
num_cat=0
split_feature=27 21 11 33 33 29 32 19 15
split_gain=0.057882 0.039753 0.0420604 0.0400697 0.0423258 0.0267102 0.0203406 0.0117985 0.00757492
threshold=3.5381077972790154 1.8684934813858043 -1.0067426148006069 -0.068083037868968327 -0.24462687054496338 1.5939513272681152 1.0000000180025095e-35 -0.76118632068324998 0.18747413846401637
decision_type=2 2 2 2 2 2 2 2 2
left_child=1 2 6 4 -4 -5 7 -1 -8
right_child=-2 -3 3 5 -6 -7 8 -9 -10
leaf_value=0 0.0012489729641661554 0.00085712338074420873 -9.0029871480819273e-05 -0.00061966915472580464 0.00050492964420586984 0.00031405280610739161 -0.00049668027254570605 0.00076986845284362907 0.0001745219946695635
leaf_weight=24 30 42 1151 180 115 26 20 91 36
leaf_count=24 30 42 1151 180 115 26 20 91 36
internal_value=3.20793e-06 -1.93749e-05 -4.51248e-05 -9.8715e-05 -3.25554e-05 -0.00048465 0.000392697 0.000618191 -2.74117e-05
internal_weight=1715 1685 1643 1472 1266 206 171 115 56
internal_count=1715 1685 1643 1472 1266 206 171 115 56
is_linear=0
shrinkage=0.03


Tree=58
num_leaves=15
num_cat=0
split_feature=25 27 22 22 24 10 24 19 29 32 23 21 24 27
split_gain=0.0575881 0.121702 0.0555553 0.0439006 0.144484 0.041955 0.0311724 0.0309477 0.0425095 0.0407678 0.0291432 0.0162506 0.0117396 0.0128375
threshold=0.35569207304780431 0.91076123813452214 1.846492482854688 -0.43888518013503636 -0.45746623812329218 -0.8155444096979555 -1.6138103294958999 -0.18302221117161535 -0.17839115585777815 -0.2868010956658848 0.62379885355608156 0.54723743152006221 -1.4770384477206451 -0.062478474692050472
decision_type=2 2 2 2 2 2 2 2 2 2 2 2 2 2
left_child=5 2 3 10 -5 11 -7 9 -9 -8 -2 12 -1 -14
right_child=1 -3 -4 4 -6 6 7 8 -10 -11 -12 -13 13 -15
leaf_value=0 0.00047583876736029496 0.0023511057999694458 0.0011789366741114379 -0.0024862284819878958 0 -0.0011183206386525522 0.00085044756391223261 -0.00075487161581986575 -7.0580335325826478e-05 -9.6164261754736751e-05 -0.00033424035962671044 -0.00023565417362431831 0.0007585110375824452 0
leaf_weight=31 219 21 41 20 228 30 41 153 196 555 42 31 86 21
leaf_count=31 219 21 41 20 228 30 41 153 196 555 42 31 86 21
internal_value=3.36608e-06 0.000250358 0.000152403 5.74327e-05 -0.00021988 -0.000117631 -0.000195245 -0.000159331 -0.00038297 -2.21034e-05 0.000331801 0.0003083 0.000454183 0.00060039
internal_weight=1715 571 550 509 248 1144 975 945 349 596 261 169 138 107
internal_count=1715 571 550 509 248 1144 975 945 349 596 261 169 138 107
is_linear=0
shrinkage=0.03


Tree=59
num_leaves=19
num_cat=0
split_feature=25 34 24 23 24 29 23 28 25 20 15 17 17 33 17 15 25 31
split_gain=0.0545531 0.0780735 0.038552 0.11183 0.0354233 0.0313764 0.0284154 0.0369108 0.030361 0.0313436 0.0268818 0.0204125 0.0199888 0.0150968 0.014514 0.0114434 0.00917567 0.00879715
threshold=0.79493744224690477 -0.13029761265276127 -0.33312816378215154 -0.63920315295087626 -1.5392074848912154 -0.17801544765765184 -0.98809873485887567 0.17954582544608502 -0.51598892589349299 0.67834644032745173 0.72232296774017712 0.885769247669146 -0.56408399443685109 -0.35254889565775632 -0.4491355320677245 1.1226259322901571 1.1371259717190354 -0.010695890738592896
decision_type=2 2 2 2 2 2 2 2 2 2 2 2 2 2 2 2 2 2
left_child=4 2 3 11 14 13 8 10 9 -6 -8 -2 -9 -4 -1 -10 -7 -16
right_child=1 -3 5 -5 6 16 7 12 15 -11 -12 -13 -14 -15 17 -17 -18 -19
leaf_value=0 0.0010767154219560324 0.0017816769713535903 0.00025258157884057322 -0.0015446715875908634 0.00013066317833118076 -0.0005265987860038876 -9.3730779955631465e-05 -0.00013958945665600416 0.00080759259318668823 -0.0010663468896046928 0.00044659793023020024 0 -0.0012852546591444738 0.0012191131575964391 -0.001026610477762814 0.00013402907371977868 0.00023647677688859404 -0.00022320700720107806
leaf_weight=29 27 30 36 35 126 20 917 35 79 20 87 29 32 48 51 50 31 33
leaf_count=29 27 30 36 35 126 20 917 35 79 20 87 29 32 48 51 50 31 33
internal_value=3.10937e-06 0.000406045 0.00018939 -0.000261526 -6.6227e-05 0.000514159 -2.05123e-05 -9.24831e-05 0.000246963 -3.13452e-05 -4.27393e-05 0.000527357 -0.000761262 0.000862362 -0.000570282 0.000578228 -1.98437e-05 -0.000764051
internal_weight=1715 256 226 91 1459 135 1346 1071 275 146 1004 56 67 84 113 129 51 84
internal_count=1715 256 226 91 1459 135 1346 1071 275 146 1004 56 67 84 113 129 51 84
is_linear=0
shrinkage=0.03


Tree=60
num_leaves=12
num_cat=0
split_feature=34 31 16 30 24 33 14 19 34 17 5
split_gain=0.0531075 0.0376626 0.0470238 0.0358406 0.0304308 0.0302311 0.0222312 0.0258878 0.0298639 0.00778246 0.00446073
threshold=2.9951349255802113 -0.029291299942534502 -1.6056269473615801 -0.18974150336361101 -1.3651341808136184 -0.085234826113915377 1.796068930507039 -1.0118591578160121 -0.32650221643477656 0.07108144456382913 -0.31351080842866125
decision_type=2 2 2 2 2 2 2 2 2 2 2
left_child=1 6 10 5 -5 -4 7 9 -9 -1 -3
right_child=-2 2 3 4 -6 -7 -8 8 -10 -11 -12
leaf_value=-0.00025877052206769514 0.0011963531650941478 0.0012150430810248382 -1.3375931203140954e-05 -9.1617167422858374e-05 0.00095204077213669976 -0.00085468130519147955 0.00039580075636219518 0 -0.00097458812062709162 0.00041290817053282058 0.00038963581183925272
leaf_weight=28 30 26 1276 33 60 37 23 43 101 26 32
leaf_count=28 30 26 1276 33 60 37 23 43 101 26 32
internal_value=3.01034e-06 -1.85473e-05 3.49412e-05 0 0.00055917 -4.12577e-05 -0.000381994 -0.000491828 -0.000699387 1.67097e-05 0.000850385
internal_weight=1715 1685 1464 1406 93 1313 221 198 144 54 58
internal_count=1715 1685 1464 1406 93 1313 221 198 144 54 58
is_linear=0
shrinkage=0.03


Tree=61
num_leaves=21
num_cat=0
split_feature=25 27 23 11 22 34 22 11 19 19 33 33 25 13 33 28 17 16 27 34
split_gain=0.0524643 0.135039 0.0587053 0.0693853 0.0400698 0.0728852 0.0496443 0.0414873 0.0369633 0.0304117 0.0235583 0.0392976 0.019781 0.0131036 0.0121712 0.0107919 0.0156709 0.012838 0.00480804 0.00292494
threshold=0.17456239932583559 1.8306306500638747 0.17372355289476218 0.52590354581602905 1.6177597228399427 -0.13031186374069073 -0.33163863646014596 -1.071887937741604 1.3968207129316133 0.41535711404617842 0.057471437164776686 -0.33210368727408129 0.49149681341170753 -1.099886517293462 -0.38705033017974938 -0.072329213451784821 0.32076716599282357 0.94921315471230205 -0.24446776531743011 -0.13038788988845754
decision_type=2 2 2 2 2 2 2 2 2 2 2 2 2 2 2 2 2 2 2 2
left_child=2 4 3 10 6 18 9 -8 14 -2 11 -1 -7 -12 -4 16 -5 -17 -6 -16
right_child=1 -3 8 15 5 12 7 -9 -10 -11 13 -13 -14 -15 19 17 -18 -19 -20 -21
leaf_value=0 7.7688006678731711e-05 0.0024739747189957161 -1.3627832941710882e-06 -0.0011531838599699907 0.0015730385182383046 -0.00060856917667357865 0.00016722653566284861 -0.00090656878271544092 0.00028526008573281881 0.00093418708776102149 0.00017757810563198288 0.00053738328493126402 0.00048964173904539137 -0.00043341853916461229 -0.0013508150767096701 0.00017760068942637491 -0.00032599354274531251 -0.00060612571328370413 0.00052167831486819882 -0.00071363140484281395
leaf_weight=341 392 20 22 49 41 33 45 80 28 40 37 198 20 92 31 33 63 30 20 100
leaf_count=341 392 20 22 49 41 33 45 80 28 40 37 198 20 92 31 33 63 30 20 100
internal_value=3.01875e-06 0.000206204 -0.000131372 -2.16271e-05 0.000123448 0.000628766 1.18544e-05 -0.000501706 -0.000617515 0.000169786 0.000114446 0.000204548 -0.000136549 -0.000235391 -0.000804268 -0.000551065 -0.000734619 -0.000160735 0.00131582 -0.00091367
internal_weight=1715 691 1024 843 671 114 557 125 181 432 668 539 53 129 153 175 112 63 61 131
internal_count=1715 691 1024 843 671 114 557 125 181 432 668 539 53 129 153 175 112 63 61 131
is_linear=0
shrinkage=0.03


Tree=62
num_leaves=18
num_cat=0
split_feature=25 27 22 22 19 11 23 19 15 21 33 25 25 25 33 21 19
split_gain=0.0503801 0.104084 0.049104 0.0472496 0.0698866 0.0360976 0.0476887 0.0356006 0.0257362 0.031651 0.0248341 0.0241405 0.0238724 0.0194541 0.0184797 0.0173074 0.00913119
threshold=0.37716724589211631 0.91076123813452214 1.846492482854688 -0.33163863646014596 1.8900799936387103 0.44542959697570939 0.17372355289476218 1.3968207129316133 -0.80959260813629041 0.044941743141350306 1.0000000180025095e-35 3.5924302893308186 0.14692018903733928 -0.089447430308070106 -0.33210368727408129 1.5627482797639798 -0.19110860574081992
decision_type=2 2 2 2 2 2 2 2 2 2 2 2 2 2 2 2 2
left_child=5 2 3 11 -5 6 8 13 9 -1 -10 -2 -8 14 -7 -14 -15
right_child=1 -3 -4 4 -6 7 12 -9 10 -11 -12 -13 15 16 -16 -17 -18
leaf_value=-0.0010987364996901967 0.00016553372922753184 0.0021828700585119799 0.001161135628831107 -0.0009870705603432187 0.00031321264134290125 -0.00096168894259889991 -0.00079152039974863153 0.00042289143182279074 0.00029769255672011625 5.3696734200724782e-05 -0.00014370476627834783 0.0011497349562436844 -0.00033476195036496775 0.00035853594306536251 -0.00035212243534585508 0.00061294508061837411 -0.00033306659873877023
leaf_weight=30 329 21 37 78 62 90 86 39 444 48 142 23 56 29 146 21 34
leaf_count=30 329 21 37 78 62 90 86 39 444 48 142 23 56 29 146 21 34
internal_value=3.09927e-06 0.00024067 0.000146056 5.70837e-05 -0.000395761 -0.00010682 0 -0.000366546 0.000113511 -0.000376787 0.000185452 0.000247466 -0.000454732 -0.000482628 -0.00060629 -2.55034e-05 0
internal_weight=1715 550 529 492 140 1165 827 338 664 78 586 352 163 299 236 77 63
internal_count=1715 550 529 492 140 1165 827 338 664 78 586 352 163 299 236 77 63
is_linear=0
shrinkage=0.03


Tree=63
num_leaves=18
num_cat=0
split_feature=25 24 24 27 11 23 25 21 17 33 33 19 17 27 30 12 25
split_gain=0.047799 0.117198 0.0462669 0.0519318 0.0430408 0.0598581 0.0376445 0.0712657 0.0293541 0.0233249 0.0292588 0.0231295 0.0179291 0.0169889 0.015651 0.0144941 0.00521854
threshold=0.27255780926350887 -1.1040242246972232 1.5816781810714142 -0.24441366709693629 0.42497327114555822 0.17372355289476218 3.1168573573588421 -0.85045491875113577 0.73742439555142425 0.057471437164776686 -0.33340958417263744 1.3968207129316133 0.34447104156465164 -0.2427925776513514 0.53644186920359982 0.377020770562917 0.14692018903733928
decision_type=2 2 2 2 2 2 2 2 2 2 2 2 2 2 2 2 2
left_child=4 -2 6 -4 5 9 7 -3 -8 10 -1 12 14 -14 -6 -11 -7
right_child=1 2 3 -5 11 16 8 -9 -10 15 -12 -13 13 -15 -16 -17 -18
leaf_value=2.8665036383310773e-05 0.002320148262073812 -0.0011126419700542465 0.0015585187072400003 -0.00012809776805341243 -0.00085031026388407384 -0.00075160500068820755 0.0015870331921614704 7.5862887339563209e-05 0 -5.3649275695804403e-05 0.00050743036373383603 0.00026272298955056514 -0.00054662322804021333 7.2994659296236921e-05 0 -0.00092568292395900126 -2.5928779221747223e-05
leaf_weight=329 20 47 37 22 129 85 21 475 20 108 187 34 69 72 20 20 20
leaf_count=329 20 47 37 22 129 85 21 475 20 108 187 34 69 72 20 20 20
internal_value=3.14856e-06 0.000209034 0.000125542 0.000905457 -0.000117489 3.91647e-06 3.41436e-05 -3.11803e-05 0.00087943 0.000116975 0.000209882 -0.00040478 -0.000495166 -0.00021446 -0.000731589 -0.000230884 -0.000645719
internal_weight=1715 642 622 59 1073 749 563 522 41 644 516 324 290 141 149 128 105
internal_count=1715 642 622 59 1073 749 563 522 41 644 516 324 290 141 149 128 105
is_linear=0
shrinkage=0.03


Tree=64
num_leaves=18
num_cat=0
split_feature=25 27 33 25 19 10 33 25 33 23 28 17 22 17 22 17 22
split_gain=0.0466465 0.0625837 0.0484311 0.0672094 0.0772666 0.0286189 0.0245746 0.0278054 0.0488178 0.0304655 0.0183634 0.0172595 0.0129159 0.0103601 0.0102748 0.00619197 0.00543714
threshold=0.65606870475599277 0.50614919475505415 -0.35254889565660125 2.0232844686556959 1.688935742172357 -0.8155444096979555 -0.4254709367427682 -0.56958065748229336 -0.33340958417263744 -0.98809873485887567 -0.07058628558808111 0.885769247669146 -1.1066873425202031 -0.45731159176715258 -0.51839643344806885 -0.43019181195656647 -0.070885855750123211
decision_type=2 2 2 2 2 2 2 2 2 2 2 2 2 2 2 2 2
left_child=5 2 14 4 -4 10 -7 8 -8 -9 13 -5 -12 16 -2 -16 -1
right_child=1 -3 3 11 -6 6 7 9 -10 -11 12 -13 -14 -15 15 -17 -18
leaf_value=0.00073812312924864643 0.00012122028099567911 0.0018565401058016422 -0.0013366787890952668 0.0012028666756326151 0.00014544618309644814 0.00068715299518718831 -0.00081303858448851052 0.00039862522039138949 -9.8205875014896598e-05 -0.00012679224758324574 0.00027697473687086525 0 -0.00052724239614035471 -9.6298519785151517e-05 0.00012142902525627741 0.00095219449125815531 0.00024500781710171517
leaf_weight=65 40 20 54 28 63 28 137 113 256 644 25 23 37 20 20 71 71
leaf_count=65 40 20 54 28 63 28 137 113 256 644 25 23 37 20 20 71 71
internal_value=3.13621e-06 0.000330333 0.000200884 -0.000121642 -0.000529927 -7.00353e-05 -0.000130189 -0.000154427 -0.000359244 -4.31501e-05 0.000238795 0.00073686 -0.000158991 0.000415774 0.000630356 0.000811226 0.000513115
internal_weight=1715 319 299 168 117 1396 1178 1150 393 757 218 51 62 156 131 91 136
internal_count=1715 319 299 168 117 1396 1178 1150 393 757 218 51 62 156 131 91 136
is_linear=0
shrinkage=0.03


Tree=65
num_leaves=21
num_cat=0
split_feature=25 27 33 25 19 24 15 22 24 20 27 25 31 27 22 11 11 15 25 15
split_gain=0.044369 0.0592444 0.0456963 0.0636156 0.0730315 0.0319054 0.0281866 0.0390041 0.0266322 0.0223842 0.0326283 0.0203142 0.0149438 0.0189844 0.00960583 0.0081689 0.0070121 0.00572763 0.00162061 0.000155635
threshold=0.65606870475599277 0.50614919475505415 -0.35254889565660125 2.0232844686556959 1.688935742172357 -1.5392074848912154 -0.074502482568127873 1.1528279960617938 0.79834831272222806 1.1315208851511469 -0.24475359209194839 0.20444926420719603 -0.010717103582610884 -0.24465908830692781 -0.51839643344806885 -0.69492876284917415 -0.62475292899248591 0.58584225704393589 0.78554820331628183 -0.92134761252449249
decision_type=2 2 2 2 2 2 2 2 2 2 2 2 2 2 2 2 2 2 2 2
left_child=5 2 14 4 -4 12 7 8 -7 10 -8 -9 15 -14 19 -1 -11 -5 -16 -2
right_child=1 -3 3 17 -6 6 9 11 -10 16 -12 -13 13 -15 18 -17 -18 -19 -20 -21
leaf_value=-0.00014804868808446019 0 0.0018081086374067638 -0.0012986889706287335 0.001150668138385062 0.0001412811218020083 -0.00013199329418070717 -0.00017729461197799057 -0.0011291164134985163 0.00038678971823880118 0 0.0003895924198514885 -6.9294733840128954e-05 -0.00063424257478282716 0.00053788274123697832 0.00037332561175493093 -0.0010461206763144582 -0.00081170650152489544 0.00027396104280855713 0.00095568634492810818 0.00017902570687558338
leaf_weight=23 20 20 54 20 63 628 118 48 99 21 314 34 23 20 34 47 21 31 57 20
leaf_count=23 20 20 54 20 63 628 118 48 99 21 314 34 23 20 34 47 21 31 57 20
internal_value=3.49166e-06 0.000322631 0.000196359 -0.000116495 -0.000514173 -6.78259e-05 -2.22505e-05 -0.000131754 -5.59387e-05 0.000158008 0.000227697 -0.000742928 -0.000545468 -2.43262e-05 0.000613591 -0.000810347 -0.000459515 0.000718149 0.000788875 0.000117837
internal_weight=1715 319 299 168 117 1396 1283 809 727 474 432 82 113 43 131 70 42 51 91 40
internal_count=1715 319 299 168 117 1396 1283 809 727 474 432 82 113 43 131 70 42 51 91 40
is_linear=0
shrinkage=0.03


Tree=66
num_leaves=23
num_cat=0
split_feature=25 11 33 19 25 11 25 34 19 27 27 17 31 14 27 19 14 9 31 22 22 17
split_gain=0.0424011 0.057005 0.0409668 0.109117 0.0516871 0.0270267 0.040831 0.0229064 0.0249363 0.0272773 0.0228974 0.0225751 0.0264146 0.0185062 0.0179011 0.0148259 0.0140575 0.0104325 0.00744872 0.00739221 0.00679108 0.00551947
threshold=0.65606870475599277 0.83681829453885659 -0.35254889565660125 0.33853790656705213 1.3290765106438764 0.45520182709972562 -0.094187072366871946 -0.13038788986765662 -0.18302221117161535 -0.24456929440275146 -0.24479842776645322 -0.56408399443685109 -0.010593619254566087 -0.55623870728391378 -0.24460744326805814 -0.023320157877901457 1.336673433789987 1.397723718447587 -0.010626649510371478 -0.4935090776192072 -0.51839643344806885 -0.43019181195656647
decision_type=2 2 2 2 2 2 2 2 2 2 2 2 2 2 2 2 2 2 2 2 2 2
left_child=5 2 20 -4 -5 7 13 11 14 -10 19 18 -13 -7 -9 -3 -12 -15 -1 -8 -2 -22
right_child=1 15 3 4 -6 6 10 8 9 -11 16 12 -14 17 -16 -17 -18 -19 -20 -21 21 -23
leaf_value=0.00039932832021176261 0.00011533935742214494 0.0017052719981099167 -0.0020433547042496502 -0.00039727916559663558 0.0008123868746801495 -0.0010626123654180945 0.00010083281542028998 0.00016233740840315087 0.00053518650897455456 -0.00029269201108016158 0.0011656647258115789 -0.00025120514910947071 0.0005327939327806234 -0.00022669273573418637 0.00080089248808844085 0.00057339739968068895 0 -0.00088482844262762232 0 -0.00048995479791086511 0.00010016677553927443 0.00092485028357623374
leaf_weight=85 40 24 22 68 53 46 29 116 46 124 23 490 37 175 75 47 21 29 70 30 20 45
leaf_count=85 40 24 22 68 53 46 29 116 46 124 23 490 37 175 75 47 21 29 70 30 20 45
internal_value=3.42186e-06 0.000315439 8.31045e-05 -0.000231486 0.000115216 -6.62564e-05 -0.000292217 7.96993e-06 0.000202857 -4.59407e-05 0.000185893 -9.12459e-05 -0.000187797 -0.000500924 0.00043705 0.00105017 0.000694606 -0.000346212 0.000215373 -0.000160353 0.000533854 0.000730833
internal_weight=1715 319 248 143 121 1396 353 1043 361 170 103 682 527 250 191 71 44 204 155 59 105 65
internal_count=1715 319 248 143 121 1396 353 1043 361 170 103 682 527 250 191 71 44 204 155 59 105 65
is_linear=0
shrinkage=0.03


Tree=67
num_leaves=16
num_cat=0
split_feature=25 27 22 22 19 11 31 19 31 19 22 25 11 28 22
split_gain=0.0410245 0.0853815 0.0418813 0.040953 0.0495811 0.0309402 0.0379724 0.0254361 0.0512191 0.0432975 0.0499647 0.0390758 0.0246241 0.015526 0.0107674
threshold=0.37716724589211631 0.91076123813452214 1.846492482854688 -0.34754601853632577 1.8900799936387103 -0.6997502541432985 -0.010607929937052559 -0.18302221117161535 -0.010563390830553391 1.4625213276327298 -1.1066873425202031 -0.51598892589349299 0.026980668468730699 -0.10537495885988428 0.19843638562674346
decision_type=2 2 2 2 2 2 2 2 2 2 2 2 2 2 2
left_child=5 2 3 12 -5 6 13 8 11 10 -9 -7 -2 -1 -15
right_child=1 -3 -4 4 -6 7 -8 9 -10 -11 -12 -13 -14 14 -16
leaf_value=-0.0006187179010464914 3.5025203371333192e-05 0.0019781254279660058 0.0010694568043830258 -0.00074838513316867375 0.00029160297036779899 -0.00039753851588230081 0.0010939154363862286 0.0001009443907532841 0.00083341351739687119 0.00055295299011497547 -0.00070284621111752561 9.9799785291404167e-05 0.00058863716146500763 0.00042282125245849913 -6.8682289483452526e-05
leaf_weight=24 213 21 37 99 62 262 35 88 51 36 240 290 118 70 69
leaf_count=24 213 21 37 99 62 262 35 88 51 36 240 290 118 70 69
internal_value=3.66962e-06 0.000218197 0.000131932 4.9312e-05 -0.000331592 -9.5341e-05 0.000237732 -0.000167157 -4.14225e-05 -0.000365233 -0.000479171 -0.000131723 0.000244882 1.93701e-05 0.000161414
internal_weight=1715 550 529 492 161 1165 198 967 603 364 328 552 331 163 139
internal_count=1715 550 529 492 161 1165 198 967 603 364 328 552 331 163 139
is_linear=0
shrinkage=0.03


Tree=68
num_leaves=10
num_cat=0
split_feature=27 24 25 20 21 17 17 33 33
split_gain=0.0396506 0.0349406 0.0309067 0.0446212 0.0266959 0.0263387 0.012465 0.00768489 0.00938491
threshold=3.5381077972790154 -1.5392074848912154 3.1168573573588421 1.9283781093544021 1.8684934813858043 0.73742439555142425 -0.4491355320677245 -0.26768868936578233 -0.3306338379295663
decision_type=2 2 2 2 2 2 2 2 2
left_child=1 6 3 4 -3 -4 -1 8 -8
right_child=-2 2 5 -5 -6 -7 7 -9 -10
leaf_value=0 0.0010352456114381889 -1.3144669552760177e-06 0.0014748909156769513 -0.0012850015518488362 0.00073866833744881048 0 -0.00070375036655257091 -0.0010020683457386559 6.6642154604778622e-05
leaf_weight=29 30 1468 21 21 42 20 20 43 21
leaf_count=29 30 1468 21 21 42 20 20 43 21
internal_value=4.0588e-06 -1.43306e-05 2.08761e-05 0 1.87089e-05 0.000804849 -0.000517844 -0.000697494 -0.000263337
internal_weight=1715 1685 1572 1531 1510 41 113 84 41
internal_count=1715 1685 1572 1531 1510 41 113 84 41
is_linear=0
shrinkage=0.03


Tree=69
num_leaves=21
num_cat=0
split_feature=25 24 23 11 24 25 14 27 19 15 15 24 22 17 24 24 17 13 27 11
split_gain=0.0382241 0.103037 0.0469562 0.0528679 0.0434401 0.0395265 0.0640394 0.0388263 0.0357397 0.0296968 0.0251808 0.0362252 0.0251721 0.0249734 0.019651 0.00949498 0.0139562 0.00554532 0.00276993 0.0025043
threshold=0.17456239932583559 -1.1164580321313373 0.17372355289476218 0.52590354581602905 0.77348069785399998 3.1168573573588421 1.035200301320697 -0.24444161146408197 -0.057686177710966624 0.46939076518958855 -0.80959260813629041 0.27612840048943749 1.846492482854688 0.73742439555142425 -1.5392074848912154 -1.5765089071935576 0.34447104156465164 0.87167407413030618 -0.24478394252237692 0.066175412756589932
decision_type=2 2 2 2 2 2 2 2 2 2 2 2 2 2 2 2 2 2 2 2
left_child=2 -2 3 10 5 6 -3 8 -6 17 11 -1 -9 -7 -12 -5 -17 19 -11 -4
right_child=1 4 9 15 7 13 -8 12 -10 18 14 -13 -14 -15 -16 16 -18 -19 -20 -21
leaf_value=-0.0011721699815243482 0.0021591653520160394 -5.5561419053720576e-05 -0.00058700132033334587 -0.0010512914178626878 0.0002334677462394421 0.0014361750492826101 -0.0016659846920520065 -0.00054188412576765222 0.001257939276186174 -0.00010570988816471071 -0.0002892152780524469 7.3085928058180092e-05 0.00046196302231068593 0 0.00024082567375903729 -0.00062707086299945193 -1.0024009991578661e-05 -9.250357941440913e-05 0.00029045900999959226 -0.0011561371440518685
leaf_weight=29 20 386 71 25 75 21 21 44 65 21 64 49 39 20 526 74 76 20 25 44
leaf_count=29 20 386 71 25 75 21 21 44 65 21 64 49 39 20 526 74 76 20 25 44
internal_value=3.91255e-06 0.000177568 -0.000110526 -1.20593e-05 0.000104705 -6.01172e-05 -0.000157554 0.000445506 0.000746506 -0.000545154 0.000106275 -0.000379123 -3.56524e-05 0.000783731 0.000177098 -0.000474789 -0.000340368 -0.000767421 5.29758e-05 -0.000854039
internal_weight=1715 691 1024 843 671 448 407 223 140 181 668 78 83 41 590 175 150 135 46 115
internal_count=1715 691 1024 843 671 448 407 223 140 181 668 78 83 41 590 175 150 135 46 115
is_linear=0
shrinkage=0.03


Tree=70
num_leaves=19
num_cat=0
split_feature=25 32 11 33 25 8 16 24 19 15 32 20 15 28 10 25 14 20
split_gain=0.0367853 0.0898765 0.0316109 0.031395 0.0493181 0.0552259 0.0266532 0.0254298 0.0259853 0.0392852 0.0302277 0.0210393 0.0219087 0.0119902 0.0105934 0.0095277 0.00638215 0.00240265
threshold=0.49149681341170753 1.1374116967355887 -0.69492876284917415 -0.35254889565660308 3.1168573573588421 -0.82731147762497004 -0.11619504635763746 -1.6138103294958999 -0.19717378753153733 -0.71434622169895556 -0.2868010956658848 -0.9293586020933734 -0.16393595220859739 -0.043749659145231094 0.15622104065349687 0.71633071228723333 -0.41307989286538865 0.20692328737171128
decision_type=2 2 2 2 2 2 2 2 2 2 2 2 2 2 2 2 2 2
left_child=2 3 11 6 5 -5 15 -4 10 -10 -9 -1 16 -14 -6 -2 -13 -8
right_child=1 -3 7 4 14 -7 17 8 9 -11 -12 12 13 -15 -16 -17 -18 -19
leaf_value=0.00090209077289910044 -7.6007480806136014e-05 0.0020735204344534352 -0.0010141279217336446 -0.0013674803583784713 0.0012327840221924304 -4.8339026583484965e-05 0.00053045968383117772 0.00077265153277318826 -0.00089563338571867668 -0.00014606898531572648 -5.3468008758905937e-05 0 0.00049155935258604578 -8.5853421632703895e-05 9.2723001187550831e-05 0.0004646621687687002 -0.00054242968520182852 0.0011704279218933411
leaf_weight=33 88 20 28 35 20 138 68 40 80 334 535 38 102 34 21 37 39 25
leaf_count=33 88 20 28 35 20 138 68 40 80 334 535 38 102 34 21 37 39 25
internal_value=3.47058e-06 0.000236472 -7.79086e-05 0.000130813 -0.000116132 -0.000351023 0.000385088 -0.000153473 -0.000123089 -0.000303508 2.52288e-06 0.000220523 8.9977e-05 0.000326886 0.000763168 6.77329e-05 -0.000287527 0.000764944
internal_weight=1715 452 1263 432 214 173 218 1017 989 414 575 246 213 136 41 125 77 93
internal_count=1715 452 1263 432 214 173 218 1017 989 414 575 246 213 136 41 125 77 93
is_linear=0
shrinkage=0.03


Tree=71
num_leaves=17
num_cat=0
split_feature=25 24 24 13 34 25 14 22 22 24 17 27 25 22 27 17
split_gain=0.0352327 0.0939262 0.0412791 0.0383967 0.0367935 0.0360377 0.0597103 0.030198 0.0254665 0.0241683 0.02336 0.0224201 0.0207527 0.0152654 0.0054817 0.00304381
threshold=0.17456239932583559 -1.1164580321313373 0.77348069785399998 -0.90087143384193735 -0.13029274107975239 3.1168573573588421 1.035200301320697 1.921103236205544 1.6177597228399427 -1.6138103294958999 0.73742439555142425 -0.24480239757501474 0.587529028178429 0.2887492645108613 -0.077662061714995081 -0.66287869612715034
decision_type=2 2 2 2 2 2 2 2 2 2 2 2 2 2 2 2
left_child=3 -2 5 13 8 6 -3 9 -4 -5 -7 -11 -6 14 15 -1
right_child=1 2 4 7 12 10 -8 -9 -10 11 -12 -13 -14 -15 -16 -17
leaf_value=0.00087459318790119125 0.0020626057630971717 -5.4532753820408369e-05 0.00031578527164276477 -0.00094541289301758443 -0.00060312000624040464 0.0013760903892107307 -0.0016101066235187317 -0.0010196369327114601 0.0011503403787751897 -0.00062745923279812011 0 -5.0379727525267975e-05 0.00049112265460881527 -6.350838286536081e-05 2.1868640297235773e-05 0.00015200925314717967
leaf_weight=47 20 386 103 30 38 21 21 35 62 65 20 765 20 39 23 20
leaf_count=47 20 386 103 30 38 21 21 35 62 65 20 765 20 39 23 20
internal_value=3.49366e-06 0.000170286 0.000100503 -0.000106306 0.000432802 -6.00322e-05 -0.000153307 -0.000178512 0.000662175 -0.000137378 0.00074503 -0.000101271 -0.000171018 0.000364599 0.000578435 0.000717512
internal_weight=1715 691 671 1024 223 448 407 895 165 860 41 830 58 129 90 67
internal_count=1715 691 671 1024 223 448 407 895 165 860 41 830 58 129 90 67
is_linear=0
shrinkage=0.03


Tree=72
num_leaves=17
num_cat=0
split_feature=25 11 24 25 15 24 33 33 10 25 29 14 19 25 19 11
split_gain=0.0338792 0.045964 0.0537162 0.0902218 0.0421391 0.0251735 0.0204118 0.0385418 0.0477206 0.0360639 0.0158897 0.0136598 0.0184796 0.0141225 0.00655155 0.00605926
threshold=0.79493744224690477 0.83681829453885659 -0.4077310083868359 3.2553498483278931 0.011865288781422971 -1.6138103294958999 0.085999859546178878 -0.3306338379295663 0.99074791325084133 -0.65779702528054507 -0.17801544765765184 0.53887225921498827 -0.92493234298919424 -0.39304442005703139 0.44365872432154196 -1.1380484872788272
decision_type=2 2 2 2 2 2 2 2 2 2 2 2 2 2 2 2
left_child=5 2 3 -2 -3 -1 7 9 -9 -7 14 12 -8 -13 -4 -12
right_child=1 4 10 -5 -6 6 11 8 -10 -11 15 13 -14 -15 -16 -17
leaf_value=-0.00080573678095466805 -0.0019288476408380248 0.0017304762967196956 0.00038339476773272392 0.00036349338171567068 8.8402786894756195e-05 -0.00057727110272701653 0 0.00049033980537182371 -0.00056130001534157516 0 0.00033040515689179299 -0.00032969332888023927 -0.00069583863615425249 0.00042237356469766903 0.0011573379147448576 -0.00028731489054520024
leaf_weight=36 25 32 66 29 31 109 52 244 41 797 22 45 96 39 21 30
leaf_count=36 25 32 66 29 31 109 52 244 41 797 22 45 96 39 21 30
internal_value=3.40921e-06 0.000321257 6.95568e-05 -0.000690806 0.00100867 -5.0854e-05 -2.79977e-05 2.00273e-05 0.000324364 -7.31618e-05 0.00039443 -0.000284414 -0.00045531 0 0.000635893 0
internal_weight=1715 256 193 54 63 1459 1423 1191 285 906 139 232 148 84 87 52
internal_count=1715 256 193 54 63 1459 1423 1191 285 906 139 232 148 84 87 52
is_linear=0
shrinkage=0.03


Tree=73
num_leaves=12
num_cat=0
split_feature=27 24 23 24 23 29 15 31 31 27 17
split_gain=0.0320301 0.028342 0.0246065 0.0612803 0.0465876 0.0359613 0.020704 0.0179207 0.0142323 0.0158028 0.00762846
threshold=3.5381077972790154 -1.5392074848912154 -0.98809873485887567 -0.37042958608449367 -0.86947423701015591 -0.25642819790532179 1.9712115408356621 -0.031104724384516943 -0.010717103582610884 -0.24465908830692781 -0.37891633988628576
decision_type=2 2 2 2 2 2 2 2 2 2 2
left_child=1 8 6 4 -4 -5 7 -3 10 -10 -1
right_child=-2 2 3 5 -6 -7 -8 -9 9 -11 -12
leaf_value=-7.6976310946047302e-05 0.00093023939616978157 -6.7252870335170201e-07 -9.6971256542019504e-06 -0.0010482535167996372 -0.0015739198214840143 3.8841691379356662e-05 -0.00038376272429013628 0.00047753941365800707 -0.00053486412204802037 0.00054311519348993896 -0.00093711857777602464
leaf_weight=22 30 86 37 25 37 1137 35 215 23 20 48
leaf_count=22 30 86 37 25 37 1137 35 215 23 20 48
internal_value=3.2655e-06 -1.30852e-05 1.8441e-05 -4.14982e-05 -0.000861619 1.0239e-05 0.000246197 0.000332381 -0.000466658 0 -0.000722157
internal_weight=1715 1685 1572 1236 74 1162 336 301 113 43 70
internal_count=1715 1685 1572 1236 74 1162 336 301 113 43 70
is_linear=0
shrinkage=0.03


Tree=74
num_leaves=17
num_cat=0
split_feature=25 24 24 22 33 25 20 27 23 10 17 14 22 27 25 24
split_gain=0.0327488 0.0780882 0.0376607 0.0343122 0.0330099 0.0329112 0.0485074 0.0321229 0.0398561 0.0264731 0.0217245 0.021356 0.0212734 0.0201917 0.00600585 0.00512535
threshold=0.27255780926350887 -1.1040242246972232 0.77348069785399998 1.921103236205544 1.4273970816954673 3.1168573573588421 0.89368031061834186 -0.24439072743592768 0.50517435570736169 -1.1548919634611374 0.73742439555142425 1.796068930507039 1.846492482854688 -0.24455641217812205 0.012687805509299542 -1.4770384477206451
decision_type=2 2 2 2 2 2 2 2 2 2 2 2 2 2 2 2
left_child=3 -2 5 4 9 6 -3 8 -4 15 -7 -6 -9 -11 -5 -1
right_child=1 2 7 14 11 10 -8 12 -10 13 -12 -13 -14 -15 -16 -17
leaf_value=0 0.0018983001536487234 1.5990187926606566e-05 4.1252103835666693e-05 -0.0012636827909602566 -0.0011575636970452391 0.0013324840071145445 -0.00081904655955670591 -0.00047407537873062788 0.0012309154327958822 -0.00021694847918094052 0 0 0.00050709317601285882 6.5474877723654761e-05 -0.00024735247546240041 0.00069335798277557535
leaf_weight=21 20 319 49 23 36 21 73 41 66 403 20 26 33 494 20 50
leaf_count=21 20 319 49 23 36 21 73 41 66 403 20 26 33 494 20 50
internal_value=2.77068e-06 0.000173473 0.000104367 -9.67752e-05 -5.76817e-05 -4.41401e-05 -0.000136959 0.000455595 0.000763375 -1.05506e-05 0.000723946 -0.000712933 0 -5.83779e-05 -0.000903149 0.00053102
internal_weight=1715 642 622 1073 1030 433 392 189 115 968 41 62 74 897 43 71
internal_count=1715 642 622 1073 1030 433 392 189 115 968 41 62 74 897 43 71
is_linear=0
shrinkage=0.03


Tree=75
num_leaves=17
num_cat=0
split_feature=25 11 24 22 29 23 24 11 19 27 31 20 25 11 28 11
split_gain=0.0319251 0.042882 0.0453556 0.0892974 0.0271909 0.0260483 0.022183 0.0202361 0.0173071 0.0388298 0.0374632 0.0168186 0.0140269 0.0130146 0.00816267 0.00223187
threshold=0.65606870475599277 0.83681829453885659 -0.4077310083868359 -0.3937800548287051 -0.17801544765765184 -0.99507664649703564 -1.5889427146276718 -0.83908223744723476 -0.19717378753153733 -0.091713377782897745 -0.010563390830553391 -0.86244696283474775 1.1086268309084828 0.30102162718046893 -0.0075957324380823863 0.56863587391414128
decision_type=2 2 2 2 2 2 2 2 2 2 2 2 2 2 2 2
left_child=6 2 3 -2 13 -3 15 11 10 -10 -9 -8 -6 -4 -13 -1
right_child=1 5 4 -5 12 -7 7 8 9 -11 -12 14 -14 -15 -16 -17
leaf_value=-0.00028122411795299162 0.0003183991121614407 0.0001422220547816583 0.00070273399361509025 -0.00197803278786775 -0.00057144721594369532 0.0014160594961805534 0.00093196086134994408 -4.133355666343844e-05 -0.00010308939654948646 -0.00091318593564022681 0.00075696693918796186 0.00025460698515976306 0.00022424867132212969 0 -0.00023001024864900571 -0.00099239791208959147
leaf_weight=30 31 32 102 23 35 39 27 565 501 59 55 103 33 24 36 20
leaf_count=30 31 32 102 23 35 39 27 565 501 59 55 103 33 24 36 20
internal_value=2.8455e-06 0.000273805 7.05699e-05 -0.000659707 0.000296022 0.000911517 -5.73815e-05 -3.12611e-05 -7.70482e-05 -0.000198179 2.79721e-05 0.000272052 -0.000149888 0.000557817 0.00010576 -0.000662369
internal_weight=1715 319 248 54 194 71 1396 1346 1180 560 620 166 68 126 139 50
internal_count=1715 319 248 54 194 71 1396 1346 1180 560 620 166 68 126 139 50
is_linear=0
shrinkage=0.03


Tree=76
num_leaves=22
num_cat=0
split_feature=25 14 19 22 19 22 33 33 25 33 33 15 14 16 13 30 16 23 22 28 12
split_gain=0.0304104 0.0392061 0.0441584 0.0434471 0.0437067 0.0365432 0.0222234 0.0364831 0.0445769 0.0321292 0.0360328 0.0248579 0.0199248 0.0190876 0.0155305 0.0171749 0.0224188 0.0175601 0.00373687 0.00349801 0.00200008
threshold=0.79493744224690477 0.50179395139290961 0.35066749892624677 -0.33163863646014596 1.5888683424805929 -0.38164426172865301 -0.017122510520303412 -0.3306338379295663 -0.65779702528054507 -0.30373221988506754 -0.25389487836050056 0.18747413846401637 1.15306521005817 -0.47244870327423699 -1.0773892705749517 0.53644186920359982 0.14987264666437683 -0.98809873485887567 -0.51839643344806885 0.015035279374618441 0.52158054582460778
decision_type=2 2 2 2 2 2 2 2 2 2 2 2 2 2 2 2 2 2 2 2 2
left_child=6 3 -3 5 -5 18 7 8 13 20 -11 -10 -4 -1 19 16 -16 -17 -2 -8 -9
right_child=1 2 12 4 -6 -7 14 9 11 10 -12 -13 -14 -15 15 17 -18 -19 -20 -21 -22
leaf_value=3.4884950253539355e-05 0.00014447520239706577 -0.001371988863400791 -0.00025784842589564506 -0.00098444743564248026 0.00053589614525553764 0.0019803834119811654 0.00033004202881334896 0.0010457459974568335 -7.7104663590291345e-05 -0.00037518459001538998 0.00040994407463502204 0.00037567786242983018 0.00085135293153871313 -0.00080794869064904594 -0.0003060030404741845 0.0004474051824538037 -0.0012468117463697748 -0.00041358216525539038 0.0006946748462374466 -7.7462542913854103e-05 0.00028712017332082208
leaf_weight=23 34 20 29 26 37 21 31 45 674 79 136 127 21 95 88 32 38 49 68 22 20
leaf_count=23 34 20 29 26 37 21 31 45 674 79 136 127 21 95 88 32 38 49 68 22 20
internal_value=2.65677e-06 0.000303896 -0.000265403 0.000534834 -6.23201e-05 0.000858704 -4.86627e-05 3.64639e-06 -8.5286e-05 0.000303946 0.0001065 -4.49919e-07 0.000173232 -0.000622082 -0.000298585 -0.000418155 -0.000635392 -3.38939e-05 0.000549214 0.00011223 0.000879405
internal_weight=1715 256 70 186 63 123 1459 1199 919 280 215 801 50 118 260 207 126 81 102 53 65
internal_count=1715 256 70 186 63 123 1459 1199 919 280 215 801 50 118 260 207 126 81 102 53 65
is_linear=0
shrinkage=0.03


Tree=77
num_leaves=21
num_cat=0
split_feature=25 27 23 25 24 22 27 19 25 20 21 19 19 33 22 17 24 27 31 12
split_gain=0.0292719 0.0752697 0.0410556 0.0398745 0.0369572 0.0361627 0.0339846 0.0338122 0.0317595 0.0430885 0.0307337 0.0299059 0.0268265 0.0263598 0.0201037 0.0199089 0.0166092 0.0130771 0.0122254 0.0027483
threshold=0.17456239932583559 1.8306306500638747 0.17372355289476218 -0.51598892589349299 0.77348069785399998 -1.1107668163107076 -0.24444161146408197 -0.44784585344205924 3.1168573573588421 0.89368031061834186 0.29608958733070623 -0.057686177710966624 1.3968207129316133 0.14849707786869656 1.846492482854688 0.73742439555142425 -0.92995092061962648 -0.24480227530427648 -0.010027326927173643 -0.61330373370920077
decision_type=2 2 2 2 2 2 2 2 2 2 2 2 2 2 2 2 2 2 2 2
left_child=2 4 3 5 8 13 11 -7 9 -2 16 -6 18 -1 -8 -10 -5 -12 19 -4
right_child=1 -3 12 10 6 7 14 -9 15 -11 17 -13 -14 -15 -16 -17 -18 -19 -20 -21
leaf_value=0.00059466483952322347 0 0.0018497660807941269 -0.00017225512983682362 0.00022795770916580866 0.00021466870670421766 -0.00015255627891801678 -0.00049618871524394984 -0.00084199324839523643 0.0012776587770786134 -0.00077226257424481437 4.549739593976592e-05 0.0011574815341035204 0.00025576237327749695 -0.0003584676504135132 0.00039853946345725229 0 0.00082664736165091962 -0.00061547043328755537 0 -0.00084577661193907256
leaf_weight=78 330 20 20 143 75 318 44 84 21 77 80 65 28 32 39 20 75 33 22 111
leaf_count=78 330 20 20 143 75 318 44 84 21 77 80 65 28 32 39 20 75 33 22 111
internal_value=2.69332e-06 0.00015488 -9.7234e-05 -4.99152e-06 9.19018e-05 -0.000173985 0.000406507 -0.000309195 -5.97093e-05 -0.000147595 0.000246646 0.000688482 -0.000503459 0.000288686 -4.16536e-05 0.000695111 0.000455929 -0.000132592 -0.000663879 -0.000771496
internal_weight=1715 691 1024 843 671 512 223 402 448 407 331 140 181 110 83 41 218 113 153 131
internal_count=1715 691 1024 843 671 512 223 402 448 407 331 140 181 110 83 41 218 113 153 131
is_linear=0
shrinkage=0.03


Tree=78
num_leaves=12
num_cat=0
split_feature=27 24 16 21 17 29 31 27 17 5 15
split_gain=0.0275392 0.0251974 0.0213802 0.0194291 0.0215247 0.0154839 0.0137233 0.0137821 0.00745867 0.00160484 0.000434551
threshold=3.9315299792441527 -1.5392074848912154 -1.6056269473615801 1.879412952872298 0.26506609617840687 -0.13680434253282472 -0.010717103582610884 -0.24465908830692781 -0.37891633988628576 -0.35391082380373201 0.40469042284683038
decision_type=2 2 2 2 2 2 2 2 2 2 2
left_child=1 6 5 4 -4 9 8 -8 -1 -3 -5
right_child=-2 2 3 10 -6 -7 7 -9 -10 -11 -12
leaf_value=-5.6350504159927362e-05 0.0009546963981912186 0.0011572567477984273 -0.00011650424757212373 0.00019471408163561769 0.00011793498517827158 -2.1095900044131673e-06 -0.00048465349193877328 0.00052323128777029715 -0.00089973300180452701 0.00038160989512689409 0.00083915431722593698
leaf_weight=22 24 20 900 20 568 23 23 20 48 27 20
leaf_count=22 24 20 900 20 568 23 23 20 48 27 20
internal_value=2.81831e-06 -1.05873e-05 1.89291e-05 -3.36432e-06 -2.36998e-05 0.00052069 -0.000438464 0 -0.000688975 0.000821304 0.000622767
internal_weight=1715 1691 1578 1508 1468 70 113 43 70 47 40
internal_count=1715 1691 1578 1508 1468 70 113 43 70 47 40
is_linear=0
shrinkage=0.03


Tree=79
num_leaves=19
num_cat=0
split_feature=25 32 27 22 22 16 27 22 25 25 25 15 22 8 17 19 22 8
split_gain=0.0279874 0.0625639 0.0464994 0.0308825 0.0277193 0.024472 0.0270035 0.0226547 0.0250984 0.0192686 0.0145555 0.0115128 0.0137086 0.0078259 0.00417892 0.00380183 0.0137386 0.000373978
threshold=0.37716724589211631 1.4393970469566322 -0.18173872298234517 1.6177597228399427 -0.33163863646014596 0.78506219332127103 -0.24480239757501474 1.743376727106033 -0.51598892589349299 -0.14234978768248155 0.2636228037583585 -0.71434622169895556 -1.0181961154544878 -0.63426947607358708 0.3961920209813396 -0.23356102115386521 1.680285997226475 -0.22046001665828657
decision_type=2 2 2 2 2 2 2 2 2 2 2 2 2 2 2 2 2 2
left_child=5 2 3 4 -2 6 14 8 -8 11 -9 -7 -13 -5 17 -11 -17 -1
right_child=1 -3 -4 13 -6 9 7 10 -10 15 -12 12 -14 -15 -16 16 -18 -19
leaf_value=-0.00022685249133501203 0.00020528519842158335 0.0015201939459424463 -0.00086136895071192655 0.00011611726357216905 -0.00040134701809189959 -0.00098927569546951679 -4.166014986417324e-05 -0.00073885456709148428 0.00030995013150379415 0.00035570606399726654 5.6923098655210598e-05 0.00012627243362734779 -0.00047333248294113817 0.0010681672898852929 0 -0.00062864844960859047 0.00031679923038464044 -0.00064075868336581864
leaf_weight=37 347 27 38 20 79 36 383 46 325 25 24 35 132 39 20 21 27 54
leaf_count=37 347 27 38 20 79 36 383 46 325 25 24 35 132 39 20 21 27 54
internal_value=2.92283e-06 0.000180403 9.72566e-05 0.000183346 8.37747e-05 -7.85457e-05 0 6.1352e-05 0.00011615 -0.000323681 -0.000433794 -0.000474191 -0.000330009 0.00081506 -0.000432896 5.75814e-05 -5.06585e-05 -0.000516993
internal_weight=1715 550 523 485 426 1165 889 778 708 276 70 203 167 59 111 73 48 91
internal_count=1715 550 523 485 426 1165 889 778 708 276 70 203 167 59 111 73 48 91
is_linear=0
shrinkage=0.03


Tree=80
num_leaves=23
num_cat=0
split_feature=25 11 15 33 25 21 33 33 25 11 11 15 34 17 11 25 11 27 14 33 15 13
split_gain=0.0271548 0.0369222 0.0314201 0.0250815 0.0511401 0.10245 0.0205622 0.0337816 0.0397831 0.0372619 0.0262998 0.0228516 0.0195025 0.0187487 0.0149367 0.0191504 0.0222666 0.00585004 0.0045843 0.00351102 0.00254407 0.000260608
threshold=0.79493744224690477 0.98473526187667038 0.080146587102676303 -0.35254889565660125 3.1168573573588421 -0.77401861834567964 -0.017122510520303412 -0.3306338379295663 -0.65779702528054507 0.78714441394322487 -0.42682795092641063 0.18747413846401637 -0.13101781052050096 0.73742439555142425 -0.9640749437866124 -1.3291889234260434 2.3898457510343052 0.50614919475505415 0.39603753777051803 -0.27613200689673445 -0.82996928033077311 -1.1626072405993766
decision_type=2 2 2 2 2 2 2 2 2 2 2 2 2 2 2 2 2 2 2 2 2 2
left_child=6 3 -3 20 5 -5 7 8 10 12 -1 -10 -9 -6 18 17 -17 -16 -8 -11 -2 -20
right_child=1 2 -4 4 13 -7 14 9 11 19 -12 -13 -14 -15 15 16 -18 -19 21 -21 -22 -23
leaf_value=0.00026777436589295772 0.00018533580527246857 0.0017303247818102436 0.0001406604949264757 -0.0021229802611180473 0.0012301851699594408 3.2002445529488956e-05 -0.00019475613985090484 6.029523106849659e-05 -7.4211575784433314e-05 -0.00066090699677754728 -0.0007951745054342248 0.00035989568618488891 0.00066818472758536321 0 -0.00019120062317233533 -0.00085352268833032037 0 0.00040268724128279999 0.00035026241104222007 0 0.00073262135554729704 0
leaf_weight=20 36 24 28 24 21 65 28 88 674 25 98 127 145 20 39 96 32 20 24 22 38 21
leaf_count=20 36 24 28 24 21 65 28 88 674 25 98 127 145 20 39 96 32 20 24 22 38 21
internal_value=2.72107e-06 0.00028746 0.000983259 8.39269e-05 -0.000149569 -0.000566786 -4.56753e-05 4.5537e-06 -8.09204e-05 0.000293577 -0.000588048 -5.65669e-07 0.000454992 0.000664809 -0.000286125 -0.000428254 -0.000630532 0 4.10183e-05 -0.000425921 0.00052293 0.000253226
internal_weight=1715 256 52 204 130 89 1459 1199 919 280 118 801 233 41 260 187 128 59 73 47 74 45
internal_count=1715 256 52 204 130 89 1459 1199 919 280 118 801 233 41 260 187 128 59 73 47 74 45
is_linear=0
shrinkage=0.03


Tree=81
num_leaves=22
num_cat=0
split_feature=25 11 24 21 15 31 10 17 19 24 19 21 31 25 15 21 21 14 25 27 27
split_gain=0.0259707 0.036523 0.0411566 0.0925742 0.0234702 0.0226998 0.0195342 0.0245342 0.0319099 0.0269984 0.020886 0.0200194 0.0191392 0.0153512 0.0143324 0.0132341 0.027296 0.0125398 0.0124491 0.0109432 0.00939801
threshold=0.65606870475599277 0.83681829453885659 -0.4077310083868359 -1.6584958087516721 0.011865288781422971 -0.010730641222844032 -0.57556958553818849 0.31284419322472706 1.4402841198396346 -1.5392074848912154 0.51643473401067819 1.4644730363855361 -0.011066506615316539 0.88820286505166934 0.26013219457130859 0.54723743152006221 0.066780686114337795 -0.28576927269503266 1.1086268309084828 -0.2385903057743122 -0.2439964893323843
decision_type=2 2 2 2 2 2 2 2 2 2 2 2 2 2 2 2 2 2 2 2 2
left_child=6 2 3 -2 13 18 14 8 10 12 -8 -11 -9 -3 15 16 -1 -7 -4 -16 -17
right_child=1 4 5 -5 -6 17 7 9 -10 11 -12 -13 -14 -15 19 20 -18 -19 -20 -21 -22
leaf_value=-8.7744930168111377e-05 0.00032577669615192073 0.00040261353155517061 -0.00052974139958754862 -0.0020265211900882423 8.8214542086729217e-05 0.00021205082163234897 -0.0001990501617285729 -0.0011648864141181826 0.00082430391412471296 0.00020144034067834816 -0.00071014902562295122 -0.00045319845378398893 0 0.0018957875166088342 0.00098940477477153766 0 0.00068706687671047718 0.00090450984403929284 0.00021971217199461535 9.5415071945171805e-05 -0.00057769609977258369
leaf_weight=92 32 20 35 22 31 78 483 23 20 386 92 42 33 20 27 61 63 48 33 37 37
leaf_count=92 32 20 35 22 31 78 483 23 20 386 92 42 33 20 27 61 63 48 33 37 37
internal_value=2.94216e-06 0.000247476 5.90627e-05 -0.000636155 0.00083598 0.000274546 -5.12027e-05 -0.000113601 -0.000242882 3.96872e-05 -0.000289278 0.000127532 -0.000553198 0.00129914 0.000150885 3.43145e-05 0.000215257 0.000514001 -0.000129867 0.000544757 -0.000220061
internal_weight=1715 319 248 54 71 194 1396 1079 595 484 575 428 56 40 317 253 155 126 68 64 98
internal_count=1715 319 248 54 71 194 1396 1079 595 484 575 428 56 40 317 253 155 126 68 64 98
is_linear=0
shrinkage=0.03


Tree=82
num_leaves=12
num_cat=0
split_feature=24 34 31 29 33 15 24 31 27 24 17
split_gain=0.0238726 0.0528053 0.0246648 0.0381101 0.0279708 0.0161181 0.0157839 0.012545 0.0125478 0.00890524 0.0065898
threshold=-1.5392074848912154 2.9951349255802113 -0.029291299942534502 -0.1617703560533528 -0.085234826113915377 -0.37942058134022871 0.28856220792355153 -0.010717103582610884 -0.24465908830692781 -1.3402665659453901 -0.37891633988628576
decision_type=2 2 2 2 2 2 2 2 2 2 2
left_child=7 2 5 4 -4 -2 -7 10 -9 -5 -1
right_child=1 -3 3 9 -6 6 -8 8 -10 -11 -12
leaf_value=-4.7090405244380226e-05 -0.00083030436577142337 0.0013512570230911174 3.6483140270988126e-05 0 -0.00086045834755714163 0 -0.00076079456564038985 -0.00045511209815203286 0.0005068122770880227 0.00075629475226103343 -0.00084856458390405499
leaf_weight=22 39 24 1239 20 29 145 27 23 20 79 48
leaf_count=22 39 24 1239 20 29 145 27 23 20 79 48
internal_value=3.04287e-06 3.48025e-05 1.03567e-05 5.89474e-05 1.16266e-05 -0.000286841 -0.00013435 -0.000410606 0 0.000617457 -0.000650056
internal_weight=1715 1602 1578 1367 1268 211 172 113 43 99 70
internal_count=1715 1602 1578 1367 1268 211 172 113 43 99 70
is_linear=0
shrinkage=0.03


Tree=83
num_leaves=21
num_cat=0
split_feature=25 11 24 21 15 32 11 21 24 24 24 17 19 17 25 14 32 25 32 17
split_gain=0.0242994 0.0339637 0.039045 0.0877901 0.0219954 0.0212317 0.018754 0.0187492 0.0233173 0.0191225 0.0182552 0.0197175 0.0271843 0.0183442 0.0137684 0.0117938 0.0116325 0.0112978 0.00426919 0.00191787
threshold=0.65606870475599277 0.83681829453885659 -0.4077310083868359 -1.6584958087516721 0.011865288781422971 -0.28342921358514123 -0.69492876284917415 0.53631796003356846 -1.4770384477206451 1.5319429513349578 -1.6138103294958999 0.31284419322472706 1.3968207129316133 0.61329527313525312 0.88820286505166934 -0.41307989286538865 -0.042701849668192064 1.1086268309084828 -0.28594010350684534 -0.45731159176715258
decision_type=2 2 2 2 2 2 2 2 2 2 2 2 2 2 2 2 2 2 2 2
left_child=6 2 3 -2 14 15 7 8 19 18 -8 12 -12 -13 -3 -4 -10 -7 -9 -1
right_child=1 4 5 -5 -6 17 10 9 16 -11 11 13 -14 -15 -16 -17 -18 -19 -20 -21
leaf_value=0 0.0003152234436644254 0.00039115884090247364 0.00019625355176814785 -0.0019739841771963984 8.0467951840118443e-05 -0.00050478834320821125 -0.00083338936904986058 -0.00059631844643674985 0.00084426588664297006 0.00059922304860083393 -0.00022630103626003877 0.00032984324819535681 0.00074236169024907912 -6.5914048785409163e-05 0.0018254145760413095 0.00086538657999404194 0.00010704995274268597 0.00020767403725767506 -7.4585780997778159e-05 -0.00031584672256980818
leaf_weight=20 32 20 76 22 31 35 28 35 72 21 641 157 23 284 20 50 41 33 50 24
leaf_count=20 32 20 76 22 31 35 28 35 72 21 641 157 23 284 20 50 41 33 50 24
internal_value=2.73894e-06 0.00023933 5.71595e-05 -0.000619593 0.000806988 0.000267329 -4.95773e-05 0.00017314 0.000383044 -0.000112218 -0.000104238 -8.08474e-05 -0.000185062 6.94991e-05 0.00125538 0.000498989 0.000612329 -0.000122615 -0.000336513 -0.000143469
internal_weight=1715 319 248 54 71 194 1396 263 157 106 1133 1105 664 441 40 126 113 68 85 44
internal_count=1715 319 248 54 71 194 1396 263 157 106 1133 1105 664 441 40 126 113 68 85 44
is_linear=0
shrinkage=0.03


Tree=84
num_leaves=17
num_cat=0
split_feature=25 32 27 23 13 14 19 31 15 25 25 21 24 27 27 34
split_gain=0.0235372 0.0520843 0.0418941 0.031412 0.0227809 0.0204042 0.0162115 0.0427259 0.0325386 0.0304303 0.0205906 0.014242 0.0109825 0.00770123 0.00616212 0.00314529
threshold=0.35569207304780431 1.4393970469566322 -0.18173872298234517 0.91338218653972103 -0.90087143384193735 0.58262634420086046 -0.18302221117161535 -0.010563390830553391 -0.70727685996843004 -0.51598892589349299 -0.86006746580040006 0.54723743152006221 -1.4770384477206451 -0.24441366709693629 -0.077662061714995081 -0.12923753574219718
decision_type=2 2 2 2 2 2 2 2 2 2 2 2 2 2 2 2
left_child=4 2 3 5 11 -2 7 9 15 -6 -10 12 -1 -5 -14 -8
right_child=1 -3 -4 13 6 -7 8 -9 10 -11 -12 -13 14 -15 -16 -17
leaf_value=0 0.0001642589852988388 0.0013252400620417158 -0.00081489281319747009 0.0011650677011639345 -0.00034704534492495799 -0.00035943054107738135 -0.001026556832188705 0.0007543762054909686 0.00029124787099529684 7.7538025154398179e-05 -0.0002814924517414299 -0.00028963811181685227 0.00073324178972774558 0.0003076928475012 1.0263578214037871e-05 -0.00024355872040209562
leaf_weight=30 360 30 39 29 268 77 50 53 69 325 216 25 65 36 23 20
leaf_count=30 360 30 39 29 268 77 50 53 69 325 216 25 65 36 23 20
internal_value=2.94532e-06 0.000161431 8.44269e-05 0.000164661 -7.37586e-05 6.33445e-05 -0.000126552 -3.13894e-05 -0.000289627 -0.000110095 -0.000130823 0.000270253 0.000417908 0.000768856 0.000583816 -0.000863142
internal_weight=1715 571 541 502 1144 437 1001 646 355 593 285 143 118 65 88 70
internal_count=1715 571 541 502 1144 437 1001 646 355 593 285 143 118 65 88 70
is_linear=0
shrinkage=0.03


Tree=85
num_leaves=16
num_cat=0
split_feature=25 8 11 31 24 14 15 25 21 19 24 17 21 24 14
split_gain=0.0227857 0.0319596 0.0326738 0.0279607 0.0169352 0.0163366 0.0160832 0.044821 0.0298717 0.025324 0.022917 0.0108527 0.00966734 0.00798862 0.00592944
threshold=0.79493744224690477 -0.87653895595368436 -1.0067426148006069 -0.015806916553494057 -1.6138103294958999 0.50179395139290961 0.18747413846401637 -0.95220493121079242 1.0167747054392933 -1.0421819808698627 0.79834831272222806 0.70073379058965302 1.7865974452371014 -0.80561284627848584 1.5912762388295614
decision_type=2 2 2 2 2 2 2 2 2 2 2 2 2 2 2
left_child=4 2 -2 -3 -1 11 8 14 10 -9 -6 -5 -10 -7 -8
right_child=1 3 -4 5 6 13 7 9 12 -11 -12 -13 -14 -15 -16
leaf_value=-0.00066083538747177669 0.0002858677042834461 0.0014503398334491065 -0.0011935475911825778 0.00055099351006545358 -7.7371535141398427e-05 -0.00052273426769949903 -0.00063215686301148284 0.0011191630912521346 -0.00067270115110032414 0.00020049738310207947 0.00041934982672493147 -7.6910373477680281e-05 0 0.0001580641010749297 0
leaf_weight=36 22 20 22 124 840 25 56 30 91 275 89 20 20 23 22
leaf_count=36 22 20 22 124 840 25 56 30 91 275 89 20 20 23 22
internal_value=2.94145e-06 0.000263885 -0.000418979 0.000423433 -4.12399e-05 0.000280412 -2.21039e-05 0.000140497 -8.50931e-05 0.000310619 -2.53691e-05 0.000443587 -0.000544807 -0.000147586 -0.000474553
internal_weight=1715 256 44 212 1459 192 1423 383 1040 305 929 144 111 48 78
internal_count=1715 256 44 212 1459 192 1423 383 1040 305 929 144 111 48 78
is_linear=0
shrinkage=0.03


Tree=86
num_leaves=21
num_cat=0
split_feature=25 24 23 11 24 34 25 20 19 23 15 24 33 17 25 31 28 17 32 12
split_gain=0.021502 0.0571628 0.0355706 0.0377797 0.0331722 0.0292476 0.0286294 0.0350886 0.0225004 0.0188976 0.0173901 0.0262285 0.0179174 0.0167497 0.0145486 0.0116005 0.00714962 0.0133668 0.00953329 0.00236562
threshold=0.17456239932583559 -1.1164580321313373 0.17372355289476218 0.52590354581602905 0.74861308298577189 -0.13029274107975239 3.1168573573588421 0.89368031061834186 1.3968207129316133 0.50517435570736169 -0.80959260813629041 0.27612840048943749 0.057471437164776686 0.73742439555142425 0.587529028178429 -0.010027326927173643 -0.072329213451784821 0.34447104156465164 2.7688918795726978 -0.61330373370920077
decision_type=2 2 2 2 2 2 2 2 2 2 2 2 2 2 2 2 2 2 2 2
left_child=2 -2 3 10 6 9 7 -3 15 -6 11 -1 -12 -8 -7 19 17 -5 -18 -4
right_child=1 4 8 16 5 14 13 -9 -10 -11 12 -13 -14 -15 -16 -17 18 -19 -20 -21
leaf_value=-0.00097535559145035214 0.0016112380053888518 -5.0143378544270282e-06 -0.0001461966904386392 -0.00088320396014023559 6.2921210257031149e-05 -0.0005322928827869274 0.00117994536657352 -0.00071679176990292032 0.0002289691179457511 0.00079107806454218612 0.00024918369318867664 7.9291961164786823e-05 -0.00014220302186662419 0 0.00037290794113853382 0 0.0001320429808186853 -0.00014751242955155189 -0.00059323897415205194 -0.00078201924776352054
leaf_weight=29 20 323 20 53 58 38 21 77 28 114 467 49 123 20 20 22 43 59 20 111
leaf_count=29 20 323 20 53 58 38 21 77 28 114 467 49 123 20 20 22 43 59 20 111
internal_value=2.81878e-06 0.000133479 -8.25626e-05 0 7.8006e-05 0.00036973 -6.8854e-05 -0.000153792 -0.000460471 0.000567968 0.000102996 -0.000297385 0.000162224 0.00064561 -0.000167986 -0.000607851 -0.000388628 -0.000535697 -6.92503e-05 -0.000712781
internal_weight=1715 691 1024 843 671 230 441 400 181 172 668 78 590 41 58 153 175 112 63 131
internal_count=1715 691 1024 843 671 230 441 400 181 172 668 78 590 41 58 153 175 112 63 131
is_linear=0
shrinkage=0.03


Tree=87
num_leaves=22
num_cat=0
split_feature=25 11 15 33 19 33 33 25 11 11 22 15 25 11 25 11 30 22 14 33 31
split_gain=0.0209027 0.0311777 0.0232557 0.0206602 0.0741634 0.0173083 0.0299848 0.038112 0.033182 0.0248097 0.023435 0.0210207 0.0167344 0.0125115 0.0171661 0.0198617 0.00464499 0.00375222 0.00362592 0.00276922 8.74728e-05
threshold=0.79493744224690477 0.98473526187667038 0.080146587102676303 -0.35254889565660125 0.41535711404617842 -0.017122510520303412 -0.33210368727408129 -0.65779702528054507 0.78714441394322487 -0.42682795092641063 0.34062785573349869 0.18747413846401637 1.3290765106438764 -0.9640749437866124 -1.3291889234260434 2.3898457510343052 0.72444106105977901 -0.51839643344806885 0.39603753777051803 -0.27613200689673445 -0.043585634454487897
decision_type=2 2 2 2 2 2 2 2 2 2 2 2 2 2 2 2 2 2 2 2 2
left_child=5 3 -3 17 -5 6 7 9 10 -1 -8 -9 -6 18 16 -16 -15 -2 -7 -10 -20
right_child=1 2 -4 4 12 13 8 11 19 -11 -12 -13 -14 14 15 -17 -18 -19 20 -21 -22
leaf_value=0.00024019108793657757 0.00010084884462727081 0.0015397268635634744 0.0001440721733135081 -0.0012429564157035199 -9.0797927314111883e-05 -0.00016753758861112497 0.00077855487408803642 -6.8402099832197698e-05 -0.00057223085683560178 -0.00079376799301098791 0.0001397160647856574 0.00034943000223422633 0.00065096630623458684 -0.00016040018640129213 -0.00079334522767881437 0 0.00036088035657303407 0.00067571619082632103 8.9665779378265074e-06 0 0.00033419107405327102
leaf_weight=20 34 24 28 37 43 28 100 674 28 93 136 126 50 38 96 32 21 40 25 22 20
leaf_count=20 34 24 28 37 43 28 100 674 28 93 136 126 50 38 96 32 21 40 25 22 20
internal_value=2.63167e-06 0.000252634 0.000891616 6.47027e-05 -0.000145818 -3.96109e-05 6.28577e-06 -7.52283e-05 0.000274964 -0.000583425 0.000429338 0 0.00028463 -0.000260329 -0.000390581 -0.000582406 0 0.000464769 3.61025e-05 -0.000380134 0.000227864
internal_weight=1715 256 52 204 130 1459 1199 913 286 113 236 800 93 260 187 128 59 74 73 50 45
internal_count=1715 256 52 204 130 1459 1199 913 286 113 236 800 93 260 187 128 59 74 73 50 45
is_linear=0
shrinkage=0.03


Tree=88
num_leaves=18
num_cat=0
split_feature=25 8 33 33 20 22 25 17 22 19 14 21 25 12 34 8 10
split_gain=0.0201805 0.031965 0.0270582 0.0190792 0.0321009 0.0248577 0.0237036 0.027295 0.0214051 0.0138895 0.0137311 0.012766 0.0166409 0.0183199 0.0158423 0.0108095 0.00612741
threshold=0.8765147027159953 -0.87653895595368436 0.19821428588067228 -0.048485374718141815 0.1570435790232271 -1.1107668163107076 -1.4330235353407135 0.78620845495375702 -1.0998369054002999 1.0844912311207406 0.58262634420086046 0.53631796003356846 -0.14835876742433643 1.0796388893096653 -0.24686115277455037 0.49996925403581199 0.53520978078255965
decision_type=2 2 2 2 2 2 2 2 2 2 2 2 2 2 2 2 2
left_child=3 9 10 4 5 16 -6 -8 -7 -2 15 12 13 -5 -13 -3 -1
right_child=1 2 -4 11 6 8 7 -9 -10 -11 -12 14 -14 -15 -16 -17 -18
leaf_value=0.00067916675135493273 -0.00094320527841741946 0.00059672795540707943 0.0012929966229524822 -0.00010671781705215919 -0.00049535625623860235 -0.00065531602585577355 0.00055420805765632334 -8.9556169989518807e-05 -7.0384970837560052e-05 8.2551803814409154e-06 -0.00020392007505634448 -0.00012875967509289447 0.00050690791374554149 -0.0010007431498871972 -0.0012628430593013761 0 0
leaf_weight=42 20 82 28 169 26 60 201 72 803 20 34 34 26 23 22 30 23
leaf_count=42 20 82 28 169 26 60 201 72 803 20 34 34 26 23 22 30 23
internal_value=2.78217e-06 0.00027481 0.000458405 -3.44774e-05 1.39477e-05 -7.0699e-05 0.00028469 0.000374427 -0.000116646 -0.000430322 0.000255401 -0.000259963 -0.000134274 -0.000242948 -0.000666698 0.000422607 0.000473447
internal_weight=1715 214 174 1501 1227 928 299 273 863 40 146 274 218 192 56 112 65
internal_count=1715 214 174 1501 1227 928 299 273 863 40 146 274 218 192 56 112 65
is_linear=0
shrinkage=0.03


Tree=89
num_leaves=16
num_cat=0
split_feature=25 32 27 29 8 15 19 22 31 11 25 34 23 17 2
split_gain=0.0192771 0.046168 0.0354455 0.0246661 0.0227112 0.0229526 0.032899 0.0607235 0.0399534 0.0197958 0.0152253 0.0158973 0.0103956 0.0014703 0.000150063
threshold=0.37716724589211631 1.4393970469566322 -0.18173872298234517 -0.17839505632198596 1.2239434365064696 -0.043616798093093337 -0.19717378753153733 -1.1066873425202031 -0.010563390830553391 -1.1380484872788272 -1.4551953055459173 -0.13008079569707015 0.50517435570736169 0.066549958357214417 0.15138415804632097
decision_type=2 2 2 2 2 2 2 2 2 2 2 2 2 2 2
left_child=4 2 3 12 5 6 8 -8 -1 -5 13 -12 -2 -7 -6
right_child=1 -3 -4 9 14 10 7 -9 -10 -11 11 -13 -14 -15 -16
leaf_value=-8.495088503387452e-05 9.4574715148895797e-05 0.0013013699414208531 -0.00075811038964723298 0.0006799426170048089 -0.00015363760478794572 -0.00052056565310340378 0.00020613670217360116 -0.00075505836409596406 0.0007482967870704576 -2.7701542351918267e-05 0.00033503948204048541 -0.00015189490970932758 0.00082499909347801968 0 -0.00065108600168605325
leaf_weight=412 40 27 38 36 21 21 85 159 56 350 271 66 59 20 54
leaf_count=412 40 27 38 36 21 21 85 159 56 350 271 66 59 20 54
internal_value=2.35914e-06 0.000149936 7.77058e-05 0.000153598 -6.49498e-05 -2.65893e-05 -0.000129069 -0.000409633 1.25157e-05 3.53191e-05 0.000158064 0.000230353 0.000570752 -0.000343129 -0.000561528
internal_weight=1715 550 523 485 1165 1090 712 244 468 386 378 337 99 41 75
internal_count=1715 550 523 485 1165 1090 712 244 468 386 378 337 99 41 75
is_linear=0
shrinkage=0.03


Tree=90
num_leaves=10
num_cat=0
split_feature=27 19 34 10 32 33 33 15 20
split_gain=0.0190727 0.0794658 0.0218691 0.0230452 0.0195797 0.0176108 0.0172028 0.0113984 0.023902
threshold=1.8306306500638747 0.013067846966666631 -0.073549852263353324 -1.0360415082753944 1.584827306245485 -0.4254709367427682 -0.37567466286088214 1.6236647132119371 0.89368031061834186
decision_type=2 2 2 2 2 2 2 2 2
left_child=2 -2 3 7 -4 -5 -7 8 -1
right_child=1 -3 4 5 -6 6 -8 -9 -10
leaf_value=0.00039743544250218704 0.0014444592303401362 -0.00061851486774032992 -0.0008587734433060497 0.0005992686950209501 1.8297158580805526e-06 -0.00051535234426188718 -2.4396409586730714e-05 0.00099369821373535244 -0.00048080015449192032
leaf_weight=129 34 26 48 35 32 66 1295 20 30
leaf_count=129 34 26 48 35 32 66 1295 20 30
internal_value=2.19508e-06 0.000516001 -1.55229e-05 7.60234e-06 -0.000490764 -3.17753e-05 -5.14852e-05 0.000326649 0.000207377
internal_weight=1715 60 1655 1575 80 1396 1361 179 159
internal_count=1715 60 1655 1575 80 1396 1361 179 159
is_linear=0
shrinkage=0.03


Tree=91
num_leaves=9
num_cat=0
split_feature=24 34 14 20 31 31 29 17
split_gain=0.0192713 0.0395233 0.0220707 0.0259816 0.0240941 0.0116843 0.0106986 0.00630412
threshold=-1.5392074848912154 2.9951349255802113 2.5980789066241026 2.0445610960276621 -0.029291299942534502 -0.010717103582610884 -0.17827224018511087 -0.34395775713702265
decision_type=2 2 2 2 2 2 2 2
left_child=5 2 3 4 -2 7 -7 -1
right_child=1 -3 -4 -5 -6 6 -8 -9
leaf_value=-3.3054819590268786e-05 -0.00028409258273257238 0.0011699465622853795 0.00093241777799456661 -0.00077871521299254561 6.3929111078967168e-05 -0.00039596556204084591 0.00049132718564942471 -0.0007998323225858621
leaf_weight=23 203 24 20 35 1320 23 20 47
leaf_count=23 203 24 20 35 1320 23 20 47
internal_value=2.12602e-06 3.084e-05 9.43047e-06 -2.26524e-06 1.51082e-05 -0.000369359 0 -0.000600699
internal_weight=1715 1602 1578 1558 1523 113 43 70
internal_count=1715 1602 1578 1558 1523 113 43 70
is_linear=0
shrinkage=0.03


Tree=92
num_leaves=10
num_cat=0
split_feature=25 20 25 8 33 33 20 28 10
split_gain=0.0184178 0.0255864 0.0237638 0.0227612 0.0189578 0.018484 0.0287115 0.0125515 0.00829204
threshold=3.1168573573588421 2.0445610960276621 0.8765147027159953 -0.82731147762497004 0.19821428588067228 -0.048485374718141815 0.1570435790232271 -0.085499536657550321 0.15622104065349687
decision_type=2 2 2 2 2 2 2 2 2
left_child=1 2 5 -4 -5 6 -1 -7 -2
right_child=8 -3 3 4 -6 7 -8 -9 -10
leaf_value=-6.799611483741771e-05 0.0010170261660266829 -0.0010059871029756639 -0.00037299359971577114 0.0002742026653931126 0.0012019450743382255 -0.00053838699168587401 0.00026940612913011342 -8.4791365294753886e-05 1.7380715624312863e-05
leaf_weight=928 20 20 26 106 28 95 296 175 21
leaf_count=928 20 20 26 106 28 95 296 175 21
internal_value=1.97664e-06 -1.21723e-05 0 0.000345592 0.000512032 -3.58094e-05 1.16121e-05 -0.000259541 0.00060929
internal_weight=1715 1674 1654 160 134 1494 1224 270 41
internal_count=1715 1674 1654 160 134 1494 1224 270 41
is_linear=0
shrinkage=0.03


Tree=93
num_leaves=9
num_cat=0
split_feature=24 34 14 20 31 31 27 17
split_gain=0.0181252 0.0365506 0.0203504 0.0238162 0.0219895 0.0108951 0.0101561 0.00588517
threshold=-1.5392074848912154 2.9951349255802113 2.5980789066241026 2.0445610960276621 -0.029291299942534502 -0.010717103582610884 -0.24465908830692781 -0.34395775713702265
decision_type=2 2 2 2 2 2 2 2
left_child=5 2 3 4 -2 7 -7 -1
right_child=1 -3 -4 -5 -6 6 -8 -9
leaf_value=-2.8806269150943705e-05 -0.00027117382172624823 0.0011252823125752103 0.00089542652846759429 -0.00074548457872955813 6.1258853187078877e-05 -0.00038754582438223928 0.00047710633696988221 -0.0007742617896763839
leaf_weight=23 203 24 20 35 1320 23 20 47
leaf_count=23 203 24 20 35 1320 23 20 47
internal_value=1.90214e-06 2.98023e-05 9.13982e-06 -2.01458e-06 1.45371e-05 -0.000358317 0 -0.000581672
internal_weight=1715 1602 1578 1558 1523 113 43 70
internal_count=1715 1602 1578 1558 1523 113 43 70
is_linear=0
shrinkage=0.03


Tree=94
num_leaves=20
num_cat=0
split_feature=23 25 24 15 25 25 11 30 29 22 25 33 32 14 29 20 22 32 27
split_gain=0.0176246 0.0540422 0.0477258 0.0386613 0.0534816 0.0254641 0.0254615 0.0227078 0.0194565 0.0190232 0.0199598 0.0173679 0.0106627 0.0129818 0.00923967 0.00796371 0.00745662 0.00532059 0.000469968
threshold=-0.98809873485887567 -0.3311274735304473 -0.37042958608449367 3.0974436727491574 0.85539187697027408 0.8765147027159953 1.0431582018528662 3.0323388761995442 -0.25642819790532179 0.19843638562674346 -1.5792863800177668 -0.4254709367427682 -0.098234635149488103 0.52088127045141297 -0.17801544765765184 -0.35635135840860871 -0.53299530506314319 2.7688918795726978 -0.22908227357212041
decision_type=2 2 2 2 2 2 2 2 2 2 2 2 2 2 2 2 2 2 2
left_child=1 6 3 4 17 8 9 12 -4 10 -1 -10 13 -3 16 -11 -7 -2 -16
right_child=2 7 5 -5 -6 14 -8 -9 11 15 -12 -13 -14 -15 18 -17 -18 -19 -20
leaf_value=-0.00040492194058606404 -0.00015970747064324623 0.00066358494069427242 -0.00082458998460788278 0.0003881452273053583 -0.0022098352151882386 0 -0.00098870534241723355 0.0014676782644365445 0.00056778564243469129 2.5960076344199472e-05 0.00041235664345229699 -4.5902460205245279e-05 -3.7793828557515812e-05 0 -1.1819025753065936e-05 -0.0004829611799371353 0.00081772901931415412 -0.00084087129926774652 0.00013504894910400489
leaf_weight=29 50 102 25 21 20 20 23 22 40 27 113 985 28 25 22 71 51 21 20
leaf_count=29 50 102 25 21 20 20 23 22 40 27 113 985 28 25 22 71 51 21 20
internal_value=1.75873e-06 0.00016648 -5.29963e-05 -0.00063614 -0.000909273 2.08136e-06 -9.69579e-05 0.000569675 -4.18095e-05 0 0.000219834 -1.74483e-05 0.000397782 0.000515548 0.000426312 -0.000316439 0.000630292 -0.000427641 0
internal_weight=1715 440 1275 112 91 1163 263 177 1050 240 142 1025 155 127 113 98 71 71 42
internal_count=1715 440 1275 112 91 1163 263 177 1050 240 142 1025 155 127 113 98 71 71 42
is_linear=0
shrinkage=0.03


Tree=95
num_leaves=10
num_cat=0
split_feature=25 20 23 25 24 11 17 31 27
split_gain=0.0169229 0.0237334 0.0400944 0.0261174 0.0161944 0.0161055 0.0134837 0.00673423 0.00291504
threshold=3.1168573573588421 1.4350566696613758 -0.63920315295087626 1.2777996903580158 -1.5640750997594435 -0.65466592969622173 0.73742439555142425 -0.010695890738592896 -0.2412354137341709
decision_type=2 2 2 2 2 2 2 2 2
left_child=1 3 -3 4 7 -6 -2 -1 -5
right_child=6 2 -4 8 5 -7 -8 -9 -10
leaf_value=-0.00063669209428788979 0.0010631555187574121 8.8058292566399482e-05 -0.0011954124789886461 0.00027495620375205025 0.00021082170478033208 -3.7491314999932148e-05 0 0 0.00096496081028133633
leaf_weight=48 21 39 37 35 289 1176 20 28 22
leaf_count=48 21 39 37 35 289 1176 20 28 22
internal_value=1.46574e-06 -1.20247e-05 -0.000520482 1.12134e-05 -1.0764e-05 9.78043e-06 0.000583716 -0.000430093 0.000626206
internal_weight=1715 1674 76 1598 1541 1465 41 76 57
internal_count=1715 1674 76 1598 1541 1465 41 76 57
is_linear=0
shrinkage=0.03


Tree=96
num_leaves=21
num_cat=0
split_feature=25 24 23 11 24 34 25 21 19 34 15 21 33 25 31 31 9 9 24 34
split_gain=0.0163226 0.0402324 0.0341647 0.0323494 0.0296846 0.0275488 0.0242051 0.045284 0.019904 0.0169011 0.0143329 0.0224619 0.0136898 0.0118907 0.011502 0.00608082 0.011788 0.0112981 0.00350172 0.00151651
threshold=0.17456239932583559 -1.1164580321313373 0.17372355289476218 0.52590354581602905 0.74861308298577189 -0.13029274107975239 2.0232844686556959 -0.85045491875113577 1.3968207129316133 -0.13038287167536447 -0.80959260813629041 0.034022271654856558 0.057471437164776686 0.587529028178429 -0.010027326927173643 -0.17139639878173776 0.41828396500059772 0.94431983871421699 -0.83048046114671392 -0.13038788988845754
decision_type=2 2 2 2 2 2 2 2 2 2 2 2 2 2 2 2 2 2 2 2
left_child=2 -2 3 10 6 9 7 -3 14 -6 11 -1 -12 -7 19 17 -17 -5 -8 -4
right_child=1 4 8 15 5 13 18 -9 -10 -11 12 -13 -14 -15 -16 16 -18 -19 -20 -21
leaf_value=-0.00090327729284763337 0.0013567679091154232 -0.001118303083302453 -0.0010349503134322515 0.00031925679786851813 0.00034909341711180741 -0.00050596683498801347 1.247661210515576e-05 -4.0618556976278341e-05 0.00020043881649091358 0.0011750549905667346 0.00023335901764815948 7.7327507851153329e-05 -0.00010595677340599997 0.00030288312090155872 0 -0.00081673300726753135 -0.00015953470349217518 -0.00055201623788224939 0.0007026650750244568 -0.00052252317968303744
leaf_weight=28 20 37 31 28 140 38 20 352 28 32 467 50 123 20 22 51 76 20 32 100
leaf_count=28 20 37 31 28 140 38 20 352 28 32 467 50 123 20 22 51 76 20 32 100
internal_value=1.48915e-06 0.000115566 -7.26824e-05 4.63204e-06 6.82455e-05 0.000344502 -7.04312e-05 -0.00015855 -0.00044328 0.000537413 0.000103465 -0.000258065 0.000157383 -0.000176694 -0.000581905 -0.000351159 -0.000459283 0 0.000506913 -0.000686628
internal_weight=1715 691 1024 843 671 230 441 389 181 172 668 78 590 58 153 175 127 48 52 131
internal_count=1715 691 1024 843 671 230 441 389 181 172 668 78 590 58 153 175 127 48 52 131
is_linear=0
shrinkage=0.03


Tree=97
num_leaves=16
num_cat=0
split_feature=25 34 22 22 19 33 24 24 14 34 19 25 31 10 19
split_gain=0.015922 0.035772 0.0265162 0.024815 0.0272861 0.0184148 0.0175981 0.0382051 0.0197942 0.0120502 0.0103276 0.0112431 0.00995532 0.00683519 0.00434394
threshold=-0.52493221525116229 2.9951349255802113 -0.88873055100867671 -1.1107668163107076 -1.203906018164304 0.14849707786869656 -0.70614238680557329 -0.4077310083868359 1.2535396310889888 -0.16468414426628283 -1.4323416555901798 -1.551153025325998 -0.010606671772442565 0.53520978078255965 -0.79353112773782808
decision_type=2 2 2 2 2 2 2 2 2 2 2 2 2 2 2
left_child=3 2 14 5 10 13 8 -8 -4 -6 -5 -12 -11 -1 -2
right_child=1 -3 6 4 9 -7 7 -9 -10 12 11 -13 -14 -15 -16
leaf_value=0.0006779226148982756 0.00013990708306216849 0.0011898393046762795 0.00037166902025873862 -0.00017269382578116366 0.00018871910547022707 -0.00028647994803530832 -0.001074956725075026 -1.4471868788750477e-05 -0.00033524714597733693 -0.0005643233893927518 -3.79468283499591e-05 0.00068591002603484818 -0.00011386506845489802 0 0.00090748351793736211
leaf_weight=55 23 22 188 38 21 32 29 870 37 201 21 41 82 23 32
leaf_count=55 23 22 188 38 21 32 29 870 37 201 21 41 82 23 32
internal_value=1.3596e-06 6.2867e-05 3.63332e-05 -0.000136085 -0.00024836 0.000245366 1.37209e-06 -5.54685e-05 0.000239381 -0.000391763 0.000157173 0.000404143 -0.000446855 0.000503125 0.00066206
internal_weight=1715 1201 1179 514 404 110 1124 899 225 304 100 62 283 78 55
internal_count=1715 1201 1179 514 404 110 1124 899 225 304 100 62 283 78 55
is_linear=0
shrinkage=0.03


Tree=98
num_leaves=16
num_cat=0
split_feature=23 27 21 15 27 34 28 33 21 20 17 21 17 28 15
split_gain=0.0154189 0.0443598 0.0283404 0.0828413 0.0444519 0.0271842 0.019997 0.0155092 0.0153559 0.0133075 0.0162074 0.0100288 0.00929464 0.00561089 0.00542335
threshold=-0.98809873485887567 1.3271964919638652 -0.86137439023762952 2.7785833267526954 -0.21710617626334286 -0.11461250089758625 0.17954582544608502 -0.4254709367427682 1.879412952872298 0.026869997119077282 0.85747697690068225 -0.99240804807555427 -0.56408399443685109 -0.016862369200535545 -0.054156088174095472
decision_type=2 2 2 2 2 2 2 2 2 2 2 2 2 2 2
left_child=1 5 3 4 -2 9 7 -4 -9 11 -11 -1 -8 -7 -3
right_child=2 14 6 -5 -6 13 12 8 -10 10 -12 -13 -14 -15 -16
leaf_value=-0.00057401624707798026 -0.0024021909875066383 0.0014902787637572897 0.00059632329522860345 0.00051116974207707244 -0.00028105465591186652 -0.00088262926724514562 -5.6552193308322633e-05 -2.7477889406145549e-05 0.00056363936702198366 0.00040702141346011812 -0.00013964613127877545 3.4297099812461221e-05 -0.00086429603126432204 -5.5171688105911007e-05 0.00038875649983832695
leaf_weight=28 20 20 37 29 22 26 35 1062 38 190 54 80 32 22 20
leaf_count=28 20 20 37 29 22 26 35 1062 38 190 54 80 32 22 20
internal_value=1.32087e-06 0.000155507 -4.97813e-05 -0.000620531 -0.00145059 4.88137e-05 -1.21799e-05 1.55247e-05 -2.86014e-06 0.000148303 0.000273665 -0.000107638 -0.000505705 -0.000587756 0.00107483
internal_weight=1715 440 1275 71 42 400 1204 1137 1100 352 244 108 67 48 40
internal_count=1715 440 1275 71 42 400 1204 1137 1100 352 244 108 67 48 40
is_linear=0
shrinkage=0.03


Tree=99
num_leaves=20
num_cat=0
split_feature=25 27 23 11 24 27 15 25 24 19 17 15 24 27 31 32 17 34 25
split_gain=0.0154295 0.0351897 0.0317685 0.029643 0.0272148 0.0263904 0.0225341 0.0224131 0.0365956 0.0187764 0.0159385 0.0135831 0.0209357 0.0160479 0.0108832 0.0104393 0.00656545 0.00133133 0.00123597
threshold=0.17456239932583559 1.8306306500638747 0.17372355289476218 0.77581227969140487 0.74861308298577189 -0.24444161146408197 0.18747413846401637 2.0232844686556959 -0.4077310083868359 1.3968207129316133 1.1055156745583978 -0.80959260813629041 0.28856220792355153 -0.24460744326805814 -0.010027326927173643 1.584827306245485 0.885769247669146 -0.13038788988845754 -1.166945423332453
decision_type=2 2 2 2 2 2 2 2 2 2 2 2 2 2 2 2 2 2 2
left_child=2 4 3 11 7 6 -6 8 -2 14 -7 12 -1 -13 17 18 -9 -4 -5
right_child=1 -3 9 15 5 10 -8 16 -10 -11 -12 13 -14 -15 -16 -17 -18 -19 -20
leaf_value=-0.00081546461229791507 -0.00097928026340208759 0.0012737386156096244 -0.0010028816318029866 -0.00026182428604570797 0.00030691396500716155 -0.00034189487191542867 0.001226049263209391 0.00077306325974495845 -3.9061602724442232e-05 0.00019492030877529853 0.00053701824263669546 -7.9619946364982755e-05 8.866851833648979e-05 0.00023058718365398425 0 0 0 -0.00050510631024216416 -0.0007776052872743457
leaf_weight=34 40 20 31 34 111 61 36 29 349 28 22 207 47 441 22 33 23 100 47
leaf_count=34 40 20 31 34 111 61 36 29 349 28 22 207 47 441 22 33 23 100 47
internal_value=1.05642e-06 0.000112025 -7.10131e-05 3.41106e-06 6.74324e-05 0.000331967 0.000572027 -6.50876e-05 -0.00015015 -0.000428349 -6.34397e-05 7.7762e-05 -0.0002707 0.000126975 -0.000563197 -0.000436205 0.000490179 -0.000665104 -0.000613902
internal_weight=1715 691 1024 843 671 230 147 441 389 181 83 729 81 648 153 114 52 131 81
internal_count=1715 691 1024 843 671 230 147 441 389 181 83 729 81 648 153 114 52 131 81
is_linear=0
shrinkage=0.03


Tree=100
num_leaves=21
num_cat=0
split_feature=25 11 24 21 30 11 25 15 17 19 16 9 25 20 15 28 34 11 21 15
split_gain=0.0151235 0.0245843 0.02889 0.0676884 0.0180962 0.0151724 0.0144244 0.0128753 0.0128032 0.0208596 0.019902 0.0179252 0.0151585 0.0115416 0.0124118 0.0123052 0.00931884 0.00865549 0.00605192 0.0057405
threshold=0.65606870475599277 0.83681829453885659 -0.4077310083868359 -1.6584958087516721 -0.2173814058223652 -0.73062461458963257 1.1086268309084828 0.011865288781422971 0.31284419322472706 1.3968207129316133 -0.18888786499448409 1.397723718447587 -0.14234978768248155 -0.91475970493256276 0.24187559994608024 -0.10216544173352664 -0.13038788987749042 0.30102162718046893 0.54723743152006221 -0.37942058134022871
decision_type=2 2 2 2 2 2 2 2 2 2 2 2 2 2 2 2 2 2 2 2
left_child=5 2 3 -2 17 13 -6 19 9 10 -7 16 -13 -1 18 -16 -10 -4 -15 -3
right_child=1 7 4 -5 6 8 -8 -9 11 -11 -12 12 -14 14 15 -17 -18 -19 -20 -21
leaf_value=0.00070597765594720844 0.00026273013210998867 0.00034333550017681382 0.00051024373447506731 -0.0017401018735673276 -0.00077059905402828007 -2.4351882432845776e-05 0.00012331996586484212 8.2649200387737315e-05 -4.918562735679602e-05 0.00064153808202200506 -0.00036034317076769382 -0.0008625782570966026 0 9.7719585313461711e-05 0.00096655208803713322 5.3259826804815713e-05 0.00023243014651465628 -5.3485560282650858e-06 -0.00027249707746319473 0.0014305465426700918
leaf_weight=30 32 20 115 22 22 328 33 31 162 23 348 31 29 67 21 49 236 24 72 20
leaf_count=30 32 20 115 22 22 328 33 31 162 23 348 31 29 67 21 49 236 24 72 20
internal_value=9.81134e-07 0.000188016 3.16012e-05 -0.000549245 0.000214411 -3.99254e-05 -0.000203887 0.000670397 -8.66576e-05 -0.000167893 -0.000202564 3.11023e-05 -0.000430112 0.000172178 7.24993e-05 0.000396805 0.000110811 0.000401862 -7.46261e-05 0.00101859
internal_weight=1715 319 248 54 194 1396 55 71 1157 699 676 458 60 239 209 70 398 139 139 40
internal_count=1715 319 248 54 194 1396 55 71 1157 699 676 458 60 239 209 70 398 139 139 40
is_linear=0
shrinkage=0.03


Tree=101
num_leaves=16
num_cat=0
split_feature=24 23 24 25 30 25 33 25 29 19 29 11 31 29 11
split_gain=0.0145617 0.02873 0.033785 0.0388395 0.0306475 0.0233453 0.0177989 0.0264708 0.0161726 0.0119599 0.00979069 0.00929301 0.00887217 0.00915229 0.00514386
threshold=-1.5392074848912154 -0.98809873485887567 -0.33312816378215154 1.1086268309084828 3.0323388761995442 0.8765147027159953 -0.068083037868968327 -1.551153025325998 -0.25642819790532179 0.35976411477896258 -0.17801544765765184 0.79697957089776494 -0.010717103582610884 -0.17827224018511087 -0.69492876284917415
decision_type=2 2 2 2 2 2 2 2 2 2 2 2 2 2 2
left_child=12 4 3 9 6 8 7 -2 -4 -3 -7 -8 14 -14 -1
right_child=1 2 5 -5 -6 10 11 -9 -10 -11 -12 -13 13 -15 -16
leaf_value=-4.2898361212932081e-06 -0.00055495724670588968 2.225182802511092e-06 -0.00074949349639064165 -0.0016686385098930812 0.0013004233380572985 0.00064732936264686835 0 0.0004414233236256697 -1.3418538715893625e-05 -0.00071898410883214738 0 -0.00063758160240948202 -0.00036702354982172928 0.0004537141876517917 -0.00070146523292991317
leaf_weight=23 22 56 25 20 22 65 79 206 1019 24 42 22 23 20 47
leaf_count=23 22 56 25 20 22 65 79 206 1019 24 42 22 23 20 47
internal_value=1.21934e-06 2.64092e-05 -3.89385e-05 -0.000559806 0.000266146 5.05298e-06 0.000176822 0.000326336 -3.60072e-05 -0.00019616 0.000423006 -0.000131524 -0.000321483 0 -0.000523079
internal_weight=1715 1602 1251 100 351 1151 329 228 1044 80 107 101 113 43 70
internal_count=1715 1602 1251 100 351 1151 329 228 1044 80 107 101 113 43 70
is_linear=0
shrinkage=0.03


Tree=102
num_leaves=15
num_cat=0
split_feature=11 23 24 25 25 19 25 11 30 29 17 32 17 27
split_gain=0.0142105 0.0143715 0.042248 0.0563864 0.0409653 0.0275022 0.0287374 0.0198687 0.0164928 0.0164679 0.0138693 0.0129029 0.0115642 0.00375015
threshold=-1.4396994814708086 -0.98809873485887567 -0.37042958608449367 0.85539187697027408 -0.3311274735304473 -1.0725055751459536 -1.4551953055459173 -0.65466592969622173 3.0323388761995442 -0.25642819790532179 -1.2208503145228728 -0.098234635149488103 -0.56408399443685109 -0.19876592949033936
decision_type=2 2 2 2 2 2 2 2 2 2 2 2 2 2
left_child=13 4 3 12 5 6 -2 -7 11 -4 -11 -6 -3 -1
right_child=1 2 9 -5 8 7 -8 -9 -10 10 -12 -13 -14 -15
leaf_value=0.00066363897584960797 -0.00022366313305048442 0.00018662208347250856 -0.00072941777309461025 -0.0019730607259451694 0.00046675979077450129 6.8274374376051119e-05 0.00062991361449988149 -0.00065885839739988374 0.0012660921467654404 0.00041025136923902508 -1.9653172623754263e-05 -0.00021106855914247437 -0.00047977680821147302 9.4848523955219009e-06
leaf_weight=33 63 28 25 20 123 42 67 88 22 69 1031 23 58 23
leaf_count=33 63 28 25 20 123 42 67 88 22 69 1031 23 58 23
internal_value=8.69503e-07 -1.36244e-05 -6.73164e-05 -0.000631757 0.000133236 -9.3352e-05 0.000197986 -0.000405141 0.000496937 -9.93527e-06 5.63619e-06 0.000337745 -0.000230125 0.000459959
internal_weight=1715 1659 1231 106 428 260 130 130 168 1125 1100 146 86 56
internal_count=1715 1659 1231 106 428 260 130 130 168 1125 1100 146 86 56
is_linear=0
shrinkage=0.03


Tree=103
num_leaves=14
num_cat=0
split_feature=25 32 27 29 8 19 23 25 25 11 23 4 2
split_gain=0.0138813 0.0315628 0.0314659 0.0220092 0.0209942 0.0187214 0.0275283 0.0198289 0.0162958 0.0152703 0.0100117 0.00169586 0.000329166
threshold=0.37716724589211631 1.3176187573304066 -0.1881307498447253 -0.17839505632198596 1.202396830233128 1.5737065478694878 0.17372355289476218 -0.52493221525116229 0.14692018903733928 -1.1380484872788272 0.50517435570736169 -0.22773327596726281 0.54623040408679591
decision_type=2 2 2 2 2 2 2 2 2 2 2 2 2
left_child=4 2 3 10 5 6 7 -1 -8 -5 -2 -6 -13
right_child=1 -3 -4 9 11 -7 8 -9 -10 -11 -12 12 -14
leaf_value=-7.7800371510841602e-05 7.7997097023018233e-05 0.001063207972344131 -0.00069291400532148879 0.00060307708627538217 -0.00010363349727251462 0.0008230506820280267 -0.00051499234826066491 0.00021955272912929571 -4.3986515434092075e-06 -2.5504572428307803e-05 0.00079865055701150791 -0.00018992748042649546 -0.00077641164235721686
leaf_weight=470 40 28 41 35 24 20 146 340 110 350 56 20 35
leaf_count=470 40 28 41 35 24 20 146 340 110 350 56 20 35
internal_value=8.12278e-07 0.000126328 6.45712e-05 0.000139232 -5.60478e-05 -1.81761e-05 -3.90308e-05 4.36741e-05 -0.000309772 2.81284e-05 0.000540144 -0.000520367 -0.000635724
internal_weight=1715 550 522 481 1165 1086 1066 810 256 385 96 79 55
internal_count=1715 550 522 481 1165 1086 1066 810 256 385 96 79 55
is_linear=0
shrinkage=0.03


Tree=104
num_leaves=10
num_cat=0
split_feature=24 34 14 31 30 19 31 27 17
split_gain=0.0133351 0.0231455 0.0170708 0.0144539 0.0253993 0.0140222 0.00821909 0.00857446 0.00555895
threshold=-1.5392074848912154 2.9951349255802113 2.5980789066241026 -0.029291299942534502 -0.19489728583731442 -0.95323395326455784 -0.010717103582610884 -0.24465908830692781 0.24138241999457224
decision_type=2 2 2 2 2 2 2 2 2
left_child=6 2 3 5 -5 -2 8 -8 -1
right_child=1 -3 -4 4 -6 -7 7 -9 -10
leaf_value=-9.9391659669030607e-05 0.00012249538166669464 0.00089695052538687993 0.00081984944468991747 -2.2473585500294501e-06 0.00049699277347856562 -0.00039493768520886072 -0.00035406033693848613 0.00044024147993743258 -0.00076868012467345515
leaf_weight=34 56 24 20 1260 95 147 23 20 36
leaf_count=34 56 24 20 1260 95 147 23 20 36
internal_value=6.93611e-07 2.4877e-05 8.03921e-06 -2.01573e-06 3.15662e-05 -0.000237929 -0.000308069 0 -0.000502137
internal_weight=1715 1602 1578 1558 1355 203 113 43 70
internal_count=1715 1602 1578 1558 1355 203 113 43 70
is_linear=0
shrinkage=0.03


Tree=105
num_leaves=20
num_cat=0
split_feature=25 11 29 8 25 21 15 22 27 34 27 28 17 25 31 17 27 14 20
split_gain=0.0129539 0.0298367 0.0206841 0.0200128 0.0189004 0.083381 0.0183871 0.0243377 0.0147757 0.0143751 0.0129669 0.0221854 0.011694 0.00739413 0.00582816 0.00401387 0.00154018 0.00115545 0.000494217
threshold=0.37716724589211631 0.98473526187667038 -0.17839505632198596 1.2239434365064696 3.1168573573588421 -0.82861597577814827 -0.043616798093093337 1.1528279960617938 -0.21352025949759953 -0.12762408748177115 -0.24475359209194839 -0.10496249694197597 0.73742439555142425 1.3290765106438764 -0.010609242675258321 -0.77349836648127068 -0.24479400926490821 1.4325136638471332 -0.034567098740615948
decision_type=2 2 2 2 2 2 2 2 2 2 2 2 2 2 2 2 2 2 2
left_child=3 2 8 6 5 -4 7 9 16 -1 14 -12 -6 -3 -8 -9 -2 18 -5
right_child=1 13 4 17 12 -7 10 15 -10 -11 11 -13 -14 -15 -16 -17 -18 -19 -20
leaf_value=-0.00010417694056153042 0.00034350001549436485 0.0011132666033902955 -0.0017799370160254721 -0.00041879430312663317 0.00095304402237889009 -2.0412525293113925e-06 0 -0.00014768778323998738 -0.00021660169193764094 0.000311888215314996 0.00059623639042659371 3.8745198876300047e-05 0 0.00026879870621977672 -0.00053860979837675881 -0.00082773117408988634 0.00085070119332522154 -0.00077815694056916976 -2.5489142437561826e-05
leaf_weight=561 59 28 23 22 21 314 49 26 20 81 101 204 20 35 24 44 30 27 26
leaf_count=561 59 28 23 22 21 314 49 26 20 81 101 204 20 35 24 44 30 27 26
internal_value=6.81037e-07 0.000121991 3.41544e-05 -5.41877e-05 -6.47051e-05 -0.00014684 -1.80581e-05 -0.000110131 0.000396324 -4.58251e-05 0.000146997 0.000237107 0.0005062 0.000723115 -0.000184511 -0.000632689 0.000569241 -0.00051992 -0.000278609
internal_weight=1715 550 487 1165 378 337 1090 712 109 642 378 305 41 63 73 70 89 75 48
internal_count=1715 550 487 1165 378 337 1090 712 109 642 378 305 41 63 73 70 89 75 48
is_linear=0
shrinkage=0.03


Tree=106
num_leaves=16
num_cat=0
split_feature=24 23 24 21 30 25 33 25 29 9 29 31 29 17 20
split_gain=0.0127482 0.0243309 0.0414945 0.0316203 0.0259408 0.0198125 0.0147216 0.0240991 0.0135113 0.00862982 0.007832 0.00767359 0.00803907 0.00530474 0.00266408
threshold=-1.5392074848912154 -0.94972022084899577 -0.37042958608449367 -0.83953544726464202 3.0323388761995442 0.8765147027159953 -0.068083037868968327 -1.551153025325998 -0.25642819790532179 -0.63468002352357022 -0.17801544765765184 -0.010717103582610884 -0.17827224018511087 -0.34395775713702265 0.30303277752273677
decision_type=2 2 2 2 2 2 2 2 2 2 2 2 2 2 2
left_child=11 4 3 -3 6 8 7 -2 -4 -8 -7 13 -13 -1 -5
right_child=1 2 5 14 -6 10 9 -9 -10 -11 -12 12 -14 -15 -16
leaf_value=0 -0.00053661306548863645 -0.0016511909776163519 -0.00068845692350130001 0 0.0011920825946331022 0.00056415208271465484 0.00034601867881913981 0.00041287022921519627 -1.4832595224840944e-05 -0.00023627045623619448 0 -0.00034638542238210975 0.00042301257538470652 -0.00066658529393956987 -0.00039541008996231289
leaf_weight=23 22 21 25 22 22 71 24 206 1025 96 42 23 20 47 26
leaf_count=23 22 21 25 22 22 71 24 206 1025 96 42 23 20 47 26
internal_value=4.8302e-07 2.41682e-05 -3.79258e-05 -0.000737041 0.00023761 2.76892e-06 0.000159049 0.000302487 -3.5636e-05 -8.98233e-05 0.000377183 -0.00030138 0 -0.000488814 -0.000204674
internal_weight=1715 1602 1232 69 370 1163 348 228 1050 120 113 113 43 70 48
internal_count=1715 1602 1232 69 370 1163 348 228 1050 120 113 113 43 70 48
is_linear=0
shrinkage=0.03


Tree=107
num_leaves=15
num_cat=0
split_feature=16 23 25 24 15 25 28 11 15 22 14 23 33 24
split_gain=0.0124145 0.0126534 0.0371189 0.0282209 0.0310817 0.0373683 0.0227611 0.0183347 0.0161662 0.0160751 0.0142151 0.0127269 0.00818042 0.00193361
threshold=-1.6056269473615801 -0.98809873485887567 -0.3311274735304473 -0.37042958608449367 3.0974436727491574 0.85539187697027408 0.17954582544608502 1.0173201090863342 1.3758408318724842 0.34062785573349869 -0.81568405902997365 -0.99507664649703564 0.49325622976737088 0.2512607856212094
decision_type=2 2 2 2 2 2 2 2 2 2 2 2 2 2
left_child=12 2 7 4 5 -3 10 9 11 -2 -5 -4 13 -1
right_child=1 3 8 6 -6 -7 -8 -9 -10 -11 -12 -13 -14 -15
leaf_value=8.6348586730942444e-05 0.00015519429260805225 -0.00035134402922456701 0.00042298906414362132 -0.00020734526810358347 0.00039205441241210796 -0.0018581942818330032 -0.00070332565451306948 -0.00083786946498892376 -9.9501108350345787e-06 -0.00037447936676559038 6.4679908197988814e-05 0.0013100317919813097 -1.477351656649261e-05 0.00071047922710959727
leaf_weight=20 161 70 111 213 21 20 39 24 38 72 847 22 21 36
leaf_count=20 161 70 111 213 21 20 39 24 38 72 847 22 21 36
internal_value=1.87172e-07 -1.58553e-05 0.000121362 -6.7045e-05 -0.000517345 -0.000767598 -1.75575e-05 -9.71406e-05 0.000463009 0 6.76514e-06 0.000617438 0.000366752 0.000554148
internal_weight=1715 1638 428 1210 111 90 1099 257 171 233 1060 133 77 56
internal_count=1715 1638 428 1210 111 90 1099 257 171 233 1060 133 77 56
is_linear=0
shrinkage=0.03


Tree=108
num_leaves=11
num_cat=0
split_feature=25 20 23 25 8 19 25 15 19 9
split_gain=0.0118499 0.0152066 0.0247381 0.0221604 0.0111323 0.0140316 0.0140098 0.00388451 0.00170553 0.000882836
threshold=3.5924302893308186 1.4350566696613758 -0.63920315295087626 1.2777996903580158 1.2239434365064696 1.8900799936387103 0.41311941934820945 0.080146587102676303 1.2805820665459207 0.23517899591698177
decision_type=2 2 2 2 2 2 2 2 2 2
left_child=1 3 9 4 5 -1 -6 -5 -4 -3
right_child=-2 2 8 7 6 -7 -8 -9 -10 -11
leaf_value=-4.864787127986408e-06 0.00063720118772527294 0.00015979102730012402 -0.0012252470230602699 0.00081186085807691732 -0.0005320269049983471 0.00051017996086263841 0.00023224563069641589 0.00012865946311503646 -0.00035073648230030341 -4.4094001326372777e-05
leaf_weight=1401 23 26 20 32 72 46 22 27 20 26
leaf_count=1401 23 26 20 32 72 46 22 27 20 26
internal_value=1.3107e-08 -7.99098e-06 -0.000377815 1.20697e-05 -8.37255e-06 1.04611e-05 -0.000320576 0.00056895 -0.000912735 6.45843e-06
internal_weight=1715 1692 92 1600 1541 1447 94 59 40 52
internal_count=1715 1692 92 1600 1541 1447 94 59 40 52
is_linear=0
shrinkage=0.03


Tree=109
num_leaves=10
num_cat=0
split_feature=11 15 34 15 22 22 8 27 9
split_gain=0.011689 0.0130643 0.0195662 0.0173061 0.0205393 0.0155084 0.0136596 0.00305593 0.00169746
threshold=-1.4396994814708086 1.8860053388258429 2.2829481548661468 0.85539842174940217 -0.21415492270719952 1.0486346434628173 -0.3703216881682872 -0.19876592949033936 1.1759149925944754
decision_type=2 2 2 2 2 2 2 2 2
left_child=7 2 3 5 -5 -2 -3 -1 -8
right_child=1 6 -4 4 -6 -7 8 -9 -10
leaf_value=0.00060072952689127609 5.0513791392385637e-06 9.6047954526371678e-05 0.00083747712494339785 -0.0001057853412806123 0.00059833687845745986 -0.00024266382656606514 -0.00027867768052402105 0 -0.00096312800545245408
leaf_weight=33 1153 23 22 53 84 274 28 23 22
leaf_count=33 1153 23 22 53 84 274 28 23 22
internal_value=2.96342e-08 -1.29544e-05 3.58072e-06 -7.81567e-06 0.000308081 -4.08241e-05 -0.000397631 0.000416629 -0.00067391
internal_weight=1715 1659 1586 1564 137 1427 73 56 50
internal_count=1715 1659 1586 1564 137 1427 73 56 50
is_linear=0
shrinkage=0.03


Tree=110
num_leaves=20
num_cat=0
split_feature=25 23 24 25 15 23 31 31 11 27 20 14 24 24 33 11 33 29 11
split_gain=0.01159 0.0324219 0.0373751 0.0276727 0.0222407 0.0285657 0.0213216 0.0324249 0.020838 0.0182948 0.0201369 0.0235665 0.0292093 0.014801 0.0116581 0.0114389 0.0116882 0.00958353 0.00351464
threshold=-0.52493221525116229 -0.94972022084899577 -0.4077310083868359 0.85539187697027408 1.1226259322901571 -0.99507664649703564 -0.010730641222844032 -0.010615740973577517 -0.92407536394265544 -0.24456929440275146 0.67834644032745173 -0.45606836647178833 -1.5392074848912154 -1.0667228023948809 -0.41926467280112645 -0.32536838930896494 -0.33717446382268829 -0.17839832925077967 -0.68567000848049853
decision_type=2 2 2 2 2 2 2 2 2 2 2 2 2 2 2 2 2 2 2
left_child=9 4 3 -3 5 13 8 -8 -4 15 11 14 -13 -2 -11 -1 17 -17 -6
right_child=1 2 6 -5 18 -7 7 -9 -10 10 -12 12 -14 -15 -16 16 -18 -19 -20
leaf_value=8.255265078142932e-05 0 -5.3004087033596899e-05 6.3161404233361615e-05 -0.0015275130028557032 0.00012619863669776046 0.0014647548181639083 0.00091931861063931127 3.5494775275453382e-05 -0.00065935516816622111 0.00030615743610542265 -0.00076422381550073624 -0.00028939831190066237 0.00044876067810581676 0.00067217431412973372 -0.00036817867768418398 -0.00013087829399446491 0 -0.001002442422785232 -0.00026564292280052449
leaf_weight=20 69 30 55 22 33 26 37 761 72 21 27 60 166 61 123 27 21 49 35
leaf_count=20 69 30 55 22 33 26 37 761 72 21 27 60 166 61 123 27 21 49 35
internal_value=1.09018e-07 5.28534e-05 -1.92189e-05 -0.000780672 0.00037652 0.00057246 2.27397e-05 8.35091e-05 -0.000329141 -0.000116921 -1.09025e-05 4.17312e-05 0.000238465 0.000342431 -0.000245189 -0.000442393 -0.000579859 -0.000747511 -3.59335e-05
internal_weight=1715 1201 977 52 224 156 925 798 127 514 397 370 226 130 144 117 97 76 68
internal_count=1715 1201 977 52 224 156 925 798 127 514 397 370 226 130 144 117 97 76 68
is_linear=0
shrinkage=0.03


Tree=111
num_leaves=15
num_cat=0
split_feature=17 14 21 21 15 14 20 14 15 17 17 11 22 20
split_gain=0.0114657 0.0141468 0.0222757 0.0278105 0.0259085 0.0228738 0.0214605 0.020275 0.0163136 0.00904527 0.00765449 0.00732563 0.00578731 0.00466502
threshold=-1.9349684349683165 1.2280632525785184 -1.4619453219947849 -0.92689121915659201 0.63239908206798401 0.14445548260967897 0.65401483029577545 1.7088704137255817 0.75211439578286987 0.026825005971411468 -0.52927317258425821 -0.58241556612526879 -0.28188958187028679 0.44050574961164984
decision_type=2 2 2 2 2 2 2 2 2 2 2 2 2 2
left_child=-1 2 4 5 9 -4 10 -8 -5 -2 -3 -9 -6 -12
right_child=1 6 3 8 12 -7 7 11 -10 -11 13 -13 -14 -15
leaf_value=0.00057338764236286111 8.3388627506792535e-05 0.00051703959026591563 -0.00087779550719463602 -3.2278034764116383e-06 -0.00047348088031361364 2.5807178880010416e-05 -0.0013446913541605072 0.00013554692867657412 0.00048191471388686635 0.0010302213544346158 -0.00041498099567667979 -0.00055270008405204868 0.00014412902481853961 9.3161346274428061e-05
leaf_weight=28 21 20 56 1298 20 33 24 20 62 45 25 21 21 21
leaf_count=28 21 20 56 1298 20 33 24 20 62 45 25 21 21 21
internal_value=6.6728e-08 -8.67478e-06 1.4936e-05 -1.42808e-05 0.000427464 -0.000520227 -0.000305564 -0.000683145 1.77e-05 0.000789159 3.63524e-05 -0.000162437 -0.000100704 -0.000130277
internal_weight=1715 1687 1556 1449 107 89 131 65 1360 66 66 41 41 46
internal_count=1715 1687 1556 1449 107 89 131 65 1360 66 66 41 41 46
is_linear=0
shrinkage=0.03


Tree=112
num_leaves=10
num_cat=0
split_feature=11 15 21 15 22 21 9 14 27
split_gain=0.0111551 0.0113688 0.0172585 0.0167221 0.0177121 0.0161867 0.0121584 0.00605432 0.00299033
threshold=-1.4396994814708086 1.8860053388258429 -1.7567710521301156 0.85539842174940217 -0.21415492270719952 -0.92689121915659201 0.76887090684297632 1.9558095718709192 -0.19876592949033936
decision_type=2 2 2 2 2 2 2 2 2
left_child=8 2 -2 5 -5 -4 7 -3 -1
right_child=1 6 3 4 -6 -7 -8 -9 -10
leaf_value=0.00058857373446274627 0.000635880398052426 -0.00040479442562260063 -0.00036272569242864843 -9.6358829455521819e-05 0.00056790527920208566 -8.4754553168339672e-06 -0.0008312826233149896 0.0002449594517186467 0
leaf_weight=33 35 20 127 49 84 1291 28 25 23
leaf_count=33 35 20 127 49 84 1291 28 25 23
internal_value=1.38995e-07 -1.25043e-05 2.79357e-06 -1.07622e-05 0.00030439 -4.30131e-05 -0.000371331 0 0.000407135
internal_weight=1715 1659 1586 1551 133 1418 73 45 56
internal_count=1715 1659 1586 1551 133 1418 73 45 56
is_linear=0
shrinkage=0.03


Tree=113
num_leaves=13
num_cat=0
split_feature=16 14 27 24 21 33 33 27 25 33 19 24
split_gain=0.010845 0.0114689 0.0179573 0.0171281 0.0168905 0.0143899 0.0169948 0.0130701 0.00762603 0.00747539 0.00669193 0.00189407
threshold=-1.6056269473615801 -0.75681657584231221 3.5381077972790154 0.78591450528811413 0.87482157611487421 -0.068083037868968327 -0.33210368727408129 -0.22646507745095543 0.61221034867243895 0.49325622976737088 -0.54690148839505592 0.2512607856212094
decision_type=2 2 2 2 2 2 2 2 2 2 2 2
left_child=9 3 5 8 -5 6 -3 -7 10 11 -2 -1
right_child=1 2 -4 4 -6 7 -8 -9 -10 -11 -12 -13
leaf_value=6.7467723396080339e-05 -0.00011560968111734836 -1.594442118848952e-05 0.00077145091201444825 0.00065175256074259148 -0.00026931102216597007 -0.00078044939096434977 0.0002511873625417999 -0.00010032254495082929 6.685892152218628e-05 -1.735786511562764e-05 -0.00054315575644281564 0.00067410936013150675
leaf_weight=20 78 795 25 35 26 29 282 229 26 21 113 36
leaf_count=20 78 795 25 35 26 29 282 229 26 21 113 36
internal_value=9.69926e-08 -1.47829e-05 1.92342e-05 -0.000190302 0.000218072 1.20743e-06 5.17266e-05 -0.000196357 -0.000320143 0.000342818 -0.000388507 0.000522746
internal_weight=1715 1638 1360 278 61 1335 1077 258 217 77 191 56
internal_count=1715 1638 1360 278 61 1335 1077 258 217 77 191 56
is_linear=0
shrinkage=0.03


Tree=114
num_leaves=13
num_cat=0
split_feature=17 14 21 21 15 14 15 19 5 17 27 22
split_gain=0.0106389 0.0133852 0.0210689 0.0258101 0.0239046 0.0210186 0.0146307 0.011935 0.0113441 0.00801995 0.00733902 0.00544021
threshold=-1.9349684349683165 1.2280632525785184 -1.4619453219947849 -0.92689121915659201 0.63239908206798401 0.14445548260967897 0.75211439578286987 -1.0553217935017931 1.6909803857394097 0.026825005971411468 -0.22646507745095543 -0.28188958187028679
decision_type=2 2 2 2 2 2 2 2 2 2 2 2
left_child=-1 2 4 5 9 -4 -5 -3 10 -2 -9 -6
right_child=1 7 3 6 11 -7 -8 8 -10 -11 -12 -13
leaf_value=0.00055234668605149762 8.5163065348751839e-05 0.00023567783466540274 -0.0008438895356878874 -2.7417580686128259e-06 -0.00045352338592562338 1.8800727750203798e-05 0.00045657049158695512 -0.00086045354485453569 1.9384139300590105e-05 0.0009919175122049637 -0.00015577730467775835 0.00014638753619510678
leaf_weight=28 21 22 56 1298 20 33 62 47 25 45 37 21
leaf_count=28 21 22 56 1298 20 33 62 47 25 45 37 21
internal_value=2.28726e-08 -8.3334e-06 1.45835e-05 -1.37759e-05 0.000415802 -0.000501225 1.69553e-05 -0.000297157 -0.00043492 0.00076313 -0.000600618 -8.90395e-05
internal_weight=1715 1687 1556 1449 107 89 1360 131 109 66 84 41
internal_count=1715 1687 1556 1449 107 89 1360 131 109 66 84 41
is_linear=0
shrinkage=0.03


Tree=115
num_leaves=10
num_cat=0
split_feature=11 20 25 8 8 17 25 17 14
split_gain=0.0104058 0.0108742 0.0138297 0.0150209 0.0106844 0.0113082 0.00847934 0.00635781 0.00301166
threshold=-1.4396994814708086 2.1887252725544148 0.8765147027159953 -0.82731147762497004 1.2239434365064696 0.31284419322472706 0.27255780926350887 -0.43019181195656647 1.85197584381671
decision_type=2 2 2 2 2 2 2 2 2
left_child=8 2 4 -4 5 -2 -6 -5 -1
right_child=1 -3 3 7 6 -7 -8 -9 -10
leaf_value=0.00010234133974434091 -6.9138565455920708e-05 -0.0005984097193826788 -0.00039622046829849159 0 -0.00050265630653561783 0.00011249498121017353 6.8601289065554739e-05 0.00048817679716090163 0.00070486882607371593
leaf_weight=36 932 25 20 28 70 454 21 109 20
leaf_count=36 932 25 20 28 70 454 21 109 20
internal_value=1.36905e-07 -1.20145e-05 -1.29884e-07 0.000262933 -3.05958e-05 -7.36814e-06 -0.000340931 0.000387016 0.000393276
internal_weight=1715 1659 1634 157 1477 1386 91 137 56
internal_count=1715 1659 1634 157 1477 1386 91 137 56
is_linear=0
shrinkage=0.03


Tree=116
num_leaves=20
num_cat=0
split_feature=11 25 11 33 21 8 17 16 28 15 20 15 30 24 15 24 14 22 14
split_gain=0.0101006 0.0137467 0.0217816 0.0202557 0.0177735 0.0128223 0.0153194 0.0149875 0.0114654 0.010624 0.0090212 0.00824331 0.00632767 0.0108089 0.00465209 0.00448409 0.00217891 0.00170275 0.00499817
threshold=-0.83908223744723476 0.52065405579914714 0.98473526187667038 -0.35254889565660125 1.2351641351691678 1.2239434365064696 0.31284419322472706 -0.17153667281705628 -0.10436931476493198 -0.97964167290999538 -0.86244696283474775 -0.17367019539001646 -0.15579382175348358 -0.084452015099870312 0.080146587102676303 0.23882697818709528 -0.41307989286538865 -0.32678945063369857 1.4325136638471332
decision_type=2 2 2 2 2 2 2 2 2 2 2 2 2 2 2 2 2 2 2
left_child=10 5 3 9 -5 6 7 -2 -8 -3 -1 16 13 -13 -4 -14 -12 -7 -19
right_child=1 2 14 4 -6 17 8 -9 -10 -11 11 12 15 -15 -16 -17 -18 18 -20
leaf_value=0.00067593529217335724 0 -0.00025916997119784357 0.00089685230612788765 -0.00053471875112470096 0.00027427292577922346 -3.1094894628040483e-05 -4.6999825829026611e-05 -0.00028202220064247528 0.00026823336210274584 0.00031835082085700163 0 0 0.00015677082513769467 0.00066307060823173199 0.00017605796159477903 -0.0003294050798027052 -0.00035994705667888576 -0.00018926959927193819 -0.00095443629145460288
leaf_weight=28 329 27 33 80 27 21 205 328 183 153 20 53 42 48 29 24 30 35 20
leaf_count=28 329 27 33 80 27 21 205 328 183 153 20 53 42 48 29 24 30 35 20
internal_value=1.19467e-07 -2.79492e-05 0.000132542 9.42814e-06 -0.000301395 -8.08042e-05 -4.95548e-05 -0.000139468 9.49244e-05 0.000212501 0.000178929 9.28204e-05 0.000202918 0.000349379 0.000629547 0 -0.000208974 -0.000454311 -0.000554212
internal_weight=1715 1470 349 287 107 1121 1045 657 388 180 245 217 167 101 62 66 50 76 55
internal_count=1715 1470 349 287 107 1121 1045 657 388 180 245 217 167 101 62 66 50 76 55
is_linear=0
shrinkage=0.03


Tree=117
num_leaves=15
num_cat=0
split_feature=16 23 27 21 15 34 28 33 21 33 15 5 15 19
split_gain=0.00967904 0.010542 0.0289567 0.0251253 0.0524162 0.0235309 0.0211091 0.0115757 0.010032 0.00687049 0.00570113 0.00171659 0.00153928 0.00151646
threshold=-1.6056269473615801 -0.98809873485887567 1.0723743273190773 -0.92689121915659201 3.0974436727491574 -0.11461250089758625 0.17954582544608502 -0.4254709367427682 -0.52287077415632366 0.49325622976737088 -0.02647529458648119 -0.31351080842866125 -0.088318051873952877 -1.0118591578160121
decision_type=2 2 2 2 2 2 2 2 2 2 2 2 2 2
left_child=9 2 5 4 -3 8 7 -5 -2 11 -4 -1 -8 -7
right_child=1 3 10 6 -6 13 12 -9 -10 -11 -12 -13 -14 -15
leaf_value=0.00072574858988860044 5.5261315626684455e-05 -0.0013369407657748804 0.00114810758539372 0.00053998239070310132 0.00039376012730645021 -0.00015820371347945181 -0.00071476693425282108 -1.414947105249146e-05 0.00071416710485937079 -1.6873469401616598e-05 0.00018883904839015522 0.00015987737213303757 -0.00010745505551281182 -0.00082878029521984541
leaf_weight=26 319 36 24 32 21 21 38 1063 21 21 20 30 20 23
leaf_count=26 319 36 24 32 21 21 38 1063 21 21 20 30 20 23
internal_value=1.15e-07 -1.38453e-05 0.000111209 -6.07183e-05 -0.000661507 1.70258e-05 -2.67828e-05 7.43213e-07 0.000110595 0.000323971 0.000815792 0.000496994 -0.000570113 -0.000603089
internal_weight=1715 1638 428 1210 57 384 1153 1095 340 77 44 56 58 44
internal_count=1715 1638 428 1210 57 384 1153 1095 340 77 44 56 58 44
is_linear=0
shrinkage=0.03


Tree=118
num_leaves=11
num_cat=0
split_feature=25 20 23 25 32 24 8 33 24 4
split_gain=0.00964852 0.0168504 0.0269155 0.0146969 0.024466 0.0201622 0.0168163 0.0167307 0.00667454 0.00168586
threshold=3.1168573573588421 1.4350566696613758 -0.63920315295087626 0.37716724589211631 1.3176187573304066 0.74861308298577189 1.202396830233128 -0.33472006677136179 -0.80561284627848584 -0.22773327596726281
decision_type=2 2 2 2 2 2 2 2 2 2
left_child=1 3 -3 6 5 -5 7 -1 -2 -8
right_child=8 2 -4 4 -6 -7 9 -9 -10 -11
leaf_value=-0.00011220798317697459 0 4.8288025826747922e-05 -0.00099116104829299716 -3.1641747066309874e-05 0.0010601624012924731 0.00040437617239447052 -5.1978788590058674e-05 0.00012892754321961445 0.00079498368018792701 -0.00057525223603864235
leaf_weight=633 21 39 37 307 23 129 22 430 20 54
leaf_count=633 21 39 37 307 23 129 22 430 20 54
internal_value=1.50764e-07 -9.60817e-06 -0.000438207 9.68485e-06 0.000153967 9.24116e-05 -4.60836e-05 -1.17623e-05 0.000440271 -0.000469479
internal_weight=1715 1674 76 1598 459 436 1139 1063 41 76
internal_count=1715 1674 76 1598 459 436 1139 1063 41 76
is_linear=0
shrinkage=0.03


Tree=119
num_leaves=20
num_cat=0
split_feature=25 23 24 25 20 25 15 23 27 20 15 24 32 11 33 34 29 19 11
split_gain=0.00949816 0.027742 0.0330456 0.0235734 0.0210219 0.0241545 0.0180674 0.0237715 0.0171969 0.0169864 0.0193705 0.014954 0.0138661 0.0106769 0.0123471 0.00890226 0.00623651 0.00456452 0.00264571
threshold=-0.52493221525116229 -0.94972022084899577 -0.4077310083868359 0.85539187697027408 -1.0497996438804329 0.080640527962995007 1.1226259322901571 -0.99507664649703564 -0.24456929440275146 0.67834644032745173 -0.70998449662253316 -1.5640750997594435 -0.12757188131084982 -0.25974312781356074 -0.33818211005797699 -0.12800922607268353 -0.17839832925077967 -0.81981152523470446 -0.68567000848049853
decision_type=2 2 2 2 2 2 2 2 2 2 2 2 2 2 2 2 2 2 2
left_child=8 6 3 -3 17 -6 7 12 13 10 15 -12 -2 -1 16 -10 -15 -4 -8
right_child=1 2 4 -5 5 -7 18 -9 9 -11 11 -13 -14 14 -16 -17 -18 -19 -20
leaf_value=2.5479784002527538e-06 0.00045417865789552063 -5.3375787398015906e-05 8.8758623567768011e-05 -0.0014253508327715097 -0.00026050309584414418 8.5405724650662203e-05 0.00011524441553046927 0.0013409107199886107 -0.0006613608161675405 -0.00069611745942384012 -0.00031447943611419759 0.00024221970148455204 -0.00030002835066989062 -0.00016902863922887962 0 0 -0.0010090162369850314 0.0008498135226691374 -0.00022544309819778918
leaf_weight=27 110 30 23 22 252 621 33 26 41 27 45 264 20 23 24 20 43 29 35
leaf_count=27 110 30 23 22 252 621 33 26 41 27 45 264 20 23 24 20 43 29 35
internal_value=1.48176e-07 4.80576e-05 -1.83965e-05 -0.000734458 2.08692e-05 -1.15698e-05 0.000347533 0.000523949 -0.000105622 -2.79748e-06 4.49451e-05 0.000149287 0.00031144 -0.000420732 -0.00057596 -0.000418955 -0.000779848 0.000590941 -1.99724e-05
internal_weight=1715 1201 977 52 925 873 224 156 514 397 370 309 130 117 90 61 66 52 68
internal_count=1715 1201 977 52 925 873 224 156 514 397 370 309 130 117 90 61 66 52 68
is_linear=0
shrinkage=0.03


Tree=120
num_leaves=10
num_cat=0
split_feature=11 21 22 15 30 27 24 31 14
split_gain=0.00924462 0.00988363 0.0120243 0.0293965 0.0332167 0.0291482 0.0123717 0.00919953 0.00271024
threshold=-1.4396994814708086 1.879412952872298 1.0486346434628173 0.18747413846401637 -0.21963972473432433 1.8306306500638747 0.79834831272222806 -0.0095333309845802589 1.85197584381671
decision_type=2 2 2 2 2 2 2 2 2
left_child=8 2 5 7 -5 6 -2 -4 -1
right_child=1 -3 3 4 -6 -7 -8 -9 -10
leaf_value=9.055521274701906e-05 -3.9868456890584792e-05 0.00043385239974270728 -0.00062643359358430478 0.00046265688690706828 -0.00039763032748555164 0.00082102827269297368 0.00030186469674741085 0 0.00066668114976188087
leaf_weight=36 1182 40 113 89 67 36 100 32 20
leaf_count=36 1182 40 113 89 67 36 100 32 20
internal_value=0 -1.1424e-05 -2.50569e-05 -0.000195758 7.37755e-05 1.20121e-05 -1.02351e-05 -0.000501626 0.000370599
internal_weight=1715 1659 1619 301 156 1318 1282 145 56
internal_count=1715 1659 1619 301 156 1318 1282 145 56
is_linear=0
shrinkage=0.03


Tree=121
num_leaves=19
num_cat=0
split_feature=25 23 24 21 22 25 22 19 29 22 15 23 33 32 21 16 19 11
split_gain=0.00895815 0.0257735 0.031109 0.025058 0.0243717 0.025141 0.0174784 0.0212223 0.0188353 0.0174595 0.0172007 0.0218863 0.0145952 0.0132315 0.00982011 0.00458648 0.00326074 0.002541
threshold=-0.52493221525116229 -0.94972022084899577 -0.4077310083868359 -0.82861597577814827 -0.88873055100867671 0.080640527962995007 -1.1107668163107076 -0.44784585344205924 -0.17854079271211151 -0.21415492270719952 1.1226259322901571 -0.99507664649703564 0.14849707786869656 -0.12757188131084982 0.077700157600831543 -0.047441799947886026 -0.79353112773782808 -0.68567000848049853
decision_type=2 2 2 2 2 2 2 2 2 2 2 2 2 2 2 2 2 2
left_child=6 10 3 -3 16 -6 12 8 -8 -10 11 13 15 -2 -9 -1 -4 -12
right_child=1 2 4 -5 5 -7 7 14 9 -11 17 -13 -14 -15 -16 -17 -18 -19
leaf_value=0.00068790395318397448 0.00044204471126959585 -0.0014790063515588963 0.00013397232246083708 -6.1413946827399609e-05 -0.00027125282572454862 8.2977359783713972e-05 0.00073991074724851739 -0.00086475892321219102 -0.0004892770417713715 0 0.0001084612456227963 0.0012934490229797966 -0.00025162295233458279 -0.00029340729888771539 -0.00011028914844500831 0.000102941424851971 0.00083820068504927413 -0.00022354935955770904
leaf_weight=39 110 20 23 32 249 621 20 53 87 207 33 26 32 20 37 39 32 35
leaf_count=39 110 20 23 32 249 621 20 53 87 207 33 26 32 20 37 39 32 35
internal_value=9.85082e-08 4.66763e-05 -1.72696e-05 -0.000712121 2.07354e-05 -1.55531e-05 -0.000102571 -0.000197636 -6.81377e-05 -0.000140127 0.000335341 0.000507627 0.000216006 0.000302276 -0.000600409 0.000447105 0.000617591 -2.23982e-05
internal_weight=1715 1201 977 52 925 870 514 404 314 294 224 156 110 130 90 78 55 68
internal_count=1715 1201 977 52 925 870 514 404 314 294 224 156 110 130 90 78 55 68
is_linear=0
shrinkage=0.03


Tree=122
num_leaves=12
num_cat=0
split_feature=25 20 14 25 32 8 19 22 17 15 4
split_gain=0.008992 0.014981 0.018114 0.0125721 0.0208895 0.0156477 0.0147781 0.0130918 0.00867123 0.00461463 0.00141285
threshold=3.1168573573588421 1.4350566696613758 0.85692921043855808 0.37716724589211631 1.3176187573304066 1.202396830233128 1.4968881126233773 1.846492482854688 0.64379285252276319 0.21424098417870838 -0.22773327596726281
decision_type=2 2 2 2 2 2 2 2 2 2 2
left_child=1 3 9 5 7 6 -1 -5 -2 -3 -7
right_child=8 2 -4 4 -6 10 -8 -9 -10 -11 -12
leaf_value=-2.9754263635074393e-05 0.00082760199911527984 -0.000303867265349254 -0.001111508500878699 2.498085837972063e-05 0.00098058854420154462 -4.9798508333042258e-05 0.00069257738992858399 0.00060620377999730409 0 0.00019824482978554443 -0.00055044598955857115
leaf_weight=1040 20 33 21 399 23 22 23 37 21 22 54
leaf_count=1040 20 33 21 399 23 22 23 37 21 22 54
internal_value=1.05561e-07 -9.25499e-06 -0.000413409 8.83116e-06 0.000142393 -4.25981e-05 -9.4059e-06 8.49441e-05 0.000425045 -5.14328e-05 -0.000450891
internal_weight=1715 1674 76 1598 459 1139 1063 436 41 55 76
internal_count=1715 1674 76 1598 459 1139 1063 436 41 55 76
is_linear=0
shrinkage=0.03


Tree=123
num_leaves=14
num_cat=0
split_feature=17 14 20 21 21 27 14 15 15 20 17 11 20
split_gain=0.00884615 0.0104323 0.0181554 0.0165949 0.0361112 0.024482 0.0161218 0.0150369 0.0133443 0.0120016 0.00681538 0.00596453 0.00425195
threshold=-1.9349684349683165 1.2280632525785184 0.65401483029577545 -1.2107974778054291 -0.92689121915659201 -0.23821450846604733 1.7088704137255817 0.080146587102676303 0.75211439578286987 0.69841993806626113 -0.52927317258425821 -0.58241556612526879 0.44050574961164984
decision_type=2 2 2 2 2 2 2 2 2 2 2 2 2
left_child=-1 3 10 7 5 -5 -4 -2 -6 -9 -3 -8 -12
right_child=1 2 6 4 8 -7 11 9 -10 -11 12 -13 -14
leaf_value=0.00050390355035121891 0.0010401176525629127 0.00050070079682653008 -0.001202913580255376 -0.0012653710354626287 -2.0628964524737735e-06 -3.4104367151341736e-05 0.00012125439589600199 0.00061367955249734215 0.00043645203626891511 -2.4814631402841764e-05 -0.00038197135055504207 -0.00049456450692377983 0.00010731610859511418
leaf_weight=28 21 20 24 31 1298 35 20 32 62 77 25 21 21
leaf_count=28 21 20 24 31 1298 35 20 32 62 77 25 21 21
internal_value=1.6389e-07 -7.30145e-06 -0.000262409 1.27155e-05 -1.51386e-05 -0.000685777 -0.000611167 0.000334259 1.66438e-05 0.000147264 4.92247e-05 -0.000138198 -0.000104482
internal_weight=1715 1687 131 1556 1426 66 65 130 1360 109 66 41 46
internal_count=1715 1687 131 1556 1426 66 65 130 1360 109 66 41 46
is_linear=0
shrinkage=0.03


Tree=124
num_leaves=11
num_cat=0
split_feature=11 20 33 22 30 15 23 28 23 14
split_gain=0.00854167 0.00833071 0.00885586 0.0213016 0.0191333 0.0159409 0.0245934 0.0225114 0.0129545 0.00247687
threshold=-1.4396994814708086 2.1887252725544148 -0.068083037868968327 -0.30762362093868817 3.0323388761995442 0.18747413846401637 0.62379885355608156 -0.10537291343315693 -0.99507664649703564 1.85197584381671
decision_type=2 2 2 2 2 2 2 2 2 2
left_child=9 2 5 4 -4 6 -2 -7 -5 -1
right_child=1 -3 3 8 -6 7 -8 -9 -10 -11
leaf_value=8.4327975664144522e-05 3.2126416126847129e-05 -0.00052404383479733951 -1.5111009357497092e-05 4.9329905199556372e-05 0.00091577545825392002 -0.00012872293626395108 -0.00038605787889706605 0.00039998989842549362 -0.00047395956967491659 0.0006409085229363131
leaf_weight=36 903 25 69 45 22 98 143 207 147 20
leaf_count=36 903 25 69 45 22 98 143 207 147 20
internal_value=1.02269e-07 -1.07425e-05 -1.10422e-07 -0.000153565 0.000200068 3.00878e-05 -2.31248e-05 0.000220769 -0.000337057 0.000356435
internal_weight=1715 1659 1634 283 91 1351 1046 305 192 56
internal_count=1715 1659 1634 283 91 1351 1046 305 192 56
is_linear=0
shrinkage=0.03


Tree=125
num_leaves=18
num_cat=0
split_feature=11 14 27 8 8 27 22 31 20 15 27 19 22 22 28 11 14
split_gain=0.00843849 0.00831725 0.0124439 0.0116558 0.0106417 0.0100993 0.0103317 0.0122778 0.00782809 0.00733508 0.00857082 0.0156396 0.0047159 0.0045574 0.00253759 0.00174264 0.00106023
threshold=-0.83908223744723476 -0.75681657584231221 3.5381077972790154 1.2239434365064696 -0.87653895595368436 -0.24475835064936632 -0.66102407370852501 -0.010608076599844059 -0.83689886512622758 -0.17367019539001646 -0.1939197076272304 0.33853790656705213 1.680285997226475 1.4087829050810992 -0.10537495891672101 0.040360122020940539 -0.40743712091216727
decision_type=2 2 2 2 2 2 2 2 2 2 2 2 2 2 2 2 2
left_child=8 5 3 4 -3 6 7 -2 -1 16 11 -11 -5 -12 -8 -7 -10
right_child=1 2 -4 12 -6 15 14 -9 9 10 13 -13 -14 -15 -16 -17 -18
leaf_value=0.00060249041845407403 0.00060092508839443325 -0.00022679201416692441 0.00063279141532257197 -0.00041509447618477398 5.8807383685166044e-05 -0.00012031424703838473 -8.9048546245543378e-05 -4.4493141265846056e-05 0 0 7.8511483530152815e-05 0.00071813335370729265 0 -0.00040390734252287075 -0.00050985304491283994 -0.00061549523589201271 -0.00032359996729440271
leaf_weight=31 33 129 25 80 940 30 60 74 20 49 46 50 21 21 33 45 28
leaf_count=31 33 129 25 80 940 30 60 74 20 49 46 50 21 21 33 45 28
internal_value=1.30349e-07 -2.53735e-05 6.5913e-06 -5.81567e-06 2.10064e-05 -0.000173639 -4.31401e-05 0.000138248 0.000163706 7.88685e-05 0.000182995 0.000360519 -0.000310967 -4.06673e-05 -0.000280883 -0.00046813 -0.000211994
internal_weight=1715 1470 1195 1170 1069 275 200 107 245 214 166 99 101 67 93 75 48
internal_count=1715 1470 1195 1170 1069 275 200 107 245 214 166 99 101 67 93 75 48
is_linear=0
shrinkage=0.03


Tree=126
num_leaves=13
num_cat=0
split_feature=21 16 23 25 21 15 27 28 15 21 24 27
split_gain=0.0082308 0.00872554 0.0107575 0.0254394 0.018182 0.0458971 0.0177166 0.0167978 0.0159719 0.0081113 0.00607476 0.00144011
threshold=1.879412952872298 -1.5353414443648277 -0.98809873485887567 -0.51598892589349299 -0.92689121915659201 3.0974436727491574 0.50614919475505415 0.1601254003145717 1.1226259322901571 0.60183478895253095 0.18909174845063906 -0.1881307498447253
decision_type=2 2 2 2 2 2 2 2 2 2 2 2
left_child=1 9 3 6 5 -4 -3 -6 -5 10 -1 -11
right_child=-2 2 4 8 7 -7 -8 -9 -10 11 -12 -13
leaf_value=0 0.00041136643363076241 -0.00025277853105217218 -0.0012249700908477487 0.00050030589058243141 -1.4167828716433908e-05 0.00039080331055447461 0.0004505194523308829 -0.00052707017524517127 -2.4916809570806267e-05 0.00010251638262915158 0.00073651120384844639 -0.00020870551124782015
leaf_weight=20 40 180 36 149 1035 21 34 59 63 25 33 20
leaf_count=20 40 180 36 149 1035 21 34 59 63 25 33 20
internal_value=0 -8.84109e-06 -2.78268e-05 9.74656e-05 -7.69316e-05 -0.000589909 -0.000122531 -4.59294e-05 0.000332102 0.000258723 0.000501086 0
internal_weight=1715 1675 1577 426 1151 57 214 1094 212 98 53 45
internal_count=1715 1675 1577 426 1151 57 214 1094 212 98 53 45
is_linear=0
shrinkage=0.03


Tree=127
num_leaves=13
num_cat=0
split_feature=17 14 20 21 21 27 3 14 31 20 20 11
split_gain=0.0079439 0.00974431 0.0172493 0.0148903 0.0325942 0.0243174 0.0133907 0.0125527 0.00987758 0.00943741 0.00717054 0.00544753
threshold=-1.9349684349683165 1.2280632525785184 0.61690934446775836 -1.2107974778054291 -0.92689121915659201 -0.23821450846604733 0.66078555915587911 1.7088704137255817 -0.029291299942534502 0.78844652510107982 0.36629477917219128 -0.58241556612526879
decision_type=2 2 2 2 2 2 2 2 2 2 2 2
left_child=-1 3 10 6 5 -5 9 -4 -6 -2 -3 -9
right_child=1 2 7 4 8 -7 -8 11 -10 -11 -12 -13
leaf_value=0.00047739054355770352 0.00097324612966622219 -0.00020410325768898473 -0.0010682393192313611 -0.0012265681755619451 -0.00018836639208983183 -6.1904307191358143e-06 -8.9456838958828548e-05 0.00010443911950468368 4.9328938496614203e-05 0.00022216047574660148 0.00038815948115855767 -0.00047151045042090122
leaf_weight=28 29 29 27 31 176 35 38 20 1184 63 33 22
leaf_count=28 29 29 27 31 176 35 38 20 1184 63 33 22
internal_value=0 -7.07358e-06 -0.00025366 1.22104e-05 -1.40677e-05 -0.000651283 0.000316833 -0.000575456 1.60204e-05 0.000513752 6.83452e-05 -0.000141904
internal_weight=1715 1687 131 1556 1426 66 130 69 1360 92 62 42
internal_count=1715 1687 131 1556 1426 66 130 69 1360 92 62 42
is_linear=0
shrinkage=0.03


Tree=128
num_leaves=21
num_cat=0
split_feature=11 25 22 22 22 17 11 19 31 15 25 25 25 20 15 27 19 24 14 30
split_gain=0.00786665 0.0105534 0.0159938 0.0390703 0.026135 0.0183351 0.0178854 0.0111776 0.0259664 0.0164067 0.016386 0.0108398 0.010196 0.00692271 0.00676515 0.00791927 0.0143552 0.00694868 0.00091865 0.000439104
threshold=-0.83908223744723476 0.52065405579914714 -0.34754601853632577 -0.38164426172865301 1.6177597228399427 -0.14115473468891929 -0.17155376128102548 -0.19717378753153733 -0.010563390830553391 -0.69639571097374986 -1.0331339195394722 -0.52987969031907955 0.36021852058668341 -0.83689886512622758 -0.17367019539001646 -0.1939197076272304 0.33853790656705213 0.23882697818709528 -0.40743712091216727 -0.22096232067423366
decision_type=2 2 2 2 2 2 2 2 2 2 2 2 2 2 2 2 2 2 2 2
left_child=13 7 3 6 5 -4 -3 8 11 12 -11 -2 -9 -1 18 16 -16 -17 -15 -10
right_child=1 2 4 -5 -6 -7 -8 9 19 10 -12 -13 -14 14 15 17 -18 -19 -20 -21
leaf_value=0.00057191818522508531 -0.00019314461069327936 -0.00017386162487961865 2.2980497383590163e-05 0.001238867155239859 0.00063504223778843873 -0.00079968159555797815 0.00035589466657030898 -0.00067903007237516614 0.00020410361200069577 0.00033066961781205191 -0.00017880124635206917 5.7919351466475497e-05 0 0 0 0.0001554822116740979 0.00069037753799578762 -0.00042677387508467354 -0.00030543640790687453 0.00076705852734933915
leaf_weight=31 269 103 33 29 22 49 113 78 23 64 303 331 20 20 49 41 50 26 28 33
leaf_count=31 269 103 33 29 22 49 113 78 23 64 303 331 20 20 49 41 50 26 28 33
internal_value=0 -2.4814e-05 0.000115392 0.000252009 -0.000176449 -0.00044419 9.06596e-05 -7.13248e-05 4.14344e-06 -0.000183546 -7.98873e-05 -5.00668e-05 -0.000528131 0.000157769 7.68736e-05 0.000177186 0.00034784 -3.62175e-05 -0.000201234 0.000608827
internal_weight=1715 1470 349 245 104 82 216 1121 656 465 367 600 98 245 214 166 99 67 48 56
internal_count=1715 1470 349 245 104 82 216 1121 656 465 367 600 98 245 214 166 99 67 48 56
is_linear=0
shrinkage=0.03


Tree=129
num_leaves=14
num_cat=0
split_feature=21 11 22 17 28 16 25 32 24 24 23 24 2
split_gain=0.00775992 0.00929502 0.0157072 0.0112048 0.0151707 0.0107211 0.00883194 0.00521091 0.008032 0.0118301 0.00695735 0.00282864 0.000474583
threshold=1.879412952872298 -0.83908223744723476 1.921103236205544 0.31284419322472706 -0.10354136574692883 -0.13269027617907173 0.78554820331628183 -0.042701849668192064 -0.084452015099870312 0.6118412012105171 -0.98809873485887567 0.23882697818709528 -0.37185384558228324
decision_type=2 2 2 2 2 2 2 2 2 2 2 2 2
left_child=1 7 3 6 -5 -4 -3 8 10 -10 -1 12 -9
right_child=-2 2 5 4 -6 -7 -8 11 9 -11 -12 -13 -14
leaf_value=0.00019666823960869806 0.0003995644452895016 -0.00013020701095316548 0 -3.8001778424581024e-05 0.00027457208772105806 -0.0009082039876150027 0.00014054772267374605 0 0.00075024019740521902 4.5420530216029741e-05 -0.0004376346880833254 -0.00029800630830085047 0.00014339803472499953
leaf_weight=45 40 716 22 328 224 28 115 21 48 55 20 23 30
leaf_count=45 40 716 22 328 224 28 115 21 48 55 20 23 30
internal_value=3.25084e-08 -8.41801e-06 -3.92293e-05 -1.75216e-05 8.42329e-05 -0.000548082 -8.877e-05 0.000160032 0.000253047 0.000414119 0 -1.38086e-05 6.82389e-05
internal_weight=1715 1675 1433 1383 552 50 831 242 168 103 65 74 51
internal_count=1715 1675 1433 1383 552 50 831 242 168 103 65 74 51
is_linear=0
shrinkage=0.03


Tree=130
num_leaves=14
num_cat=0
split_feature=21 11 23 25 33 23 32 28 24 19 24 25 28
split_gain=0.00733054 0.00880636 0.0180817 0.0116447 0.0231072 0.0187745 0.00684705 0.00971336 0.0135804 0.0132008 0.00647145 0.00523594 0.000871188
threshold=1.879412952872298 -0.76337387570532134 2.3961884096487185 -0.52987969031907955 -0.33340958417263744 -0.94972022084899577 0.034313048054651997 -0.10537495885988428 -1.4770384477206451 0.19500787220028268 0.23882697818709528 0.035229344881018067 0.015035279374618441
decision_type=2 2 2 2 2 2 2 2 2 2 2 2 2
left_child=1 6 3 4 -3 -5 7 9 -9 -1 12 -4 -8
right_child=-2 2 11 5 -6 -7 10 8 -10 -11 -12 -13 -14
leaf_value=-0.00043675912062171845 0.00038841381005477163 -0.0004113709981274644 -0.00095021649777889247 0.00032272801785750014 2.2303216873106862e-05 -2.2300821407207714e-05 0.00017545883319425312 -7.8174232189277435e-05 0.00049779671669875818 0.00043397192985867152 -0.00047534000475166573 -0.00011577519094054069 0
leaf_weight=37 40 175 22 170 260 727 30 39 125 21 24 24 21
leaf_count=37 40 175 22 170 260 727 30 39 125 21 24 24 21
internal_value=5.72688e-08 -8.10692e-06 -4.17721e-05 -1.85812e-05 -0.000146937 4.06137e-05 0.000136946 0.000223909 0.00034392 -6.6476e-05 -8.07147e-05 -0.000609823 6.55266e-05
internal_weight=1715 1675 1378 1332 435 897 297 222 164 58 75 46 51
internal_count=1715 1675 1378 1332 435 897 297 222 164 58 75 46 51
is_linear=0
shrinkage=0.03


Tree=131
num_leaves=14
num_cat=0
split_feature=17 14 20 21 21 27 15 24 15 14 19 20 21
split_gain=0.00709111 0.0094948 0.0168318 0.0127431 0.0303991 0.0228636 0.0127269 0.0124676 0.012002 0.0111772 0.00676617 0.00661976 0.00513755
threshold=-1.9349684349683165 1.2280632525785184 0.61690934446775836 -1.2107974778054291 -0.92689121915659201 -0.23821450846604733 0.63239908206798401 -1.240796106472478 0.75211439578286987 1.7088704137255817 -1.0280311757321809 0.36629477917219128 -1.6148179228056971
decision_type=2 2 2 2 2 2 2 2 2 2 2 2 2
left_child=-1 3 11 6 5 -5 7 -2 -6 -4 -8 -3 -11
right_child=1 2 9 4 8 -7 10 -9 -10 12 -12 -13 -14
leaf_value=0.00045108637751470652 0.0011538194137829124 -0.00019165105467072862 -0.0010371244136244057 -0.0011848296049215337 -3.9554666730018318e-07 -3.9322154694438077e-09 0.00033770828174427156 0.00020154953939332203 0.00041520897202311833 6.0709382006898517e-05 -0.00029192538565563921 0.00037560173725554094 -0.00049143966904375701
leaf_weight=28 21 29 27 31 1298 35 22 52 62 22 35 33 20
leaf_count=28 21 29 27 31 1298 35 22 52 62 22 35 33 20
internal_value=0 -6.6238e-06 -0.000250077 1.239e-05 -1.17637e-05 -0.00062731 0.000294184 0.000549696 1.72223e-05 -0.000568043 0 6.75204e-05 -0.000150786
internal_weight=1715 1687 131 1556 1426 66 130 73 1360 69 57 62 42
internal_count=1715 1687 131 1556 1426 66 130 73 1360 69 57 62 42
is_linear=0
shrinkage=0.03


Tree=132
num_leaves=11
num_cat=0
split_feature=24 22 10 24 17 29 23 15 24 22
split_gain=0.00680697 0.00840926 0.021147 0.00763836 0.0179542 0.0169187 0.0158405 0.0134942 0.0133838 0.0094912
threshold=1.755751485149011 1.921103236205544 -0.39687014960353612 0.79834831272222806 -0.25592469148597929 -0.17797505036961672 0.03765427595064242 -0.80959260813629041 -0.33312816378215154 1.7014530782149395
decision_type=2 2 2 2 2 2 2 2 2 2
left_child=1 3 -3 6 9 -6 7 -1 -8 -5
right_child=-2 2 -4 4 5 -7 8 -9 -10 -11
leaf_value=-0.0003091013587355938 0.00042812946028160777 0.00024360910131452745 -0.00081279538468898905 0.00019958423926598495 0.00044297352998917217 -0.00037848544825354346 -0.00088470920009538537 7.4018298741278848e-05 -0.00013067381706970734 -0.00043935755221755242
leaf_weight=86 30 23 35 24 156 20 22 921 346 52
leaf_count=86 30 23 35 24 156 20 22 921 346 52
internal_value=0 -6.77764e-06 -0.000353318 4.36302e-06 0.000156673 0.000328087 -2.16546e-05 3.75078e-05 -0.000190628 -0.000199695
internal_weight=1715 1685 58 1627 252 176 1375 1007 368 76
internal_count=1715 1685 58 1627 252 176 1375 1007 368 76
is_linear=0
shrinkage=0.03


Tree=133
num_leaves=11
num_cat=0
split_feature=17 24 23 21 31 32 32 31 27 34
split_gain=0.0066455 0.00766543 0.01337 0.0531008 0.019083 0.0132718 0.0109625 0.00490456 0.00769884 0.00555085
threshold=-1.9349684349683165 -1.5392074848912154 -0.94972022084899577 -0.85045491875113577 -0.39741986110496841 0.034313048054651997 -0.11968868672624383 -0.010717103582610884 -0.24465908830692781 -0.13306347906297897
decision_type=2 2 2 2 2 2 2 2 2 2
left_child=-1 7 4 -4 -3 -5 -6 9 -9 -2
right_child=1 2 3 5 6 -7 -8 8 -10 -11
leaf_value=0.00043652950599789621 0 0.00095172624696149581 -0.0014058800053037702 2.1709298992476199e-05 0.00022852103644583295 -0.0003385943609598325 -0.00011579441844789143 -0.00037089258815926174 0.00040459578378004548 -0.00060801829699299887
leaf_weight=28 28 24 22 1100 216 97 119 20 20 41
leaf_count=28 28 24 22 1100 216 97 119 20 20 41
internal_value=0 -6.60144e-06 8.57351e-06 -3.68749e-05 0.000170209 -5.76173e-06 9.7394e-05 -0.000247421 0 -0.000395643
internal_weight=1715 1687 1578 1219 359 1197 335 109 40 69
internal_count=1715 1687 1578 1219 359 1197 335 109 40 69
is_linear=0
shrinkage=0.03


Tree=134
num_leaves=15
num_cat=0
split_feature=11 20 14 27 14 22 11 28 28 24 20 27 19 27
split_gain=0.00677661 0.00739196 0.0296856 0.0146105 0.00933188 0.0171347 0.0165889 0.0147169 0.0142091 0.00842267 0.00798094 0.00660381 0.0043894 0.00202233
threshold=-1.4396994814708086 1.0840743845223442 1.0777609096776619 -0.2439964893323843 -0.53231553617975269 -0.98117296652557273 0.45520182709972562 -0.057894055031812761 -0.07058628558808111 0.79834831272222806 1.9283781093544021 -0.24480239568494813 0.013067846966666631 -0.19876592949033936
decision_type=2 2 2 2 2 2 2 2 2 2 2 2 2 2
left_child=13 4 3 10 6 7 9 -6 -7 -2 -3 -8 -5 -1
right_child=1 2 -4 12 5 8 11 -9 -10 -11 -12 -13 -14 -15
leaf_value=0.00046411873537969466 -6.6834847173974477e-05 0.00056189733081555464 -0.0010218082880746806 0 0.00063314718879000449 -3.8730376447878434e-05 -7.0625367978988964e-05 -0.0001004047598856102 0.00026652419228065643 0.00028810787569756422 -2.6147749386727801e-05 -0.00070376284835860117 -0.0004748823182535884 0
leaf_weight=33 400 41 29 26 78 675 39 25 167 67 22 47 43 23
leaf_count=33 400 41 29 26 78 675 39 25 167 67 22 47 43 23
internal_value=0 -9.94639e-06 -0.000202031 0 9.0621e-06 6.80628e-05 -8.61894e-05 0.000428996 1.8994e-05 -8.01466e-06 0.000319239 -0.000462409 -0.000298681 0.000317152
internal_weight=1715 1659 161 132 1498 945 553 103 842 467 63 86 69 56
internal_count=1715 1659 161 132 1498 945 553 103 842 467 63 86 69 56
is_linear=0
shrinkage=0.03


Tree=135
num_leaves=16
num_cat=0
split_feature=11 21 22 17 15 13 22 27 19 14 16 22 23 23 7
split_gain=0.00664822 0.00936782 0.0132598 0.00988173 0.0136366 0.00911253 0.00696767 0.00614986 0.0109013 0.0101367 0.00637712 0.00466682 0.0026922 0.00144136 0.000803861
threshold=-0.83908223744723476 1.879412952872298 1.921103236205544 0.31284419322472706 1.3758408318724842 -0.032272600144447883 -1.1107668163107076 -0.20908095404790622 0.77519396672342189 1.0000000180025095e-35 -1.0700122933665004 1.4087829050810992 -0.72293809260879616 1.0000000180025095e-35 -0.050236914045829612
decision_type=2 2 2 2 2 2 2 2 2 2 2 2 2 2 2
left_child=7 2 3 6 -5 -4 -2 8 9 13 -11 12 -9 -1 -14
right_child=1 -3 5 4 -6 -7 -8 11 -10 10 -12 -13 14 -15 -16
leaf_value=0.00056706274286843833 0.00037625810894398738 0.00042391183316503887 0 0.00012699021443227928 -0.00039682984173525758 -0.00085130611700005821 -0.00010259612709841417 -9.9696611940133455e-07 0.00076339911253136736 -0.00045450837455097249 0.00013468440168577689 -0.00027848250311653832 0.00042053763839066961 1.8707318201094209e-05 0
leaf_weight=27 23 37 23 508 44 27 808 38 31 30 20 37 21 20 21
leaf_count=27 23 37 23 508 44 27 808 38 31 30 20 37 21 20 21
internal_value=0 -2.30917e-05 -3.7584e-05 -1.74472e-05 7.79117e-05 -0.000505449 -8.44397e-05 0.000144774 0.000286234 8.54112e-05 -0.000167944 0 0.000115019 0.000408843 0.000279721
internal_weight=1715 1470 1433 1383 552 50 831 245 128 97 50 117 80 47 42
internal_count=1715 1470 1433 1383 552 50 831 245 128 97 50 117 80 47 42
is_linear=0
shrinkage=0.03


Tree=136
num_leaves=20
num_cat=0
split_feature=25 22 27 14 27 21 22 24 24 25 28 28 14 17 27 27 16 19 20
split_gain=0.00651627 0.0191424 0.014322 0.0175945 0.0209255 0.0182332 0.015125 0.0137123 0.0174638 0.0202014 0.0112605 0.0133215 0.0107308 0.00719091 0.00651725 0.00527187 0.00509209 0.00240775 0.000444954
threshold=-0.52493221525116229 -0.88873055100867671 -0.24466854980206565 -0.5444740363515056 -0.24349614339944767 -0.99240804807555427 -1.1107668163107076 -0.70614238680557329 -0.4077310083868359 0.080640527962995007 -0.10534779880465252 -0.10537353677725102 1.2535396310889888 0.87707071268476955 -0.17522448117019571 -0.10212967597893287 0.88200642922129557 -0.79353112773782808 0.2324713856885193
decision_type=2 2 2 2 2 2 2 2 2 2 2 2 2 2 2 2 2 2 2
left_child=2 17 10 6 16 -6 15 12 -9 -10 11 -1 13 -3 -14 -4 -5 -2 -13
right_child=1 7 3 4 5 -7 -8 8 9 -11 -12 18 14 -15 -16 -17 -18 -19 -20
leaf_value=0 0.00012448124257990946 0.00040446732218577696 0.00036301573987809884 0.00071969128822312544 -0.00036702536018605437 0.00018462836043825438 -0.00054353420149315802 -0.00073213814196924432 -0.00024254894312720614 7.4935559078749767e-05 3.4136137731062862e-05 -0.0010683275662595406 -0.00049819881614530459 0 0.00011015003210811231 -0.00020009729471665035 0 0.00077009291361152584 -0.00034397325686586557
leaf_weight=20 23 155 28 50 84 136 82 29 249 621 24 29 24 45 23 20 20 32 21
leaf_count=20 23 155 28 50 84 136 82 29 249 621 24 29 24 45 23 20 20 32 21
internal_value=0 3.94747e-05 -8.78334e-05 -4.63e-06 0.000118057 -1.46541e-05 -0.000297362 9.86756e-06 -4.18969e-05 -1.30155e-05 -0.000417024 -0.00060785 0.000208515 0.000308947 -0.000151749 7.15931e-05 0.000559706 0.000572237 -0.000857393
internal_weight=1715 1201 514 420 290 220 130 1146 899 870 94 70 247 200 47 48 70 55 50
internal_count=1715 1201 514 420 290 220 130 1146 899 870 94 70 247 200 47 48 70 55 50
is_linear=0
shrinkage=0.03


Tree=137
num_leaves=10
num_cat=0
split_feature=17 14 21 19 31 30 19 14 7
split_gain=0.00608852 0.00814506 0.011288 0.00943205 0.00942263 0.0129736 0.0106839 0.0088994 0.00663804
threshold=-1.9349684349683165 1.2280632525785184 -1.7676905236166094 -1.0553217935017931 -0.029291299942534502 -0.18974150336361101 -0.95323395326455784 2.9617939615741697 0.75954394954973758
decision_type=2 2 2 2 2 2 2 2 2
left_child=-1 2 -2 -3 6 -6 -4 8 -5
right_child=1 3 4 7 5 -7 -8 -9 -10
leaf_value=0.00041775781475007534 0.00059740717018601198 0.00023712486439151685 0.00010520610230051423 -0.00013148494893721363 0 0.00035307888314127918 -0.00035118830813833727 9.1009564697742447e-05 -0.00076151893741885899
leaf_weight=28 26 22 56 45 1245 99 130 20 44
leaf_count=28 26 22 56 45 1245 99 130 20 44
internal_value=0 -6.41266e-06 1.10609e-05 -0.00023195 0 2.77803e-05 -0.000198417 -0.000357227 -0.000490246
internal_weight=1715 1687 1556 131 1530 1344 186 109 89
internal_count=1715 1687 1556 131 1530 1344 186 109 89
is_linear=0
shrinkage=0.03


Tree=138
num_leaves=8
num_cat=0
split_feature=20 11 21 20 23 20 27
split_gain=0.006309 0.00674124 0.00795531 0.0117338 0.023452 0.0102276 0.00229718
threshold=-1.1598997863197578 -1.3447463331745781 1.879412952872298 1.0840743845223442 -0.86947423701015591 0.1570435790232271 -0.20908095404790622
decision_type=2 2 2 2 2 2 2
left_child=-1 6 3 5 -5 -3 -2
right_child=1 2 -4 4 -6 -7 -8
leaf_value=0.00041857981808425391 0.00043842839824747686 -5.5212231235217402e-05 0.00038105190642610457 0 -0.00075895071733724884 0.00012511999443625196 0
leaf_weight=29 36 1044 39 95 55 383 34
leaf_count=29 36 1044 39 95 55 383 34
internal_value=0 -6.50237e-06 -2.09329e-05 -3.34776e-05 -0.000283554 -4.55307e-06 0.000272711
internal_weight=1715 1686 1616 1577 150 1427 70
internal_count=1715 1686 1616 1577 150 1427 70
is_linear=0
shrinkage=0.03


Tree=139
num_leaves=18
num_cat=0
split_feature=25 22 23 24 25 25 27 27 16 20 17 33 32 16 33 31 19
split_gain=0.00617491 0.0179788 0.0206072 0.0207639 0.0190816 0.0174839 0.0138172 0.0128189 0.0167213 0.0102555 0.00978098 0.00705363 0.0107031 0.00603384 0.0100815 0.00471797 0.00216871
threshold=-0.52493221525116229 -0.88873055100867671 -0.94972022084899577 -0.4077310083868359 0.022611964851316949 0.85539187697027408 -0.24456929440275146 -0.24349614339944767 0.90359595676985971 0.67834644032745173 -1.2613946343465943 1.2312704228553486 -0.11968868672624383 -0.26428397738937176 -0.33818211005797699 -0.010607095556506465 -0.79353112773782808
decision_type=2 2 2 2 2 2 2 2 2 2 2 2 2 2 2 2 2
left_child=6 16 11 5 -5 -4 13 8 -8 10 -9 12 -3 -1 15 -15 -2
right_child=1 2 3 4 -6 -7 7 9 -10 -11 -12 -13 -14 14 -16 -17 -18
leaf_value=0 0.00011936285704947435 0.0002986472076914448 -1.9722033313221548e-05 -0.0002526142920534247 6.763172192918904e-05 -0.001210537054594606 0.0007230843677357567 0.00046717106482584869 -8.2519319160161787e-05 -0.0006607347009703517 -8.9922652190794274e-05 0.00074608046751758399 -0.00020529843591760065 -0.0008842759048777886 0 -0.00013970090869245015 0.00074561146907508376
leaf_weight=28 23 158 30 221 649 22 43 28 34 23 269 26 40 41 24 24 32
leaf_count=28 23 158 30 221 649 22 43 28 34 23 269 26 40 41 24 24 32
internal_value=0 3.87762e-05 9.99715e-06 -5.01665e-05 -1.08702e-05 -0.000616623 -8.51337e-05 0 0.000340108 -8.40736e-05 -2.32555e-05 0.000268241 0.00018037 -0.000367225 -0.000484689 -0.000671766 0.00055517
internal_weight=1715 1201 1146 922 870 52 514 397 77 320 297 224 198 117 89 65 55
internal_count=1715 1201 1146 922 870 52 514 397 77 320 297 224 198 117 89 65 55
is_linear=0
shrinkage=0.03


Tree=140
num_leaves=16
num_cat=0
split_feature=24 23 24 21 31 25 29 25 19 29 17 17 31 34 20
split_gain=0.00604346 0.0113379 0.0217796 0.0173956 0.0170095 0.0120947 0.00899613 0.00875985 0.0143444 0.00611619 0.00469027 0.00436356 0.00387438 0.0027905 0.00200896
threshold=-1.5392074848912154 -0.94972022084899577 -0.37042958608449367 -0.83953544726464202 -0.39741986110496841 0.8765147027159953 -0.25642819790532179 -1.4551953055459173 -1.0725055751459536 -0.17805722506524138 -0.45731159176715258 -0.078070503401261579 -0.010695890738592896 -0.13306347906297897 0.30303277752273677
decision_type=2 2 2 2 2 2 2 2 2 2 2 2 2 2 2
left_child=10 4 3 -3 -2 6 -4 11 -9 -7 -1 -6 13 -12 -5
right_child=1 2 5 14 7 9 -8 8 -10 -11 12 -13 -14 -15 -16
leaf_value=4.8462419863790265e-05 0.00090256638327587603 -0.0012123129774117842 -0.00055832639982691034 0 -0.000447626503656947 0.00046377160991318775 -8.3519496551345883e-06 0.00064845557446824385 5.9866937707982293e-05 0 -2.4483977947966188e-05 0 0 -0.0006576136764538075 -0.00029724830899644514
leaf_weight=27 24 21 25 22 31 70 1025 45 247 43 21 23 33 32 26
leaf_count=27 24 21 25 22 31 70 1025 45 247 43 21 23 33 32 26
internal_value=0 1.65188e-05 -2.52023e-05 -0.000531914 0.000162567 3.57885e-06 -2.58489e-05 9.53243e-05 0.000166416 0.000296482 -0.000207638 -0.00022499 -0.000320673 -0.000475073 -0.000121613
internal_weight=1715 1602 1232 69 370 1163 1050 346 292 113 113 54 86 53 48
internal_count=1715 1602 1232 69 370 1163 1050 346 292 113 113 54 86 53 48
is_linear=0
shrinkage=0.03


Tree=141
num_leaves=22
num_cat=0
split_feature=11 25 11 33 19 25 19 31 15 30 33 15 25 27 19 14 25 23 23 8 32
split_gain=0.0061948 0.00856668 0.0122223 0.0159829 0.0152415 0.0124127 0.00956185 0.0219132 0.0143448 0.0150513 0.00909617 0.00904309 0.00882061 0.00549905 0.0100659 0.0125904 0.0047387 0.00349929 0.001043 0.000532782 0.000443657
threshold=-0.83908223744723476 0.52065405579914714 0.98473526187667038 -0.35254889565660125 2.27619646147205 1.3290765106438764 -0.19717378753153733 -0.010563390830553391 0.18747413846401637 -0.21972071480034486 -0.30142644728288487 -0.97964167290999538 -0.52987969031907955 -0.20908095404790622 0.33853790656705213 1.0000000180025095e-35 0.41311941934820945 -0.72293809260879616 1.0000000180025095e-35 -0.49180010205291008 -0.28915149405292667
decision_type=2 2 2 2 2 2 2 2 2 2 2 2 2 2 2 2 2 2 2 2 2
left_child=13 6 3 11 -5 -4 7 12 9 -8 -10 -3 -2 14 15 18 17 -15 -1 -18 -9
right_child=1 2 5 4 -6 -7 8 20 10 -11 -12 -13 -14 16 -16 -17 19 -19 -20 -21 -22
leaf_value=0.00052883306056028241 -0.0001734391856687794 -0.00024127962100319565 0.00093005775297060609 -0.0005201301074493676 0.00017796483276546685 2.430526453903627e-06 -0.00042418250428535327 0.00016302585915662347 0.0002042707143652597 0 -0.00041795764624839654 0.00028893805015328461 5.269897748245809e-05 0 0.00063805016228149687 -0.00031273271596107474 -0.0003505199150078827 0.00034703103845056736 1.9485643508074719e-05 0 0.00070336125930771235
leaf_weight=27 269 27 27 72 35 35 213 22 112 119 21 153 331 38 43 38 24 35 20 20 34
leaf_count=27 269 27 27 72 35 35 213 22 112 119 21 153 331 38 43 38 24 35 20 20 34
internal_value=0 -2.20826e-05 0.000103929 8.92708e-06 -0.000265883 0.000476832 -6.41554e-05 5.35055e-06 -0.000168027 -0.000274916 7.69129e-05 0.00019036 -4.40697e-05 0.000139946 0.000273599 3.96718e-05 0 0.000137027 0.000386263 -0.000245722 0.000561017
internal_weight=1715 1470 349 287 107 62 1121 656 465 332 133 180 600 245 128 85 117 73 47 44 56
internal_count=1715 1470 349 287 107 62 1121 656 465 332 133 180 600 245 128 85 117 73 47 44 56
is_linear=0
shrinkage=0.03


Tree=142
num_leaves=17
num_cat=0
split_feature=11 22 24 22 27 29 17 10 21 24 22 28 8 24 25 24
split_gain=0.00593433 0.0123471 0.0160181 0.0145154 0.0201144 0.0126804 0.0126288 0.00951854 0.006841 0.0121216 0.0113714 0.00643955 0.00559369 0.00692593 0.00381709 0.00375713
threshold=-0.65466592969622173 1.921103236205544 0.78591450528811413 1.1528279960617938 1.8306306500638747 -0.17797505036961672 -0.33496722659456707 0.026744792258121933 0.60183478895253095 0.26369459305532345 1.921103236205544 -0.074116194954916795 -1.698944774873195 -1.4521708328524168 0.90618115277312505 0.18909174845063906
decision_type=2 2 2 2 2 2 2 2 2 2 2 2 2 2 2 2
left_child=8 2 3 4 -2 6 -4 -3 9 12 14 -11 -1 -14 15 -10
right_child=1 7 5 -5 -6 -7 -8 -9 10 11 -12 -13 13 -15 -16 -17
leaf_value=-0.00029689170650413468 -6.3952487521615987e-05 0 -6.6521433937662044e-05 -0.00063850029271806741 0.00059520291544626965 -0.00039186697814147921 0.00042992401887448361 -0.00081705913242072833 0 0.00089016898585991431 0.00053252688629552728 4.4964949898421753e-05 -8.5097557692279214e-05 0.00030623537197860772 5.4276051310201483e-05 -0.00035813429281160306
leaf_weight=24 977 28 50 35 40 21 158 28 25 30 22 22 51 96 33 75
leaf_count=24 977 28 50 35 40 21 158 28 25 30 22 22 51 96 33 75
internal_value=0 -2.82132e-05 -6.27368e-06 -5.81448e-05 -3.34115e-05 0.000216756 0.000297119 -0.000453395 0.000105918 0.000213299 -3.07026e-05 0.000609085 6.72756e-05 0.00015148 -0.000155619 -0.000253574
internal_weight=1715 1337 1281 1052 1017 229 208 56 378 223 155 52 171 147 133 100
internal_count=1715 1337 1281 1052 1017 229 208 56 378 223 155 52 171 147 133 100
is_linear=0
shrinkage=0.03


Tree=143
num_leaves=14
num_cat=0
split_feature=25 17 14 15 25 22 27 30 27 12 25 17 8
split_gain=0.00578655 0.00681614 0.00650059 0.00962038 0.0231962 0.0170447 0.0169991 0.0150401 0.0095731 0.010593 0.00925492 0.0023959 0.000858258
threshold=3.1168573573588421 0.64379285252276319 1.2280632525785184 0.21424098417870838 -0.91908575744014898 1.0486346434628173 0.91076123813452214 -0.21163284222651293 -0.24470892675376668 1.302473882241967 1.0737451497055617 -0.52927317258425821 -0.033173419378450197
decision_type=2 2 2 2 2 2 2 2 2 2 2 2 2
left_child=2 -2 3 5 12 6 -1 -6 -4 11 -7 -10 -5
right_child=1 -3 8 4 7 10 -8 -9 9 -11 -12 -13 -14
leaf_value=-2.0371674421641787e-06 0.00069931200920077762 0 -0.00075064406080171465 -9.4284214403317604e-07 0.000428686525198034 -0.00038085322140960203 0.00063371574835708504 -8.1942124885781738e-05 0.00027269508503918906 -0.0004766923308085937 0.00010620198659598826 0 -0.00045597496252650251
leaf_weight=1012 20 21 22 20 185 161 36 58 40 36 32 36 36
leaf_count=1012 20 21 22 20 185 161 36 58 40 36 32 36 36
internal_value=0 0.000340899 -7.50928e-06 8.22697e-06 0.000161556 -2.66042e-05 1.86938e-05 0.0002951 -0.000206477 -5.6706e-05 -0.000284402 0.000114808 -0.000352622
internal_weight=1715 41 1674 1540 299 1241 1048 243 134 112 193 76 56
internal_count=1715 41 1674 1540 299 1241 1048 243 134 112 193 76 56
is_linear=0
shrinkage=0.03


Tree=144
num_leaves=10
num_cat=0
split_feature=21 25 19 27 31 21 21 25 17
split_gain=0.00553044 0.00587757 0.00805822 0.0212483 0.0179468 0.0119151 0.0356461 0.0124031 0.00648601
threshold=1.879412952872298 3.1168573573588421 -0.19110860574081992 1.8306306500638747 -0.010563390830553391 -0.92689121915659201 -1.6584958087516721 0.78554820331628183 0.64379285252276319
decision_type=2 2 2 2 2 2 2 2 2
left_child=1 2 3 4 -1 6 -4 -7 -3
right_child=-2 8 5 -5 -6 7 -8 -9 -10
leaf_value=-2.3142784128056078e-05 0.00033705282505320085 0.0006810690802926926 2.3178250000283517e-05 0.00084862722649544091 0.00053351699237724195 -0.00010688844508100807 -0.0014256570733395281 0.00019021751438726253 0
leaf_weight=689 40 20 34 26 53 664 20 148 21
leaf_count=689 40 20 34 26 53 664 20 148 21
internal_value=0 -7.42072e-06 -1.83457e-05 4.98993e-05 1.45801e-05 -8.22834e-05 -0.000507588 -4.85543e-05 0.000331363
internal_weight=1715 1675 1634 768 742 866 54 812 41
internal_count=1715 1675 1634 768 742 866 54 812 41
is_linear=0
shrinkage=0.03


Tree=145
num_leaves=17
num_cat=0
split_feature=11 22 24 31 22 31 27 25 21 24 22 28 8 24 25 24
split_gain=0.00577048 0.0113975 0.0149657 0.0149846 0.0134591 0.025517 0.0108894 0.00906814 0.00629069 0.0114377 0.0106461 0.00570991 0.00512856 0.00649733 0.00333344 0.00360657
threshold=-0.65466592969622173 1.921103236205544 0.78591450528811413 -0.010717103582610884 1.1528279960617938 -0.57969301188240052 -0.24477658075791317 0.035229344881018067 0.60183478895253095 0.26369459305532345 1.921103236205544 -0.074116194954916795 -1.698944774873195 -1.4521708328524168 0.90618115277312505 0.18909174845063906
decision_type=2 2 2 2 2 2 2 2 2 2 2 2 2 2 2 2
left_child=8 2 4 -4 5 -2 -5 -3 9 12 14 -11 -1 -14 15 -10
right_child=1 7 3 6 -6 -7 -8 -9 10 11 -12 -13 13 -15 -16 -17
leaf_value=-0.00028219834394339064 0.00094770809207314047 -0.00084779497414516907 -0.00036905833690487326 0.00011062627926659666 -0.00061610271223061757 -5.8483336347882864e-05 0.00061006195660573556 0 0 0.00085895245310596449 0.00051887242781929678 4.8286379054188718e-05 -8.1869613919277772e-05 0.00029613869321452288 4.373616182905e-05 -0.00034218727699660055
leaf_weight=24 20 24 28 130 35 997 71 32 25 30 22 22 51 96 33 75
leaf_count=24 20 24 28 130 35 997 71 32 25 30 22 22 51 96 33 75
internal_value=0 -2.79393e-05 -6.76081e-06 0.000208694 -5.69649e-05 -3.30255e-05 0.000308127 -0.000436572 0.000104334 0.000207212 -2.58142e-05 0.000591865 6.48127e-05 0.000145978 -0.00014743 -0.000239077
internal_weight=1715 1337 1281 229 1052 1017 201 56 378 223 155 52 171 147 133 100
internal_count=1715 1337 1281 229 1052 1017 201 56 378 223 155 52 171 147 133 100
is_linear=0
shrinkage=0.03


Tree=146
num_leaves=10
num_cat=0
split_feature=8 14 20 25 14 33 24 23 4
split_gain=0.00561558 0.0100971 0.00985866 0.00911757 0.00738033 0.00824992 0.00719338 0.00225149 0.00151858
threshold=1.2239434365064696 2.5980789066241026 2.1887252725544148 0.27255780926350887 -0.81568405902997365 -0.085234826113915377 0.77348069785399998 0.03765427595064242 -0.22773327596726281
decision_type=2 2 2 2 2 2 2 2 2
left_child=1 2 4 8 6 -6 -1 -5 -2
right_child=3 -3 -4 7 5 -7 -8 -9 -10
leaf_value=-0.00022769355126527239 -4.4306793560584377e-05 0.00050641679448528668 -0.00054295000402007957 0.00031236823747167361 8.3992827167235333e-05 -9.9758029716589164e-05 0.00014037259669566994 -2.1951988787175365e-05 -0.00053134627645949324
leaf_weight=186 24 34 26 21 1041 263 51 23 46
leaf_count=186 24 34 26 21 1041 263 51 23 46
internal_value=0 1.60167e-05 2.51807e-06 -0.000199198 1.47014e-05 4.44934e-05 -0.000135225 8.35337e-05 -0.00041414
internal_weight=1715 1601 1567 114 1541 1304 237 44 70
internal_count=1715 1601 1567 114 1541 1304 237 44 70
is_linear=0
shrinkage=0.03


Tree=147
num_leaves=23
num_cat=0
split_feature=11 25 22 22 21 17 11 19 31 21 22 9 22 20 11 30 23 9 15 22 30 28
split_gain=0.00565183 0.00785539 0.012353 0.0310519 0.0189866 0.0235643 0.01573 0.00928347 0.0190699 0.0178724 0.0120243 0.0083934 0.00766434 0.00444212 0.00587 0.00540481 0.0051229 0.00689745 0.00161536 0.00123609 0.000537707 0.000213297
threshold=-0.83908223744723476 0.49149681341170753 -0.34754601853632577 -0.38164426172865301 1.2133251921961803 -0.14115473468891929 -0.17155376128102548 -0.20627040237347757 -0.010563390830553391 0.066780686114337795 -1.1107668163107076 1.397723718447587 0.73023043126057663 -0.5899339356149681 -1.4396994814708086 -0.22016554074379135 -0.98809873485887567 -0.52412690007385565 1.6236647132119371 0.34062785573349869 -0.22109524697913033 -0.085499536657550321
decision_type=2 2 2 2 2 2 2 2 2 2 2 2 2 2 2 2 2 2 2 2 2 2
left_child=13 7 3 6 5 -4 -3 8 11 12 -11 -2 -9 15 18 -1 19 -18 -15 -16 -10 -17
right_child=1 2 4 -5 -6 -7 -8 9 20 10 -12 -13 -14 14 16 21 17 -19 -20 -21 -22 -23
leaf_value=0.00063956180103195948 -9.1726647784897462e-06 -0.00016421208245346548 7.1528230201114298e-05 0.0010634704691029207 0.0003103720339838349 -0.00094814467694320738 0.00031509201422265571 -0.00058013832601718602 0.00011459209269884487 0.00034479644607977362 -0.00012714684230834465 -0.00052392564016965129 0 4.838278425226095e-05 0.00025763597262428242 0 -0.00047713988706806393 6.4635965013876541e-05 0.00051569393650709606 0 0.00064767563918632313 9.9945050825436517e-05
leaf_weight=29 565 113 30 31 39 38 120 102 20 55 262 28 31 36 24 22 44 22 20 25 36 23
leaf_count=29 565 113 30 31 39 38 120 102 20 55 262 28 31 36 24 22 44 22 20 25 36 23
internal_value=0 -2.10846e-05 9.46199e-05 0.000209235 -0.00015889 -0.000472021 7.07954e-05 -6.30177e-05 5.28098e-06 -0.000167525 -3.34241e-05 -4.10265e-05 -0.000457301 0.000133679 2.80646e-05 0.000328172 -7.51241e-05 -0.000258111 0.000283863 0.000114328 0.000523644 3.75686e-05
internal_weight=1715 1470 371 264 107 68 233 1099 649 450 317 593 133 245 171 74 115 66 56 49 56 45
internal_count=1715 1470 371 264 107 68 233 1099 649 450 317 593 133 245 171 74 115 66 56 49 56 45
is_linear=0
shrinkage=0.03


Tree=148
num_leaves=14
num_cat=0
split_feature=20 25 27 11 27 24 28 28 20 33 4 33 34
split_gain=0.00549016 0.00675411 0.0196067 0.0155441 0.020368 0.0130975 0.00968787 0.0142832 0.00672348 0.00524453 0.00421035 0.00393573 0.00392186
threshold=-1.1598997863197578 -0.14835876742433643 -0.24456929440275146 0.79697957089776494 -0.24185964978082705 -1.240796106472478 0.048601140530987512 -0.075679133153007713 -1.058315696320679 -0.33717446382268829 -0.16033400221178565 1.2312704228553486 -0.13038791945856634
decision_type=2 2 2 2 2 2 2 2 2 2 2 2 2
left_child=-1 2 8 4 -4 11 7 -7 12 -10 -5 -3 -2
right_child=1 5 3 10 -6 6 -8 -9 9 -11 -12 -13 -14
leaf_value=0.00039065045888128224 -0.00023298035878890558 7.0041295955888922e-05 0.00045871270880043323 0 -7.4862430906356368e-07 1.0299948231482038e-05 -0.00036361646578491979 0.00052111003198984293 -0.00041302732160298508 0 -0.00042944161650809964 0.00086087564119826201 0.00029620906058922767
leaf_weight=29 20 21 108 32 341 745 51 51 185 21 68 20 23
leaf_count=29 20 21 108 32 341 745 51 51 185 21 68 20 23
internal_value=0 -5.84467e-06 -7.0614e-05 2.48227e-05 0.000105442 4.9035e-05 1.90694e-05 4.86161e-05 -0.00029073 -0.000361755 -0.000300558 0.000556389 0
internal_weight=1715 1686 798 549 449 888 847 796 249 206 100 41 43
internal_count=1715 1686 798 549 449 888 847 796 249 206 100 41 43
is_linear=0
shrinkage=0.03


Tree=149
num_leaves=20
num_cat=0
split_feature=11 25 8 19 31 21 25 24 21 20 9 21 24 8 15 24 27 25 30
split_gain=0.00535636 0.00890661 0.010947 0.00845345 0.0170212 0.0167326 0.008795 0.00760898 0.0250711 0.00709071 0.00547532 0.00508087 0.01028 0.00651239 0.00528176 0.00519382 0.00394521 0.00433423 0.00104142
threshold=-0.76337387570532134 0.52065405579914714 -0.9816337975848709 -0.2173890032376963 -0.010563390830553391 0.066780686114337795 -0.52987969031907955 0.89781877219514061 0.143216986519794 -0.9482155531514086 0.8356437988221922 0.60183478895253095 0.30099601535766557 -1.698944774873195 0.24187559994608024 -1.4521708328524168 -0.1881307498447253 0.38847247857589035 -0.22096232067423366
decision_type=2 2 2 2 2 2 2 2 2 2 2 2 2 2 2 2 2 2 2
left_child=11 3 -3 4 6 10 -2 8 -4 -7 -5 12 13 -1 16 -15 17 -13 -6
right_child=1 2 7 5 18 9 -8 -9 -10 -11 -12 14 -14 15 -16 -17 -18 -19 -20
leaf_value=-0.00034734508191721269 -0.00017450736958498996 -0.00048323798252386042 0.00024631657456966035 -0.0005346161830484886 0.0001059386052377522 0.00039509063732713975 5.7411831170187706e-05 0.00050875967993702304 -0.00042330298725846662 -8.7256203410556688e-05 0 -0.00025705639016814527 0.00067890552333178551 -2.9945900754925481e-05 0.00035914224145933984 0.00032522562240127527 -0.00033998299409656533 0.00022096221021222716 0.00065167628569262365
leaf_weight=20 260 21 210 109 22 26 306 48 61 294 25 25 34 42 22 78 41 39 32
leaf_count=20 260 21 210 109 22 26 306 48 61 294 25 25 34 42 22 78 41 39 32
internal_value=0 -2.28269e-05 0.000107064 -6.69163e-05 4.84675e-07 -0.000164925 -4.42095e-05 0.000159381 8.16571e-05 -3.5472e-05 -0.000444623 0.000115883 0.000221052 7.69704e-05 -6.90663e-06 0.000178827 -0.000119226 0 0.000499248
internal_weight=1715 1414 340 1074 620 454 566 319 271 320 134 301 174 140 127 120 105 64 54
internal_count=1715 1414 340 1074 620 454 566 319 271 320 134 301 174 140 127 120 105 64 54
is_linear=0
shrinkage=0.03


Tree=150
num_leaves=15
num_cat=0
split_feature=20 25 27 11 19 24 24 27 14 20 14 21 4 32
split_gain=0.00513875 0.00622576 0.0182426 0.0143562 0.0202728 0.0124347 0.00837859 0.0138017 0.00908696 0.00631277 0.00542422 0.00397157 0.00396557 0.00361941
threshold=-1.1598997863197578 -0.14835876742433643 -0.24456929440275146 0.79697957089776494 -1.0725055751459536 -1.240796106472478 0.74861308298577189 -0.24444161146408197 0.074990736388634197 -1.058315696320679 0.85692921043855808 0.088619629087325277 -0.16033400221178565 0.3056244765500673
decision_type=2 2 2 2 2 2 2 2 2 2 2 2 2 2
left_child=-1 2 9 4 -4 13 8 -8 -7 11 -11 -2 -5 -3
right_child=1 5 3 12 -6 6 7 -9 -10 10 -12 -13 -14 -15
leaf_value=0.00037811761941702573 -0.00022325489361537621 6.718766625272109e-05 0.00054929899763910244 0 3.4225998937962008e-06 2.7155185474150226e-05 0.00029715025266283194 -0.00011051134399296694 -0.00023085247604027494 -0.00040820656478236127 0 0.00030842737095197666 -0.00041320917283488773 0.00083540927195597603
leaf_weight=29 21 21 73 32 376 377 197 104 169 179 27 22 68 20
leaf_count=29 21 21 73 32 376 377 197 104 169 179 27 22 68 20
internal_value=0 -5.42697e-06 -6.76789e-05 2.42062e-05 0.000101867 4.71881e-05 1.79032e-05 0.000146728 -4.80649e-05 -0.00028005 -0.000348924 0 -0.000288176 0.000541521
internal_weight=1715 1686 798 549 449 888 847 301 546 249 206 43 100 41
internal_count=1715 1686 798 549 449 888 847 301 546 249 206 43 100 41
is_linear=0
shrinkage=0.03


Tree=151
num_leaves=11
num_cat=0
split_feature=8 14 20 25 14 33 24 23 14 20
split_gain=0.00517981 0.00942013 0.00930624 0.00812319 0.00659751 0.00785711 0.00652786 0.00192528 0.00157232 0.000875097
threshold=1.2239434365064696 2.5980789066241026 2.1887252725544148 0.27255780926350887 -0.81568405902997365 -0.085234826113915377 0.77348069785399998 0.03765427595064242 1.4325136638471332 -0.034567098740615948
decision_type=2 2 2 2 2 2 2 2 2 2
left_child=1 2 4 8 6 -6 -1 -5 9 -2
right_child=3 -3 -4 7 5 -7 -8 -9 -10 -11
leaf_value=-0.00021528776089043173 -0.00029340592166408891 0.00048969719815067944 -0.00052699078204198582 0.00028686280985129993 8.1557038987038931e-05 -9.7713695380826222e-05 0.0001343451039380549 -1.752131638260414e-05 -0.00063953069884363305 0
leaf_weight=186 21 34 26 21 1041 263 51 23 25 24
leaf_count=186 21 34 26 21 1041 263 51 23 25 24
internal_value=1.41755e-07 1.59321e-05 2.82562e-06 -0.000190696 1.47143e-05 4.29638e-05 -0.000126811 7.29607e-05 -0.000393707 -0.000163204
internal_weight=1715 1601 1567 114 1541 1304 237 44 70 45
internal_count=1715 1601 1567 114 1541 1304 237 44 70 45
is_linear=0
shrinkage=0.03


Tree=152
num_leaves=11
num_cat=0
split_feature=8 14 20 25 14 8 24 23 17 20
split_gain=0.00494182 0.00891208 0.00880848 0.00772967 0.00617968 0.00744764 0.00617714 0.00183779 0.00152803 0.000306008
threshold=1.2239434365064696 2.5980789066241026 2.1887252725544148 0.27255780926350887 -0.81568405902997365 -0.87653895595368436 0.77348069785399998 0.03765427595064242 1.0833398205333757 0.24828676991788654
decision_type=2 2 2 2 2 2 2 2 2 2
left_child=1 2 4 8 6 -6 -1 -5 9 -2
right_child=3 -3 -4 7 5 -7 -8 -9 -10 -11
leaf_value=-0.00020893164567170304 0 0.00047619744453019139 -0.00051281656554181556 0.00027933266156469471 -0.00012401732943410305 7.3148897332538012e-05 0.0001305386582146942 -1.7056332587694311e-05 -0.00058852022479880938 -0.00021049617700602695
leaf_weight=186 20 34 26 21 192 1112 51 23 30 20
leaf_count=186 20 34 26 21 192 1112 51 23 30 20
internal_value=0 1.53904e-05 2.59043e-06 -0.000186458 1.4209e-05 4.16049e-05 -0.000122662 6.93727e-05 -0.000384605 -0.000131511
internal_weight=1715 1601 1567 114 1541 1304 237 44 70 40
internal_count=1715 1601 1567 114 1541 1304 237 44 70 40
is_linear=0
shrinkage=0.03


Tree=153
num_leaves=20
num_cat=0
split_feature=25 22 27 14 27 21 22 28 28 24 24 25 14 20 24 27 16 19 20
split_gain=0.00491429 0.01433 0.0117933 0.0138796 0.0177583 0.0148858 0.0124095 0.00989622 0.0118537 0.00968791 0.0135378 0.0151089 0.00914361 0.00646283 0.00476914 0.00471086 0.00336883 0.00126644 0.000474125
threshold=-0.52493221525116229 -0.88873055100867671 -0.24466854980206565 -0.5444740363515056 -0.24349614339944767 -0.99240804807555427 -1.1107668163107076 -0.10534779880465252 -0.10537353677725102 -0.70614238680557329 -0.4077310083868359 0.022611964851316949 1.2535396310889888 1.0840743845223442 -1.4148694105500745 -0.10212967597893287 0.88200642922129557 -0.79353112773782808 0.2324713856885193
decision_type=2 2 2 2 2 2 2 2 2 2 2 2 2 2 2 2 2 2 2
left_child=2 17 7 6 16 -6 15 8 -1 12 -11 -12 13 -3 -14 -4 -5 -2 -10
right_child=1 9 3 4 5 -7 -8 -9 18 10 11 -13 14 -15 -16 -17 -18 -19 -20
leaf_value=0 0.00010633819890566742 0.00040407792324272335 0.00034600772239237781 0.00065042735697736713 -0.00033232557190610257 0.00016589487203040492 -0.00048474101159543562 4.3391239894036607e-05 -0.00099021491152234361 -0.00064191952174587645 -0.0002240279270272367 6.0918458658279009e-05 3.3214275791708905e-05 1.0428739339113232e-05 -0.00046756462944438681 -0.00018306351104958751 6.5673904129020473e-06 0.00065689935085829344 -0.00030026068846200355
leaf_weight=20 23 123 28 50 84 136 82 24 29 29 221 649 25 77 22 20 20 32 21
leaf_count=20 23 123 28 50 84 136 82 24 29 29 221 649 25 77 22 20 20 32 21
internal_value=0 3.46681e-05 -7.58676e-05 0 0.000108433 -1.27934e-05 -0.000260806 -0.0003743 -0.000554502 8.68943e-06 -3.43734e-05 -8.54916e-06 0.000175956 0.000269695 -0.000155182 6.89368e-05 0.000515393 0.000495798 -0.000790436
internal_weight=1715 1201 514 420 290 220 130 94 70 1146 899 870 247 200 47 48 70 55 50
internal_count=1715 1201 514 420 290 220 130 94 70 1146 899 870 247 200 47 48 70 55 50
is_linear=0
shrinkage=0.03


Tree=154
num_leaves=8
num_cat=0
split_feature=24 22 10 22 22 24 15
split_gain=0.00477795 0.00592116 0.0157881 0.00603565 0.00855823 0.00945132 0.000208091
threshold=1.755751485149011 1.921103236205544 -0.39687014960353612 1.846492482854688 1.743376727106033 0.78591450528811413 0.13752635108054984
decision_type=2 2 2 2 2 2 2
left_child=1 3 -3 4 5 -1 -5
right_child=-2 2 -4 6 -6 -7 -8
leaf_value=-1.9312084466638745e-05 0.00035887478012591604 0.00020759657215183743 -0.00069673406302248812 3.8234947026585746e-05 -0.00042772966493586343 0.00021192470177552498 0.00048217743948771388
leaf_weight=1371 30 23 35 20 39 176 21
leaf_count=1371 30 23 35 20 39 176 21
internal_value=0 -5.44529e-06 -0.000296367 3.61149e-06 -4.13148e-06 5.41917e-06 0.000351174
internal_weight=1715 1685 58 1627 1586 1547 41
internal_count=1715 1685 58 1627 1586 1547 41
is_linear=0
shrinkage=0.03


Tree=155
num_leaves=14
num_cat=0
split_feature=11 14 21 21 27 3 15 24 15 8 15 21 14
split_gain=0.00512442 0.00550009 0.00927688 0.0271295 0.0148458 0.0115336 0.00914061 0.00886537 0.00809068 0.00600553 0.00624231 0.00564272 0.00521017
threshold=-1.3447463331745781 1.2280632525785184 -1.2107974778054291 -0.92689121915659201 -0.23821450846604733 0.66078555915587911 0.75211439578286987 -1.3900017956818467 1.1226259322901571 -0.3703216881682872 2.1217930263612099 -0.46827341672385503 0.094323922098663762
decision_type=2 2 2 2 2 2 2 2 2 2 2 2 2
left_child=12 2 5 4 -4 8 -5 9 -2 -3 -11 -9 -1
right_child=1 7 3 6 -6 -7 -8 11 -10 10 -12 -13 -14
leaf_value=-3.054303590761264e-05 0.00058920050975090502 0.0003644890977824428 -0.0010416319415971105 -4.6232353892043564e-06 -7.3124303671647744e-06 -0.00013030611465986045 0.00035855585017707196 -0.00081491216228783345 0 0.00011139055675543519 -0.00047906002952222485 -7.3320112882784618e-05 0.00041917345927392418
leaf_weight=21 69 26 32 1264 29 38 62 24 23 20 27 31 49
leaf_count=21 69 26 32 1264 29 38 62 24 23 20 27 31 49
internal_value=0 -9.28298e-06 4.89263e-06 -1.60019e-05 -0.000620174 0.00024571 1.08717e-05 -0.000196451 0.00043181 0 -0.000176196 -0.000474061 0.000247452
internal_weight=1715 1645 1517 1387 61 130 1326 128 92 73 47 55 70
internal_count=1715 1645 1517 1387 61 130 1326 128 92 73 47 55 70
is_linear=0
shrinkage=0.03


Tree=156
num_leaves=19
num_cat=0
split_feature=11 23 24 31 14 31 27 25 21 24 23 28 23 24 31 25 24 28
split_gain=0.00505921 0.0100681 0.012166 0.0136745 0.00976815 0.00997878 0.00960004 0.00761418 0.00534081 0.00996985 0.00908334 0.00851249 0.00660521 0.00406457 0.00366279 0.00281802 0.00320746 0.000884293
threshold=-0.65466592969622173 2.3961884096487185 0.78591450528811413 -0.010747205879957753 -0.76560908275549588 -0.73369476406891088 -0.24477814561819641 0.035229344881018067 0.60183478895253095 -0.15905485970455469 2.3961884096487185 -0.074116194954916795 -0.98809873485887567 -1.4521708328524168 -0.010608076574736168 0.90618115277312505 0.18909174845063906 0.034642231953050669
decision_type=2 2 2 2 2 2 2 2 2 2 2 2 2 2 2 2 2 2
left_child=8 2 4 -4 14 -6 -5 -3 9 12 15 -11 13 -1 -2 16 -10 -13
right_child=1 7 3 6 5 -7 -8 -9 10 11 -12 17 -14 -15 -16 -17 -18 -19
leaf_value=-2.0662716384429262e-05 -0.00034792430652675244 -0.00078830935233013919 -0.00038508227775033946 8.9216165532285112e-05 0.00058272904615849254 -2.4528239556711009e-05 0.00055238450840372998 0 0 0.00075010083108844065 0.00048091390432789921 0 -0.0003635669174604118 0.00029640894383919659 -3.6209816745732886e-05 3.5779704102120979e-05 -0.00031698951393795697 0.0002046378273004666
leaf_weight=48 119 24 26 128 22 830 75 32 25 41 22 24 27 61 81 33 75 22
leaf_count=48 119 24 26 128 22 830 75 32 25 41 22 24 27 61 81 33 75 22
internal_value=0 -2.60791e-05 -6.03292e-06 0.000187957 -5.15187e-05 -3.34947e-06 0.000280453 -0.000410165 9.77694e-05 0.000192572 -2.07026e-05 0.00043902 7.26163e-06 0.000133182 -0.000238859 -0.000134514 -0.000219242 7.15788e-05
internal_weight=1715 1337 1281 229 1052 852 203 56 378 223 155 87 136 109 200 133 100 46
internal_count=1715 1337 1281 229 1052 852 203 56 378 223 155 87 136 109 200 133 100 46
is_linear=0
shrinkage=0.03


Tree=157
num_leaves=22
num_cat=0
split_feature=11 25 22 22 21 17 11 19 31 21 22 25 22 21 24 8 24 15 27 25 32
split_gain=0.00489376 0.0078444 0.0113385 0.0286641 0.0178615 0.0206097 0.0116912 0.00802082 0.0153184 0.0148854 0.0110655 0.00782139 0.00636871 0.00450976 0.00901619 0.00601098 0.00478869 0.00463912 0.00355114 0.00378317 0.0010717
threshold=-0.76337387570532134 0.52065405579914714 -0.34754601853632577 -0.38164426172865301 1.2133251921961803 -0.1205561799583416 -0.17155376128102548 -0.2173890032376963 -0.010563390830553391 0.066780686114337795 -0.66102407370852501 -0.52987969031907955 0.73023043126057663 0.60183478895253095 0.30099601535766557 -1.698944774873195 -1.4521708328524168 0.24187559994608024 -0.1881307498447253 0.38847247857589035 -0.28915149405292667
decision_type=2 2 2 2 2 2 2 2 2 2 2 2 2 2 2 2 2 2 2 2 2
left_child=13 7 3 6 5 -4 -3 8 11 12 -11 -2 -9 14 15 -1 -17 18 19 -15 -10
right_child=1 2 4 -5 -6 -7 -8 9 20 10 -12 -13 -14 17 -16 16 -18 -19 -20 -21 -22
leaf_value=-0.00033323372275892487 -0.00016329100723063529 -0.0001397237945447809 5.6966103008016941e-05 0.0010585880344442557 0.00032999106306532349 -0.00093057054533136039 0.00028773376181147635 -0.0005294546705081302 7.8679513042516182e-05 0.0002125087862414598 -0.00016089104458689689 5.5298783343106741e-05 0 -0.00023669892279264915 0.00063929823310290639 -2.660738522924172e-05 0.00031217590680656336 0.00033801003249362115 -0.00032039880139795554 0.00020908602757013537 0.00061659071146277702
leaf_weight=20 260 102 27 29 34 35 113 105 21 98 222 306 29 25 34 42 78 22 41 39 33
leaf_count=20 260 102 27 29 34 35 113 105 21 98 222 306 29 25 34 42 78 22 41 39 33
internal_value=0 -2.21298e-05 9.95274e-05 0.000212878 -0.00015599 -0.00047158 7.20464e-05 -6.35987e-05 1.97009e-06 -0.000159132 -3.63378e-05 -4.01726e-05 -0.000423256 0.000110478 0.000209483 7.28989e-05 0.000171455 -3.79425e-06 -0.000110588 0 0.000475186
internal_weight=1715 1414 340 244 96 62 215 1074 620 454 320 566 134 301 174 140 120 127 105 64 54
internal_count=1715 1414 340 244 96 62 215 1074 620 454 320 566 134 301 174 140 120 127 105 64 54
is_linear=0
shrinkage=0.03


Tree=158
num_leaves=13
num_cat=0
split_feature=20 25 16 28 19 24 28 24 15 22 17 32
split_gain=0.00463304 0.00516265 0.0149083 0.0113682 0.0131709 0.0110895 0.0087363 0.00870287 0.00770699 0.00576037 0.00431313 0.00315265
threshold=-1.1598997863197578 -0.14835876742433643 0.78506219332127103 -0.10535317032784329 -1.0725055751459536 -1.240796106472478 0.1415317790703734 0.74861308298577189 -0.71434622169895556 -1.0181961154544878 0.31284419322472706 0.3056244765500673
decision_type=2 2 2 2 2 2 2 2 2 2 2 2
left_child=-1 2 3 10 -5 11 7 -7 -4 -10 -2 -3
right_child=1 5 8 4 -6 6 -8 -9 9 -11 -12 -13
leaf_value=0.00035891499488207044 -0.00026016054026905178 5.6248252338264129e-05 -0.00071774216104919704 0.00048513419336417094 1.4974775981867658e-05 -2.8470510584019959e-05 -0.00042382284522203632 0.00017359911229706065 0.00010708782609435728 -0.00027090135027249237 0.00011381756627689236 0.00078476078597747767
leaf_weight=29 146 21 33 63 373 529 35 283 35 128 20 20
leaf_count=29 146 21 33 63 373 529 35 283 35 128 20 20
internal_value=0 -5.30313e-06 -6.21151e-05 7.4434e-06 9.25954e-05 4.24211e-05 1.45856e-05 3.8654e-05 -0.000287726 -0.000171197 -0.000196131 0.000509079
internal_weight=1715 1686 798 602 436 888 847 812 196 163 166 41
internal_count=1715 1686 798 602 436 888 847 812 196 163 166 41
is_linear=0
shrinkage=0.03


Tree=159
num_leaves=12
num_cat=0
split_feature=11 20 14 27 24 21 14 20 14 19 31
split_gain=0.00463003 0.00655743 0.0208068 0.0125994 0.00694404 0.0109175 0.00690409 0.00628684 0.0047525 0.00307298 0.00285244
threshold=-1.3447463331745781 1.0840743845223442 1.0777609096776619 -0.2439964893323843 -1.5640750997594435 -1.7567710521301156 -0.53898132241856345 1.9283781093544021 0.094323922098663762 0.013067846966666631 -0.010904637861620594
decision_type=2 2 2 2 2 2 2 2 2 2 2
left_child=8 4 3 7 10 -6 -7 -3 -1 -5 -2
right_child=1 2 -4 9 5 6 -8 -9 -10 -11 -12
leaf_value=-2.5148489701678036e-05 -0.00043682439569134394 0.00049186180430115206 -0.00087737222953001041 0 0.00066253525216598071 -6.847512776610428e-05 6.7183079862048422e-05 -1.9330094133038068e-05 0.00039959041266075264 -0.00046026174272518865 0
leaf_weight=21 39 41 29 26 21 542 855 22 49 40 30
leaf_count=21 39 41 29 26 21 542 855 22 49 40 30
internal_value=0 -8.74835e-06 -0.000191544 0 9.00755e-06 2.54926e-05 1.23744e-05 0.000275131 0.000235276 -0.000303207 -0.000275052
internal_weight=1715 1645 158 129 1487 1418 1397 63 70 66 69
internal_count=1715 1645 158 129 1487 1418 1397 63 70 66 69
is_linear=0
shrinkage=0.03


Tree=160
num_leaves=13
num_cat=0
split_feature=8 14 20 14 27 20 25 25 25 23 14 20
split_gain=0.00469411 0.0081402 0.0083093 0.0217646 0.00959346 0.00787564 0.0103555 0.00802584 0.00671845 0.00152877 0.00149001 0.000823613
threshold=1.2239434365064696 2.5980789066241026 1.2501370801523757 0.96634585014595087 -0.2439964893323843 0.20692328737171128 -0.95220493121079242 0.8765147027159953 0.27255780926350887 0.03765427595064242 1.4325136638471332 -0.034567098740615948
decision_type=2 2 2 2 2 2 2 2 2 2 2 2
left_child=1 2 5 4 -4 7 -7 -1 10 -10 11 -2
right_child=8 -3 3 -5 -6 6 -8 -9 9 -11 -12 -13
leaf_value=-3.4742054859484828e-05 -0.00026832634373749896 0.00045519619311419998 0.00030722448904255524 -0.00093423850171020604 -0.00027138145764873023 -0.00023861943966798247 0.00021738324600636247 0.00031203421864137501 0.00024934392914292402 -2.0679023510848091e-05 -0.00060203441678147239 0
leaf_weight=1035 21 34 44 27 54 44 303 60 21 23 25 24
leaf_count=1035 21 34 44 27 54 44 303 60 21 23 25 24
internal_value=0 1.47668e-05 2.44823e-06 -0.000227003 0 2.48443e-05 0.00014944 -1.22077e-05 -0.000181987 5.20553e-05 -0.000366288 -0.000143376
internal_weight=1715 1601 1567 125 98 1442 347 1095 114 44 70 45
internal_count=1715 1601 1567 125 98 1442 347 1095 114 44 70 45
is_linear=0
shrinkage=0.03


Tree=161
num_leaves=21
num_cat=0
split_feature=11 25 8 24 21 19 21 31 22 25 22 21 24 8 24 15 27 25 32 27
split_gain=0.00450998 0.00699259 0.0111809 0.00831683 0.0239374 0.00828462 0.0146213 0.0142873 0.0093075 0.00730102 0.00695001 0.00418817 0.00858695 0.00565855 0.00455194 0.00436872 0.00318663 0.0033896 0.000966881 0.000594632
threshold=-0.76337387570532134 0.49149681341170753 -0.9816337975848709 0.89781877219514061 0.143216986519794 -0.2173890032376963 0.066780686114337795 -0.010563390830553391 -1.101889470829484 -0.52987969031907955 0.73023043126057663 0.60183478895253095 0.30099601535766557 -1.698944774873195 -1.4521708328524168 0.24187559994608024 -0.1881307498447253 0.38847247857589035 -0.28915149405292667 -0.2439964893323843
decision_type=2 2 2 2 2 2 2 2 2 2 2 2 2 2 2 2 2 2 2 2
left_child=11 5 -3 4 -4 7 10 9 -8 -2 -7 12 13 -1 -15 16 17 -13 -9 -5
right_child=1 2 3 19 -6 6 8 18 -10 -11 -12 15 -14 14 -16 -17 -18 -19 -20 -21
leaf_value=-0.00032559201999000556 -0.00015591557445562173 -0.00048772460386568964 0.00022553673230401032 0.00059704501527334003 -0.00039978333419427752 -0.00054431817601169276 0.00025115870408103867 7.3364714633498791e-05 -0.00013431479245186567 5.5476415886108621e-05 0 -0.00022735981340416138 0.00062071288628755392 -2.791385612993811e-05 0.00030170814064870311 0.00032757517687976358 -0.00030594941873939458 0.00019537799453662175 0.00059716730037083228 8.5117554150359773e-05
leaf_weight=20 260 23 215 35 69 100 68 21 236 305 29 25 34 42 78 22 41 39 33 20
leaf_count=20 260 23 215 35 69 100 68 21 236 305 29 25 34 42 78 22 41 39 33 20
internal_value=0 -2.12939e-05 8.86224e-05 0.000140433 6.05666e-05 -6.21049e-05 -0.000162524 3.7616e-06 -3.67067e-05 -3.68293e-05 -0.000428723 0.000106011 0.000201469 6.77875e-05 0.000164083 -3.32765e-06 -0.000107611 0 0.00046068 0.000476645
internal_weight=1715 1414 362 339 284 1052 433 619 304 565 129 301 174 140 120 127 105 64 54 55
internal_count=1715 1414 362 339 284 1052 433 619 304 565 129 301 174 140 120 127 105 64 54 55
is_linear=0
shrinkage=0.03


Tree=162
num_leaves=13
num_cat=0
split_feature=8 14 20 14 19 34 25 25 15 0 28 16
split_gain=0.00441798 0.00772403 0.00801851 0.0142346 0.00641231 0.00685851 0.00627152 0.00610448 0.00324362 0.001628 0.0018268 0.00123102
threshold=1.2239434365064696 2.5980789066241026 1.4350566696613758 0.66828209073987821 1.8900799936387103 -0.13055497326255677 0.27255780926350887 1.2777996903580158 0.21424098417870838 1.0017364775225903 -0.1048315489547029 1.1791767660576149
decision_type=2 2 2 2 2 2 2 2 2 2 2 2
left_child=1 2 4 8 7 -6 9 -1 -4 -2 -11 -8
right_child=6 -3 3 -5 5 -7 11 -9 -10 10 -12 -13
leaf_value=-2.5313944659947595e-06 -0.00060949727240949868 0.0004432807314945888 -0.00016374307397851032 -0.0007332488101674244 0 0.00063676268169881711 -1.8602035706862744e-06 0.00036316770209876792 0.00025599104875762913 0 -0.00033156851856620053 0.00022974514824581209
leaf_weight=1375 23 34 35 33 31 28 24 39 26 26 21 20
leaf_count=1375 23 34 35 33 31 28 24 39 26 26 21 20
internal_value=0 1.42678e-05 2.21924e-06 -0.000259747 2.14632e-05 0.000321208 -0.000176617 6.18545e-06 0 -0.000354769 -0.000141024 4.75301e-05
internal_weight=1715 1601 1567 94 1473 59 114 1414 61 70 47 44
internal_count=1715 1601 1567 94 1473 59 114 1414 61 70 47 44
is_linear=0
shrinkage=0.03


Tree=163
num_leaves=20
num_cat=0
split_feature=16 25 8 17 9 19 15 20 23 24 25 6 10 14 15 25 30 15 4
split_gain=0.00440322 0.00940909 0.016709 0.00854097 0.0116355 0.0104384 0.00769677 0.013078 0.00833287 0.015073 0.00832782 0.00745575 0.00663098 0.00659707 0.00651548 0.00643724 0.00418278 0.00396097 0.00217639
threshold=-0.34907323602491391 0.49149681341170753 -0.62398770479280519 0.31284419322472706 1.397723718447587 1.3270769125698194 1.0920387198113224 0.89368031061834186 0.17372355289476218 -1.4646046402865311 0.27255780926350887 0.32362454330304319 -0.040880657306177307 -0.40743712091216727 -0.71434622169895556 0.60005620783747371 -0.22001415654717382 0.067443808921278353 -0.40235628492265862
decision_type=2 2 2 2 2 2 2 2 2 2 2 2 2 2 2 2 2 2 2
left_child=6 3 -3 5 14 12 7 8 9 -1 -10 13 -2 -4 -5 -9 -6 -13 -8
right_child=1 2 11 4 16 -7 18 15 10 -11 -12 17 -14 -15 -16 -17 -18 -19 -20
leaf_value=-0.00024458071613399726 -5.3016477622198487e-05 -0.00063000492389192399 3.3250459397951248e-05 -0.00018864979220914745 0 0.00039455147315343113 0.00062669056589948011 -1.1934312722409989e-06 -0.00033145342440697918 0.00028525885653162241 5.8269470182037165e-05 0.00012870579794564815 -0.00033339308714360079 0.00048634186526197155 0.0001361760676043923 -0.00066980037963367065 -0.00055523124306346291 -0.00027065883034568594 2.9443186051212247e-05
leaf_weight=51 159 20 65 59 20 20 25 38 65 255 152 53 225 90 297 29 37 33 22
leaf_count=51 159 20 65 59 20 20 25 38 65 255 152 53 225 90 297 29 37 33 22
internal_value=0 -3.56876e-05 0.000115396 -8.7857e-05 1.16547e-06 -0.000185572 6.35676e-05 2.76557e-05 8.34265e-05 0.000185726 -4.77594e-05 0.000196535 -0.000226363 0.000319562 7.28594e-05 -0.000349751 -0.000377862 0 0.000425668
internal_weight=1715 1078 261 817 413 404 637 590 523 306 217 241 384 155 356 67 57 86 47
internal_count=1715 1078 261 817 413 404 637 590 523 306 217 241 384 155 356 67 57 86 47
is_linear=0
shrinkage=0.03


Tree=164
num_leaves=10
num_cat=0
split_feature=20 11 20 22 23 20 25 11 27
split_gain=0.00427612 0.00445795 0.00548087 0.0114513 0.00790541 0.00688744 0.0103694 0.00737112 0.00162006
threshold=-1.1598997863197578 -1.3447463331745781 1.0840743845223442 -0.49951283149957199 -0.86947423701015591 0.1570435790232271 -0.23124155634285321 -0.71585535723759552 -0.20908095404790622
decision_type=2 2 2 2 2 2 2 2 2
left_child=-1 8 5 -4 -5 7 -7 -3 -2
right_child=1 2 3 4 -6 6 -8 -9 -10
leaf_value=0.0003445352958224248 0.00035894153913809885 0.00014563284538542996 0.00034915541645246916 -6.7953360094414903e-05 -0.00058686766737914037 -4.2439151605457427e-05 0.00025312151570856172 -7.3480667148254699e-05 0
leaf_weight=29 36 153 23 82 53 185 209 911 34
leaf_count=29 36 153 23 82 53 185 209 911 34
internal_value=0 -5.43879e-06 -1.74935e-05 -0.000183619 -0.000301744 0 0.000107514 -3.88403e-05 0.000221039
internal_weight=1715 1686 1616 158 135 1458 394 1064 70
internal_count=1715 1686 1616 158 135 1458 394 1064 70
is_linear=0
shrinkage=0.03


Tree=165
num_leaves=8
num_cat=0
split_feature=24 22 10 22 22 24 16
split_gain=0.00421232 0.00508562 0.0135993 0.00503383 0.00743886 0.00798484 0.00058291
threshold=1.755751485149011 1.921103236205544 -0.39687014960353612 1.846492482854688 1.743376727106033 0.78591450528811413 1.1791767660576149
decision_type=2 2 2 2 2 2 2
left_child=1 3 -3 4 5 -1 -5
right_child=-2 2 -4 6 -6 -7 -8
leaf_value=-1.7848985119976393e-05 0.00033673501835966655 0.00018631779825619349 -0.00064786583713353856 4.2889118599502859e-06 -0.00039900089878522392 0.00019466620317872289 0.00045834390101663305
leaf_weight=1371 30 23 35 20 39 176 21
leaf_count=1371 30 23 35 20 39 176 21
internal_value=0 -5.39872e-06 -0.000274994 2.85988e-06 -4.05116e-06 4.72306e-06 0.00032043
internal_weight=1715 1685 58 1627 1586 1547 41
internal_count=1715 1685 58 1627 1586 1547 41
is_linear=0
shrinkage=0.03


Tree=166
num_leaves=12
num_cat=0
split_feature=8 25 28 25 20 23 20 20 25 5 12
split_gain=0.00408543 0.00579244 0.00694701 0.00520386 0.0108002 0.0114564 0.00682728 0.00899129 0.00721632 0.0034273 0.000856171
threshold=1.0850365622517277 -0.040904169371127626 -0.10328404966918196 3.1168573573588421 1.4350566696613758 -0.63920315295087626 0.20692328737171128 0.78844652510107982 0.8765147027159953 -0.26567793781997623 1.7192620782571069
decision_type=2 2 2 2 2 2 2 2 2 2 2
left_child=3 9 10 4 6 -6 8 -8 -1 -2 -3
right_child=1 2 -4 -5 5 -7 7 -9 -10 -11 -12
leaf_value=-3.3372694224451219e-05 0 0 0.00046156869690821623 0.0003784927752035271 0 -0.00070131769935967609 0.00024337081862326024 -4.0084490048078198e-05 0.00029543701160444127 -0.00048171935068443421 -0.00028820917128747248
leaf_weight=1023 25 31 21 32 33 36 246 141 60 47 20
leaf_count=1023 25 31 21 32 33 36 246 141 60 47 20
internal_value=0 -0.000149958 3.09162e-06 1.5358e-05 5.14019e-06 -0.000351016 2.45752e-05 0.00013289 -1.16279e-05 -0.000337009 -0.000145292
internal_weight=1715 144 72 1571 1539 69 1470 387 1083 72 51
internal_count=1715 144 72 1571 1539 69 1470 387 1083 72 51
is_linear=0
shrinkage=0.03


Tree=167
num_leaves=18
num_cat=0
split_feature=10 22 28 28 32 24 9 22 14 8 24 21 12 24 29 6 30
split_gain=0.00409349 0.0116218 0.0107739 0.023839 0.0126814 0.0115811 0.00769012 0.00661946 0.00601991 0.00444529 0.00464472 0.00710674 0.00397646 0.00435009 0.00178764 0.000591134 0.000122818
threshold=-0.040880657306177307 1.921103236205544 -0.10405964492022592 -0.10509264154631649 -0.15850234446522987 -1.1661932618677935 0.36721230326601678 -0.92914043289574644 -0.42239054315739899 -1.110959217800815 1.6065457959396423 0.9403384050338367 -1.3809977906704229 0.45020170456703429 -0.17805722506524138 -0.39826783073677086 -0.2173814058223652
decision_type=2 2 2 2 2 2 2 2 2 2 2 2 2 2 2 2 2
left_child=6 2 3 7 8 -6 9 -2 -4 12 11 -11 14 -14 -1 -8 -5
right_child=1 -3 4 16 5 -7 15 -9 -10 10 -12 -13 13 -15 -16 -17 -18
leaf_value=-0.00012751438578457704 -0.00040801843851491308 -0.00060033138574693684 3.1180741907412407e-05 -0.00028171027731150385 0.00010210416008926277 -0.00042939424720437577 0.0005076740158139728 0 0.00046576967936329928 6.9785310272071528e-05 0.00041795448030461558 -0.00026790827671648005 -0.00049283517767325974 0 0.00013889151260991638 5.271487863035872e-05 -0.00094290948931926048
leaf_weight=39 36 30 65 21 100 51 32 444 91 565 29 57 37 26 45 22 25
leaf_count=39 36 30 65 21 100 51 32 444 91 565 29 57 37 26 45 22 25
internal_value=0 -4.48255e-05 -1.91482e-05 -0.000104423 0.000116878 -6.27958e-05 4.7684e-05 -3.32867e-05 0.000307564 1.95797e-05 5.64803e-05 3.29017e-05 -0.000121698 -0.000296453 0 0.000387482 -0.00073801
internal_weight=1715 863 833 526 307 151 852 480 156 798 651 622 147 63 84 54 46
internal_count=1715 863 833 526 307 151 852 480 156 798 651 622 147 63 84 54 46
is_linear=0
shrinkage=0.03


Tree=168
num_leaves=11
num_cat=0
split_feature=20 11 20 27 11 20 25 11 15 27
split_gain=0.00403788 0.00414058 0.00504334 0.00871997 0.0124438 0.00590813 0.00964492 0.00681506 0.00271209 0.00139445
threshold=-1.1598997863197578 -1.3447463331745781 1.0840743845223442 -0.24434595671370887 -0.06470901867553934 0.1570435790232271 -0.95220493121079242 -0.71585535723759552 -0.011155537388083539 -0.20908095404790622
decision_type=2 2 2 2 2 2 2 2 2 2
left_child=-1 9 5 4 -4 7 -7 -3 -5 -2
right_child=1 2 3 8 -6 6 -8 -9 -10 -11
leaf_value=0.00033477361089899205 0.00034200077369818106 0.00014106959735139615 -0.00025725384168617891 -1.9225138217030509e-05 0.00047954159803422435 -0.00020008934307622094 0.00017223672285604082 -6.9574491518226302e-05 -0.0005219860062040555 0
leaf_weight=29 36 153 45 28 32 68 326 911 53 34
leaf_count=29 36 153 45 28 32 68 326 911 53 34
internal_value=0 -5.31654e-06 -1.69957e-05 -0.000176344 1.79471e-05 0 9.93943e-05 -3.61614e-05 -0.0003908 0.000212829
internal_weight=1715 1686 1616 158 77 1458 394 1064 81 70
internal_count=1715 1686 1616 158 77 1458 394 1064 81 70
is_linear=0
shrinkage=0.03


Tree=169
num_leaves=10
num_cat=0
split_feature=8 14 20 33 15 22 4 3 31
split_gain=0.00399942 0.00684679 0.00716449 0.00503934 0.0135241 0.00798599 0.00346328 0.00207839 0.0048101
threshold=1.2239434365064696 2.5980789066241026 2.1887252725544148 -0.085234826113915377 0.18747413846401637 1.5026621163984235 -0.33798902291116478 -0.22180873520442837 -0.010678606841099215
decision_type=2 2 2 2 2 2 2 2 2
left_child=1 2 3 4 -1 -5 -2 -8 -9
right_child=6 -3 -4 5 -6 -7 7 8 -10
leaf_value=-6.6658413447434533e-06 7.8067150068818588e-05 0.00041731508951036361 -0.00046271115658475599 -2.3402132089063344e-05 0.00023517211669052759 -0.00051621263023667236 0 -0.00061383794991045509 -3.2709177053766323e-05
leaf_weight=1018 21 34 26 237 252 34 21 30 42
leaf_count=1018 21 34 26 237 252 34 21 30 42
internal_value=0 1.33845e-05 1.9287e-06 1.2595e-05 3.94054e-05 -0.000101155 -0.000168252 -0.000255824 -0.000329714
internal_weight=1715 1601 1567 1541 1270 271 114 93 72
internal_count=1715 1601 1567 1541 1270 271 114 93 72
is_linear=0
shrinkage=0.03


Tree=170
num_leaves=24
num_cat=0
split_feature=16 25 22 22 24 15 8 17 9 19 22 15 22 8 28 19 15 19 29 28 4 15 29
split_gain=0.00386708 0.00826454 0.0186001 0.0139785 0.0107081 0.011241 0.00880442 0.00812363 0.0105239 0.00930568 0.00763025 0.0100636 0.00744842 0.00740706 0.00671601 0.00633433 0.00619026 0.00576649 0.00386107 0.00281453 0.00213718 0.00111917 0.000540809
threshold=-0.34907323602491391 0.49149681341170753 -0.34754601853632577 -0.38164426172865301 0.88538496476102646 -0.31031318066447888 1.0000000180025095e-35 0.31284419322472706 1.397723718447587 1.3270769125698194 -0.75669927977638574 1.0920387198113224 -0.7044871466715058 -1.3332499282261507 -0.080336984544109022 -0.19717378753153733 -0.71434622169895556 -0.81981152523470446 -0.17829776981121528 0.034642231953050669 -0.40235628492265862 -0.5103557202483332 -0.17840194245257332
decision_type=2 2 2 2 2 2 2 2 2 2 2 2 2 2 2 2 2 2 2 2 2 2 2
left_child=10 7 3 6 5 -4 -3 9 16 15 14 12 -12 -14 17 -2 -9 21 -10 -16 -13 -1 -19
right_child=1 2 4 -5 -6 -7 -8 8 18 -11 11 20 13 -15 19 -17 -18 22 -20 -21 -22 -23 -24
leaf_value=0.00021250154514564198 -0.00010027745961909139 0.00046436420868959207 0 0.00094071847681577003 0.00011940846518914707 -0.00091428080478940033 0 -0.00018182747235762016 0 0.00036633009260074922 -0.00036780906537699465 0.0006006424730377538 -0.00028229249604159762 6.1955180983574019e-05 -0.00020207977470603178 -0.00037746274852311845 0.00013418999700028506 0.00017209365642022179 -0.00052612456711067352 0.00019555369607593501 1.6473830603063098e-05 -1.027522031274755e-05 0.00076838171638219667
leaf_weight=21 236 50 25 24 31 26 105 59 20 20 53 25 65 322 30 148 297 20 37 28 22 20 31
leaf_count=21 236 50 25 24 31 26 105 59 20 20 53 25 65 322 30 148 297 20 37 28 22 20 31
internal_value=0 -3.37936e-05 0.000107475 0.000285335 -0.000241853 -0.000511433 0.000148933 -8.28101e-05 3.92623e-06 -0.000178225 5.92382e-05 0 -4.43742e-05 0 0.000244055 -0.000216959 7.2378e-05 0.00039944 -0.00035584 0 0.000404597 4.2357e-05 0.000612651
internal_weight=1715 1078 261 179 82 51 155 817 413 404 637 487 440 387 150 384 356 92 57 58 47 41 51
internal_count=1715 1078 261 179 82 51 155 817 413 404 637 487 440 387 150 384 356 92 57 58 47 41 51
is_linear=0
shrinkage=0.03


Tree=171
num_leaves=12
num_cat=0
split_feature=24 19 27 29 8 28 23 20 19 33 31
split_gain=0.00381035 0.00463555 0.014629 0.0122163 0.00859855 0.00665159 0.00628819 0.0180357 0.0112318 0.00392396 0.000481219
threshold=1.755751485149011 -0.19110860574081992 1.8306306500638747 -0.17854079271211151 -0.089604701272750067 0.1415317790703734 -0.46475536199687667 0.98857319690952672 0.33853790656705213 -0.41474413484833161 -0.01035886582217513
decision_type=2 2 2 2 2 2 2 2 2 2 2
left_child=1 2 3 10 -5 6 8 -8 -3 -7 -1
right_child=-2 5 -4 4 -6 9 7 -9 -10 -11 -12
leaf_value=0.00065924415250237175 0.00032013543360781939 -0.00022116510571862312 0.00071084249653885587 0.00010279353056047021 -0.00010715568812716838 0 -2.4466744416044641e-05 -0.00067065003833920135 0.00023718202729197018 -0.00045596586328611009 0.00010842109847631629
leaf_weight=23 30 58 26 309 390 34 562 40 170 53 20
leaf_count=23 30 58 26 309 390 34 562 40 170 53 20
internal_value=0 -5.29081e-06 4.69622e-05 1.69039e-05 -1.00294e-05 -5.23247e-05 -2.1753e-05 -7.54738e-05 0.00010624 -0.000300206 0.000492044
internal_weight=1715 1685 768 742 699 917 830 602 228 87 43
internal_count=1715 1685 768 742 699 917 830 602 228 87 43
is_linear=0
shrinkage=0.03


Tree=172
num_leaves=7
num_cat=0
split_feature=17 25 21 21 24 25
split_gain=0.00377682 0.00876866 0.0097269 0.00872608 0.0373027 0.00602223
threshold=2.2429873130034088 3.1168573573588421 -1.7567710521301156 -0.86137439023762952 -0.84291426858082807 0.8765147027159953
decision_type=2 2 2 2 2 2
left_child=1 2 -1 4 -4 -5
right_child=-2 -3 3 5 -6 -7
leaf_value=0.00056098815788411431 -0.00035095381412085974 0.00047694083123891952 -4.5092002890654365e-05 -7.5096975648446089e-07 -0.0013047625381732357 0.00022570182073233439
leaf_weight=24 24 32 239 1265 21 110
leaf_count=24 24 32 239 1265 21 110
internal_value=0 6.59098e-06 -1.52094e-06 -1.26218e-05 -0.000171964 1.56401e-05
internal_weight=1715 1691 1659 1635 260 1375
internal_count=1715 1691 1659 1635 260 1375
is_linear=0
shrinkage=0.03


Tree=173
num_leaves=17
num_cat=0
split_feature=10 23 28 28 32 24 19 23 9 20 15 23 23 25 25 34
split_gain=0.0037349 0.0108652 0.0100243 0.0221293 0.0117803 0.0103274 0.00848371 0.00721807 0.00715118 0.00443582 0.00723949 0.0127648 0.00652053 0.00816462 0.00611449 0.000431274
threshold=-0.040880657306177307 2.3961884096487185 -0.10405964492022592 -0.10509264154631649 -0.15850234446522987 -1.1661932618677935 -0.14461299354856014 0.50517435570736169 0.36721230326601678 0.8474504132410916 1.260007342457937 -0.99507664649703564 0.17372355289476218 0.27255780926350887 -0.51598892589349299 -0.13038788987748937
decision_type=2 2 2 2 2 2 2 2 2 2 2 2 2 2 2 2
left_child=8 2 3 7 6 -6 -4 -2 9 12 11 -11 14 -14 -1 -10
right_child=1 -3 4 -5 5 -7 -8 -9 15 10 -12 -13 13 -15 -16 -17
leaf_value=0 -0.00012035809668891745 -0.00058019432332366702 0.00065338385405088275 -0.00071098773612887883 9.4804411206973117e-05 -0.00040633511087960668 0.00011732581238991217 0.00011888455365000741 7.5048844587789575e-05 0.00022211031878933957 0.00014024424245694608 -0.00054250852787213037 -0.00030203838568892987 3.9232186941052746e-05 0.00023980328525673633 0.00050503175178482707
leaf_weight=180 315 30 44 46 100 51 112 165 25 20 38 60 82 205 213 29
leaf_count=180 315 30 44 46 100 51 112 165 25 20 38 60 82 205 213 29
internal_value=0 -4.30275e-05 -1.80806e-05 -0.000100453 0.000112982 -5.95925e-05 0.000296865 -3.16796e-05 4.53463e-05 1.81132e-05 -0.000143136 -0.00031409 5.0993e-05 -5.00447e-05 0.000132175 0.000373024
internal_weight=1715 863 833 526 307 151 156 480 852 798 118 80 680 287 393 54
internal_count=1715 863 833 526 307 151 156 480 852 798 118 80 680 287 393 54
is_linear=0
shrinkage=0.03


Tree=174
num_leaves=17
num_cat=0
split_feature=11 23 24 31 27 14 31 25 17 28 27 25 14 24 23 8
split_gain=0.00373135 0.00769975 0.0096681 0.0107877 0.00806402 0.00787452 0.00798678 0.00601891 0.00435079 0.0043388 0.0119316 0.00601136 0.00733279 0.00241308 0.00462326 0.00145139
threshold=-0.65466592969622173 2.3961884096487185 0.78591450528811413 -0.010747205879957753 -0.24478016787911464 -0.76560908275549588 -0.73369476406891088 0.035229344881018067 0.89813360015252874 -0.10537495885988428 -0.24362856249623499 3.2553498483278931 -0.024206003756634009 -1.4770384477206451 -0.22750636629943718 -0.73940546126340168
decision_type=2 2 2 2 2 2 2 2 2 2 2 2 2 2 2 2
left_child=9 2 5 -4 -5 8 -7 -3 -2 11 15 12 -1 -12 -15 -11
right_child=1 7 3 4 -6 6 -8 -9 -10 10 13 -13 -14 14 -16 -17
leaf_value=0 -0.00027087297676737073 -0.00069381478007158476 -0.00033594124458312733 7.235740858338361e-05 0.00049759484058882616 0.0005221721379272639 -2.1204350133552826e-05 0 6.5883969193756832e-05 9.9859205090665608e-05 -0.00017811277158594189 0.00025143116287654264 -0.00068242452410049732 0.0001929655781763935 -8.796236975084818e-05 0.00059903339419646985
leaf_weight=35 175 24 26 127 76 22 830 32 25 26 36 21 21 120 73 46
leaf_count=35 175 24 26 127 76 22 830 32 25 26 36 21 21 120 73 46
internal_value=0 -2.25024e-05 -4.6771e-06 0.000167992 0.000251051 -4.54783e-05 -1.88178e-06 -0.000358438 -0.000213648 8.38648e-05 0.000139315 -9.24912e-05 -0.000278536 1.76863e-05 7.16818e-05 0.000469981
internal_weight=1715 1337 1281 229 203 1052 852 56 200 378 301 77 56 229 193 72
internal_count=1715 1337 1281 229 203 1052 852 56 200 378 301 77 56 229 193 72
is_linear=0
shrinkage=0.03


Tree=175
num_leaves=9
num_cat=0
split_feature=17 21 33 33 28 15 32 31
split_gain=0.00365652 0.00756243 0.00573075 0.00959463 0.00888081 0.00828625 0.00825968 0.00493176
threshold=2.2429873130034088 -1.7567710521301156 -0.068083037868968327 -0.24462687054496338 -0.10392395223037035 0.72232296774017712 -0.11968868672624383 -0.027509215166795085
decision_type=2 2 2 2 2 2 2 2
left_child=1 -1 3 5 -4 -3 -5 -6
right_child=-2 2 4 6 7 -7 -8 -9
leaf_value=0.00040947098152643841 -0.00034524952524548605 -3.2825633503735173e-05 -0.00065569995802878915 0.00039058575079075676 -0.00014314571801940195 0.00020398943277223522 -0.00011653823688393457 0.00013653718207103633
leaf_weight=38 24 1090 24 104 192 148 27 68
leaf_count=38 24 1090 24 104 192 148 27 68
internal_value=0 6.54407e-06 -1.63204e-06 2.20266e-05 -0.000125168 -1.67286e-06 0.000263407 -5.7868e-05
internal_weight=1715 1691 1653 1369 284 1238 131 260
internal_count=1715 1691 1653 1369 284 1238 131 260
is_linear=0
shrinkage=0.03


Tree=176
num_leaves=14
num_cat=0
split_feature=8 14 8 20 34 25 14 28 25 28 5 10 12
split_gain=0.00363217 0.00583424 0.00622665 0.0183213 0.0165688 0.00613471 0.0103914 0.00841724 0.0048878 0.00586172 0.0029748 0.00273821 0.000667389
threshold=1.0850365622517277 2.5980789066241026 -0.87653895595368436 0.89368031061834186 -0.13038788987748937 0.6757652316339674 0.2410082828852006 -0.10537495891671907 -0.040904169371127626 -0.10328404966918196 -0.26567793781997623 -1.4292740433034083 1.7192620782571069
decision_type=2 2 2 2 2 2 2 2 2 2 2 2 2
left_child=1 2 3 11 -5 7 -7 -4 10 12 -2 -1 -10
right_child=8 -3 5 4 -6 6 -8 -9 9 -11 -12 -13 -14
leaf_value=0.00024501852282839153 0 0.00038742315972450415 -0.00022389034047889502 -8.2632397023889301e-05 -0.0012177213084651158 0.00030301021070152745 -0.00014232665210300567 3.1198786648898468e-05 0 0.00042077546805376184 -0.00044778749539749695 -3.9681535745565324e-05 -0.00026596387025252307
leaf_weight=35 25 34 129 36 21 159 54 982 31 21 47 121 20
leaf_count=35 25 34 129 36 21 159 54 982 31 21 47 121 20
internal_value=0 1.42498e-05 3.30814e-06 -0.000143786 -0.0005908 2.95044e-05 0.00017581 0 -0.000141646 0 -0.000313015 8.74335e-06 -0.00013786
internal_weight=1715 1571 1537 213 57 1324 213 1111 144 72 72 156 51
internal_count=1715 1571 1537 213 57 1324 213 1111 144 72 72 156 51
is_linear=0
shrinkage=0.03


Tree=177
num_leaves=16
num_cat=0
split_feature=10 22 24 21 31 11 17 29 9 20 21 25 34 23 17
split_gain=0.00349902 0.00966245 0.00876275 0.00826696 0.0180993 0.00719628 0.0070017 0.00813972 0.00664551 0.00403926 0.00817731 0.005921 0.00900557 0.00481869 0.00287465
threshold=-0.040880657306177307 1.921103236205544 0.74861308298577189 0.31792853030369372 -0.57969301188240052 -0.058506022889178042 -0.30622944480039427 -0.17829776981121528 0.36721230326601678 0.72883421884815114 -1.2107974778054291 1.7827552061971061 -0.13038788987748937 0.25048058091452208 -0.073474941526180712
decision_type=2 2 2 2 2 2 2 2 2 2 2 2 2 2 2
left_child=8 2 3 4 -2 -5 -4 -8 9 10 -1 12 -11 -12 -10
right_child=1 -3 6 5 -6 -7 7 -9 14 11 13 -13 -14 -15 -16
leaf_value=0.00056926586287510059 0.00079167750757187598 -0.00054873458852472889 -0.00024152824536073379 0 -6.2938307816208882e-05 -0.00054533224129638819 0.00035069197170472589 -0.00017449599352235403 0 -4.9654205210655078e-05 9.5493478711887285e-05 0.00023661925467765993 -0.00072753774798743859 -6.9941145514503631e-05 0.00051892309551555165
leaf_weight=24 20 30 23 31 554 54 128 23 20 96 381 24 23 250 34
leaf_count=24 20 30 23 31 554 54 128 23 20 96 381 24 23 250 34
internal_value=0 -4.17928e-05 -1.80435e-05 -7.13118e-05 -2.40001e-05 -0.000345004 0.000164542 0.000249375 4.375e-05 1.73552e-05 5.21954e-05 -0.000119473 -0.000219932 2.51962e-05 0.000359732
internal_weight=1715 863 833 659 574 85 174 151 852 798 655 143 119 631 54
internal_count=1715 863 833 659 574 85 174 151 852 798 655 143 119 631 54
is_linear=0
shrinkage=0.03


Tree=178
num_leaves=13
num_cat=0
split_feature=12 15 13 28 25 20 23 15 25 25 20 11
split_gain=0.00357721 0.00943223 0.00675086 0.00663126 0.00657228 0.00999934 0.0078814 0.00605924 0.0048495 0.0035308 0.00204404 0.00288707
threshold=0.97262372855177814 1.3758408318724842 0.91864414791136328 -0.096885348420353734 3.1168573573588421 1.4350566696613758 -0.63920315295087626 0.18747413846401637 -0.24387668756630074 0.1071394352946002 0.82737691550228221 1.1882457920836167
decision_type=2 2 2 2 2 2 2 2 2 2 2 2
left_child=2 3 4 10 5 7 -7 -1 -4 -5 11 -2
right_child=1 -3 8 9 -6 6 -8 -9 -10 -11 -12 -13
leaf_value=-2.0490367721703583e-05 -0.00033859051503823141 -0.00055297291786582966 0 0 0.00040393613112003852 0 -0.0006326354391974746 0.00013229621915244449 0.00058170057376264589 0.00052841748369974084 1.2942417203347476e-05 0
leaf_weight=1085 57 34 20 28 33 29 37 290 29 21 20 32
leaf_count=1085 57 34 20 28 33 29 37 290 29 21 20 32
internal_value=0 -0.000120359 1.60819e-05 -6.20366e-08 2.17189e-06 -5.77134e-06 -0.000359465 9.77451e-06 0.000352558 0.000260313 -0.000147735 -0.000215695
internal_weight=1715 192 1523 158 1474 1441 66 1375 49 49 109 89
internal_count=1715 192 1523 158 1474 1441 66 1375 49 49 109 89
is_linear=0
shrinkage=0.03


Tree=179
num_leaves=17
num_cat=0
split_feature=20 25 27 27 19 14 11 8 17 20 16 25 15 11 20 21
split_gain=0.00347102 0.00382668 0.0140446 0.0127275 0.0132164 0.0129178 0.00809175 0.00752581 0.00688397 0.00558979 0.00505747 0.00859158 0.00632995 0.00426199 0.00379613 0.00354994
threshold=-1.1598997863197578 -0.14835876742433643 -0.24456929440275146 -0.24356678169029708 -1.0725055751459536 -0.53231553617975269 0.64886619615210761 0.5110980324387997 -0.45731159176715258 -1.058315696320679 0.37450555288067128 0.39288694943819519 1.6236647132119371 -0.73062461458963257 0.72883421884815114 0.088619629087325277
decision_type=2 2 2 2 2 2 2 2 2 2 2 2 2 2 2 2
left_child=-1 2 9 5 -5 -4 10 8 -8 15 12 -12 -3 -11 -9 -2
right_child=1 6 3 4 -6 -7 7 14 -10 13 11 -13 -14 -15 -16 -17
leaf_value=0.00031017576538579309 -0.00018213136788108384 0 -0.00015306453439496601 0.00031446071144287442 -0.0001097127577155221 0.00056914529900393019 0 0.00017702342085976853 0.00054861417783237329 0 -0.00051827600994808806 0 0.00038341341638338885 -0.00035257913695975381 -0.00023374760834101057 0.0003099628905253485
leaf_weight=29 21 558 23 75 385 66 21 45 68 20 41 84 39 186 32 22
leaf_count=29 21 558 23 75 385 66 21 45 68 20 41 84 39 186 32 22
internal_value=0 -5.17472e-06 -5.4271e-05 2.58165e-05 -3.24851e-05 0.000350993 3.56127e-05 0.000222952 0.000406119 -0.000240959 -4.06623e-06 -0.000178676 2.82042e-05 -0.000306697 0 8.21564e-06
internal_weight=1715 1686 798 549 460 89 888 166 89 249 722 125 597 206 77 43
internal_count=1715 1686 798 549 460 89 888 166 89 249 722 125 597 206 77 43
is_linear=0
shrinkage=0.03


Tree=180
num_leaves=15
num_cat=0
split_feature=11 21 22 15 17 20 32 27 22 14 19 27 25 14
split_gain=0.0034097 0.00525734 0.00794958 0.00632775 0.00830888 0.00827003 0.00322014 0.00468342 0.00897684 0.00542707 0.00520408 0.00229232 0.0018196 0.000693045
threshold=-0.76337387570532134 1.879412952872298 1.921103236205544 1.793992855788062 0.31284419322472706 0.65401483029577545 -0.042701849668192064 -0.24480239778326815 0.2887492645108613 0.099026554216497406 0.19500787220028268 0.04697537773956665 0.035229344881018067 0.56621243789935172
decision_type=2 2 2 2 2 2 2 2 2 2 2 2 2 2
left_child=6 2 3 4 -2 -5 7 10 -9 -10 -1 13 -4 -8
right_child=1 -3 12 5 -6 -7 11 8 9 -11 -12 -13 -14 -15
leaf_value=-0.00026662037381902339 -6.206027603961914e-05 0.00031838225915383265 -0.0006237173789832741 0 9.421421083707633e-05 -0.00064730360603425653 -0.00030204736404786158 0.00055696458648058715 -0.00011451517172754393 0.00029374610428407324 0.00026967007605708203 7.8597016549403117e-05 -5.2009677074642639e-05 0
leaf_weight=39 754 36 22 38 511 29 25 53 57 47 21 39 24 20
leaf_count=39 754 36 22 38 511 29 25 53 57 47 21 39 24 20
internal_value=0 -1.87494e-05 -3.04018e-05 -1.42229e-05 0 -0.000291916 9.1956e-05 0.00015582 0.00024379 4.5013e-05 -2.73964e-05 -3.82278e-05 -0.000408106 -0.00020056
internal_weight=1715 1414 1378 1332 1265 67 301 217 157 104 60 84 46 45
internal_count=1715 1414 1378 1332 1265 67 301 217 157 104 60 84 46 45
is_linear=0
shrinkage=0.03


Tree=181
num_leaves=19
num_cat=0
split_feature=25 20 27 15 11 27 23 21 15 25 28 28 31 32 11 25 11 20
split_gain=0.00343673 0.0101941 0.0101536 0.011323 0.0116908 0.0105081 0.00987726 0.0149898 0.00970986 0.00966701 0.00922628 0.0095738 0.00804559 0.00456946 0.00310375 0.00199498 0.00183485 0.000384234
threshold=-0.52493221525116229 -1.0497996438804329 -0.24466854980206565 -0.76522350814574358 0.78714441394322487 -0.24339886543448969 -0.94972022084899577 -0.85045491875113577 1.1226259322901571 0.17456239932583559 -0.10534779880465252 -0.10537353677725102 -0.011246793398599372 1.4393970469566322 -0.31639917938680662 -0.41780384568983769 -0.58241556612526879 0.2324713856885193
decision_type=2 2 2 2 2 2 2 2 2 2 2 2 2 2 2 2 2 2
left_child=2 15 10 14 5 -5 8 -8 12 -9 11 -1 -3 -6 -4 -2 -10 -13
right_child=1 6 3 4 13 -7 7 9 16 -11 -12 17 -14 -15 -16 -17 -18 -19
leaf_value=0 7.2972466743647535e-05 0.00061657230198937298 0 0.00046916740823304279 -0.00038750658660589171 3.4758339264713723e-05 -0.00066319485669108958 -0.00014401783174708966 0 6.1263816427638697e-05 6.1003387549943802e-05 -0.00091449698049109423 0.00011508501799051793 0 -0.00055253616994933071 0.00063625687662640523 -0.00025060739821161735 -0.00026293869360233659
leaf_weight=20 26 55 20 72 55 209 30 313 38 582 24 29 101 29 35 26 30 21
leaf_count=20 26 55 20 72 55 209 30 313 38 582 24 29 101 29 35 26 30 21
internal_value=0 2.84664e-05 -6.39967e-05 0 6.12994e-05 0.00016041 6.68918e-06 -3.4004e-05 0.000186175 -7.42795e-06 -0.000340643 -0.000516293 0.000319057 -0.000229864 -0.000389692 0.000428503 -7.70192e-05 -0.000727819
internal_weight=1715 1201 514 420 365 281 1149 925 224 895 94 70 156 84 55 52 68 50
internal_count=1715 1201 514 420 365 281 1149 925 224 895 94 70 156 84 55 52 68 50
is_linear=0
shrinkage=0.03


Tree=182
num_leaves=19
num_cat=0
split_feature=10 28 28 17 27 23 34 33 9 31 29 20 21 25 17 17 17 14
split_gain=0.00331786 0.00875995 0.0203795 0.0128295 0.00935036 0.0126396 0.00884272 0.00877529 0.00691222 0.00563574 0.00388814 0.00442873 0.00651654 0.0056217 0.00377975 0.00195415 0.00170752 0.000188227
threshold=-0.031626845085628193 -0.10405964492022592 -0.1050768841349571 0.026825005971411468 -0.22980416045226557 -0.98809873485887567 -0.13038788987749042 -0.35254889565680442 0.36721230326601678 -0.17139639878173776 -0.25642819790532179 0.72883421884815114 -1.2107974778054291 1.7827552061971061 0.89813360015252874 0.64379285252276319 -0.073474941526180712 -0.55623870728391378
decision_type=2 2 2 2 2 2 2 2 2 2 2 2 2 2 2 2 2 2
left_child=8 2 6 9 17 -6 14 -8 10 -3 -1 12 -12 -13 -2 -4 -10 -5
right_child=1 3 15 4 5 -7 7 -9 16 -11 11 13 -14 -15 -16 -17 -18 -19
leaf_value=-0.00035155791073339062 -0.00039928782430405797 0 -0.00026556787499406887 9.4816792604472962e-05 0.00030290854326211911 -0.00018082071039540832 0.00020634988517512998 -8.7438693738164258e-05 0 -0.0004946415882025446 0.00053342156019061803 -0.00021023096029039451 4.1474858403463399e-05 0.00023483543563634156 0 -0.00094588381766031176 0.00049590767935119777 0.00055957610223916938
leaf_weight=21 75 21 28 20 92 91 138 250 21 39 24 119 621 24 24 24 34 49
leaf_count=21 75 21 28 20 92 91 138 250 21 39 24 119 621 24 24 24 34 49
internal_value=0 -4.12205e-05 -0.000116519 7.92103e-05 0.000180619 4.71998e-05 -4.77185e-05 1.0162e-05 4.20772e-05 -0.000287407 1.54405e-05 3.03098e-05 6.67943e-05 -0.000111696 -0.000297602 -0.000668572 0.000361091 0.000476094
internal_weight=1715 851 539 312 252 183 487 388 864 60 809 788 645 143 99 52 55 69
internal_count=1715 851 539 312 252 183 487 388 864 60 809 788 645 143 99 52 55 69
is_linear=0
shrinkage=0.03


Tree=183
num_leaves=10
num_cat=0
split_feature=17 7 31 31 19 22 28 11 3
split_gain=0.00332208 0.00522468 0.00481918 0.0107329 0.00974157 0.00756338 0.0071294 0.00365777 0.00267791
threshold=-1.7125494841053228 3.0306566145877669 -0.23311665909161125 -0.029291299942534502 0.49925172358875775 -1.1136917220472957 0.084267625968601559 -0.21840495139491245 -0.83337750824651835
decision_type=2 2 2 2 2 2 2 2 2
left_child=8 2 4 7 6 -5 -2 -4 -1
right_child=1 -3 3 5 -6 -7 -8 -9 -10
leaf_value=0.00044377926928508614 0 -0.00044650574808474631 -8.7616603614878847e-05 0.00035974567819438462 -0.00012670357972142639 -2.2352201534708306e-07 0.00085133437185476609 -0.00046435621571972184 0
leaf_weight=24 20 21 87 51 26 1377 23 54 32
leaf_count=24 20 21 87 51 26 1377 23 54 32
internal_value=0 -7.04991e-06 0 -1.16005e-05 0.000239377 1.12633e-05 0.000519773 -0.000259401 0.000221981
internal_weight=1715 1659 1638 1569 69 1428 43 141 56
internal_count=1715 1659 1638 1569 69 1428 43 141 56
is_linear=0
shrinkage=0.03


Tree=184
num_leaves=21
num_cat=0
split_feature=25 22 27 14 27 21 23 21 25 22 28 28 0 34 27 0 9 10 20 6
split_gain=0.0032315 0.0100424 0.00953199 0.0103363 0.0142757 0.00993021 0.00924099 0.014326 0.00931175 0.00908869 0.00881606 0.00911138 0.0048584 0.00540725 0.00373317 0.0022777 0.00152321 0.00064908 0.000231096 8.17238e-05
threshold=-0.52493221525116229 -0.88873055100867671 -0.24466854980206565 -0.5444740363515056 -0.24349614339944767 -0.99240804807555427 -0.94972022084899577 -0.85045491875113577 0.17456239932583559 -1.1107668163107076 -0.10534779880465252 -0.10537353677725102 0.9010216973970594 -0.13101781052050096 -0.10212967597893287 0.63226564292611287 -0.28047532854977547 0.94847758866306708 0.2324713856885193 0.36217989376688003
decision_type=2 2 2 2 2 2 2 2 2 2 2 2 2 2 2 2 2 2 2 2
left_child=2 16 10 9 15 -6 12 -8 -9 14 11 -1 13 -3 -4 -5 -2 -14 -13 -11
right_child=1 6 3 4 5 -7 7 8 -10 19 -12 18 17 -15 -16 -17 -18 -19 -20 -21
leaf_value=0 0.00011393400304265976 0 0.000307218266793737 0.00058466060231400583 -0.00027112082855430722 0.00013559598792141231 -0.00064905050176788459 -0.00014267669367190553 5.9376885612455686e-05 -0.00048998877774037114 6.06516603535662e-05 -0.00088819816993782291 -0.00015634373139723071 0.00037796718684561629 -0.00016037702279003417 2.039918286573083e-05 0.00063407864380213947 0 -0.00025519832107238471 -0.00010710143154599413
leaf_weight=20 31 67 28 49 84 136 30 310 582 56 24 29 25 112 20 21 24 20 21 26
leaf_count=20 31 67 28 49 84 136 30 310 582 56 24 29 25 112 20 21 24 20 21 26
internal_value=0 2.76847e-05 -6.1972e-05 0 9.94958e-05 -7.80121e-06 5.51654e-06 -3.38822e-05 -7.73444e-06 -0.0002194 -0.000330016 -0.000502043 0.000179205 0.00025205 5.55901e-05 0.000464273 0.000413688 -4.56987e-05 -0.000708436 -0.000411944
internal_weight=1715 1201 514 420 290 220 1146 922 892 130 94 70 224 179 48 70 55 45 50 82
internal_count=1715 1201 514 420 290 220 1146 922 892 130 94 70 224 179 48 70 55 45 50 82
is_linear=0
shrinkage=0.03


Tree=185
num_leaves=13
num_cat=0
split_feature=12 14 15 20 23 13 19 28 10 20 11 12
split_gain=0.00333044 0.00858008 0.00827993 0.00618811 0.0104336 0.00571403 0.0056741 0.00564265 0.00296321 0.00188857 0.00273102 0.00184761
threshold=0.97262372855177814 2.5980789066241026 1.3758408318724842 1.4350566696613758 -0.63920315295087626 1.0592864392250867 1.6505249730078353 -0.096885348420353734 1.5419071620221747 0.82737691550228221 1.1882457920836167 0.070284264184853409
decision_type=2 2 2 2 2 2 2 2 2 2 2 2
left_child=1 3 7 5 11 6 -1 9 -9 10 -2 -5
right_child=2 -3 -4 4 -6 -7 -8 8 -10 -11 -12 -13
leaf_value=-2.8574795345271355e-06 -0.00032472580451867547 0.00048067359890389651 -0.00052176318721015098 0.00018174196516509468 -0.00059988462290202734 0.00045515127529183197 0.00026211964644914449 0 0.0004721670720912516 1.1665047351372138e-05 0 -0.00015320084424203504
leaf_weight=1306 57 32 34 31 37 24 73 27 22 20 32 20
leaf_count=1306 57 32 34 31 37 24 73 27 22 20 32 20
internal_value=0 1.56969e-05 -0.000115944 2.76436e-06 -0.000234503 2.02487e-05 9.53738e-06 -1.88752e-06 0.000236426 -0.000139268 -0.000205069 0
internal_weight=1715 1523 192 1491 88 1403 1379 158 49 109 89 51
internal_count=1715 1523 192 1491 88 1403 1379 158 49 109 89 51
is_linear=0
shrinkage=0.03


Tree=186
num_leaves=18
num_cat=0
split_feature=11 21 19 25 19 20 15 25 24 2 6 27 28 24 25 32 2
split_gain=0.00319815 0.00491242 0.00580244 0.0102789 0.00995289 0.00825476 0.0171773 0.00720976 0.00709948 0.00296263 0.00276747 0.00195276 0.00394446 0.00434545 0.0024371 0.000797492 0.000224199
threshold=-0.76337387570532134 1.879412952872298 0.20309426575871167 -0.56958065748229336 -1.203906018164304 -0.74261422236932073 0.18747413846401637 -1.2918115680836213 0.36316505252823594 0.050751653504780753 0.18511176235242841 -0.20437475634695648 -0.10537495885988428 -1.4521708328524168 0.4314305447945998 -0.11201177965071166 -0.44590853327951835
decision_type=2 2 2 2 2 2 2 2 2 2 2 2 2 2 2 2 2
left_child=9 2 3 4 -2 7 -7 -4 -5 11 15 12 -1 -14 16 -11 -13
right_child=1 -3 5 8 -6 6 -8 -9 -10 10 -12 14 13 -15 -16 -17 -18
leaf_value=-0.00010212099724091016 9.3059646377078033e-05 0.00030757212508111619 -0.00016890188479309846 0.00016731777987982296 -0.00025455159481217764 -0.0004415324132375341 0 0.00035915748570830775 -1.9124884387131655e-05 0.00042434137550931744 0 0 -1.1078129843808704e-05 0.00037603161430763133 -0.00027923424089628198 0 8.6448246639014926e-05
leaf_weight=36 97 36 31 356 207 141 173 49 324 43 38 30 22 55 33 20 24
leaf_count=36 97 36 31 356 207 141 173 49 324 43 38 30 22 55 33 20 24
internal_value=0 -1.80953e-05 -2.94253e-05 6.75114e-06 -0.000134039 -0.000126699 -0.000199474 0.000119681 7.43971e-05 8.91177e-05 0.000220893 5.5118e-06 9.95704e-05 0.000231661 -8.25696e-05 0.000338564 0
internal_weight=1715 1414 1378 984 304 394 314 80 680 301 101 200 113 77 87 63 54
internal_count=1715 1414 1378 984 304 394 314 80 680 301 101 200 113 77 87 63 54
is_linear=0
shrinkage=0.03


Tree=187
num_leaves=14
num_cat=0
split_feature=12 14 20 14 14 28 13 25 14 9 20 7 9
split_gain=0.00309125 0.00813897 0.00586666 0.00982228 0.00581496 0.00559734 0.00538751 0.00521418 0.00488488 0.00421451 0.00238838 0.00131927 0.000987354
threshold=0.97262372855177814 2.5980789066241026 1.4350566696613758 1.0777609096776619 2.1640970786672442 -0.10328404966918196 1.0592864392250867 0.1071394352946002 0.13632826207852877 1.2009171201108628 1.6102435444746475 0.092071703635302385 1.397723718447587
decision_type=2 2 2 2 2 2 2 2 2 2 2 2 2
left_child=1 2 6 10 5 9 8 -7 -1 11 -4 -2 -11
right_child=4 -3 3 -5 -6 7 -8 -9 -10 12 -12 -13 -14
leaf_value=-1.9073712801997943e-05 -2.5478519782747902e-05 0.00046810346537136605 -0.00026940903358161445 -0.00075239706679712981 -0.00053813384484965355 0 0.00044202611830809882 0.00052106974104652176 0.00011424500910049308 0.00013109778932528568 8.3543031691078794e-05 -0.00059124576911816131 -9.2190689258536107e-05
leaf_weight=1066 20 32 22 21 23 34 24 22 313 22 45 20 51
leaf_count=1066 20 32 22 21 23 34 24 22 313 22 45 20 51
internal_value=0 1.52341e-05 2.5861e-06 -0.000228381 -0.000111585 -2.77181e-05 1.96631e-05 0.000188441 9.19799e-06 -0.000162806 0 -0.000399643 0
internal_weight=1715 1523 1491 88 192 169 1403 56 1379 113 67 40 73
internal_count=1715 1523 1491 88 192 169 1403 56 1379 113 67 40 73
is_linear=0
shrinkage=0.03


Tree=188
num_leaves=14
num_cat=0
split_feature=17 14 21 21 27 17 17 19 31 5 28 23 5
split_gain=0.00313177 0.0056688 0.00568426 0.0198749 0.0165833 0.00789476 0.0123442 0.00542519 0.00511833 0.00420729 0.0042937 0.00231874 0.00138738
threshold=-1.7125494841053228 1.2280632525785184 -1.2107974778054291 -0.92689121915659201 -0.23821450846604733 0.87707071268476955 0.078142214312450928 -1.0553217935017931 -0.029291299942534502 1.6909803857394097 -0.10053712602550637 -0.98809873485887567 0.36847137111524381
decision_type=2 2 2 2 2 2 2 2 2 2 2 2 2
left_child=11 2 5 4 -4 6 -2 -3 -5 10 -9 -1 -7
right_child=1 7 3 8 -6 12 -8 9 -10 -11 -12 -13 -14
leaf_value=0 4.0558779146522244e-06 0.00013374939478933808 -0.00097924247837406298 -0.00013490583786376247 0 -0.00023616722038584864 0.00078943608222982367 -0.00055395420186011624 3.9376178085645186e-05 0 0 0.00037676569332560417 0
leaf_weight=25 51 22 31 167 35 24 34 53 1170 24 28 31 20
leaf_count=25 51 22 31 167 35 24 34 53 1170 24 28 31 20
internal_value=0 -6.89806e-06 7.34818e-06 -8.30107e-06 -0.000506168 0.000196597 0.000368502 -0.000198031 1.51151e-05 -0.000297109 -0.000398212 0.000215482 -7.39871e-05
internal_weight=1715 1659 1532 1403 66 129 85 127 1337 105 81 56 44
internal_count=1715 1659 1532 1403 66 129 85 127 1337 105 81 56 44
is_linear=0
shrinkage=0.03


Tree=189
num_leaves=17
num_cat=0
split_feature=19 27 29 8 28 22 6 34 20 9 15 17 15 19 31 11
split_gain=0.00310847 0.0110263 0.00956665 0.00694809 0.00644023 0.0045259 0.00594578 0.00566306 0.00452285 0.00444223 0.00425874 0.00327969 0.00317428 0.000715413 0.000391607 0.000309843
threshold=-0.19110860574081992 1.8306306500638747 -0.17854079271211151 -0.089604701272750067 0.1415317790703734 -1.1136917220472957 -1.0483212830922726 -0.13353147770061455 -1.058315696320679 0.37394712636643501 0.18747413846401637 -0.48317061763943009 -0.66620771287983782 0.49925172358875775 -0.01035886582217513 0.11543246864983114
decision_type=2 2 2 2 2 2 2 2 2 2 2 2 2 2 2 2
left_child=1 2 14 12 5 10 9 -8 -5 -7 15 13 -4 -6 -1 -2
right_child=4 -3 3 8 11 6 7 -9 -10 -11 -12 -13 -14 -15 -16 -17
leaf_value=0.00059045354219583359 0.00044582370541694044 0.00062298661055332368 0.00024859907468623496 0.00018606327172332945 0 0 0.00015446871153572688 -9.9226460737285863e-05 -0.0001304787650623431 0.00042945696209342434 -4.5896799827460192e-05 -0.00050123956276533694 1.9114224713479978e-05 -0.00018152043769520748 7.976060056977945e-05 3.3336539025185618e-05
leaf_weight=23 34 26 89 36 31 55 80 613 354 36 21 36 220 20 20 21
leaf_count=23 34 26 89 36 31 55 80 613 354 36 21 36 220 20 20 21
internal_value=0 4.5476e-05 1.87858e-05 -4.54539e-06 -3.55874e-05 -6.69622e-06 -3.17317e-05 -6.50899e-05 -9.24286e-05 0.000184359 0.000204988 -0.000278102 9.6582e-05 -4.59409e-05 0.000438832 0.000349923
internal_weight=1715 768 742 699 947 860 784 693 390 91 76 87 309 51 43 55
internal_count=1715 768 742 699 947 860 784 693 390 91 76 87 309 51 43 55
is_linear=0
shrinkage=0.03


Tree=190
num_leaves=7
num_cat=0
split_feature=17 25 21 21 24 19
split_gain=0.00305354 0.00668455 0.0074202 0.00733721 0.0308881 0.00562685
threshold=2.2429873130034088 3.1168573573588421 -1.7567710521301156 -0.86137439023762952 -0.84291426858082807 -0.55700909675352317
decision_type=2 2 2 2 2 2
left_child=1 2 -1 4 -4 -5
right_child=-2 -3 3 5 -6 -7
leaf_value=0.00049042218504473573 -0.00031529883954984451 0.00041676635754036917 -4.0271073624826994e-05 0.00012001003639443686 -0.0011881370453629642 -1.7744136045217001e-05
leaf_weight=24 24 32 239 348 21 1027
leaf_count=24 24 32 239 348 21 1027
internal_value=0 6.14781e-06 -7.05432e-07 -1.06312e-05 -0.000156886 1.51285e-05
internal_weight=1715 1691 1659 1635 260 1375
internal_count=1715 1691 1659 1635 260 1375
is_linear=0
shrinkage=0.03


Tree=191
num_leaves=16
num_cat=0
split_feature=11 22 24 22 15 29 17 10 30 32 30 8 24 20 17
split_gain=0.00300571 0.00599151 0.00854646 0.00839122 0.00864051 0.00756941 0.00735398 0.00441638 0.00364261 0.00962143 0.00593503 0.00414901 0.00307359 0.00645739 0.000715875
threshold=-0.65466592969622173 1.921103236205544 0.77348069785399998 1.1528279960617938 -0.81325010995400604 -0.17797505036961672 -0.33496722659456707 0.026744792258121933 -0.22016554075028102 -0.38816851737804386 -0.22016554074155339 -0.28808055041246566 -1.4770384477206451 0.56520484712079744 -0.45731159176715258
decision_type=2 2 2 2 2 2 2 2 2 2 2 2 2 2 2
left_child=8 2 3 4 -2 6 -4 -3 9 -1 -10 -11 14 -14 -12
right_child=1 7 5 -5 -6 -7 -8 -9 10 11 12 -13 13 -15 -16
leaf_value=-0.00018527637017075901 -0.00021701240291277542 0 -4.8975636686180832e-05 -0.00048514928057250619 1.2949777430230178e-05 -0.0003048137844307348 0.00031847120636403672 -0.00056479479330441638 -0.00038015093471341089 0.00010612143833637482 0 0.00074143486432731145 0.00030792633059900253 0 -0.00020677982171952362
leaf_weight=22 171 28 50 35 841 21 163 28 26 35 21 27 93 126 28
leaf_count=22 171 28 50 35 841 21 163 28 26 35 21 27 93 126 28
internal_value=0 -2.01424e-05 -4.13648e-06 -4.31107e-05 -2.34784e-05 0.000155928 0.000218845 -0.000316604 7.53204e-05 0.000248779 1.36476e-05 0.000450395 6.67074e-05 0.000121754 -0.000114456
internal_weight=1715 1337 1281 1047 1012 234 213 56 378 84 294 62 268 219 49
internal_count=1715 1337 1281 1047 1012 234 213 56 378 84 294 62 268 219 49
is_linear=0
shrinkage=0.03


Tree=192
num_leaves=19
num_cat=0
split_feature=25 27 15 11 27 22 30 23 21 25 15 31 15 30 11 11 12 20
split_gain=0.00300275 0.00915697 0.00958133 0.00993506 0.00880892 0.008724 0.00831082 0.00828834 0.012495 0.00843243 0.00841083 0.00716137 0.00556483 0.00320989 0.00252425 0.00177411 0.00173895 0.000281463
threshold=-0.52493221525116229 -0.24466854980206565 -0.76522350814574358 0.78714441394322487 -0.24339886543448969 -0.88873055100867671 -0.22017133016186466 -0.94972022084899577 -0.85045491875113577 0.022611964851316949 1.1226259322901571 -0.011246793398599372 -0.054156088174095472 0.53644186920359982 -0.31639917938680662 -0.68567000848049853 -0.37971785047958267 0.24828676991788654
decision_type=2 2 2 2 2 2 2 2 2 2 2 2 2 2 2 2 2 2
left_child=1 6 14 4 -4 16 -1 10 -9 -10 11 -7 -8 -5 -3 -12 -2 -14
right_child=5 2 3 13 -6 7 12 8 9 -11 15 -13 17 -15 -16 -17 -18 -19
leaf_value=7.4878130347933616e-05 8.1079481201331034e-05 0 0.00043240272900089613 -0.00034335653376221765 3.2752422614787472e-05 0.00057502875599612735 -0.00083876014789566406 -0.00060588501915547312 -0.00015713267507009324 4.7046665749679943e-05 1.3671460309221094e-05 0.00010065152042751344 0 0 -0.00050479919914352275 -0.00022726234919881745 0.00059811810249396202 -0.00024216828334869609
leaf_weight=22 30 20 72 54 209 55 27 30 248 644 33 101 21 30 35 35 25 24
leaf_count=22 30 20 72 54 209 55 27 30 248 644 33 101 21 30 35 35 25 24
internal_value=0 -5.97623e-05 0 5.73837e-05 0.000149203 2.66638e-05 -0.000322486 5.81403e-06 -3.13463e-05 -6.70515e-06 0.000170377 0.000294462 -0.000482042 -0.000209845 -0.000357468 -7.24478e-05 0.000386602 -0.000166465
internal_weight=1715 514 420 365 281 1201 94 1146 922 892 224 156 72 84 55 68 55 45
internal_count=1715 514 420 365 281 1201 94 1146 922 892 224 156 72 84 55 68 55 45
is_linear=0
shrinkage=0.03


Tree=193
num_leaves=13
num_cat=0
split_feature=17 14 20 21 21 27 3 20 19 20 14 21
split_gain=0.00308155 0.00512553 0.00916619 0.0049432 0.0185293 0.015423 0.0088236 0.00745542 0.00456075 0.00421673 0.00372423 0.00191779
threshold=-1.9349684349683165 1.2280632525785184 0.61690934446775836 -1.2107974778054291 -0.92689121915659201 -0.23821450846604733 0.66078555915587911 0.78844652510107982 -0.55700909675352317 0.36629477917219128 1.7088704137255817 -1.6148179228056971
decision_type=2 2 2 2 2 2 2 2 2 2 2 2
left_child=-1 3 9 6 5 -5 7 -2 -6 -3 -4 -12
right_child=1 2 10 4 8 -7 -8 -9 -10 -11 11 -13
leaf_value=0.00029705877612615309 0.00074451713391317752 -0.00015661772265593754 -0.00071374344136565927 -0.00094281704680008039 0.00010858241379335615 0 -0.00014024456357157491 9.7833964142906053e-05 -1.3802918402062803e-05 0.00029401203295371188 0 -0.00032797495057077517
leaf_weight=28 29 29 27 31 361 35 38 63 999 33 22 20
leaf_count=28 29 29 27 31 361 35 38 63 999 33 22 20
internal_value=0 -4.73149e-06 -0.000183892 8.75259e-06 -5.51873e-06 -0.000486663 0.000184448 0.000350333 1.66497e-05 3.95795e-05 -0.000419641 -0.000128931
internal_weight=1715 1687 131 1556 1426 66 130 92 1360 62 69 42
internal_count=1715 1687 131 1556 1426 66 130 92 1360 62 69 42
is_linear=0
shrinkage=0.03


Tree=194
num_leaves=13
num_cat=0
split_feature=24 19 30 29 8 22 25 11 22 33 25 22
split_gain=0.0029598 0.00364601 0.00960636 0.00992524 0.00660179 0.00530785 0.0150022 0.0116054 0.00737836 0.00578782 0.00599183 0.00064707
threshold=1.755751485149011 -0.19110860574081992 2.4165383546417156 -0.17854079271211151 -0.089604701272750067 -1.1066873425202031 0.27255780926350887 0.84202609054267707 -0.66102407370852501 0.14849707786869656 -1.2711626045090907 -1.0744364082141427
decision_type=2 2 2 2 2 2 2 2 2 2 2 2
left_child=1 2 3 11 -5 9 7 -7 -8 10 -3 -1
right_child=-2 5 -4 4 -6 6 8 -9 -10 -11 -12 -13
leaf_value=9.8281627216447999e-05 0.00028194195768711241 -3.8812941011565267e-05 0.00062361964836716655 9.1409580956841558e-05 -9.2326520348256111e-05 -0.00044726869816986433 0.00040837718634621095 0 -2.3917736828037239e-05 -0.00016730981770503734 0.00039702955741684068 0.00061524917811155318
leaf_weight=23 30 27 22 310 391 141 35 85 527 32 70 22
leaf_count=23 30 27 22 310 391 141 35 85 527 32 70 22
internal_value=0 -4.90469e-06 4.11953e-05 1.75849e-05 -6.76911e-06 -4.67834e-05 -7.83864e-05 -0.000283168 0 0.000120931 0.000248188 0.000436178
internal_weight=1715 1685 768 746 701 917 788 226 562 129 97 45
internal_count=1715 1685 768 746 701 917 788 226 562 129 97 45
is_linear=0
shrinkage=0.03


Tree=195
num_leaves=22
num_cat=0
split_feature=25 33 30 31 28 22 23 24 28 25 15 14 31 24 23 19 25 19 24 9 9
split_gain=0.00292655 0.0084704 0.0132498 0.00959653 0.0085528 0.00804599 0.00762312 0.0108606 0.00984441 0.00847013 0.00814454 0.0069223 0.00653657 0.00605311 0.00489783 0.00615323 0.00458945 0.00278362 0.00164213 0.00147265 0.000760683
threshold=-0.52493221525116229 -0.33472006677136179 -0.22017133016186466 -0.010935956811993547 -0.10537353677725102 -0.88873055100867671 -0.94972022084899577 -0.48233385299152026 -0.094568762318512856 0.022611964851316949 1.1226259322901571 -0.37929009781934581 -0.011246793398599372 0.28856220792355153 -0.72293809260879616 -1.0725055751459536 -1.2711626045090907 -1.3727062297552142 -1.4148694105500745 -0.28047532854977547 0.3509119806527719
decision_type=2 2 2 2 2 2 2 2 2 2 2 2 2 2 2 2 2 2 2 2 2
left_child=1 2 11 14 -4 19 10 8 -8 -9 12 13 -7 -1 15 -3 -16 -5 -12 -2 -19
right_child=5 3 4 17 -6 6 7 9 -10 -11 18 -13 -14 -15 16 -17 -18 20 -20 -21 -22
leaf_value=-0.00033793588051278338 8.5356883814229675e-05 7.1381598117295654e-05 0 0 -0.00068127053470462041 0.00055565486437087104 -0.00091882759593325954 -0.00016335956830076755 0 4.8034488463036608e-05 1.0334316805443337e-05 0.00043624796231277288 9.9253052555678335e-05 9.6604569034587406e-05 -7.8136105879695648e-05 -0.00027000055813923384 0.00035657044124257352 0.00062994887286590203 -0.00021617502245935613 0.00058096132975899513 0.00014182765685572205
leaf_weight=54 31 57 20 22 59 55 20 226 20 656 31 22 101 41 26 120 39 24 37 24 30
leaf_count=54 31 57 20 22 59 55 20 226 20 656 31 22 101 41 26 120 39 24 37 24 30
internal_value=0 -5.89229e-05 -0.000214473 2.8713e-05 -0.000507006 2.63965e-05 6.26047e-06 -2.92556e-05 -0.000495506 -3.11256e-06 0.000164117 0 0.00028648 -0.000122569 -5.39476e-05 -0.00014404 0.000142794 0.00032195 -7.45864e-05 0.000372208 0.000433139
internal_weight=1715 514 196 318 79 1201 1146 922 40 882 224 117 156 95 242 177 65 76 68 55 54
internal_count=1715 514 196 318 79 1201 1146 922 40 882 224 117 156 95 242 177 65 76 68 55 54
is_linear=0
shrinkage=0.03


Tree=196
num_leaves=16
num_cat=0
split_feature=11 33 21 33 28 11 33 33 31 11 16 27 14 24 11
split_gain=0.00290632 0.00409874 0.00946813 0.00736765 0.00853247 0.0134422 0.00748048 0.0155149 0.00613683 0.00801178 0.00703524 0.00522217 0.00309628 0.00289975 0.00233145
threshold=-1.3447463331745781 -0.085234826113915377 0.53631796003356846 -0.24462687054496338 0.048601140530987512 -0.34065517368657344 -0.29597528047769156 -0.3306338379295663 -0.18366919276522589 3.2052171179004483 0.13514556675225517 -0.24106372962595868 0.094323922098663762 -0.084452015099870312 -0.83908223744723476
decision_type=2 2 2 2 2 2 2 2 2 2 2 2 2 2 2
left_child=12 3 8 6 5 -5 7 -2 9 -3 -10 -8 -1 -14 -4
right_child=1 2 14 4 -6 -7 11 -9 10 -11 -12 -13 13 -15 -16
leaf_value=-1.4821337827015598e-06 -1.9833544103507053e-05 0.0005004441982135176 -2.9142804960112848e-05 0 -0.0001268276890570467 0.00066992575564453819 -0.0004771997866895981 0.00038310327038784778 0 -0.00011342849458854358 -0.00037919875204593678 0 0 0.00053210343327373267 -0.00065364163811318572
leaf_weight=21 1073 37 20 36 30 55 47 90 116 23 58 30 24 25 30
leaf_count=21 1073 37 20 36 30 55 47 90 116 23 58 30 24 25 30
internal_value=0 -7.15282e-06 -0.00011133 1.25835e-05 0.000233901 0.00038499 -7.11167e-06 9.68071e-06 -1.56595e-05 0.000223312 -0.000117401 -0.000289094 0.000186216 0.000319795 -0.000476235
internal_weight=1715 1645 284 1361 121 91 1240 1163 234 60 174 77 70 49 50
internal_count=1715 1645 284 1361 121 91 1240 1163 234 60 174 77 70 49 50
is_linear=0
shrinkage=0.03


Tree=197
num_leaves=24
num_cat=0
split_feature=11 25 33 30 31 22 33 11 31 20 22 22 8 33 27 28 24 22 2 10 5 2 23
split_gain=0.0028598 0.00424938 0.0137086 0.0132571 0.0103674 0.0075999 0.00621126 0.013554 0.0109543 0.00707231 0.00634982 0.00605941 0.0031143 0.00310594 0.00227063 0.00387545 0.00278761 0.0025528 0.00174628 0.00167528 0.000976856 0.000874115 0.000771959
threshold=-0.76337387570532134 -0.52987969031907955 -0.33210368727408129 -0.22017133016186466 -0.010935956811993547 -1.0998369054002999 -0.18644726971323689 1.2425549926529003 -0.010614833456675254 1.1071893913024675 -0.66102407370852501 0.34062785573349869 0.22882172748813112 -0.33818211005797699 -0.20908095404790622 -0.10537495885988428 -1.4521708328524168 1.4087829050810992 0.5915654579328623 -0.28781186012920928 -0.093250363261787608 0.013281343524377645 -0.72293809260879616
decision_type=2 2 2 2 2 2 2 2 2 2 2 2 2 2 2 2 2 2 2 2 2 2 2
left_child=12 2 3 5 11 -2 8 19 9 -3 -10 -4 14 -5 15 20 -17 22 -6 -8 -1 -14 -16
right_child=1 6 4 13 18 -7 7 -9 10 -11 -12 -13 21 -15 17 16 -18 -19 -20 -21 -22 -23 -24
leaf_value=0 -0.00035759346930620568 0.00042765550020065307 0 -0.00072464450840850289 0.00046494195578270593 0.00013966247514235876 0 0.00039743506665463035 0.00011885011049234059 -4.1854203079960123e-06 -6.3755605525440785e-05 -0.00047428418584500573 0 -7.647549811554198e-05 -2.6162325629099668e-05 0 0.00032935409269121009 -0.00025245571232933019 0 -0.0004636163097192448 -0.00020817093401681629 0.00038919350451387059 0.00013524757076457546
leaf_weight=22 42 95 164 55 45 61 20 20 260 32 489 25 20 21 39 24 67 39 22 63 22 34 34
leaf_count=22 42 95 164 55 45 61 20 20 260 32 489 25 20 21 39 24 67 39 22 63 22 34 34
internal_value=0 -1.70468e-05 -9.573e-05 -0.000296803 3.50902e-05 -3.91821e-05 1.50452e-05 -0.000196973 4.39745e-05 0.000298183 0 -6.63407e-05 8.43327e-05 -0.000593225 2.4263e-05 0.000114229 0.00023257 -5.82417e-05 0.000354654 -0.000383956 -6.59155e-05 0.000290726 1.19124e-05
internal_weight=1715 1414 435 179 256 103 979 103 876 127 749 189 301 76 247 135 91 112 67 83 44 54 73
internal_count=1715 1414 435 179 256 103 979 103 876 127 749 189 301 76 247 135 91 112 67 83 44 54 73
is_linear=0
shrinkage=0.03


Tree=198
num_leaves=10
num_cat=0
split_feature=17 25 20 8 34 20 25 32 25
split_gain=0.0028402 0.00648552 0.00625401 0.0121102 0.0170917 0.00879258 0.00724039 0.00607387 0.00532635
threshold=2.2429873130034088 3.1168573573588421 0.8656990051901402 -0.9816337975848709 -0.13040439425970693 0.1570435790232271 -0.23124155634285321 -0.28236955492668087 0.8765147027159953
decision_type=2 2 2 2 2 2 2 2 2
left_child=1 2 5 4 -4 8 -7 -5 -1
right_child=-2 -3 3 7 -6 6 -8 -9 -10
leaf_value=-3.8044228130602974e-05 -0.00030442219005069799 0.0004101933997723141 -1.4744768171415929e-06 0.00022374597863270509 -0.0011675879589368022 0 0.00028301430111517489 -0.00015254835688069255 0.00023825912546778384
leaf_weight=1042 24 32 33 56 20 162 179 105 62
leaf_count=1042 24 32 33 56 20 162 179 105 62
internal_value=0 5.64684e-06 -1.07763e-06 -0.000152912 -0.000534064 1.96069e-05 0.000153082 -1.67201e-06 -1.92135e-05
internal_weight=1715 1691 1659 214 53 1445 341 161 1104
internal_count=1715 1691 1659 214 53 1445 341 161 1104
is_linear=0
shrinkage=0.03


Tree=199
num_leaves=14
num_cat=0
split_feature=12 15 13 25 20 23 15 28 9 25 10 22 4
split_gain=0.00283867 0.0067849 0.00539955 0.00517606 0.00715219 0.0054836 0.0052789 0.00452187 0.00458204 0.00366726 0.0027135 0.00141187 0.00137596
threshold=0.97262372855177814 1.3758408318724842 0.91864414791136328 3.1168573573588421 1.4350566696613758 -0.63920315295087626 0.18747413846401637 -0.096885348420353734 1.2009171201108628 -0.24387668756630074 1.5419071620221747 -0.4935090776192072 0.26951890228877046
decision_type=2 2 2 2 2 2 2 2 2 2 2 2 2
left_child=2 7 3 4 6 -6 -1 8 11 -4 -9 -2 -10
right_child=1 -3 9 -5 5 -7 -8 10 12 -11 -12 -13 -14
leaf_value=-2.0297065554429932e-05 -4.1358224723649988e-06 -0.0004747993441902705 0 0.00035851310170255602 0 -0.00053207684297813102 0.0001223622147230679 0 0.00018725885797175578 0.00051462419609015343 0.00043433158082887532 -0.00055913191898118535 -7.3876697740993125e-05
leaf_weight=1085 20 34 20 33 29 37 290 27 25 29 22 20 44
leaf_count=1085 20 34 20 33 29 37 290 27 25 29 22 20 44
internal_value=0 -0.000107065 1.44707e-05 1.81395e-06 -5.00504e-06 -0.000304293 7.81489e-06 -1.92577e-06 -0.000126644 0.000315445 0.000209117 -0.00037105 0
internal_weight=1715 192 1523 1474 1441 66 1375 158 109 49 49 40 69
internal_count=1715 192 1523 1474 1441 66 1375 158 109 49 49 40 69
is_linear=0
shrinkage=0.03


end of trees

feature_importances:
Column_25=329
Column_24=220
Column_11=189
Column_22=181
Column_27=165
Column_19=159
Column_15=146
Column_20=141
Column_33=139
Column_17=135
Column_21=131
Column_14=126
Column_23=120
Column_31=111
Column_28=105
Column_34=80
Column_10=64
Column_8=55
Column_32=53
Column_29=51
Column_30=39
Column_16=33
Column_9=28
Column_13=17
Column_12=15
Column_4=11
Column_5=9
Column_2=7
Column_3=5
Column_6=5
Column_7=4
Column_0=3

parameters:
[boosting: gbdt]
[objective: regression]
[metric: l2]
[tree_learner: serial]
[device_type: cpu]
[data_sample_strategy: bagging]
[data: ]
[valid: ]
[num_iterations: 200]
[learning_rate: 0.03]
[num_leaves: 31]
[num_threads: 40]
[seed: 42]
[deterministic: 0]
[force_col_wise: 0]
[force_row_wise: 0]
[histogram_pool_size: -1]
[max_depth: 5]
[min_data_in_leaf: 20]
[min_sum_hessian_in_leaf: 0.001]
[bagging_fraction: 0.8]
[pos_bagging_fraction: 1]
[neg_bagging_fraction: 1]
[bagging_freq: 0]
[bagging_seed: 400]
[bagging_by_query: 0]
[feature_fraction: 0.8]
[feature_fraction_bynode: 1]
[feature_fraction_seed: 30056]
[extra_trees: 0]
[extra_seed: 12879]
[early_stopping_round: 0]
[early_stopping_min_delta: 0]
[first_metric_only: 0]
[max_delta_step: 0]
[lambda_l1: 0.1]
[lambda_l2: 3]
[linear_lambda: 0]
[min_gain_to_split: 0]
[drop_rate: 0.1]
[max_drop: 50]
[skip_drop: 0.5]
[xgboost_dart_mode: 0]
[uniform_drop: 0]
[drop_seed: 17869]
[top_rate: 0.2]
[other_rate: 0.1]
[min_data_per_group: 100]
[max_cat_threshold: 32]
[cat_l2: 10]
[cat_smooth: 10]
[max_cat_to_onehot: 4]
[top_k: 20]
[monotone_constraints: ]
[monotone_constraints_method: basic]
[monotone_penalty: 0]
[feature_contri: ]
[forcedsplits_filename: ]
[refit_decay_rate: 0.9]
[cegb_tradeoff: 1]
[cegb_penalty_split: 0]
[cegb_penalty_feature_lazy: ]
[cegb_penalty_feature_coupled: ]
[path_smooth: 0]
[interaction_constraints: ]
[verbosity: -1]
[saved_feature_importance_type: 0]
[use_quantized_grad: 0]
[num_grad_quant_bins: 4]
[quant_train_renew_leaf: 0]
[stochastic_rounding: 1]
[linear_tree: 0]
[max_bin: 255]
[max_bin_by_feature: ]
[min_data_in_bin: 3]
[bin_construct_sample_cnt: 200000]
[data_random_seed: 175]
[is_enable_sparse: 1]
[enable_bundle: 1]
[use_missing: 1]
[zero_as_missing: 0]
[feature_pre_filter: 1]
[pre_partition: 0]
[two_round: 0]
[header: 0]
[label_column: ]
[weight_column: ]
[group_column: ]
[ignore_column: ]
[categorical_feature: ]
[forcedbins_filename: ]
[precise_float_parser: 0]
[parser_config_file: ]
[objective_seed: 16083]
[num_class: 1]
[is_unbalance: 0]
[scale_pos_weight: 1]
[sigmoid: 1]
[boost_from_average: 1]
[reg_sqrt: 0]
[alpha: 0.9]
[fair_c: 1]
[poisson_max_delta_step: 0.7]
[tweedie_variance_power: 1.5]
[lambdarank_truncation_level: 30]
[lambdarank_norm: 1]
[label_gain: ]
[lambdarank_position_bias_regularization: 0]
[eval_at: ]
[multi_error_top_k: 1]
[auc_mu_weights: ]
[num_machines: 1]
[local_listen_port: 12400]
[time_out: 120]
[machine_list_filename: ]
[machines: ]
[gpu_platform_id: -1]
[gpu_device_id: -1]
[gpu_device_id_list: ]
[gpu_use_dp: 0]
[num_gpu: 1]

end of parameters

pandas_categorical:null
